load_kw,grid_kw,generator_kw,generator_units_on,storage_kw,charge_kw,discharge_kw,unserved_kw,spill_kw,soc,grid_headroom_storage_preservation_kw,grid_headroom_storage_charge_kw,v15_generator_first_guard_active,decision_seconds,generator_startup_units,generator_shutdown_units,step,risk_level,risk_reserve_kw,applied_risk_reserve_kw,forecast_scenario_count,cvar_alpha,cvar_weight,minimum_committed_generator_units,low_soc_commitment_guard_evaluated,low_soc_commitment_guard_triggered,low_soc_commitment_reachability_truncated,low_soc_commitment_forecast_peak_kw,low_soc_single_unit_firm_supply_kw,low_soc_commitment_deficit_kw,generator_before_storage,supervisory_protection_active,supervisory_safe_exit_counter,selected_controller,grid_available_capacity_kw,generator_available_capacity_kw,storage_available_power_kw
1151.5,821.3464208984371,0.0,0,330.15357910156285,0.0,330.15357910156285,0.0,0.0,0.2254144643102794,100.0,0.0,False,0.003958547997171991,0,0,0,0,0.0,0.0,1,,,0,True,False,False,1204.54541015625,1445.1477028888144,-240.60229273256436,True,True,0,ML-Robust-MPC,1205.1477028888144,802.0703407688994,500.0
1175.0,829.2327809874544,0.0,0,345.7672190125457,0.0,345.7672190125457,0.0,0.0,0.2216136550611418,100.0,0.0,False,0.0036818790031247772,0,0,1,0,0.0,0.0,1,,,0,True,False,False,1193.3778076171875,1445.1527024109828,-251.77489479379528,True,True,0,ML-Robust-MPC,1205.1527024109828,804.4278345115678,500.0
1179.0,824.1399999999996,0.0,0,354.86000000000035,0.0,354.86000000000035,0.0,0.0,0.21771289438752794,100.0,0.0,False,0.0038452379958471283,0,0,2,0,0.0,0.0,1,,,0,True,False,False,1193.9520263671875,1445.1765161254723,-251.2244897582848,True,True,0,ML-Robust-MPC,1205.1765161254723,804.1597744509784,500.0
1162.5,816.1555029296871,0.0,0,346.34449707031285,0.0,346.34449707031285,0.0,0.0,0.21390573947095676,100.0,0.0,False,0.0037266020008246414,0,0,3,0,0.0,0.0,1,,,0,True,False,False,1194.736328125,1446.9489977589974,-252.2126696339974,True,True,0,ML-Robust-MPC,1206.9489977589974,804.4088805345698,500.0
1135.0,795.8140722656246,0.0,0,339.18592773437535,0.0,339.18592773437535,0.0,0.0,0.21017727436373282,100.0,0.0,False,0.0038768339945818298,0,0,4,0,0.0,0.0,1,,,0,True,False,False,1189.83935546875,1446.8819178353813,-257.0425623666313,True,True,0,ML-Robust-MPC,1206.8819178353813,805.3856423403927,500.0
1114.5,782.7006902911965,0.0,0,331.79930970880355,0.0,331.79930970880355,0.0,0.0,0.2065300058667359,100.0,0.0,False,0.003593116001866292,0,0,5,0,0.0,0.0,1,,,0,True,False,False,1208.47021484375,1444.0214630291157,-235.5512481853657,True,True,0,ML-Robust-MPC,1204.0214630291157,806.8663374155748,500.0
1099.0,766.8011430016973,0.0,0,332.1988569983027,0.0,332.1988569983027,0.0,0.0,0.20287834538880528,100.0,0.0,False,0.0036993329995311797,0,0,6,0,0.0,0.0,1,,,0,True,False,False,1196.7734375,1442.50475055299,-245.7313130529899,True,True,0,ML-Robust-MPC,1202.50475055299,810.3949784208007,500.0
1102.0,784.4907414894926,0.0,0,317.5092585105074,0.0,317.5092585105074,0.0,0.0,0.19938815875434074,100.0,0.0,False,0.003857437004626263,0,0,7,0,0.0,0.0,1,,,0,True,False,False,1198.0042724609375,1442.516446010507,-244.51217354956952,True,True,0,ML-Robust-MPC,1202.516446010507,811.4458226996549,500.0
1115.5,794.7713476562496,0.0,0,320.72865234375035,0.0,320.72865234375035,0.0,0.0,0.19586258327678996,100.0,0.0,False,0.004078760000993498,0,0,8,0,0.0,0.0,1,,,0,True,False,False,1186.031494140625,1441.042336947084,-255.0108428064591,True,True,0,ML-Robust-MPC,1201.042336947084,811.6709011629143,500.0
1169.0,814.1399999999996,0.0,0,354.86000000000035,0.0,354.86000000000035,0.0,0.0,0.1919618226031761,100.0,0.0,False,0.003795222997723613,0,0,9,0,0.0,0.0,1,,,0,True,False,False,1178.779541015625,1438.6454708090855,-259.8659297934605,True,True,0,ML-Robust-MPC,1198.6454708090855,813.2989721365897,500.0
1177.0,827.9183203124996,0.0,0,349.08167968750035,0.0,349.08167968750035,0.0,0.0,0.1881245794988418,100.0,0.0,False,0.003911182000592817,0,0,10,0,0.0,0.0,1,,,0,True,False,False,1175.5528564453125,1439.3960050474586,-263.84314860214613,True,True,0,ML-Robust-MPC,1199.3960050474586,812.4468960236507,500.0
1177.0,825.2138525390621,0.0,0,351.78614746093785,0.0,351.78614746093785,0.0,0.0,0.18425760782117243,100.0,0.0,False,0.004173798995907418,0,0,11,0,0.0,0.0,1,,,0,True,False,False,1177.0,1438.3099020338138,-261.30990203381384,True,True,0,ML-Robust-MPC,1198.3099020338138,810.1150741653488,500.0
1172.0,817.1399999999996,0.0,0,354.86000000000035,0.0,354.86000000000035,0.0,0.0,0.18035684714755856,100.0,0.0,False,0.003956077998736873,0,0,12,0,0.0,0.0,1,,,0,True,False,False,1177.0,1436.8153913741555,-259.8153913741555,True,True,0,ML-Robust-MPC,1196.8153913741555,809.8439459525646,500.0
1137.0,1196.6989834522726,0.0,0,-59.698983452272614,59.698983452272614,0.0,0.0,0.0,0.1809490989675216,0.0,59.698983452272614,False,0.00411384399922099,0,0,13,0,0.0,0.0,1,,,0,True,False,False,1186.4422607421875,1436.6989834522726,-250.2567227100851,True,True,0,ML-Robust-MPC,1196.6989834522726,809.9695964369756,500.0
1117.0,1198.348244332011,0.0,0,-81.34824433201106,81.34824433201106,0.0,0.0,0.0,0.1817561252009741,0.0,81.34824433201106,False,0.0041306659986730665,0,0,14,0,0.0,0.0,1,,,0,True,False,False,1176.7314453125,1438.348244332011,-261.61679901951106,True,True,0,ML-Robust-MPC,1198.348244332011,807.4836383822776,500.0
1089.5,1189.5,0.0,0,-100.0,100.0,0.0,0.0,0.0,0.18274818869303758,0.0,100.0,False,0.004138101001444738,0,0,15,0,0.0,0.0,1,,,0,True,False,False,1178.25244140625,1439.210063719987,-260.9576223137369,True,True,0,ML-Robust-MPC,1199.210063719987,804.2337667968548,500.0
1100.0,1198.811990184915,0.0,0,-98.81199018491498,98.81199018491498,0.0,0.0,0.0,0.18372846637344348,0.0,98.81199018491498,False,0.003989402001025155,0,0,16,0,0.0,0.0,1,,,0,True,False,False,1169.748291015625,1438.811990184915,-269.06369916929,True,True,0,ML-Robust-MPC,1198.811990184915,803.2500025953277,500.0
1108.5,780.4971777343746,0.0,0,328.00282226562535,0.0,328.00282226562535,0.0,0.0,0.1801229303594433,100.0,0.0,False,0.0038072089955676347,0,0,17,0,0.0,0.0,1,,,0,True,False,False,1163.674072265625,1438.4134498463252,-274.7393775807002,True,True,0,ML-Robust-MPC,1198.4134498463252,803.4130728955932,500.0
1139.0,1199.388722609083,0.0,0,-60.38872260908306,60.38872260908306,0.0,0.0,0.0,0.1807220248297715,0.0,60.38872260908306,False,0.0038152530032675713,0,0,18,0,0.0,0.0,1,,,0,True,False,False,1156.3154296875,1439.388722609083,-283.07329292158306,True,True,0,ML-Robust-MPC,1199.388722609083,805.425649558899,500.0
1158.0,1195.2978675400568,0.0,0,-37.297867540056814,37.297867540056814,0.0,0.0,0.0,0.1810920433569546,0.0,37.297867540056814,False,0.0041199490005965345,0,0,19,0,0.0,0.0,1,,,0,True,False,False,1161.478759765625,1435.2978675400568,-273.8191077744318,True,True,0,ML-Robust-MPC,1195.2978675400568,806.4480540232872,500.0
1140.5,1192.5850994695131,0.0,0,-52.085099469513125,52.085099469513125,0.0,0.0,0.0,0.1816087606135966,0.0,52.085099469513125,False,0.004005216003861278,0,0,20,0,0.0,0.0,1,,,0,True,False,False,1158.0,1432.5850994695131,-274.5850994695131,True,True,0,ML-Robust-MPC,1192.5850994695131,808.1054582857877,500.0
1123.0,1194.0084455782944,0.0,0,-71.00844557829441,71.00844557829441,0.0,0.0,0.0,0.18231320947846064,0.0,71.00844557829441,False,0.003984481001680251,0,0,21,0,0.0,0.0,1,,,0,True,False,False,1140.5,1434.0084455782944,-293.5084455782944,True,True,0,ML-Robust-MPC,1194.0084455782944,808.2090764287543,500.0
1089.0,1189.0,0.0,0,-100.0,100.0,0.0,0.0,0.0,0.18330527297052412,0.0,100.0,False,0.004145409999182448,0,0,22,0,0.0,0.0,1,,,0,True,False,False,1132.5927734375,1436.219258484559,-303.6264850470591,True,True,0,ML-Robust-MPC,1196.219258484559,805.1406420574222,499.5066583897883
1061.0,723.6135107421871,0.0,0,337.38648925781285,0.0,337.38648925781285,0.0,0.0,0.1795965879986887,100.0,0.0,False,0.004288769996492192,0,0,23,0,0.0,0.0,1,,,0,True,False,False,1133.944580078125,1438.497136485605,-304.5525564074801,True,True,0,ML-Robust-MPC,1198.497136485605,803.1790907124348,499.361478315927
1064.5,1164.5,0.0,0,-100.0,100.0,0.0,0.0,0.0,0.18058865149075218,0.0,100.0,False,0.0040571579957031645,0,0,24,0,0.0,0.0,1,,,0,True,False,False,1145.4150390625,1441.6031845379298,-296.1881454754298,True,True,0,ML-Robust-MPC,1201.6031845379298,800.3809582037046,498.8054674035891
1071.5,1171.5,0.0,0,-100.0,100.0,0.0,0.0,0.0,0.18158071498281567,0.0,100.0,False,0.003953266001190059,0,0,25,0,0.0,0.0,1,,,0,True,False,False,1186.9139404296875,1439.6130202138606,-252.69907978417314,True,True,0,ML-Robust-MPC,1199.6130202138606,800.9228623454429,497.722587034349
1103.0,1200.251755769037,0.0,0,-97.25175576903689,97.25175576903689,0.0,0.0,0.0,0.18254551414719103,0.0,97.25175576903689,False,0.003845619001367595,0,0,26,0,0.0,0.0,1,,,0,True,False,False,1210.22802734375,1440.251755769037,-230.0237284252869,True,True,0,ML-Robust-MPC,1200.251755769037,802.2977154920898,498.1757253942347
1103.0,1200.8133280029087,0.0,0,-97.81332800290875,97.81332800290875,0.0,0.0,0.0,0.1835158844646802,0.0,97.81332800290875,False,0.004022770997835323,0,0,27,0,0.0,0.0,1,,,0,True,False,False,1207.82275390625,1440.8133280029087,-232.99057409665875,True,True,0,ML-Robust-MPC,1200.8133280029087,801.9385403046427,498.1339842254579
1113.0,819.6711058806945,0.0,0,293.3288941193055,0.0,293.3288941193055,0.0,0.0,0.18029149790486723,100.0,0.0,False,0.004121685997233726,0,0,28,0,0.0,0.0,1,,,0,True,False,False,1208.9996337890625,1441.6336336517472,-232.63399986268473,True,True,0,ML-Robust-MPC,1201.6336336517472,800.2774920018977,497.3444004722248
1119.0,1201.632798136891,0.0,0,-82.6327981368911,82.6327981368911,0.0,0.0,0.0,0.18111126772765385,0.0,82.6327981368911,False,0.003850384004181251,0,0,29,0,0.0,0.0,1,,,0,True,False,False,1210.596923828125,1441.632798136891,-231.0358743087661,True,True,0,ML-Robust-MPC,1201.632798136891,798.0839623098747,499.31180549471975
1073.5,1173.5,0.0,0,-100.0,100.0,0.0,0.0,0.0,0.18210333121971733,0.0,100.0,False,0.0039557550044264644,0,0,30,0,0.0,0.0,1,,,0,True,False,False,1214.254638671875,1440.99889637532,-226.7442577034451,True,True,0,ML-Robust-MPC,1200.99889637532,798.4412379661129,499.69366315356
1076.5,1176.5,0.0,0,-100.0,100.0,0.0,0.0,0.0,0.18309539471178082,0.0,100.0,False,0.004087594999873545,0,0,31,0,0.0,0.0,1,,,0,True,False,False,1199.5872802734375,1439.941531284968,-240.35425101153055,True,True,0,ML-Robust-MPC,1199.941531284968,799.283810227449,499.3554443183744
1052.0,768.0552079958543,0.0,0,283.94479200414577,0.0,283.94479200414577,0.0,0.0,0.17997416189284593,100.0,0.0,False,0.004112371003429871,0,0,32,0,0.0,0.0,1,,,0,True,False,False,1203.701416015625,1440.374984378986,-236.67356836336103,True,True,0,ML-Robust-MPC,1200.374984378986,797.7436864375237,499.5378460524212
1089.0,1189.0,0.0,0,-100.0,100.0,0.0,0.0,0.0,0.18096622538490942,0.0,100.0,False,0.003913332002412062,0,0,33,0,0.0,0.0,1,,,0,True,False,False,1198.3587646484375,1442.49460552238,-244.13584087394247,True,True,0,ML-Robust-MPC,1202.49460552238,796.8722826667419,500.0
1097.0,1197.0,0.0,0,-100.0,100.0,0.0,0.0,0.0,0.1819582888769729,0.0,100.0,False,0.0038783349955338053,0,0,34,0,0.0,0.0,1,,,0,True,False,False,1208.4910888671875,1439.1712049581447,-230.6801160909572,True,True,0,ML-Robust-MPC,1199.1712049581447,797.9934248868537,500.0
1130.5,1195.9096940022712,0.0,0,-65.40969400227118,65.40969400227118,0.0,0.0,0.0,0.1826071945714399,0.0,65.40969400227118,False,0.0036932319999323227,0,0,35,0,0.0,0.0,1,,,0,True,False,False,1201.6915283203125,1435.9096940022712,-234.21816568195868,True,True,0,ML-Robust-MPC,1195.9096940022712,799.3362129361827,500.0
1170.0,1196.699181152173,0.0,0,-26.69918115217297,26.69918115217297,0.0,0.0,0.0,0.1828720674003305,0.0,26.69918115217297,False,0.004097226003068499,0,0,36,0,0.0,0.0,1,,,0,True,False,False,1203.487060546875,1436.699181152173,-233.21212060529797,True,True,0,ML-Robust-MPC,1196.699181152173,797.3569230929572,500.0
1213.0,1197.019387591483,0.0,0,15.98061240851689,0.0,15.98061240851689,0.0,0.0,0.18269640222413872,0.0,0.0,False,0.004157406001468189,0,0,37,0,0.0,0.0,1,,,0,True,False,False,1200.75,1437.019387591483,-236.2693875914831,True,True,0,ML-Robust-MPC,1197.019387591483,798.8981832055038,500.0
1182.0,1197.5576208777609,0.0,0,-15.557620877760883,15.557620877760883,0.0,0.0,0.0,0.18285074370110063,0.0,15.557620877760883,False,0.004152615001657978,0,0,38,0,0.0,0.0,1,,,0,True,False,False,1214.734619140625,1437.5576208777609,-222.82300173713588,True,True,0,ML-Robust-MPC,1197.5576208777609,799.1337145315449,500.0
1185.0,1197.0707277670042,0.0,0,-12.0707277670042,12.0707277670042,0.0,0.0,0.0,0.18297049298450346,0.0,12.0707277670042,False,0.004039614999783225,0,0,39,0,0.0,0.0,1,,,0,True,False,False,1182.0,1437.0707277670042,-255.0707277670042,True,True,0,ML-Robust-MPC,1197.0707277670042,799.6548304004996,500.0
1147.0,1202.507649276094,0.0,0,-55.50764927609407,55.50764927609407,0.0,0.0,0.0,0.18352116410827424,0.0,55.50764927609407,False,0.004380163998575881,0,0,40,0,0.0,0.0,1,,,0,True,False,False,1185.0,1442.507649276094,-257.50764927609407,True,True,0,ML-Robust-MPC,1202.507649276094,799.549146400872,500.0
1141.5,786.6399999999996,0.0,0,354.86000000000035,0.0,354.86000000000035,0.0,0.0,0.17962040343466038,100.0,0.0,False,0.0038477699999930337,0,0,41,0,0.0,0.0,1,,,0,True,False,False,1180.2623291015625,1444.7450400971,-264.48271099553745,True,True,0,ML-Robust-MPC,1204.7450400971,799.1817978041739,500.0
1098.0,1198.0,0.0,0,-100.0,100.0,0.0,0.0,0.0,0.18061246692672386,0.0,100.0,False,0.004022535002150107,0,0,42,0,0.0,0.0,1,,,0,True,False,False,1177.877685546875,1444.2875078888476,-266.4098223419726,True,True,0,ML-Robust-MPC,1204.2875078888476,800.5011927093236,500.0
1142.5,1205.167243177111,0.0,0,-62.667243177111004,62.667243177111004,0.0,0.0,0.0,0.18123416576776663,0.0,62.667243177111004,False,0.00408032499399269,0,0,43,0,0.0,0.0,1,,,0,True,False,False,1175.1865234375,1445.167243177111,-269.980719739611,True,True,0,ML-Robust-MPC,1205.167243177111,800.6826480889965,500.0
1141.0,1207.443408579678,0.0,0,-66.44340857967791,66.44340857967791,0.0,0.0,0.0,0.1818933265671682,0.0,66.44340857967791,False,0.004167888000665698,0,0,44,0,0.0,0.0,1,,,0,True,False,False,1175.9461669921875,1447.443408579678,-271.4972415874904,True,True,0,ML-Robust-MPC,1207.443408579678,801.1621610879304,500.0
1155.5,1207.7101808601217,0.0,0,-52.21018086012168,52.21018086012168,0.0,0.0,0.0,0.1824112847106218,0.0,52.21018086012168,False,0.0036211330007063225,0,0,45,0,0.0,0.0,1,,,0,True,False,False,1174.2574462890625,1447.7101808601217,-273.4527345710592,True,True,0,ML-Robust-MPC,1207.7101808601217,803.4507931553177,500.0
1169.0,1204.3632602952785,0.0,0,-35.36326029527845,35.36326029527845,0.0,0.0,0.0,0.18276211070561463,0.0,35.36326029527845,False,0.00395975100400392,0,0,46,0,0.0,0.0,1,,,0,True,False,False,1168.9716796875,1444.3632602952785,-275.39158060777845,True,True,0,ML-Robust-MPC,1204.3632602952785,803.6825814700969,500.0
1173.5,1205.4052674774182,0.0,0,-31.905267477418192,31.905267477418192,0.0,0.0,0.0,0.1830786312163033,0.0,31.905267477418192,False,0.0041272989983554,0,0,47,0,0.0,0.0,1,,,0,True,False,False,1169.0,1445.4052674774182,-276.4052674774182,True,True,0,ML-Robust-MPC,1205.4052674774182,802.949676111993,500.0
1116.0,800.8978124999996,0.0,0,315.10218750000035,0.0,315.10218750000035,0.0,0.0,0.1796149040530003,100.0,0.0,False,0.003972993996285368,0,0,48,0,0.0,0.0,1,,,0,True,False,False,1173.5,1446.3349293118677,-272.83492931186765,True,True,0,ML-Robust-MPC,1206.3349293118677,802.2158675518683,500.0
1112.5,1204.0237821828407,0.0,0,-91.5237821828407,91.5237821828407,0.0,0.0,0.0,0.18052287808259196,0.0,91.5237821828407,False,0.00430829400283983,0,0,49,0,0.0,0.0,1,,,0,True,False,False,1161.306884765625,1444.0237821828407,-282.7168974172157,True,True,0,ML-Robust-MPC,1204.0237821828407,800.683431017273,500.0
1077.5,1177.5,0.0,0,-100.0,100.0,0.0,0.0,0.0,0.18151494157465545,0.0,100.0,False,0.0037001460004830733,0,0,50,0,0.0,0.0,1,,,0,True,False,False,1159.3895263671875,1443.453499458592,-284.0639730914045,True,True,0,ML-Robust-MPC,1203.453499458592,801.1934224116216,500.0
1056.5,1156.5,0.0,0,-100.0,100.0,0.0,0.0,0.0,0.18250700506671894,0.0,100.0,False,0.00386320299730869,0,0,51,0,0.0,0.0,1,,,0,True,False,False,1159.9273681640625,1443.0574027061946,-283.1300345421321,True,True,0,ML-Robust-MPC,1203.0574027061946,801.6993701093683,500.0
1067.5,1167.5,0.0,0,-100.0,100.0,0.0,0.0,0.0,0.18349906855878242,0.0,100.0,False,0.0037137340041226707,0,0,52,0,0.0,0.0,1,,,0,True,False,False,1162.1923828125,1440.4567754923523,-278.26439267985234,True,True,0,ML-Robust-MPC,1200.4567754923523,800.2215050408024,500.0
1123.0,768.1399999999996,0.0,0,354.86000000000035,0.0,354.86000000000035,0.0,0.0,0.17959830788516856,100.0,0.0,False,0.0037571869979728945,0,0,53,0,0.0,0.0,1,,,0,True,False,False,1173.098876953125,1442.5920146519152,-269.4931376987902,True,True,0,ML-Robust-MPC,1202.5920146519152,799.6577835827294,500.0
1130.5,1201.7548368007172,0.0,0,-71.25483680071716,71.25483680071716,0.0,0.0,0.0,0.1803052011073979,0.0,71.25483680071716,False,0.00402217800001381,0,0,54,0,0.0,0.0,1,,,0,True,False,False,1179.349609375,1441.7548368007172,-262.40522742571716,True,True,0,ML-Robust-MPC,1201.7548368007172,800.5222938500652,500.0
1172.5,1204.838264043712,0.0,0,-32.33826404371189,32.33826404371189,0.0,0.0,0.0,0.18062601721894264,0.0,32.33826404371189,False,0.00415258199791424,0,0,55,0,0.0,0.0,1,,,0,True,False,False,1173.9266357421875,1444.838264043712,-270.9116283015244,True,True,0,ML-Robust-MPC,1204.838264043712,801.1515115293348,500.0
1139.0,1204.8241997683867,0.0,0,-65.82419976838673,65.82419976838673,0.0,0.0,0.0,0.18127903507378776,0.0,65.82419976838673,False,0.004032160999486223,0,0,56,0,0.0,0.0,1,,,0,True,False,False,1179.835205078125,1444.8241997683867,-264.98899469026173,True,True,0,ML-Robust-MPC,1204.8241997683867,800.3726805493328,500.0
1157.0,1203.7998944393796,0.0,0,-46.799894439379614,46.799894439379614,0.0,0.0,0.0,0.1817433197408451,0.0,46.799894439379614,False,0.004005648006568663,0,0,57,0,0.0,0.0,1,,,0,True,False,False,1175.929443359375,1443.7998944393796,-267.8704510800046,True,True,0,ML-Robust-MPC,1203.7998944393796,799.3724603999492,500.0
1135.0,1204.5366760084414,0.0,0,-69.53667600844142,69.53667600844142,0.0,0.0,0.0,0.18243316771711932,0.0,69.53667600844142,False,0.004072579002240673,0,0,58,0,0.0,0.0,1,,,0,True,False,False,1183.544677734375,1444.5366760084414,-260.9919982740664,True,True,0,ML-Robust-MPC,1204.5366760084414,801.0388582242803,500.0
1107.5,1205.4134730040828,0.0,0,-97.91347300408279,97.91347300408279,0.0,0.0,0.0,0.18340453153660427,0.0,97.91347300408279,False,0.0039674709987593815,0,0,59,0,0.0,0.0,1,,,0,True,False,False,1187.3302001953125,1445.4134730040828,-258.0832728087703,True,True,0,ML-Robust-MPC,1205.4134730040828,798.4844674520265,500.0
1087.5,756.7403417968746,0.0,0,330.75965820312535,0.0,330.75965820312535,0.0,0.0,0.17976869129781514,100.0,0.0,False,0.0042327300034230575,0,0,60,0,0.0,0.0,1,,,0,True,False,False,1189.1610107421875,1448.4280725444492,-259.26706180226165,True,True,0,ML-Robust-MPC,1208.4280725444492,796.7688680538565,500.0
1105.5,1205.5,0.0,0,-100.0,100.0,0.0,0.0,0.0,0.18076075478987863,0.0,100.0,False,0.003950013000576291,0,0,61,0,0.0,0.0,1,,,0,True,False,False,1188.044677734375,1448.32058062561,-260.2759028912351,True,True,0,ML-Robust-MPC,1208.32058062561,795.4325545046619,500.0
1126.0,1208.2462028172229,0.0,0,-82.24620281722287,82.24620281722287,0.0,0.0,0.0,0.1815766893416368,0.0,82.24620281722287,False,0.004234578002069611,0,0,62,0,0.0,0.0,1,,,0,True,False,False,1186.722900390625,1448.2462028172229,-261.52330242659787,True,True,0,ML-Robust-MPC,1208.2462028172229,797.5597108425499,500.0
1165.0,1209.822912588648,0.0,0,-44.82291258864802,44.82291258864802,0.0,0.0,0.0,0.1820213610935083,0.0,44.82291258864802,False,0.004123850005271379,0,0,63,0,0.0,0.0,1,,,0,True,False,False,1188.30712890625,1449.822912588648,-261.515783682398,True,True,0,ML-Robust-MPC,1209.822912588648,796.4344115539438,500.0
1141.0,1209.784282477792,0.0,0,-68.78428247779198,68.78428247779198,0.0,0.0,0.0,0.1827037448482483,0.0,68.78428247779198,False,0.004025107999041211,0,0,64,0,0.0,0.0,1,,,0,True,False,False,1188.167236328125,1449.784282477792,-261.617046149667,True,True,0,ML-Robust-MPC,1209.784282477792,795.8401136894184,500.0
1185.0,1212.637784430805,0.0,0,-27.637784430804913,27.637784430804913,0.0,0.0,0.0,0.18297792921760153,0.0,27.637784430804913,False,0.004064685999765061,0,0,65,0,0.0,0.0,1,,,0,True,False,False,1183.1036376953125,1452.637784430805,-269.5341467354924,True,True,0,ML-Robust-MPC,1212.637784430805,793.7808440574768,500.0
1164.0,816.4214941406246,0.0,0,347.57850585937535,0.0,347.57850585937535,0.0,0.0,0.1791572095911299,100.0,0.0,False,0.003967360004025977,0,0,66,0,0.0,0.0,1,,,0,True,False,False,1186.114013671875,1456.917017256182,-270.8030035843069,True,True,0,ML-Robust-MPC,1216.917017256182,793.5970210924471,500.0
1121.0,1218.3351140114742,0.0,0,-97.33511401147416,97.33511401147416,0.0,0.0,0.0,0.18012283572219612,0.0,97.33511401147416,False,0.0040037660000962205,0,0,67,0,0.0,0.0,1,,,0,True,False,False,1189.2391357421875,1458.3351140114742,-269.09597826928666,True,True,0,ML-Robust-MPC,1218.3351140114742,790.6085177313969,500.0
1129.0,1214.2173222893912,0.0,0,-85.21732228939118,85.21732228939118,0.0,0.0,0.0,0.18096824566554326,0.0,85.21732228939118,False,0.004087786997843068,0,0,68,0,0.0,0.0,1,,,0,True,False,False,1187.846435546875,1454.2173222893912,-266.3708867425162,True,True,0,ML-Robust-MPC,1214.2173222893912,791.6101373526744,500.0
1107.0,1207.0,0.0,0,-100.0,100.0,0.0,0.0,0.0,0.18196030915760675,0.0,100.0,False,0.004125074003241025,0,0,69,0,0.0,0.0,1,,,0,True,False,False,1197.135009765625,1452.9187259284456,-255.7837161628206,True,True,0,ML-Robust-MPC,1212.9187259284456,789.7047434912292,500.0
1104.5,1204.5,0.0,0,-100.0,100.0,0.0,0.0,0.0,0.18295237264967024,0.0,100.0,False,0.0037564259982900694,0,0,70,0,0.0,0.0,1,,,0,True,False,False,1192.8665771484375,1449.365127679047,-256.49855053060946,True,True,0,ML-Robust-MPC,1209.365127679047,790.0643959894621,500.0
1129.0,1206.796558251277,0.0,0,-77.79655825127702,77.79655825127702,0.0,0.0,0.0,0.18372416390216306,0.0,77.79655825127702,False,0.004037927996250801,0,0,71,0,0.0,0.0,1,,,0,True,False,False,1184.680419921875,1446.796558251277,-262.116138329402,True,True,0,ML-Robust-MPC,1206.796558251277,789.8405305339403,500.0
1183.0,828.1399999999996,0.0,0,354.86000000000035,0.0,354.86000000000035,0.0,0.0,0.1798234032285492,100.0,0.0,False,0.0037854370020795614,0,0,72,0,0.0,0.0,1,,,0,True,False,False,1182.1904296875,1445.198538083778,-263.008108396278,True,True,0,ML-Robust-MPC,1205.198538083778,791.6823529626466,500.0
1180.0,1208.2224698975317,0.0,0,-28.22246989753171,28.22246989753171,0.0,0.0,0.0,0.18010338804896123,0.0,28.22246989753171,False,0.004146870996919461,0,0,73,0,0.0,0.0,1,,,0,True,False,False,1187.1392822265625,1448.2224698975317,-261.0831876709692,True,True,0,ML-Robust-MPC,1208.2224698975317,792.0575334100254,500.0
1171.0,1209.484494053043,0.0,0,-38.48449405304291,38.48449405304291,0.0,0.0,0.0,0.18048517866456681,0.0,38.48449405304291,False,0.004085460997885093,0,0,74,0,0.0,0.0,1,,,0,True,False,False,1181.40380859375,1449.484494053043,-268.0806854592929,True,True,0,ML-Robust-MPC,1209.484494053043,792.0737848631788,499.9094947726486
1167.5,1206.4159693250458,0.0,0,-38.91596932504581,38.91596932504581,0.0,0.0,0.0,0.1808712497888232,0.0,38.91596932504581,False,0.003864813996187877,0,0,75,0,0.0,0.0,1,,,0,True,False,False,1171.0,1446.4159693250458,-275.4159693250458,True,True,0,ML-Robust-MPC,1206.4159693250458,793.8538312788191,499.7011783200178
1112.0,1210.0949365670535,0.0,0,-98.09493656705354,98.09493656705354,0.0,0.0,0.0,0.1818444138420678,0.0,98.09493656705354,False,0.004129244000068866,0,0,76,0,0.0,0.0,1,,,0,True,False,False,1167.5,1450.0949365670535,-282.59493656705354,True,True,0,ML-Robust-MPC,1210.0949365670535,796.7889494134247,497.8046466423306
1107.0,1207.0,0.0,0,-100.0,100.0,0.0,0.0,0.0,0.18283647733413128,0.0,100.0,False,0.0039791029994376,0,0,77,0,0.0,0.0,1,,,0,True,False,False,1137.3804931640625,1448.810864764311,-311.43037160024846,True,True,0,ML-Robust-MPC,1208.810864764311,796.547920753915,497.4856455227962
1087.0,748.4811865234371,0.0,0,338.51881347656285,0.0,338.51881347656285,0.0,0.0,0.17911534540918114,100.0,0.0,False,0.004027882998343557,0,0,78,0,0.0,0.0,1,,,0,True,False,False,1134.102783203125,1448.1269114472043,-314.0241282440793,True,True,0,ML-Robust-MPC,1208.1269114472043,797.1709593764292,496.923250180794
1102.5,1202.5,0.0,0,-100.0,100.0,0.0,0.0,0.0,0.18010740890124463,0.0,100.0,False,0.00403898699732963,0,0,79,0,0.0,0.0,1,,,0,True,False,False,1138.8612060546875,1447.600499387193,-308.73929333250544,True,True,0,ML-Robust-MPC,1207.600499387193,796.3125750778255,498.1194346771615
1098.5,1198.5,0.0,0,-100.0,100.0,0.0,0.0,0.0,0.18109947239330812,0.0,100.0,False,0.003923857999325264,0,0,80,0,0.0,0.0,1,,,0,True,False,False,1158.65966796875,1444.8290011026193,-286.16933313386926,True,True,0,ML-Robust-MPC,1204.8290011026193,796.0504373067172,495.1895105451664
1128.0,1204.8577100152568,0.0,0,-76.85771001525677,76.85771001525677,0.0,0.0,0.0,0.1818619496752055,0.0,76.85771001525677,False,0.004192098000203259,0,0,81,0,0.0,0.0,1,,,0,True,False,False,1164.504150390625,1444.8577100152568,-280.35355962463177,True,True,0,ML-Robust-MPC,1204.8577100152568,796.4668948409401,494.5643271064688
1152.5,1205.6640147157868,0.0,0,-53.164014715786834,53.164014715786834,0.0,0.0,0.0,0.18238937045611608,0.0,53.164014715786834,False,0.004162616001849528,0,0,82,0,0.0,0.0,1,,,0,True,False,False,1162.234375,1445.6640147157868,-283.42963971578683,True,True,0,ML-Robust-MPC,1205.6640147157868,796.7928484631053,494.0578088640967
1136.0,1210.9812645352397,0.0,0,-74.98126453523969,74.98126453523969,0.0,0.0,0.0,0.18313323220745775,0.0,74.98126453523969,False,0.003778279999096412,0,0,83,0,0.0,0.0,1,,,0,True,False,False,1167.18310546875,1450.9812645352397,-283.7981590664897,True,True,0,ML-Robust-MPC,1210.9812645352397,795.8763223430258,493.0251079718384
1098.0,771.9444433593746,0.0,0,326.05555664062535,0.0,326.05555664062535,0.0,0.0,0.17954910130299676,100.0,0.0,False,0.0037669140001526102,0,0,84,0,0.0,0.0,1,,,0,True,False,False,1167.43994140625,1452.045089045576,-284.6051476393261,True,True,0,ML-Robust-MPC,1212.045089045576,796.6783436935056,493.1513675708832
1065.5,1165.5,0.0,0,-100.0,100.0,0.0,0.0,0.0,0.18054116479506024,0.0,100.0,False,0.004155481998168398,0,0,85,0,0.0,0.0,1,,,0,True,False,False,1170.5377197265625,1453.882266540605,-283.3445468140426,True,True,0,ML-Robust-MPC,1213.882266540605,796.885499283034,491.6539999232826
1072.5,1172.5,0.0,0,-100.0,100.0,0.0,0.0,0.0,0.18153322828712373,0.0,100.0,False,0.003939754002203699,0,0,86,0,0.0,0.0,1,,,0,True,False,False,1166.8642578125,1453.8837614083104,-287.0195035958104,True,True,0,ML-Robust-MPC,1213.8837614083104,796.445108830178,491.6633867829554
1045.5,1145.5,0.0,0,-100.0,100.0,0.0,0.0,0.0,0.18252529177918722,0.0,100.0,False,0.0038934530020924285,0,0,87,0,0.0,0.0,1,,,0,True,False,False,1171.111572265625,1452.4297313615602,-281.31815909593524,True,True,0,ML-Robust-MPC,1212.4297313615602,793.8610508162619,492.3012833001615
1056.0,752.4731883377847,0.0,0,303.5268116622153,0.0,303.5268116622153,0.0,0.0,0.17918880569927015,100.0,0.0,False,0.004523921998043079,0,0,88,0,0.0,0.0,1,,,0,True,False,False,1191.882080078125,1454.2363917403409,-262.3543116622159,True,True,0,ML-Robust-MPC,1214.2363917403409,794.6035967498295,493.1192417966409
1117.0,1216.9795713279027,0.0,0,-99.9795713279027,99.9795713279027,0.0,0.0,0.0,0.18018066652593584,0.0,99.9795713279027,False,0.004148436994000804,0,0,89,0,0.0,0.0,1,,,0,True,False,False,1198.8544921875,1456.9795713279027,-258.1250791404027,True,True,0,ML-Robust-MPC,1216.9795713279027,796.6045624201188,494.482817660737
1113.0,1213.0,0.0,0,-100.0,100.0,0.0,0.0,0.0,0.18117273001799933,0.0,100.0,False,0.0046263460026239045,0,0,90,0,0.0,0.0,1,,,0,True,False,False,1204.156982421875,1455.3991314531406,-251.24214903126563,True,True,0,ML-Robust-MPC,1215.3991314531406,796.3728654313927,494.262850151634
1188.0,1218.425458199098,0.0,0,-30.425458199098102,30.425458199098102,0.0,0.0,0.0,0.18147456988108562,0.0,30.425458199098102,False,0.003746825001144316,0,0,91,0,0.0,0.0,1,,,0,True,False,False,1203.9599609375,1458.425458199098,-254.4654972615981,True,True,0,ML-Robust-MPC,1218.425458199098,795.1812934453576,493.66505959236775
1193.0,1217.1238194582186,0.0,0,-24.123819458218577,24.123819458218577,0.0,0.0,0.0,0.18171389348682193,0.0,24.123819458218577,False,0.003991054996731691,0,0,92,0,0.0,0.0,1,,,0,True,False,False,1208.3994140625,1457.1238194582186,-248.72440539571858,True,True,0,ML-Robust-MPC,1217.1238194582186,795.7946880724352,490.03288614366215
1180.0,1214.6330602014327,0.0,0,-34.63306020143273,34.63306020143273,0.0,0.0,0.0,0.18205747543326473,0.0,34.63306020143273,False,0.004064246000780258,0,0,93,0,0.0,0.0,1,,,0,True,False,False,1217.755126953125,1454.6330602014327,-236.87793324830773,True,True,0,ML-Robust-MPC,1214.6330602014327,797.9827497287627,489.9461233421448
1159.5,1217.093108719997,0.0,0,-57.59310871999696,57.59310871999696,0.0,0.0,0.0,0.18262883563882026,0.0,57.59310871999696,False,0.004661232000216842,0,0,94,0,0.0,0.0,1,,,0,True,False,False,1212.227294921875,1457.093108719997,-244.86581379812196,True,True,0,ML-Robust-MPC,1217.093108719997,798.6378814080845,491.2105764440231
1141.5,830.246742964725,0.0,0,311.25325703527506,0.0,311.25325703527506,0.0,0.0,0.17920741743283078,100.0,0.0,False,0.003921146999346092,0,0,95,0,0.0,0.0,1,,,0,True,False,False,1212.85400390625,1457.066917384154,-244.21291347790407,True,True,0,ML-Robust-MPC,1217.066917384154,798.9905964548373,491.0728418572627
1154.0,1214.725344537797,0.0,0,-60.7253445377969,60.7253445377969,0.0,0.0,0.0,0.17980985140642003,0.0,60.7253445377969,False,0.003876007998769637,0,0,96,0,0.0,0.0,1,,,0,True,False,False,1213.3192138671875,1454.725344537797,-241.4061306706094,True,True,0,ML-Robust-MPC,1214.725344537797,798.0896625764555,490.7068713826056
1167.0,1211.2337982554832,0.0,0,-44.23379825548318,44.23379825548318,0.0,0.0,0.0,0.1802486787700657,0.0,44.23379825548318,False,0.004041011001390871,0,0,97,0,0.0,0.0,1,,,0,True,False,False,1218.9576416015625,1451.2337982554832,-232.27615665392068,True,True,0,ML-Robust-MPC,1211.2337982554832,796.3435979057781,490.9830643720505
1162.5,1210.6938298870375,0.0,0,-48.19382988703751,48.19382988703751,0.0,0.0,0.0,0.18072679216180218,0.0,48.19382988703751,False,0.004162872995948419,0,0,98,0,0.0,0.0,1,,,0,True,False,False,1219.517578125,1450.6938298870375,-231.1762517620375,True,True,0,ML-Robust-MPC,1210.6938298870375,796.687087862436,491.9209131445562
1202.5,1207.4498740855784,0.0,0,-4.949874085578358,4.949874085578358,0.0,0.0,0.0,0.1807758980555083,0.0,4.949874085578358,False,0.00403132000064943,0,0,99,0,0.0,0.0,1,,,0,True,False,False,1213.2379150390625,1447.4498740855784,-234.21195904651586,True,True,0,ML-Robust-MPC,1207.4498740855784,794.9698680796675,491.1894016631026
1226.0,1209.468879483194,0.0,0,16.531120516805913,0.0,16.531120516805913,0.0,0.0,0.1805941814776953,0.0,0.0,False,0.004005953000159934,0,0,100,0,0.0,0.0,1,,,0,True,False,False,1215.7825927734375,1449.468879483194,-233.6862867097566,True,True,0,ML-Robust-MPC,1209.468879483194,796.0544641502527,491.6482045840141
1207.5,1209.1897878199015,0.0,0,-1.6897878199015395,1.6897878199015395,0.0,0.0,0.0,0.18061094524574986,0.0,1.6897878199015395,False,0.004027394999866374,0,0,101,0,0.0,0.0,1,,,0,True,False,False,1226.0,1449.1897878199015,-223.18978781990154,True,True,0,ML-Robust-MPC,1209.1897878199015,796.8869210652093,491.6360111798806
1206.0,1205.2757328178457,0.0,0,0.7242671821543354,0.0,0.7242671821543354,0.0,0.0,0.18060298381605552,0.0,0.0,False,0.004188471000816207,0,0,102,0,0.0,0.0,1,,,0,True,False,False,1207.5,1445.2757328178457,-237.77573281784566,True,True,0,ML-Robust-MPC,1205.2757328178457,796.6378428316947,491.7575293328063
1146.0,1204.204426667798,0.0,0,-58.20442666779809,58.20442666779809,0.0,0.0,0.0,0.18118040868379162,0.0,58.20442666779809,False,0.00408340799913276,0,0,103,0,0.0,0.0,1,,,0,True,False,False,1206.0,1444.204426667798,-238.2044266677981,True,True,0,ML-Robust-MPC,1204.204426667798,797.8721672504348,491.6058187319732
1081.5,1181.5,0.0,0,-100.0,100.0,0.0,0.0,0.0,0.1821724721758551,0.0,100.0,False,0.004059579994645901,0,0,104,0,0.0,0.0,1,,,0,True,False,False,1170.403076171875,1445.48021433909,-275.077138167215,True,True,0,ML-Robust-MPC,1205.48021433909,798.236002667101,492.2130884703767
1099.5,1199.5,0.0,0,-100.0,100.0,0.0,0.0,0.0,0.1831645356679186,0.0,100.0,False,0.004112385999178514,0,0,105,0,0.0,0.0,1,,,0,True,False,False,1158.1907958984375,1445.3390749405648,-287.14827904212734,True,True,0,ML-Robust-MPC,1205.3390749405648,797.999174638335,491.669572088746
1152.0,797.1399999999996,0.0,0,354.86000000000035,0.0,354.86000000000035,0.0,0.0,0.17926377499430474,100.0,0.0,False,0.004150515000219457,0,0,106,0,0.0,0.0,1,,,0,True,False,False,1164.610107421875,1444.431756800256,-279.8216493783809,True,True,0,ML-Robust-MPC,1204.431756800256,798.0677025471149,492.08833534446967
1132.0,1207.01763923493,0.0,0,-75.0176392349299,75.0176392349299,0.0,0.0,0.0,0.1800079976057624,0.0,75.0176392349299,False,0.004338174003351014,0,0,107,0,0.0,0.0,1,,,0,True,False,False,1184.3424072265625,1447.01763923493,-262.6752320083674,True,True,0,ML-Robust-MPC,1207.01763923493,793.7259083660397,492.4168357012733
1145.5,1209.6405101407186,0.0,0,-64.14051014071856,64.14051014071856,0.0,0.0,0.0,0.18064431219049173,0.0,64.14051014071856,False,0.004081158003828023,0,0,108,0,0.0,0.0,1,,,0,True,False,False,1181.8084716796875,1449.6405101407186,-267.83203846103106,True,True,0,ML-Robust-MPC,1209.6405101407186,793.3457506679042,492.65567355313567
1176.0,1208.0947016339917,0.0,0,-32.09470163399169,32.09470163399169,0.0,0.0,0.0,0.18096271200828928,0.0,32.09470163399169,False,0.004112970993446652,0,0,109,0,0.0,0.0,1,,,0,True,False,False,1171.7247314453125,1448.0947016339917,-276.3699701886792,True,True,0,ML-Robust-MPC,1208.0947016339917,791.9193695000139,492.5247744954775
1162.0,1208.3179008813654,0.0,0,-46.317900881365404,46.317900881365404,0.0,0.0,0.0,0.18142221499322347,0.0,46.317900881365404,False,0.004023068999231327,0,0,110,0,0.0,0.0,1,,,0,True,False,False,1176.0,1448.3179008813654,-272.3179008813654,True,True,0,ML-Robust-MPC,1208.3179008813654,791.666354828289,492.9412126119853
1134.5,1208.7739191844462,0.0,0,-74.27391918444619,74.27391918444619,0.0,0.0,0.0,0.1821590594295771,0.0,74.27391918444619,False,0.004064938999363221,0,0,111,0,0.0,0.0,1,,,0,True,False,False,1162.0,1448.7739191844462,-286.7739191844462,True,True,0,ML-Robust-MPC,1208.7739191844462,791.7012255916705,491.99844231191935
1122.5,1211.081514832467,0.0,0,-88.58151483246706,88.58151483246706,0.0,0.0,0.0,0.18303784429894682,0.0,88.58151483246706,False,0.003841044999717269,0,0,112,0,0.0,0.0,1,,,0,True,False,False,1154.4798583984375,1451.081514832467,-296.60165643402956,True,True,0,ML-Robust-MPC,1211.081514832467,792.2780662739027,491.6291049195316
1090.0,757.3489843749996,0.0,0,332.65101562500035,0.0,332.65101562500035,0.0,0.0,0.1793812135155739,100.0,0.0,False,0.004114524002943654,0,0,113,0,0.0,0.0,1,,,0,True,False,False,1156.45361328125,1454.9552683621744,-298.50165508092437,True,True,0,ML-Robust-MPC,1214.9552683621744,792.0337116768912,490.24550998703
1068.5,1168.5,0.0,0,-100.0,100.0,0.0,0.0,0.0,0.1803732770076374,0.0,100.0,False,0.0038696720002917573,0,0,114,0,0.0,0.0,1,,,0,True,False,False,1163.5753173828125,1454.266229964546,-290.6909125817335,True,True,0,ML-Robust-MPC,1214.266229964546,792.1785449509783,488.71167612674185
1110.0,1210.0,0.0,0,-100.0,100.0,0.0,0.0,0.0,0.18136534049970088,0.0,100.0,False,0.00397282000631094,0,0,115,0,0.0,0.0,1,,,0,True,False,False,1155.29736328125,1453.8691398221351,-298.57177654088514,True,True,0,ML-Robust-MPC,1213.8691398221351,792.5409680055508,487.2771392160409
1120.0,1215.9579380681173,0.0,0,-95.9579380681173,95.9579380681173,0.0,0.0,0.0,0.18231730417101155,0.0,95.9579380681173,False,0.004038008002680726,0,0,116,0,0.0,0.0,1,,,0,True,False,False,1171.8173828125,1455.9579380681173,-284.1405552556173,True,True,0,ML-Robust-MPC,1215.9579380681173,789.2910792899416,487.1206417104219
1136.5,802.2870947265621,0.0,0,334.21290527343785,0.0,334.21290527343785,0.0,0.0,0.17864350448238825,100.0,0.0,False,0.0039727670009597205,0,0,117,0,0.0,0.0,1,,,0,True,False,False,1178.236572265625,1453.5135303846296,-275.2769581190046,True,True,0,ML-Robust-MPC,1213.5135303846296,791.5876730536802,486.4456371735482
1150.5,1212.0064113232409,0.0,0,-61.506411323240854,61.506411323240854,0.0,0.0,0.0,0.17925368713440454,0.0,61.506411323240854,False,0.004362177998700645,0,0,118,0,0.0,0.0,1,,,0,True,False,False,1173.00048828125,1452.0064113232409,-279.00592304199085,True,True,0,ML-Robust-MPC,1212.0064113232409,792.2594051550583,483.5365009278679
1148.5,1212.3801447404935,0.0,0,-63.880144740493506,63.880144740493506,0.0,0.0,0.0,0.17988741872905228,0.0,63.880144740493506,False,0.004162693003308959,0,0,119,0,0.0,0.0,1,,,0,True,False,False,1168.033203125,1452.3801447404935,-284.3469416154935,True,True,0,ML-Robust-MPC,1212.3801447404935,791.8527457667645,484.29869776562657
1156.0,1213.0424798563645,0.0,0,-57.04247985636448,57.04247985636448,0.0,0.0,0.0,0.18045331634667494,0.0,57.04247985636448,False,0.003802069004450459,0,0,120,0,0.0,0.0,1,,,0,True,False,False,1166.7646484375,1453.0424798563645,-286.2778314188645,True,True,0,ML-Robust-MPC,1213.0424798563645,791.8353899774604,484.59034378352334
1115.5,1215.1603222639644,0.0,0,-99.66032226396442,99.66032226396442,0.0,0.0,0.0,0.18144201001992855,0.0,99.66032226396442,False,0.003978048996941652,0,0,121,0,0.0,0.0,1,,,0,True,False,False,1172.8868408203125,1455.1603222639644,-282.2734814436519,True,True,0,ML-Robust-MPC,1215.1603222639644,790.5862039047196,485.2083791117663
1092.0,1192.0,0.0,0,-100.0,100.0,0.0,0.0,0.0,0.18243407351199203,0.0,100.0,False,0.00428861599357333,0,0,122,0,0.0,0.0,1,,,0,True,False,False,1181.866455078125,1452.3670219121727,-270.50056683404773,True,True,0,ML-Robust-MPC,1212.3670219121727,793.0918207671131,485.7503996185758
1075.5,748.6532165228648,0.0,0,326.84678347713515,0.0,326.84678347713515,0.0,0.0,0.1788412451309832,100.0,0.0,False,0.00409966900042491,0,0,123,0,0.0,0.0,1,,,0,True,False,False,1179.4443359375,1452.2294146877862,-272.7850787502862,True,True,0,ML-Robust-MPC,1212.2294146877862,793.3102005299186,486.13624571659255
1094.5,1194.5,0.0,0,-100.0,100.0,0.0,0.0,0.0,0.1798333086230467,0.0,100.0,False,0.004116241994779557,0,0,124,0,0.0,0.0,1,,,0,True,False,False,1176.5523681640625,1451.0907802288332,-274.5384120647707,True,True,0,ML-Robust-MPC,1211.0907802288332,792.7078043804545,487.11338739426617
1102.0,1202.0,0.0,0,-100.0,100.0,0.0,0.0,0.0,0.18082537211511018,0.0,100.0,False,0.0040077680023387074,0,0,125,0,0.0,0.0,1,,,0,True,False,False,1183.1234130859375,1447.6324367325124,-264.50902364657486,True,True,0,ML-Robust-MPC,1207.6324367325124,792.0663949499803,489.45662533513945
1159.5,1209.6442770882984,0.0,0,-50.144277088298395,50.144277088298395,0.0,0.0,0.0,0.18132283518146236,0.0,50.144277088298395,False,0.0040156130053219385,0,0,126,0,0.0,0.0,1,,,0,True,False,False,1172.130126953125,1449.6442770882984,-277.5141501351734,True,True,0,ML-Robust-MPC,1209.6442770882984,791.3710041149004,490.82273214719663
1156.0,1207.245837982664,0.0,0,-51.24583798266394,51.24583798266394,0.0,0.0,0.0,0.18183122643129038,0.0,51.24583798266394,False,0.003960066998843104,0,0,127,0,0.0,0.0,1,,,0,True,False,False,1174.1876220703125,1447.245837982664,-273.05821591235144,True,True,0,ML-Robust-MPC,1207.245837982664,791.6543865640172,491.8979191456057
1187.5,1208.5755493242189,0.0,0,-21.075549324218855,21.075549324218855,0.0,0.0,0.0,0.18204030926188777,0.0,21.075549324218855,False,0.004156937000516336,0,0,128,0,0.0,0.0,1,,,0,True,False,False,1171.7772216796875,1448.5755493242189,-276.79832764453135,True,True,0,ML-Robust-MPC,1208.5755493242189,791.4259113202398,493.1825430215644
1133.0,1209.1346471532977,0.0,0,-76.13464715329769,76.13464715329769,0.0,0.0,0.0,0.182795613301107,0.0,76.13464715329769,False,0.003990659999544732,0,0,129,0,0.0,0.0,1,,,0,True,False,False,1187.5,1449.1346471532977,-261.6346471532977,True,True,0,ML-Robust-MPC,1209.1346471532977,793.038108688436,493.0251295261826
1132.0,779.5452734374996,0.0,0,352.45472656250035,0.0,352.45472656250035,0.0,0.0,0.17892129233902526,100.0,0.0,False,0.0040915019999374636,0,0,130,0,0.0,0.0,1,,,0,True,False,False,1177.0880126953125,1447.7920239824202,-270.70401128710773,True,True,0,ML-Robust-MPC,1207.7920239824202,793.6385471649946,493.3863629745588
1107.5,1207.5,0.0,0,-100.0,100.0,0.0,0.0,0.0,0.17991335583108875,0.0,100.0,False,0.004235639004036784,0,0,131,0,0.0,0.0,1,,,0,True,False,False,1172.90185546875,1449.7679139523389,-276.86605848358886,True,True,0,ML-Robust-MPC,1209.7679139523389,794.0110832738691,494.0782969397097
1108.0,1208.0,0.0,0,-100.0,100.0,0.0,0.0,0.0,0.18090541932315224,0.0,100.0,False,0.004087187997356523,0,0,132,0,0.0,0.0,1,,,0,True,False,False,1175.14501953125,1449.4037815756476,-274.2587620443976,True,True,0,ML-Robust-MPC,1209.4037815756476,792.8837582161602,493.29273931688056
1155.0,1207.5099483778447,0.0,0,-52.509948377844694,52.509948377844694,0.0,0.0,0.0,0.18142635135071022,0.0,52.509948377844694,False,0.003991896999650635,0,0,133,0,0.0,0.0,1,,,0,True,False,False,1173.686279296875,1447.5099483778447,-273.8236690809697,True,True,0,ML-Robust-MPC,1207.5099483778447,794.5393594561394,493.8696443596515
1127.5,1209.845171378564,0.0,0,-82.34517137856392,82.34517137856392,0.0,0.0,0.0,0.18224326773343408,0.0,82.34517137856392,False,0.004139609998674132,0,0,134,0,0.0,0.0,1,,,0,True,False,False,1177.4609375,1449.845171378564,-272.3842338785639,True,True,0,ML-Robust-MPC,1209.845171378564,793.4537410191924,494.3578755264808
1161.0,1209.7716182372635,0.0,0,-48.77161823726351,48.77161823726351,0.0,0.0,0.0,0.18272711315245455,0.0,48.77161823726351,False,0.004025269998237491,0,0,135,0,0.0,0.0,1,,,0,True,False,False,1175.586669921875,1449.7716182372635,-274.1849483153885,True,True,0,ML-Robust-MPC,1209.7716182372635,792.3206230564069,493.40985738584544
1188.0,833.1399999999996,0.0,0,354.86000000000035,0.0,354.86000000000035,0.0,0.0,0.17882635247884068,100.0,0.0,False,0.003924597003788222,0,0,136,0,0.0,0.0,1,,,0,True,False,False,1177.827880859375,1448.327726413898,-270.49984555452306,True,True,0,ML-Robust-MPC,1208.327726413898,792.3420120172689,495.01772882276464
1167.0,1207.394258860666,0.0,0,-40.394258860666014,40.394258860666014,0.0,0.0,0.0,0.17922708917388697,0.0,40.394258860666014,False,0.003922108997358009,0,0,137,0,0.0,0.0,1,,,0,True,False,False,1188.0,1447.394258860666,-259.394258860666,True,True,0,ML-Robust-MPC,1207.394258860666,794.3802913696679,494.9097388092379
1137.5,1208.7042959466137,0.0,0,-71.20429594661368,71.20429594661368,0.0,0.0,0.0,0.17993348099875417,0.0,71.20429594661368,False,0.0038669850036967546,0,0,138,0,0.0,0.0,1,,,0,True,False,False,1167.0,1448.7042959466137,-281.7042959466137,True,True,0,ML-Robust-MPC,1208.7042959466137,792.6381678457572,495.5124118346706
1095.5,1195.5,0.0,0,-100.0,100.0,0.0,0.0,0.0,0.18092554449081766,0.0,100.0,False,0.004011910998087842,0,0,139,0,0.0,0.0,1,,,0,True,False,False,1141.3970947265625,1450.0373499607767,-308.64025523421424,True,True,0,ML-Robust-MPC,1210.0373499607767,793.1251494271504,496.07064283569866
1085.0,1185.0,0.0,0,-100.0,100.0,0.0,0.0,0.0,0.18191760798288115,0.0,100.0,False,0.0041978619992733,0,0,140,0,0.0,0.0,1,,,0,True,False,False,1136.7254638671875,1452.7829997787233,-316.05753591153575,True,True,0,ML-Robust-MPC,1212.7829997787233,794.4512522295335,495.4375076227226
1056.5,1156.5,0.0,0,-100.0,100.0,0.0,0.0,0.0,0.18290967147494464,0.0,100.0,False,0.0040719360040384345,0,0,141,0,0.0,0.0,1,,,0,True,False,False,1151.9876708984375,1452.3250466592924,-300.3373757608549,True,True,0,ML-Robust-MPC,1212.3250466592924,797.9757833845903,495.30567311168136
1081.0,753.2894628218658,0.0,0,327.7105371781343,0.0,327.7105371781343,0.0,0.0,0.17930734837357132,100.0,0.0,False,0.004130882000026759,0,0,142,0,0.0,0.0,1,,,0,True,False,False,1180.347412109375,1450.8211182328207,-270.4737061234457,True,True,0,ML-Robust-MPC,1210.8211182328207,797.9183667275651,497.6054218586924
1084.5,1184.5,0.0,0,-100.0,100.0,0.0,0.0,0.0,0.1802994118656348,0.0,100.0,False,0.003797461999056395,0,0,143,0,0.0,0.0,1,,,0,True,False,False,1202.477783203125,1449.5739992096226,-247.09621600649757,True,True,0,ML-Robust-MPC,1209.5739992096226,798.6513815925972,496.71898835667855
1120.0,1211.9659805878298,0.0,0,-91.96598058782979,91.96598058782979,0.0,0.0,0.0,0.18121177278416487,0.0,91.96598058782979,False,0.004414374998304993,0,0,144,0,0.0,0.0,1,,,0,True,False,False,1203.88623046875,1451.9659805878298,-248.0797501190798,True,True,0,ML-Robust-MPC,1211.9659805878298,800.0616230148495,495.9809790354416
1177.5,1212.415943678838,0.0,0,-34.91594367883795,34.91594367883795,0.0,0.0,0.0,0.18155816111431206,0.0,34.91594367883795,False,0.003924898002878763,0,0,145,0,0.0,0.0,1,,,0,True,False,False,1199.1488037109375,1452.415943678838,-253.26713996790045,True,True,0,ML-Robust-MPC,1212.415943678838,799.0146340905378,496.3635409108813
1132.0,1208.2298215159435,0.0,0,-76.22982151594351,76.22982151594351,0.0,0.0,0.0,0.18231440934363688,0.0,76.22982151594351,False,0.0037906630022916943,0,0,146,0,0.0,0.0,1,,,0,True,False,False,1218.413818359375,1448.2298215159435,-229.8160031565685,True,True,0,ML-Robust-MPC,1208.2298215159435,798.1111274328173,497.2085797748284
1117.5,1209.000163425084,0.0,0,-91.50016342508411,91.50016342508411,0.0,0.0,0.0,0.18322214906015558,0.0,91.50016342508411,False,0.004023194996989332,0,0,147,0,0.0,0.0,1,,,0,True,False,False,1209.6708984375,1449.000163425084,-239.3292649875841,True,True,0,ML-Robust-MPC,1209.000163425084,796.0101636007527,498.53332037754336
1115.0,815.8791113713241,0.0,0,299.12088862867586,0.0,299.12088862867586,0.0,0.0,0.1799340946189135,100.0,0.0,False,0.004084903994225897,0,0,148,0,0.0,0.0,1,,,0,True,False,False,1209.3486328125,1449.958776844669,-240.61014403216905,True,True,0,ML-Robust-MPC,1209.958776844669,794.7949527533227,498.0078689823411
1098.5,1198.5,0.0,0,-100.0,100.0,0.0,0.0,0.0,0.18092615811097698,0.0,100.0,False,0.003975813000579365,0,0,149,0,0.0,0.0,1,,,0,True,False,False,1209.7706298828125,1450.1104564299687,-240.33982654715624,True,True,0,ML-Robust-MPC,1210.1104564299687,796.0554520722661,498.7936671280509
1095.5,1195.5,0.0,0,-100.0,100.0,0.0,0.0,0.0,0.18191822160304047,0.0,100.0,False,0.0037065779979457147,0,0,150,0,0.0,0.0,1,,,0,True,False,False,1215.592041015625,1447.56297090216,-231.97092988653503,True,True,0,ML-Robust-MPC,1207.56297090216,794.1676721444977,499.8811083829058
1145.0,1213.040707172484,0.0,0,-68.04070717248396,68.04070717248396,0.0,0.0,0.0,0.1825932286186405,0.0,68.04070717248396,False,0.004129951004870236,0,0,151,0,0.0,0.0,1,,,0,True,False,False,1215.1558837890625,1453.040707172484,-237.88482338342146,True,True,0,ML-Robust-MPC,1213.040707172484,793.52458944686,499.4781711337624
1146.5,1211.93901366191,0.0,0,-65.43901366190994,65.43901366190994,0.0,0.0,0.0,0.18324242518274675,0.0,65.43901366190994,False,0.004131713998503983,0,0,152,0,0.0,0.0,1,,,0,True,False,False,1221.603515625,1451.93901366191,-230.33549803690994,True,True,0,ML-Robust-MPC,1211.93901366191,791.1976305626472,500.0
1212.0,885.3873176383893,0.0,0,326.6126823616108,0.0,326.6126823616108,0.0,0.0,0.17965217013326326,100.0,0.0,False,0.0039210750037455,0,0,153,0,0.0,0.0,1,,,0,True,False,False,1210.4896240234375,1450.3866561222114,-239.89703209877393,True,True,0,ML-Robust-MPC,1210.3866561222114,791.784727245343,500.0
1189.0,1211.0339303661697,0.0,0,-22.03393036616967,22.03393036616967,0.0,0.0,0.0,0.17987076071229272,0.0,22.03393036616967,False,0.00392501600435935,0,0,154,0,0.0,0.0,1,,,0,True,False,False,1224.18701171875,1451.0339303661697,-226.84691864741967,True,True,0,ML-Robust-MPC,1211.0339303661697,792.7128237257067,500.0
1209.5,1214.6435641654084,0.0,0,-5.1435641654084066,5.1435641654084066,0.0,0.0,0.0,0.1799217881345686,0.0,5.1435641654084066,False,0.004155024995270651,0,0,155,0,0.0,0.0,1,,,0,True,False,False,1202.9599609375,1454.6435641654084,-251.6836032279084,True,True,0,ML-Robust-MPC,1214.6435641654084,795.9491018412451,500.0
1173.0,1216.6583079862935,0.0,0,-43.658307986293494,43.658307986293494,0.0,0.0,0.0,0.18035490626935327,0.0,43.658307986293494,False,0.003996982995886356,0,0,156,0,0.0,0.0,1,,,0,True,False,False,1209.5,1456.6583079862935,-247.1583079862935,True,True,0,ML-Robust-MPC,1216.6583079862935,795.7107493749528,500.0
1167.0,1214.825867986168,0.0,0,-47.82586798616808,47.82586798616808,0.0,0.0,0.0,0.18082936924540652,0.0,47.82586798616808,False,0.0039489870032412,0,0,157,0,0.0,0.0,1,,,0,True,False,False,1181.963134765625,1454.825867986168,-272.8627332205431,True,True,0,ML-Robust-MPC,1214.825867986168,797.7884922001177,500.0
1122.0,1214.4104792263483,0.0,0,-92.41047922634834,92.41047922634834,0.0,0.0,0.0,0.18174613987265203,0.0,92.41047922634834,False,0.0038591789998463355,0,0,158,0,0.0,0.0,1,,,0,True,False,False,1185.5333251953125,1454.4104792263483,-268.87715403103584,True,True,0,ML-Robust-MPC,1214.4104792263483,798.3092131354898,500.0
1126.5,1211.839858125119,0.0,0,-85.33985812511901,85.33985812511901,0.0,0.0,0.0,0.18259276544929012,0.0,85.33985812511901,False,0.003943803996662609,0,0,159,0,0.0,0.0,1,,,0,True,False,False,1188.365966796875,1451.839858125119,-263.473891328244,True,True,0,ML-Robust-MPC,1211.839858125119,799.6523143001626,500.0
1134.0,1213.210449061655,0.0,0,-79.21044906165503,79.21044906165503,0.0,0.0,0.0,0.18337858339633034,0.0,79.21044906165503,False,0.004052906995639205,0,0,160,0,0.0,0.0,1,,,0,True,False,False,1184.6370849609375,1453.210449061655,-268.5733641007175,True,True,0,ML-Robust-MPC,1213.210449061655,797.7923462031232,500.0
1143.5,816.5457617187496,0.0,0,326.95423828125035,0.0,326.95423828125035,0.0,0.0,0.17978457382985658,100.0,0.0,False,0.003898162001860328,0,0,161,0,0.0,0.0,1,,,0,True,False,False,1184.3397216796875,1451.7072732864003,-267.3675516067128,True,True,0,ML-Robust-MPC,1211.7072732864003,802.0538270708671,500.0
1144.5,1210.4711848859522,0.0,0,-65.9711848859522,65.9711848859522,0.0,0.0,0.0,0.1804390498703918,0.0,65.9711848859522,False,0.003958478002459742,0,0,162,0,0.0,0.0,1,,,0,True,False,False,1179.8406982421875,1450.4711848859522,-270.6304866437647,True,True,0,ML-Robust-MPC,1210.4711848859522,804.0814841928102,500.0
1162.0,1211.5550482363108,0.0,0,-49.55504823631077,49.55504823631077,0.0,0.0,0.0,0.1809306674124187,0.0,49.55504823631077,False,0.0041479700012132525,0,0,163,0,0.0,0.0,1,,,0,True,False,False,1172.387451171875,1451.5550482363108,-279.16759706443577,True,True,0,ML-Robust-MPC,1211.5550482363108,804.4119924074025,500.0
1153.5,1209.2320584276586,0.0,0,-55.73205842765856,55.73205842765856,0.0,0.0,0.0,0.181483564817455,0.0,55.73205842765856,False,0.004179294999630656,0,0,164,0,0.0,0.0,1,,,0,True,False,False,1162.0,1449.2320584276586,-287.23205842765856,True,True,0,ML-Robust-MPC,1209.2320584276586,802.8802618537223,500.0
1146.0,1209.326037798327,0.0,0,-63.32603779832698,63.32603779832698,0.0,0.0,0.0,0.18211179931942253,0.0,63.32603779832698,False,0.003856950999761466,0,0,165,0,0.0,0.0,1,,,0,True,False,False,1153.5,1449.326037798327,-295.826037798327,True,True,0,ML-Robust-MPC,1209.326037798327,804.3901262617225,500.0
1112.0,1207.5908132871016,0.0,0,-95.59081328710158,95.59081328710158,0.0,0.0,0.0,0.18306012087981044,0.0,95.59081328710158,False,0.003761701998882927,0,0,166,0,0.0,0.0,1,,,0,True,False,False,1149.494873046875,1447.5908132871016,-298.0959402402266,True,True,0,ML-Robust-MPC,1207.5908132871016,803.9169215634754,500.0
1107.5,753.1640478515621,0.0,0,354.33595214843785,0.0,354.33595214843785,0.0,0.0,0.17916512074627003,100.0,0.0,False,0.004183387994999066,0,0,167,0,0.0,0.0,1,,,0,True,False,False,1152.6612548828125,1446.0890528777986,-293.4277979949861,True,True,0,ML-Robust-MPC,1206.0890528777986,804.3433228883398,500.0
1072.5,1172.5,0.0,0,-100.0,100.0,0.0,0.0,0.0,0.18015718423833352,0.0,100.0,False,0.00372841000353219,0,0,168,0,0.0,0.0,1,,,0,True,False,False,1154.2896728515625,1443.619526869742,-289.3298540181795,True,True,0,ML-Robust-MPC,1203.619526869742,804.2328230216611,500.0
1088.0,1188.0,0.0,0,-100.0,100.0,0.0,0.0,0.0,0.181149247730397,0.0,100.0,False,0.0036301960062701255,0,0,169,0,0.0,0.0,1,,,0,True,False,False,1154.5833740234375,1444.8825334812186,-290.2991594577811,True,True,0,ML-Robust-MPC,1204.8825334812186,804.2132899717664,500.0
1134.0,1205.6360161882235,0.0,0,-71.6360161882235,71.6360161882235,0.0,0.0,0.0,0.18185992249416907,0.0,71.6360161882235,False,0.0040443739999318495,0,0,170,0,0.0,0.0,1,,,0,True,False,False,1150.928955078125,1445.6360161882235,-294.7070611100985,True,True,0,ML-Robust-MPC,1205.6360161882235,806.0343825196177,500.0
1169.0,1205.2579863256033,0.0,0,-36.25798632560327,36.25798632560327,0.0,0.0,0.0,0.18221962473946277,0.0,36.25798632560327,False,0.003969637000409421,0,0,171,0,0.0,0.0,1,,,0,True,False,False,1156.013427734375,1445.2579863256033,-289.24455859122827,True,True,0,ML-Robust-MPC,1205.2579863256033,804.8203346200416,500.0
1128.5,1204.7445822258142,0.0,0,-76.24458222581416,76.24458222581416,0.0,0.0,0.0,0.1829760194044014,0.0,76.24458222581416,False,0.004087196000909898,0,0,172,0,0.0,0.0,1,,,0,True,False,False,1169.0,1444.7445822258142,-275.74458222581416,True,True,0,ML-Robust-MPC,1204.7445822258142,807.3177938506337,500.0
1148.0,1205.6497514561763,0.0,0,-57.64975145617632,57.64975145617632,0.0,0.0,0.0,0.18354794154186346,0.0,57.64975145617632,False,0.003870950997225009,0,0,173,0,0.0,0.0,1,,,0,True,False,False,1139.631591796875,1445.6497514561763,-306.0181596593013,True,True,0,ML-Robust-MPC,1205.6497514561763,805.7939372842704,500.0
1081.0,781.3162695312496,0.0,0,299.68373046875035,0.0,299.68373046875035,0.0,0.0,0.18025370012176992,100.0,0.0,False,0.0040221800009021536,0,0,174,0,0.0,0.0,1,,,0,True,False,False,1148.0,1444.425401967879,-296.425401967879,True,True,0,ML-Robust-MPC,1204.425401967879,806.6405016728339,500.0
1091.5,1191.5,0.0,0,-100.0,100.0,0.0,0.0,0.0,0.1812457636138334,0.0,100.0,False,0.004259351997461636,0,0,175,0,0.0,0.0,1,,,0,True,False,False,1129.42724609375,1444.721006289988,-315.29376019623805,True,True,0,ML-Robust-MPC,1204.721006289988,803.6633969735161,500.0
1053.0,1153.0,0.0,0,-100.0,100.0,0.0,0.0,0.0,0.1822378271058969,0.0,100.0,False,0.004217538000375498,0,0,176,0,0.0,0.0,1,,,0,True,False,False,1134.59228515625,1445.2807182444071,-310.6884330881571,True,True,0,ML-Robust-MPC,1205.2807182444071,807.9134153739747,500.0
1044.0,1144.0,0.0,0,-100.0,100.0,0.0,0.0,0.0,0.18322989059796038,0.0,100.0,False,0.004115466996154282,0,0,177,0,0.0,0.0,1,,,0,True,False,False,1153.3765869140625,1443.4022002118047,-290.0256132977422,True,True,0,ML-Robust-MPC,1203.4022002118047,807.0737962924001,499.7535690784562
1061.5,731.8762027714836,0.0,0,329.6237972285164,0.0,329.6237972285164,0.0,0.0,0.1796065361896972,100.0,0.0,False,0.003996847000962589,0,0,178,0,0.0,0.0,1,,,0,True,False,False,1176.945068359375,1442.4516634394545,-265.5065950800795,True,True,0,ML-Robust-MPC,1202.4516634394545,806.969815266619,499.0271394609376
1077.0,1177.0,0.0,0,-100.0,100.0,0.0,0.0,0.0,0.1805985996817607,0.0,100.0,False,0.0041080189985223114,0,0,179,0,0.0,0.0,1,,,0,True,False,False,1195.6328125,1442.406346504171,-246.7735340041711,True,True,0,ML-Robust-MPC,1202.406346504171,808.9948860518527,499.8188808060941
1098.0,1198.0,0.0,0,-100.0,100.0,0.0,0.0,0.0,0.1815906631738242,0.0,100.0,False,0.004173460001766216,0,0,180,0,0.0,0.0,1,,,0,True,False,False,1189.740234375,1439.923270122911,-250.18303574791094,True,True,0,ML-Robust-MPC,1199.923270122911,808.941322732741,498.3751576243071
1127.0,1204.8792300941611,0.0,0,-77.87923009416113,77.87923009416113,0.0,0.0,0.0,0.1823632745834885,0.0,77.87923009416113,False,0.004154185000516009,0,0,181,0,0.0,0.0,1,,,0,True,False,False,1188.6156005859375,1444.8792300941611,-256.26362950822363,True,True,0,ML-Robust-MPC,1204.8792300941611,810.5363184546477,499.7068805118483
1122.5,1204.628978946638,0.0,0,-82.12897894663797,82.12897894663797,0.0,0.0,0.0,0.1831780462000226,0.0,82.12897894663797,False,0.004036390004330315,0,0,182,0,0.0,0.0,1,,,0,True,False,False,1193.2030029296875,1444.628978946638,-251.42597601695047,True,True,0,ML-Robust-MPC,1204.628978946638,811.5488493116696,499.5832540331159
1122.0,796.661533530809,0.0,0,325.338466469191,0.0,325.338466469191,0.0,0.0,0.17960179783273167,100.0,0.0,False,0.0037668290024157614,0,0,183,0,0.0,0.0,1,,,0,True,False,False,1193.336669921875,1442.9357339402509,-249.59906401837588,True,True,0,ML-Robust-MPC,1202.9357339402509,812.1441698177449,498.37921399626896
1129.5,1203.7620640352116,0.0,0,-74.26206403521155,74.26206403521155,0.0,0.0,0.0,0.18033852465847783,0.0,74.26206403521155,False,0.004104972002096474,0,0,184,0,0.0,0.0,1,,,0,True,False,False,1188.1121826171875,1443.7620640352116,-255.64988141802405,True,True,0,ML-Robust-MPC,1203.7620640352116,811.2465846570204,499.256078261641
1090.5,1190.5,0.0,0,-100.0,100.0,0.0,0.0,0.0,0.18133058815054132,0.0,100.0,False,0.004120153003896121,0,0,185,0,0.0,0.0,1,,,0,True,False,False,1212.9451904296875,1443.755587937603,-230.81039750791547,True,True,0,ML-Robust-MPC,1203.755587937603,808.8413103282563,498.4070546346487
1065.5,1165.5,0.0,0,-100.0,100.0,0.0,0.0,0.0,0.1823226516426048,0.0,100.0,False,0.003862897996441461,0,0,186,0,0.0,0.0,1,,,0,True,False,False,1200.790283203125,1446.77984742265,-245.98956421952494,True,True,0,ML-Robust-MPC,1206.77984742265,808.855838337492,497.1653690057661
1120.5,1208.7388067833629,0.0,0,-88.23880678336286,88.23880678336286,0.0,0.0,0.0,0.183198036630535,0.0,88.23880678336286,False,0.004279957996914163,0,0,187,0,0.0,0.0,1,,,0,True,False,False,1190.603759765625,1448.7388067833629,-258.13504701773786,True,True,0,ML-Robust-MPC,1208.7388067833629,807.5358453529724,497.3007369047591
1123.5,816.3970664003239,0.0,0,307.10293359967613,0.0,307.10293359967613,0.0,0.0,0.17982224041192182,100.0,0.0,False,0.004054910998092964,0,0,188,0,0.0,0.0,1,,,0,True,False,False,1193.7474365234375,1449.693000002963,-255.9455634795254,True,True,0,ML-Robust-MPC,1209.693000002963,808.272726262506,495.82311014252406
1207.0,1209.539459688284,0.0,0,-2.5394596882840688,2.5394596882840688,0.0,0.0,0.0,0.17984743346438495,0.0,2.5394596882840688,False,0.00453093700343743,0,0,189,0,0.0,0.0,1,,,0,True,False,False,1192.0357666015625,1449.539459688284,-257.50369308672157,True,True,0,ML-Robust-MPC,1209.539459688284,809.7674796972703,495.5316767845136
1192.5,1211.2150367378713,0.0,0,-18.715036737871287,18.715036737871287,0.0,0.0,0.0,0.18003309851138763,0.0,18.715036737871287,False,0.004101774997252505,0,0,190,0,0.0,0.0,1,,,0,True,False,False,1208.474365234375,1451.2150367378713,-242.7406715034963,True,True,0,ML-Robust-MPC,1211.2150367378713,808.024118245978,494.54162355810274
1209.0,1210.1419514393394,0.0,0,-1.1419514393394365,1.1419514393394365,0.0,0.0,0.0,0.1800444273947144,0.0,1.1419514393394365,False,0.003714954997121822,0,0,191,0,0.0,0.0,1,,,0,True,False,False,1199.826416015625,1450.1419514393394,-250.31553542371444,True,True,0,ML-Robust-MPC,1210.1419514393394,805.5618831332876,495.881067635913
1174.5,1208.5021372463789,0.0,0,-34.00213724637888,34.00213724637888,0.0,0.0,0.0,0.18038175018485705,0.0,34.00213724637888,False,0.004086800996446982,0,0,192,0,0.0,0.0,1,,,0,True,False,False,1209.0,1448.5021372463789,-239.50213724637888,True,True,0,ML-Robust-MPC,1208.5021372463789,806.5728691777585,495.0778020164304
1115.0,1209.0744734490563,0.0,0,-94.07447344905631,94.07447344905631,0.0,0.0,0.0,0.1813150286912961,0.0,94.07447344905631,False,0.004193360000499524,0,0,193,0,0.0,0.0,1,,,0,True,False,False,1174.5,1449.0744734490563,-274.5744734490563,True,True,0,ML-Robust-MPC,1209.0744734490563,807.9954892931022,495.1702845721577
1097.0,1197.0,0.0,0,-100.0,100.0,0.0,0.0,0.0,0.18230709218335958,0.0,100.0,False,0.004067853995366022,0,0,194,0,0.0,0.0,1,,,0,True,False,False,1149.576904296875,1449.0373325735402,-299.4604282766652,True,True,0,ML-Robust-MPC,1209.0373325735402,808.584925394656,495.5643558567757
1113.0,1211.7953638792303,0.0,0,-98.79536387923031,98.79536387923031,0.0,0.0,0.0,0.1832872049202567,0.0,98.79536387923031,False,0.004007889001513831,0,0,195,0,0.0,0.0,1,,,0,True,False,False,1145.7828369140625,1451.7953638792303,-306.0125269651678,True,True,0,ML-Robust-MPC,1211.7953638792303,811.400926817845,495.68764058375257
1120.5,772.1846777343746,0.0,0,348.31532226562535,0.0,348.31532226562535,0.0,0.0,0.17945838591808433,100.0,0.0,False,0.00405189400044037,0,0,196,0,0.0,0.0,1,,,0,True,False,False,1156.59814453125,1451.323214054436,-294.725069523186,True,True,0,ML-Robust-MPC,1211.323214054436,811.5850997999408,494.6059072553045
1123.5,1210.039108673233,0.0,0,-86.53910867323293,86.53910867323293,0.0,0.0,0.0,0.18031690882158863,0.0,86.53910867323293,False,0.004031552998640109,0,0,197,0,0.0,0.0,1,,,0,True,False,False,1169.3485107421875,1450.039108673233,-280.69059793104543,True,True,0,ML-Robust-MPC,1210.039108673233,810.4930958960158,492.8121274761044
1132.0,1208.082328258614,0.0,0,-76.0823282586141,76.0823282586141,0.0,0.0,0.0,0.18107169382415425,0.0,76.0823282586141,False,0.003884550998918712,0,0,198,0,0.0,0.0,1,,,0,True,False,False,1176.1275634765625,1448.082328258614,-271.9547647820516,True,True,0,ML-Robust-MPC,1208.082328258614,810.2866870135956,493.74061001322553
1150.5,1208.8575700293557,0.0,0,-58.35757002935566,58.35757002935566,0.0,0.0,0.0,0.18165063797127087,0.0,58.35757002935566,False,0.004011413002444897,0,0,199,0,0.0,0.0,1,,,0,True,False,False,1165.189697265625,1448.8575700293557,-283.66787276373066,True,True,0,ML-Robust-MPC,1208.8575700293557,806.4444270454179,494.7170548788025
1151.5,1205.9243269367191,0.0,0,-54.424326936719126,54.424326936719126,0.0,0.0,0.0,0.18219056184961135,0.0,54.424326936719126,False,0.004124450002564117,0,0,200,0,0.0,0.0,1,,,0,True,False,False,1174.57373046875,1445.9243269367191,-271.3505964679691,True,True,0,ML-Robust-MPC,1205.9243269367191,808.3697384369635,493.2659876059088
1115.5,1206.734801011568,0.0,0,-91.23480101156792,91.23480101156792,0.0,0.0,0.0,0.1830956690025039,0.0,91.23480101156792,False,0.0039663610004936345,0,0,201,0,0.0,0.0,1,,,0,True,False,False,1177.258056640625,1446.734801011568,-269.4767443709429,True,True,0,ML-Robust-MPC,1206.734801011568,808.7545724494822,493.09521643839776
1112.5,757.6399999999996,0.0,0,354.86000000000035,0.0,354.86000000000035,0.0,0.0,0.17919490832889004,100.0,0.0,False,0.004100406003999524,0,0,202,0,0.0,0.0,1,,,0,True,False,False,1180.583740234375,1442.7789870778652,-262.19524684349017,True,True,0,ML-Robust-MPC,1202.7789870778652,809.0685507256566,493.2329998795506
1060.0,1160.0,0.0,0,-100.0,100.0,0.0,0.0,0.0,0.18018697182095353,0.0,100.0,False,0.003784231004829053,0,0,203,0,0.0,0.0,1,,,0,True,False,False,1176.9871826171875,1442.111707954248,-265.1245253370605,True,True,0,ML-Robust-MPC,1202.111707954248,811.8784316990394,493.46088320359513
1080.5,1180.5,0.0,0,-100.0,100.0,0.0,0.0,0.0,0.18117903531301702,0.0,100.0,False,0.003723184003320057,0,0,204,0,0.0,0.0,1,,,0,True,False,False,1180.7296142578125,1442.7480994465511,-262.0184851887386,True,True,0,ML-Robust-MPC,1202.7480994465511,810.1231947001293,492.1562406672075
1101.5,1201.5,0.0,0,-100.0,100.0,0.0,0.0,0.0,0.1821710988050805,0.0,100.0,False,0.0040497559966752306,0,0,205,0,0.0,0.0,1,,,0,True,False,False,1182.007568359375,1443.898442121692,-261.8908737623169,True,True,0,ML-Robust-MPC,1203.898442121692,808.729185091081,493.37199485736414
1136.5,1200.419843139298,0.0,0,-63.91984313929811,63.91984313929811,0.0,0.0,0.0,0.18280522423304973,0.0,63.91984313929811,False,0.0037912829939159565,0,0,206,0,0.0,0.0,1,,,0,True,False,False,1179.2069091796875,1440.419843139298,-261.2129339596106,True,True,0,ML-Robust-MPC,1200.419843139298,806.1589310937169,491.8568099246685
1127.5,819.4817968749996,0.0,0,308.01820312500035,0.0,308.01820312500035,0.0,0.0,0.17941936701187178,100.0,0.0,False,0.0040242809991468675,0,0,207,0,0.0,0.0,1,,,0,True,False,False,1189.8828125,1441.7317566583213,-251.84894415832127,True,True,0,ML-Robust-MPC,1201.7317566583213,806.0608905448607,493.16619286080817
1173.0,1201.755889154639,0.0,0,-28.755889154638908,28.755889154638908,0.0,0.0,0.0,0.1797046436899932,0.0,28.755889154638908,False,0.003880240998114459,0,0,208,0,0.0,0.0,1,,,0,True,False,False,1183.8740234375,1441.755889154639,-257.8818657171389,True,True,0,ML-Robust-MPC,1201.755889154639,807.1527118380396,494.5390497585779
1181.5,1199.5891469704,0.0,0,-18.089146970399952,18.089146970399952,0.0,0.0,0.0,0.17988409951311224,0.0,18.089146970399952,False,0.003950817997974809,0,0,209,0,0.0,0.0,1,,,0,True,False,False,1186.169921875,1439.5891469704,-253.41922509539995,True,True,0,ML-Robust-MPC,1199.5891469704,805.6422878788186,495.4444094931965
1166.0,1200.819915712313,0.0,0,-34.819915712313104,34.819915712313104,0.0,0.0,0.0,0.18022953518486137,0.0,34.819915712313104,False,0.004349763003119733,0,0,210,0,0.0,0.0,1,,,0,True,False,False,1189.7667236328125,1440.819915712313,-251.0531920795006,True,True,0,ML-Robust-MPC,1200.819915712313,806.9882542345384,495.6184161847964
1128.0,1203.5644600778596,0.0,0,-75.56446007785962,75.56446007785962,0.0,0.0,0.0,0.18097918260626872,0.0,75.56446007785962,False,0.004076766999787651,0,0,211,0,0.0,0.0,1,,,0,True,False,False,1183.8218994140625,1443.5644600778596,-259.7425606637971,True,True,0,ML-Robust-MPC,1203.5644600778596,808.2818427808352,497.06938230365176
1114.0,1200.9368694187451,0.0,0,-86.93686941874512,86.93686941874512,0.0,0.0,0.0,0.181841651548915,0.0,86.93686941874512,False,0.0040497169975424185,0,0,212,0,0.0,0.0,1,,,0,True,False,False,1188.432861328125,1440.9368694187451,-252.50400809062012,True,True,0,ML-Robust-MPC,1200.9368694187451,809.4902070592743,497.10677222161127
1131.5,1201.8843775441528,0.0,0,-70.38437754415281,70.38437754415281,0.0,0.0,0.0,0.18253990926264665,0.0,70.38437754415281,False,0.004334182005550247,0,0,213,0,0.0,0.0,1,,,0,True,False,False,1183.65234375,1441.8843775441528,-258.2320337941528,True,True,0,ML-Robust-MPC,1201.8843775441528,809.404286819465,496.522988144886
1137.5,1201.2124318561105,0.0,0,-63.71243185611047,63.71243185611047,0.0,0.0,0.0,0.18317197703899696,0.0,63.71243185611047,False,0.004008381001767702,0,0,214,0,0.0,0.0,1,,,0,True,False,False,1195.9383544921875,1441.2124318561105,-245.27407736392297,True,True,0,ML-Robust-MPC,1201.2124318561105,812.3648904112731,497.07068837803286
1133.5,819.948356451313,0.0,0,313.55164354868697,0.0,313.55164354868697,0.0,0.0,0.1797252940645797,100.0,0.0,False,0.0039167569993878715,0,0,215,0,0.0,0.0,1,,,0,True,False,False,1188.2347412109375,1437.5757988221242,-249.34105761118667,True,True,0,ML-Robust-MPC,1197.5757988221242,812.397467628429,497.1403723290567
1177.5,1197.0007269356793,0.0,0,-19.500726935679268,19.500726935679268,0.0,0.0,0.0,0.17991875365719556,0.0,19.500726935679268,False,0.004100484999071341,0,0,216,0,0.0,0.0,1,,,0,True,False,False,1186.532470703125,1437.0007269356793,-250.46825623255427,True,True,0,ML-Robust-MPC,1197.0007269356793,812.0592024171672,496.00305706762646
1183.5,1196.3749423513748,0.0,0,-12.874942351374784,12.874942351374784,0.0,0.0,0.0,0.1800464812598878,0.0,12.874942351374784,False,0.004086615997948684,0,0,217,0,0.0,0.0,1,,,0,True,False,False,1183.876708984375,1436.3749423513748,-252.49823336699978,True,True,0,ML-Robust-MPC,1196.3749423513748,813.5058530866174,497.0984945171599
1198.0,1194.8894957170162,0.0,0,3.110504282983811,0.0,3.110504282983811,0.0,0.0,0.1800122893735603,0.0,0.0,False,0.004044410998176318,0,0,218,0,0.0,0.0,1,,,0,True,False,False,1183.5,1434.8894957170162,-251.3894957170162,True,True,0,ML-Robust-MPC,1194.8894957170162,814.9434871299036,497.613379003992
1153.5,1194.348483201407,0.0,0,-40.84848320140691,40.84848320140691,0.0,0.0,0.0,0.18041753226246315,0.0,40.84848320140691,False,0.004114144998311531,0,0,219,0,0.0,0.0,1,,,0,True,False,False,1198.0,1434.348483201407,-236.3484832014069,True,True,0,ML-Robust-MPC,1194.348483201407,814.2515661232896,497.6248266871887
1116.5,1192.181274568013,0.0,0,-75.6812745680129,75.6812745680129,0.0,0.0,0.0,0.18116833855778075,0.0,75.6812745680129,False,0.004088124995178077,0,0,220,0,0.0,0.0,1,,,0,True,False,False,1173.386474609375,1432.181274568013,-258.7947999586379,True,True,0,ML-Robust-MPC,1192.181274568013,812.9720096328706,497.7481025801367
1116.5,1190.0964980020135,0.0,0,-73.5964980020135,73.5964980020135,0.0,0.0,0.0,0.18189846254589595,0.0,73.5964980020135,False,0.004197949005174451,0,0,221,0,0.0,0.0,1,,,0,True,False,False,1168.7744140625,1430.0964980020135,-261.3220839395135,True,True,0,ML-Robust-MPC,1190.0964980020135,811.4718958808544,495.82026830579815
1107.5,1191.3218853628332,0.0,0,-83.8218853628332,83.8218853628332,0.0,0.0,0.0,0.18273002886893994,0.0,83.8218853628332,False,0.0038177540045580827,0,0,222,0,0.0,0.0,1,,,0,True,False,False,1169.0689697265625,1431.3218853628332,-262.2529156362707,True,True,0,ML-Robust-MPC,1191.3218853628332,809.6030664461352,496.0143053273159
1137.0,782.1399999999996,0.0,0,354.86000000000035,0.0,354.86000000000035,0.0,0.0,0.17882926819532607,100.0,0.0,False,0.004040660998725798,0,0,223,0,0.0,0.0,1,,,0,True,False,False,1176.3135986328125,1435.9730376178832,-259.65943898507066,True,True,0,ML-Robust-MPC,1195.9730376178832,807.9691780366054,495.1408661979119
1152.0,1195.7694061711284,0.0,0,-43.76940617112837,43.76940617112837,0.0,0.0,0.0,0.17926348849464283,0.0,43.76940617112837,False,0.004020026004582178,0,0,224,0,0.0,0.0,1,,,0,True,False,False,1179.451904296875,1435.7694061711284,-256.31750187425337,True,True,0,ML-Robust-MPC,1195.7694061711284,808.8574075641336,494.406079150756
1170.0,1195.3733653251163,0.0,0,-25.37336532511631,25.37336532511631,0.0,0.0,0.0,0.1795152083887412,0.0,25.37336532511631,False,0.003984440001659095,0,0,225,0,0.0,0.0,1,,,0,True,False,False,1182.3536376953125,1435.3733653251163,-253.0197276298038,True,True,0,ML-Robust-MPC,1195.3733653251163,807.2067266311757,495.98671555434703
1170.5,1197.5350903391063,0.0,0,-27.03509033910632,27.03509033910632,0.0,0.0,0.0,0.17978341365004186,0.0,27.03509033910632,False,0.004189392006082926,0,0,226,0,0.0,0.0,1,,,0,True,False,False,1180.1080322265625,1437.5350903391063,-257.4270581125438,True,True,0,ML-Robust-MPC,1197.5350903391063,808.8115110928203,497.1147908024987
1165.5,1195.7211870883384,0.0,0,-30.22118708833841,30.22118708833841,0.0,0.0,0.0,0.18008322701401347,0.0,30.22118708833841,False,0.0039405889983754605,0,0,227,0,0.0,0.0,1,,,0,True,False,False,1170.5,1435.7211870883384,-265.2211870883384,True,True,0,ML-Robust-MPC,1195.7211870883384,808.6255837238702,497.6804946904924
1117.5,1197.790205690262,0.0,0,-80.29020569026193,80.29020569026193,0.0,0.0,0.0,0.18087975683236923,0.0,80.29020569026193,False,0.003690858000481967,0,0,228,0,0.0,0.0,1,,,0,True,False,False,1165.5,1437.790205690262,-272.2902056902619,True,True,0,ML-Robust-MPC,1197.790205690262,809.6886536114245,497.852871046396
1113.0,1198.8133391817394,0.0,0,-85.81333918173937,85.81333918173937,0.0,0.0,0.0,0.1817310796417119,0.0,85.81333918173937,False,0.0042002519985544495,0,0,229,0,0.0,0.0,1,,,0,True,False,False,1117.5,1438.8133391817394,-321.31333918173937,True,True,0,ML-Robust-MPC,1198.8133391817394,806.2257708612501,497.797354647501
1080.0,1180.0,0.0,0,-100.0,100.0,0.0,0.0,0.0,0.18272314313377538,0.0,100.0,False,0.003791053000895772,0,0,230,0,0.0,0.0,1,,,0,True,False,False,1122.5067138671875,1437.9087110443186,-315.4019971771311,True,True,0,ML-Robust-MPC,1197.9087110443186,807.5676734094318,496.8069232033146
1067.5,1167.5,0.0,0,-100.0,100.0,0.0,0.0,0.0,0.18371520662583887,0.0,100.0,False,0.004096177995961625,0,0,231,0,0.0,0.0,1,,,0,True,False,False,1122.2470703125,1437.6708951034077,-315.4238247909077,True,True,0,ML-Robust-MPC,1197.6708951034077,808.2080858226589,496.3808014833107
1082.0,739.9817968749996,0.0,0,342.01820312500035,0.0,342.01820312500035,0.0,0.0,0.17995560803368962,100.0,0.0,False,0.004078761005075648,0,0,232,0,0.0,0.0,1,,,0,True,False,False,1153.2523193359375,1437.7256077749578,-284.4732884390203,True,True,0,ML-Robust-MPC,1197.7256077749578,806.1648334591632,496.9701645036938
1095.5,1195.5,0.0,0,-100.0,100.0,0.0,0.0,0.0,0.1809476715257531,0.0,100.0,False,0.004024091002065688,0,0,233,0,0.0,0.0,1,,,0,True,False,False,1179.68896484375,1438.4425419594352,-258.7535771156852,True,True,0,ML-Robust-MPC,1198.4425419594352,805.1356954578147,496.1473002081266
1113.5,1197.3132149239543,0.0,0,-83.81321492395432,83.81321492395432,0.0,0.0,0.0,0.18177915183253837,0.0,83.81321492395432,False,0.004135440001846291,0,0,234,0,0.0,0.0,1,,,0,True,False,False,1177.8197021484375,1437.3132149239543,-259.4935127755168,True,True,0,ML-Robust-MPC,1197.3132149239543,804.6482367571625,495.8727730373111
1141.0,1192.6995553099189,0.0,0,-51.69955530991888,51.69955530991888,0.0,0.0,0.0,0.18229204424632725,0.0,51.69955530991888,False,0.004180964002443943,0,0,235,0,0.0,0.0,1,,,0,True,False,False,1182.983154296875,1432.6995553099189,-249.71640101304388,True,True,0,ML-Robust-MPC,1192.6995553099189,804.0009129644678,496.46458310008256
1136.0,1194.1276794814669,0.0,0,-58.127679481466885,58.127679481466885,0.0,0.0,0.0,0.18286870773324657,0.0,58.127679481466885,False,0.0038801919945399277,0,0,236,0,0.0,0.0,1,,,0,True,False,False,1184.32421875,1434.1276794814669,-249.80346073146688,True,True,0,ML-Robust-MPC,1194.1276794814669,803.375888665369,497.7214340597449
1100.5,1190.6253660619352,0.0,0,-90.12536606193521,90.12536606193521,0.0,0.0,0.0,0.18376280858703561,0.0,90.12536606193521,False,0.0037031040046713315,0,0,237,0,0.0,0.0,1,,,0,True,False,False,1185.604248046875,1430.6253660619352,-245.0211180150602,True,True,0,ML-Robust-MPC,1190.6253660619352,801.9828305856038,500.0
1056.5,812.8162483496207,0.0,0,243.68375165037935,0.0,243.68375165037935,0.0,0.0,0.1810841409568815,100.0,0.0,False,0.003912595995643642,0,0,238,0,0.0,0.0,1,,,0,True,False,False,1190.9857177734375,1432.6412711645476,-241.65555339111006,True,True,0,ML-Robust-MPC,1192.6412711645476,802.5124281935174,500.0
1042.5,1142.5,0.0,0,-100.0,100.0,0.0,0.0,0.0,0.18207620444894498,0.0,100.0,False,0.003992100995674264,0,0,239,0,0.0,0.0,1,,,0,True,False,False,1181.4659423828125,1433.0121598330584,-251.54621745024588,True,True,0,ML-Robust-MPC,1193.0121598330584,801.7296234184031,499.1268476297787
1043.0,1143.0,0.0,0,-100.0,100.0,0.0,0.0,0.0,0.18306826794100847,0.0,100.0,False,0.0037625840050168335,0,0,240,0,0.0,0.0,1,,,0,True,False,False,1177.023681640625,1435.1974175296002,-258.1737358889752,True,True,0,ML-Robust-MPC,1195.1974175296002,800.8826278700245,498.9701534394813
1071.5,855.2738966702003,0.0,0,216.22610332979968,0.0,216.22610332979968,0.0,0.0,0.180691425579295,100.0,0.0,False,0.003990664998127613,0,0,241,0,0.0,0.0,1,,,0,True,False,False,1190.123779296875,1436.3638456659598,-246.24006636908484,True,True,0,ML-Robust-MPC,1196.3638456659598,801.0507455284767,498.757324937571
1123.5,1194.2962225976107,0.0,0,-70.79622259761072,70.79622259761072,0.0,0.0,0.0,0.1813937690574459,0.0,70.79622259761072,False,0.00411756600078661,0,0,242,0,0.0,0.0,1,,,0,True,False,False,1191.851806640625,1434.2962225976107,-242.44441595698572,True,True,0,ML-Robust-MPC,1194.2962225976107,803.2107187549032,497.11247318571736
1134.0,1192.8504849029234,0.0,0,-58.85048490292343,58.85048490292343,0.0,0.0,0.0,0.18197760323307013,0.0,58.85048490292343,False,0.003941815004509408,0,0,243,0,0.0,0.0,1,,,0,True,False,False,1197.3603515625,1432.8504849029234,-235.49013334042343,True,True,0,ML-Robust-MPC,1192.8504849029234,801.5545593795341,497.1723244269693
1166.5,1190.1758579110835,0.0,0,-23.67585791108354,23.67585791108354,0.0,0.0,0.0,0.18221248277583882,0.0,23.67585791108354,False,0.00393243500002427,0,0,244,0,0.0,0.0,1,,,0,True,False,False,1193.268798828125,1430.1758579110835,-236.90705908295854,True,True,0,ML-Robust-MPC,1190.1758579110835,803.4085936985946,497.2019535037516
1180.5,1185.5943800907212,0.0,0,-5.094380090721188,5.094380090721188,0.0,0.0,0.0,0.18226302226086583,0.0,5.094380090721188,False,0.0037473690026672557,0,0,245,0,0.0,0.0,1,,,0,True,False,False,1191.7718505859375,1425.5943800907212,-233.8225295047837,True,True,0,ML-Robust-MPC,1185.5943800907212,803.2436615417206,495.1154288261184
1173.5,1188.841456989156,0.0,0,-15.341456989156086,15.341456989156086,0.0,0.0,0.0,0.18241521925480586,0.0,15.341456989156086,False,0.0038845769959152676,0,0,246,0,0.0,0.0,1,,,0,True,False,False,1200.9410400390625,1428.841456989156,-227.9004169500936,True,True,0,ML-Robust-MPC,1188.841456989156,804.1147825615528,494.5485130470951
1144.0,1192.886344814237,0.0,0,-48.88634481423696,48.88634481423696,0.0,0.0,0.0,0.1829002028343122,0.0,48.88634481423696,False,0.0042376179990242235,0,0,247,0,0.0,0.0,1,,,0,True,False,False,1197.4495849609375,1432.886344814237,-235.43675985329946,True,True,0,ML-Robust-MPC,1192.886344814237,806.3377929029888,494.9822525669551
1131.5,857.61647860385,0.0,0,273.88352139614994,0.0,273.88352139614994,0.0,0.0,0.17988956745863452,100.0,0.0,False,0.004005078997579403,0,0,248,0,0.0,0.0,1,,,0,True,False,False,1198.165771484375,1431.8383693627093,-233.67259787833427,True,True,0,ML-Robust-MPC,1191.8383693627093,806.7414111447929,495.54002359999583
1136.0,1191.435022428072,0.0,0,-55.43502242807199,55.43502242807199,0.0,0.0,0.0,0.18043951807796063,0.0,55.43502242807199,False,0.004054308999911882,0,0,249,0,0.0,0.0,1,,,0,True,False,False,1199.08984375,1431.435022428072,-232.345178678072,True,True,0,ML-Robust-MPC,1191.435022428072,805.9605160347445,495.46796813398953
1154.5,1189.8550371727904,0.0,0,-35.35503717279039,35.35503717279039,0.0,0.0,0.0,0.18079026249435737,0.0,35.35503717279039,False,0.004114643998036627,0,0,250,0,0.0,0.0,1,,,0,True,False,False,1202.485595703125,1429.8550371727904,-227.3694414696654,True,True,0,ML-Robust-MPC,1189.8550371727904,805.4183513650923,496.0577118014408
1175.5,1191.1081970413975,0.0,0,-15.608197041397489,15.608197041397489,0.0,0.0,0.0,0.1809451057189744,0.0,15.608197041397489,False,0.004222622999805026,0,0,251,0,0.0,0.0,1,,,0,True,False,False,1196.1519775390625,1431.1081970413975,-234.956219502335,True,True,0,ML-Robust-MPC,1191.1081970413975,806.3156719697392,497.1180755030464
1183.5,1191.6262483465866,0.0,0,-8.126248346586635,8.126248346586635,0.0,0.0,0.0,0.1810257232620953,0.0,8.126248346586635,False,0.004225654003676027,0,0,252,0,0.0,0.0,1,,,0,True,False,False,1205.9141845703125,1431.6262483465866,-225.71206377627414,True,True,0,ML-Robust-MPC,1191.6262483465866,807.299130792391,497.3104563172842
1185.0,1192.014720947624,0.0,0,-7.014720947624028,7.014720947624028,0.0,0.0,0.0,0.1810953137476868,0.0,7.014720947624028,False,0.004116473995964043,0,0,253,0,0.0,0.0,1,,,0,True,False,False,1198.2784423828125,1432.014720947624,-233.73627856481153,True,True,0,ML-Robust-MPC,1192.014720947624,807.1355018468813,497.2405779597595
1170.5,1193.793044384628,0.0,0,-23.293044384628047,23.293044384628047,0.0,0.0,0.0,0.18132639553721686,0.0,23.293044384628047,False,0.0042078320038854145,0,0,254,0,0.0,0.0,1,,,0,True,False,False,1185.0,1433.793044384628,-248.79304438462805,True,True,0,ML-Robust-MPC,1193.793044384628,807.0595344949083,495.8924648836392
1170.5,1190.7872736406491,0.0,0,-20.28727364064912,20.28727364064912,0.0,0.0,0.0,0.18152765817254077,0.0,20.28727364064912,False,0.004093249001016375,0,0,255,0,0.0,0.0,1,,,0,True,False,False,1170.5,1430.7872736406491,-260.2872736406491,True,True,0,ML-Robust-MPC,1190.7872736406491,807.6148285578198,497.0316302560672
1133.5,740.0387759652325,240.0,2,153.4612240347675,0.0,153.4612240347675,0.0,0.0,0.17984075204719707,0.0,0.0,False,0.005016732997319195,2,0,256,0,0.0,0.0,1,,,2,True,True,False,1170.5,980.0387759652325,190.4612240347675,True,True,0,ML-Robust-MPC,740.0387759652325,507.4254261549982,496.9112505834956
1108.5,741.0131485191785,300.0,2,67.48685148082154,0.0,67.48685148082154,0.0,0.0,0.17909891003558007,0.0,0.0,False,0.0052001400035806,0,0,257,0,0.0,0.0,1,,,2,True,True,False,1164.452392578125,981.0131485191785,183.43924405894654,True,True,0,ML-Robust-MPC,741.0131485191785,506.9358507923803,497.4030359857238
1087.5,739.1193073656606,360.0,2,-11.619307365660575,11.619307365660575,0.0,0.0,0.0,0.17921418094198543,0.0,11.619307365660575,False,0.0047803560009924695,0,0,258,0,0.0,0.0,1,,,2,True,True,False,1162.3505859375,979.1193073656606,183.23127857183943,True,True,0,ML-Robust-MPC,739.1193073656606,505.345607460507,497.4279628189056
1104.0,741.0884978593488,376.08935858596374,2,-13.1778564453125,13.1778564453125,0.0,0.0,0.0,0.17934491364481592,0.0,13.1778564453125,False,0.005974822001007851,0,0,259,0,0.0,0.0,1,,,2,True,True,False,1164.892578125,981.0884978593488,183.80408026565124,True,True,0,ML-Robust-MPC,741.0884978593488,507.6134907902073,497.1125105531495
1122.5,740.2280175178165,401.3606055290585,2,-19.088623046875,19.088623046875,0.0,0.0,0.0,0.17953428490520157,0.0,19.088623046875,False,0.005939039998338558,0,0,260,0,0.0,0.0,1,,,2,True,True,False,1175.1824951171875,980.2280175178165,194.954477599371,True,True,0,ML-Robust-MPC,740.2280175178165,509.1419008950985,495.9227328881205
1172.5,738.099165803399,434.40083419660095,2,0.0,0.0,0.0,0.0,0.0,0.17953428490520157,0.0,0.0,False,0.004409212997416034,0,0,261,0,0.0,0.0,1,,,2,True,True,False,1170.394775390625,978.099165803399,192.29560958722595,True,True,0,ML-Robust-MPC,738.099165803399,511.4574200502618,495.90770742222895
1171.0,738.2303925023482,442.9208526148393,2,-10.1512451171875,10.1512451171875,0.0,0.0,0.0,0.17963499170199906,0.0,10.1512451171875,False,0.004369268994196318,0,0,262,0,0.0,0.0,1,,,2,True,True,False,1174.135498046875,978.2303925023482,195.9051055445268,True,True,0,ML-Robust-MPC,738.2303925023482,507.588337800327,494.7093808546305
1181.5,739.818977083834,441.68102291616583,2,0.0,0.0,0.0,0.0,0.0,0.17963499170199906,0.0,0.0,False,0.004182122000202071,0,0,263,0,0.0,0.0,1,,,2,True,True,False,1177.193359375,979.818977083834,197.37438229116594,True,True,0,ML-Robust-MPC,739.818977083834,506.2842737489254,495.74388375222753
1138.5,740.6827751988994,426.93258124641306,2,-29.1153564453125,29.1153564453125,0.0,0.0,0.0,0.17992383452387717,0.0,29.1153564453125,False,0.004262634000042453,0,0,264,0,0.0,0.0,1,,,2,True,True,False,1181.5,980.6827751988994,200.81722480110056,True,True,0,ML-Robust-MPC,740.6827751988994,505.5474180526617,496.13138251562685
1107.5,740.0135953593428,390.63606284378216,2,-23.149658203125,23.149658203125,0.0,0.0,0.0,0.18015349383144785,0.0,23.149658203125,False,0.004372388000774663,0,0,265,0,0.0,0.0,1,,,2,True,True,False,1175.517333984375,980.0135953593428,195.50373862503216,True,True,0,ML-Robust-MPC,740.0135953593428,506.8495074601364,496.1794598296671
1103.0,740.7486063629644,364.82451375422306,2,-2.5731201171875,2.5731201171875,0.0,0.0,0.0,0.18017902081673742,0.0,2.5731201171875,False,0.004195561006781645,0,0,266,0,0.0,0.0,1,,,2,True,True,False,1170.79443359375,980.7486063629644,190.04582723078556,True,True,0,ML-Robust-MPC,740.7486063629644,506.77233693389496,496.86493353758766
1089.5,741.2110084085912,369.84233631797133,2,-21.5533447265625,21.5533447265625,0.0,0.0,0.0,0.18039284368108824,0.0,21.5533447265625,False,0.0045931330023449846,0,0,267,0,0.0,0.0,1,,,2,True,True,False,1176.435791015625,981.2110084085912,195.22478260703383,True,True,0,ML-Robust-MPC,741.2110084085912,504.79735487558776,497.1572490363768
1109.0,741.5195962439108,379.52837738890173,2,-12.0479736328125,12.0479736328125,0.0,0.0,0.0,0.1805123672290328,0.0,12.0479736328125,False,0.007392323997919448,0,0,268,0,0.0,0.0,1,,,2,True,True,False,1174.8717041015625,981.5195962439108,193.35210785765173,True,True,0,ML-Robust-MPC,741.5195962439108,505.8119888681264,498.5588108186577
1143.5,740.0933763878946,409.84583259648036,2,-6.439208984375,6.439208984375,0.0,0.0,0.0,0.18057624827054444,0.0,6.439208984375,False,0.004347531998064369,0,0,269,0,0.0,0.0,1,,,2,True,True,False,1177.131103515625,980.0933763878946,197.03772712773036,True,True,0,ML-Robust-MPC,740.0933763878946,506.638048009057,498.74343483335576
1131.5,740.1569147648034,437.34967703207155,2,-46.006591796875,46.006591796875,0.0,0.0,0.0,0.18103266287170391,0.0,46.006591796875,False,0.0065807029968709685,0,0,270,0,0.0,0.0,1,,,2,True,True,False,1175.767822265625,980.1569147648034,195.61090750082155,True,True,0,ML-Robust-MPC,740.1569147648034,505.4050022990023,498.2844198382326
1159.5,741.7674002071616,427.8639474490884,2,-10.13134765625,10.13134765625,0.0,0.0,0.0,0.1811331722730556,0.0,10.13134765625,False,0.004878580002696253,0,0,271,0,0.0,0.0,1,,,2,True,True,False,1175.0445556640625,981.7674002071616,193.2771554569009,True,True,0,ML-Robust-MPC,741.7674002071616,505.2064014625344,500.0
1170.5,741.3831436034077,429.1168563965923,2,0.0,0.0,0.0,0.0,0.0,0.1811331722730556,0.0,0.0,False,0.004434387999936007,0,0,272,0,0.0,0.0,1,,,2,True,True,False,1177.630615234375,981.3831436034077,196.2474716309673,True,True,0,ML-Robust-MPC,741.3831436034077,505.3430261579414,500.0
1112.5,738.5096038543537,421.9122711456463,2,-47.921875,47.921875,0.0,0.0,0.0,0.1816085876996429,0.0,47.921875,False,0.004852598001889419,0,0,273,0,0.0,0.0,1,,,2,True,True,False,1179.8671875,978.5096038543537,201.3575836456463,True,True,0,ML-Robust-MPC,738.5096038543537,504.512189467962,500.0
1132.5,738.8554677330139,393.64453226698606,2,0.0,0.0,0.0,0.0,0.0,0.1816085876996429,0.0,0.0,False,0.004762147000292316,0,0,274,0,0.0,0.0,1,,,2,True,True,False,1173.582275390625,978.8554677330139,194.72680765761106,True,True,0,ML-Robust-MPC,738.8554677330139,501.5722763596963,500.0
1097.5,740.392536074007,383.4282647072434,2,-26.320800781250455,26.320800781250455,0.0,0.0,0.0,0.18186970675501243,0.0,26.320800781250455,False,0.008782884004176594,0,0,275,0,0.0,0.0,1,,,2,True,True,False,1183.40625,980.392536074007,203.013713925993,True,True,0,ML-Robust-MPC,740.392536074007,503.35615190027016,500.0
1066.5,739.5659684075631,368.53974448306184,2,-41.605712890625,41.605712890625,0.0,0.0,0.0,0.1822824618432131,0.0,41.605712890625,False,0.009491944998444524,0,0,276,0,0.0,0.0,1,,,2,True,True,False,1180.4434814453125,979.5659684075631,200.8775130377494,True,True,0,ML-Robust-MPC,739.5659684075631,501.5883291771375,500.0
1105.0,737.1097207192882,375.11879490571175,2,-7.228515625,7.228515625,0.0,0.0,0.0,0.1823541733077468,0.0,7.228515625,False,0.007862585000111721,0,0,277,0,0.0,0.0,1,,,2,True,True,False,1170.5040283203125,977.1097207192882,193.39430760102425,True,True,0,ML-Robust-MPC,737.1097207192882,502.8925459224619,500.0
1132.5,738.3362370630191,411.4381769994809,2,-17.2744140625,17.2744140625,0.0,0.0,0.0,0.18252554646312874,0.0,17.2744140625,False,0.004926935005642008,0,0,278,0,0.0,0.0,1,,,2,True,True,False,1177.2242431640625,978.3362370630191,198.8880061010434,True,True,0,ML-Robust-MPC,738.3362370630191,505.62637435982975,500.0
1164.0,742.1523931479438,431.9065668129937,2,-10.0589599609375,10.0589599609375,0.0,0.0,0.0,0.1826253377325825,0.0,10.0589599609375,False,0.00633817000198178,0,0,279,0,0.0,0.0,1,,,2,True,True,False,1179.79296875,982.1523931479438,197.64057560205617,True,True,0,ML-Robust-MPC,742.1523931479438,507.8058473229688,500.0
1174.5,741.4179683565394,447.5102542997105,2,-14.42822265625,14.42822265625,0.0,0.0,0.0,0.1827684748621088,0.0,14.42822265625,False,0.008283276001748163,0,0,280,0,0.0,0.0,1,,,2,True,True,False,1179.2880859375,981.4179683565394,197.8701175809606,True,True,0,ML-Robust-MPC,741.4179683565394,508.7740159251631,500.0
1167.5,739.2750979994762,442.3550289536487,2,-14.130126953125,14.130126953125,0.0,0.0,0.0,0.18290865469299297,0.0,14.130126953125,False,0.00618554499669699,0,0,281,0,0.0,0.0,1,,,2,True,True,False,1174.5,979.2750979994762,195.2249020005238,True,True,0,ML-Robust-MPC,739.2750979994762,506.92489652598135,500.0
1189.5,740.8858561584992,448.6141438415008,2,0.0,0.0,0.0,0.0,0.0,0.18290865469299297,0.0,0.0,False,0.006267913995543495,0,0,282,0,0.0,0.0,1,,,2,True,True,False,1167.5,980.8858561584992,186.61414384150078,True,True,0,ML-Robust-MPC,740.8858561584992,509.9040157646662,500.0
1111.5,740.2069974043515,431.61575650189855,2,-60.32275390625,60.32275390625,0.0,0.0,0.0,0.18350709471190418,0.0,60.32275390625,False,0.0058391860002302565,0,0,283,0,0.0,0.0,1,,,2,True,True,False,1189.5,980.2069974043515,209.29300259564855,True,True,0,ML-Robust-MPC,740.2069974043515,508.1999965572438,500.0
1114.5,740.7631519763006,373.7368480236994,2,0.0,0.0,0.0,0.0,0.0,0.18350709471190418,0.0,0.0,False,0.009311891000834294,0,0,284,0,0.0,0.0,1,,,2,True,True,False,1157.21044921875,980.7631519763006,176.4472972424494,True,True,0,ML-Robust-MPC,740.7631519763006,507.03329947600025,500.0
1093.0,737.8339364279457,378.9034903298668,2,-23.7374267578125,23.7374267578125,0.0,0.0,0.0,0.18374258505672375,0.0,23.7374267578125,False,0.009444877003261354,0,0,285,0,0.0,0.0,1,,,2,True,True,False,1158.7640380859375,977.8339364279457,180.93010165799183,True,True,0,ML-Robust-MPC,737.8339364279457,508.7989294139638,500.0
1101.5,736.0270631973822,387.9685422713678,2,-22.49560546875,22.49560546875,0.0,0.0,0.0,0.18396575574589785,0.0,22.49560546875,False,0.007414765997964423,0,0,286,0,0.0,0.0,1,,,2,True,True,False,1156.3824462890625,976.0270631973822,180.35538309168032,True,True,0,ML-Robust-MPC,736.0270631973822,507.37987497412905,500.0
1137.5,737.8054619874263,400.51521672351123,2,-0.8206787109375,0.8206787109375,0.0,0.0,0.0,0.1839738973997762,0.0,0.8206787109375,False,0.006047675000445452,0,0,287,0,0.0,0.0,1,,,2,True,True,False,1143.7161865234375,977.8054619874263,165.91072453601123,True,True,0,ML-Robust-MPC,737.8054619874263,508.7375161582088,500.0
1144.0,737.6759886396474,427.17215589160264,2,-20.84814453125,20.84814453125,0.0,0.0,0.0,0.18418072423044338,0.0,20.84814453125,False,0.005537566998100374,0,0,288,0,0.0,0.0,1,,,2,True,True,False,1154.9306640625,977.6759886396474,177.25467542285264,True,True,0,ML-Robust-MPC,737.6759886396474,510.0561688785239,500.0
1158.0,738.2438188562302,425.1496137609572,2,-5.3934326171875,5.3934326171875,0.0,0.0,0.0,0.18423423050640753,0.0,5.3934326171875,False,0.008504894001816865,0,0,289,0,0.0,0.0,1,,,2,True,True,False,1154.974853515625,978.2438188562302,176.73103465939482,True,True,0,ML-Robust-MPC,738.2438188562302,511.1933832415182,500.0
1155.0,737.5142983431214,419.64500341469125,2,-2.1593017578125,2.1593017578125,0.0,0.0,0.0,0.18425565215083026,0.0,2.1593017578125,False,0.009915104004903696,0,0,290,0,0.0,0.0,1,,,2,True,True,False,1158.0,977.5142983431214,180.48570165687863,True,True,0,ML-Robust-MPC,737.5142983431214,510.5393779947812,500.0
1126.5,738.8512391374443,403.8301573469307,2,-16.181396484375,16.181396484375,0.0,0.0,0.0,0.1844161818778578,0.0,16.181396484375,False,0.005684969000867568,0,0,291,0,0.0,0.0,1,,,2,True,True,False,1155.0,978.8512391374443,176.14876086255572,True,True,0,ML-Robust-MPC,738.8512391374443,509.3032622936964,500.0
1062.5,739.7351041330735,371.0410189138015,2,-48.276123046875,48.276123046875,0.0,0.0,0.0,0.18489511166998948,0.0,48.276123046875,False,0.008112693998555187,0,0,292,0,0.0,0.0,1,,,2,True,True,False,1142.970458984375,979.7351041330735,163.2353548513015,True,True,0,ML-Robust-MPC,739.7351041330735,507.80686082825855,500.0
1057.5,737.0836852038033,325.96123667119673,2,-5.544921875,5.544921875,0.0,0.0,0.0,0.1849501208155748,0.0,5.544921875,False,0.009046949999174103,0,0,293,0,0.0,0.0,1,,,2,True,True,False,1138.9627685546875,977.0836852038033,161.87908335088423,True,True,0,ML-Robust-MPC,737.0836852038033,507.868467256113,500.0
1052.0,739.8602768079185,326.89607084833153,2,-14.75634765625,14.75634765625,0.0,0.0,0.0,0.18509651315343442,0.0,14.75634765625,False,0.00496544899942819,0,0,294,0,0.0,0.0,1,,,2,True,True,False,1164.6248779296875,979.8602768079185,184.76460112176903,True,True,0,ML-Robust-MPC,739.8602768079185,507.25796076066246,500.0
1044.0,744.6525862568122,336.40551921193776,2,-37.05810546875,37.05810546875,0.0,0.0,0.0,0.18546415308864028,0.0,37.05810546875,False,0.004593491998093668,0,0,295,0,0.0,0.0,1,,,2,True,True,False,1192.7376708984375,984.6525862568122,208.08508464162526,True,True,0,ML-Robust-MPC,744.6525862568122,506.59925094043376,500.0
1107.5,744.6108880187004,362.8891119812996,2,0.0,0.0,0.0,0.0,0.0,0.18546415308864028,0.0,0.0,False,0.006482017997768708,0,0,296,0,0.0,0.0,1,,,2,True,True,False,1202.213134765625,984.6108880187004,217.6022467469246,True,True,0,ML-Robust-MPC,744.6108880187004,504.9755297689036,500.0
1124.5,746.4682689022894,395.2216725039606,2,-17.18994140625,17.18994140625,0.0,0.0,0.0,0.18563468822163878,0.0,17.18994140625,False,0.004707259999122471,0,0,297,0,0.0,0.0,1,,,2,True,True,False,1207.148681640625,986.4682689022894,220.68041273833558,True,True,0,ML-Robust-MPC,746.4682689022894,506.178145303485,499.9956690295302
1135.0,748.8413532103003,403.8891155396997,2,-17.73046875,17.73046875,0.0,0.0,0.0,0.18581058572907927,0.0,17.73046875,False,0.004523593001067638,0,0,298,0,0.0,0.0,1,,,2,True,True,False,1206.142333984375,988.8413532103003,217.30098077407467,True,True,0,ML-Robust-MPC,748.8413532103003,504.9862871272451,499.4409598072072
1164.5,749.9821631298602,414.51783687013983,2,0.0,0.0,0.0,0.0,0.0,0.18581058572907927,0.0,0.0,False,0.005075730994576588,0,0,299,0,0.0,0.0,1,,,2,True,True,False,1202.6314697265625,989.9821631298602,212.64930659670233,True,True,0,ML-Robust-MPC,749.9821631298602,501.9893121816486,497.2824930615291
1160.0,747.6077546430746,412.3922453569254,2,0.0,0.0,0.0,0.0,0.0,0.18581058572907927,0.0,0.0,False,0.008497982998960651,0,0,300,0,0.0,0.0,1,,,2,True,True,False,1222.62060546875,987.6077546430746,235.0128508256754,True,True,0,ML-Robust-MPC,747.6077546430746,502.338182786036,498.3267386850558
1137.5,748.524361024314,401.5538860459985,2,-12.5782470703125,12.5782470703125,0.0,0.0,0.0,0.18593536992620538,0.0,12.5782470703125,False,0.004531776001385879,0,0,301,0,0.0,0.0,1,,,2,True,True,False,1220.400390625,988.524361024314,231.87602960068602,True,True,0,ML-Robust-MPC,748.524361024314,501.8199187340978,499.6131240339886
1130.0,748.3261634571736,386.9366539256389,2,-5.2628173828125,5.2628173828125,0.0,0.0,0.0,0.18598758041611424,0.0,5.2628173828125,False,0.004664380001486279,0,0,302,0,0.0,0.0,1,,,2,True,True,False,1220.849853515625,988.3261634571736,232.5236900584514,True,True,0,ML-Robust-MPC,748.3261634571736,501.1889825314977,498.4988154414015
1130.0,745.8481807071161,393.48287398038394,2,-9.3310546875,9.3310546875,0.0,0.0,0.0,0.18608015040309342,0.0,9.3310546875,False,0.004793259002326522,0,0,303,0,0.0,0.0,1,,,2,True,True,False,1221.162353515625,985.8481807071161,235.31417280850894,True,True,0,ML-Robust-MPC,745.8481807071161,502.251572314731,498.3782522174347
1139.0,746.4739430750943,413.9357248936557,2,-21.40966796875,21.40966796875,0.0,0.0,0.0,0.1862925479027834,0.0,21.40966796875,False,0.006773833003535401,0,0,304,0,0.0,0.0,1,,,2,True,True,False,1224.5311279296875,986.4739430750943,238.05718485459317,True,True,0,ML-Robust-MPC,746.4739430750943,500.5270907636207,498.2074506156134
1178.5,748.2341480954831,439.6772288576419,2,-9.411376953125,9.411376953125,0.0,0.0,0.0,0.18638591473763583,0.0,9.411376953125,False,0.004428054999152664,0,0,305,0,0.0,0.0,1,,,2,True,True,False,1218.2169189453125,988.2341480954831,229.98277084982942,True,True,0,ML-Robust-MPC,748.2341480954831,501.1589804830149,499.82528902710897
1216.0,750.0896225693693,468.07102196188066,2,-2.16064453125,2.16064453125,0.0,0.0,0.0,0.18640734970322362,0.0,2.16064453125,False,0.004391451999254059,0,0,306,0,0.0,0.0,1,,,2,True,True,False,1223.579345703125,990.0896225693693,233.48972313375566,True,True,0,ML-Robust-MPC,750.0896225693693,503.7871355727521,499.07667092114366
1207.5,748.9658293510595,480.0,2,-21.465829351059483,21.465829351059483,0.0,0.0,0.0,0.18662030435948412,0.0,21.465829351059483,False,0.005562778998864815,0,0,307,0,0.0,0.0,1,,,2,True,True,False,1227.105224609375,988.9658293510595,238.13939525831552,True,True,0,ML-Robust-MPC,748.9658293510595,502.5685043110468,499.1326428366274
1216.5,748.5671836893331,467.9328163106669,2,0.0,0.0,0.0,0.0,0.0,0.18662030435948412,0.0,0.0,False,0.0045529850031016394,0,0,308,0,0.0,0.0,1,,,2,True,True,False,1208.083984375,988.5671836893331,219.5168006856669,True,True,0,ML-Robust-MPC,748.5671836893331,502.0388225740268,499.446691050076
1179.0,748.4625868050567,457.72845323400577,2,-27.1910400390625,27.1910400390625,0.0,0.0,0.0,0.18689005674082404,0.0,27.1910400390625,False,0.0044106159984949045,0,0,309,0,0.0,0.0,1,,,2,True,True,False,1216.5,988.4625868050567,228.03741319494327,True,True,0,ML-Robust-MPC,748.4625868050567,502.0638925374893,500.0
1130.0,750.0156780348669,417.07453192607056,2,-37.0902099609375,37.0902099609375,0.0,0.0,0.0,0.1872580151729762,0.0,37.0902099609375,False,0.005473108001751825,0,0,310,0,0.0,0.0,1,,,2,True,True,False,1182.380126953125,990.0156780348669,192.36444891825806,True,True,0,ML-Robust-MPC,750.0156780348669,501.073241910685,500.0
1138.0,752.059275459089,385.940724540911,2,0.0,0.0,0.0,0.0,0.0,0.1872580151729762,0.0,0.0,False,0.006868139003927354,0,0,311,0,0.0,0.0,1,,,2,True,True,False,1178.259033203125,992.059275459089,186.199757744036,True,True,0,ML-Robust-MPC,752.059275459089,503.3933421161401,500.0
1117.5,753.6563648733345,383.919440790728,2,-20.0758056640625,20.0758056640625,0.0,0.0,0.0,0.18745717991170696,0.0,20.0758056640625,False,0.005036880997067783,0,0,312,0,0.0,0.0,1,,,2,True,True,False,1179.1715087890625,993.6563648733345,185.515143915728,True,True,0,ML-Robust-MPC,753.6563648733345,503.4264667131454,500.0
1155.0,753.2830659079664,401.7169340920336,2,0.0,0.0,0.0,0.0,0.0,0.18745717991170696,0.0,0.0,False,0.004434866001247428,0,0,313,0,0.0,0.0,1,,,2,True,True,False,1183.4051513671875,993.2830659079664,190.12208545922113,True,True,0,ML-Robust-MPC,753.2830659079664,501.38012705993066,500.0
1165.0,751.7230157651139,428.0147772036361,2,-14.73779296875,14.73779296875,0.0,0.0,0.0,0.18760338817528582,0.0,14.73779296875,False,0.005012772999180015,0,0,314,0,0.0,0.0,1,,,2,True,True,False,1194.0509033203125,991.7230157651139,202.32788755519857,True,True,0,ML-Robust-MPC,751.7230157651139,503.9368779401673,500.0
1161.5,750.8036470893305,445.2827786919195,2,-34.58642578125,34.58642578125,0.0,0.0,0.0,0.18794650747867123,0.0,34.58642578125,False,0.00481590699928347,0,0,315,0,0.0,0.0,1,,,2,True,True,False,1191.36474609375,990.8036470893305,200.56109900441948,True,True,0,ML-Robust-MPC,750.8036470893305,505.6872290225784,500.0
1189.5,751.9535331535766,437.5464668464235,2,0.0,0.0,0.0,0.0,0.0,0.18794650747867123,0.0,0.0,False,0.005869838998478372,0,0,316,0,0.0,0.0,1,,,2,True,True,False,1180.5616455078125,991.9535331535766,188.6081123542359,True,True,0,ML-Robust-MPC,751.9535331535766,504.9592065774185,500.0
1166.5,753.9965649645483,434.96400632451423,2,-22.4605712890625,22.4605712890625,0.0,0.0,0.0,0.1881693306065389,0.0,22.4605712890625,False,0.009712457002024166,0,0,317,0,0.0,0.0,1,,,2,True,True,False,1189.5,993.9965649645483,195.50343503545173,True,True,0,ML-Robust-MPC,753.9965649645483,504.558746742331,500.0
1137.0,752.1803721485901,407.2434559764099,2,-22.423828125,22.423828125,0.0,0.0,0.0,0.18839178921889008,0.0,22.423828125,False,0.008395284006837755,0,0,318,0,0.0,0.0,1,,,2,True,True,False,1166.5,992.1803721485901,174.3196278514099,True,True,0,ML-Robust-MPC,752.1803721485901,505.23310994875175,500.0
1132.5,753.8940450000055,378.60595499999454,2,0.0,0.0,0.0,0.0,0.0,0.18839178921889008,0.0,0.0,False,0.005300821998389438,0,0,319,0,0.0,0.0,1,,,2,True,True,False,1156.2177734375,993.8940450000055,162.32372843749454,True,True,0,ML-Robust-MPC,753.8940450000055,505.9830932737217,500.0
1092.5,753.9346834644758,370.0457852855242,2,-31.48046875,31.48046875,0.0,0.0,0.0,0.18870409545648928,0.0,31.48046875,False,0.007837746998120565,0,0,320,0,0.0,0.0,1,,,2,True,True,False,1156.16259765625,993.9346834644758,162.22791419177418,True,True,0,ML-Robust-MPC,753.9346834644758,505.0816819157722,500.0
1101.5,753.669344099459,348.19845375210355,2,-0.3677978515625,0.3677978515625,0.0,0.0,0.0,0.18870774424469922,0.0,0.3677978515625,False,0.008507255995937157,0,0,321,0,0.0,0.0,1,,,2,True,True,False,1161.1224365234375,993.669344099459,167.45309242397855,True,True,0,ML-Robust-MPC,753.669344099459,504.6501023234313,500.0
1094.0,750.2193545237257,374.63525973408684,2,-30.8546142578125,30.8546142578125,0.0,0.0,0.0,0.18901384160836798,0.0,30.8546142578125,False,0.006174606998683885,0,0,322,0,0.0,0.0,1,,,2,True,True,False,1167.605712890625,990.2193545237257,177.38635836689934,True,True,0,ML-Robust-MPC,750.2193545237257,501.66143023854994,500.0
1096.5,749.3346224799582,388.63461580129183,2,-41.46923828125,41.46923828125,0.0,0.0,0.0,0.18942524278179307,0.0,41.46923828125,False,0.007149429999117274,0,0,323,0,0.0,0.0,1,,,2,True,True,False,1155.712158203125,989.3346224799582,166.37753572316683,True,True,0,ML-Robust-MPC,749.3346224799582,501.1931806570613,500.0
1174.0,749.8647315815901,424.13526841840985,2,0.0,0.0,0.0,0.0,0.0,0.18942524278179307,0.0,0.0,False,0.008590120996814221,0,0,324,0,0.0,0.0,1,,,2,True,True,False,1145.91943359375,989.8647315815901,156.05470201215985,True,True,0,ML-Robust-MPC,749.8647315815901,499.2880081331904,500.0
1171.0,750.4768113243533,429.0982619178342,2,-8.5750732421875,8.5750732421875,0.0,0.0,0.0,0.1895103129528465,0.0,8.5750732421875,False,0.005730598997615743,0,0,325,0,0.0,0.0,1,,,2,True,True,False,1174.0,990.4768113243533,183.52318867564668,True,True,0,ML-Robust-MPC,750.4768113243533,499.82770292476624,500.0
1134.5,749.4681157177752,419.25331982909984,2,-34.221435546875,34.221435546875,0.0,0.0,0.0,0.1898498113213671,0.0,34.221435546875,False,0.007712484002695419,0,0,326,0,0.0,0.0,1,,,2,True,True,False,1171.0,989.4681157177752,181.53188428222484,True,True,0,ML-Robust-MPC,749.4681157177752,500.86742112138,499.8853825028368
1119.5,747.6222492600904,382.242618903972,2,-10.3648681640625,10.3648681640625,0.0,0.0,0.0,0.18995263739442328,0.0,10.3648681640625,False,0.008583754002756905,0,0,327,0,0.0,0.0,1,,,2,True,True,False,1150.802001953125,987.6222492600904,163.17975269303463,True,True,0,ML-Robust-MPC,747.6222492600904,500.6646795177715,499.4974707658133
1092.5,746.8667144799613,363.0399017309762,2,-17.4066162109375,17.4066162109375,0.0,0.0,0.0,0.1901253220790556,0.0,17.4066162109375,False,0.00818633600283647,0,0,328,0,0.0,0.0,1,,,2,True,True,False,1149.473876953125,986.8667144799613,162.60716247316373,True,True,0,ML-Robust-MPC,746.8667144799613,503.0353789599235,498.8660175425888
1045.5,749.3172345867844,338.53994314759063,2,-42.357177734375,42.357177734375,0.0,0.0,0.0,0.19054553217562678,0.0,42.357177734375,False,0.0076610699979937635,0,0,329,0,0.0,0.0,1,,,2,True,True,False,1158.2288818359375,989.3172345867844,168.91164724915313,True,True,0,ML-Robust-MPC,749.3172345867844,500.66824349683446,498.059191397017
1075.5,747.8923650546325,327.6076349453675,2,0.0,0.0,0.0,0.0,0.0,0.19054553217562678,0.0,0.0,False,0.00727056700270623,0,0,330,0,0.0,0.0,1,,,2,True,True,False,1140.9876708984375,987.8923650546325,153.09530584380502,True,True,0,ML-Robust-MPC,747.8923650546325,500.97637157419217,497.0448098032165
1098.5,747.5088020199165,355.0385612613335,2,-4.04736328125,4.04736328125,0.0,0.0,0.0,0.19058568458913125,0.0,4.04736328125,False,0.005962570998235606,0,0,331,0,0.0,0.0,1,,,2,True,True,False,1177.4283447265625,987.5088020199165,189.91954270664598,True,True,0,ML-Robust-MPC,747.5088020199165,503.4431546265134,497.1186093089709
1120.0,747.7056544806204,388.5004002068796,2,-16.2060546875,16.2060546875,0.0,0.0,0.0,0.19074645894118977,0.0,16.2060546875,False,0.004585181995935272,0,0,332,0,0.0,0.0,1,,,2,True,True,False,1185.2393798828125,987.7056544806204,197.5337254021921,True,True,0,ML-Robust-MPC,747.7056544806204,502.2502035259844,497.0149043055607
1115.0,745.663164040655,418.12162599840747,2,-48.7847900390625,48.7847900390625,0.0,0.0,0.0,0.19123043503284715,0.0,48.7847900390625,False,0.007834133997675963,0,0,333,0,0.0,0.0,1,,,2,True,True,False,1183.925048828125,985.663164040655,198.26188478746997,True,True,0,ML-Robust-MPC,745.663164040655,502.4918800859754,495.7869532317376
1168.5,743.7183451232626,424.78165487673743,2,0.0,0.0,0.0,0.0,0.0,0.19123043503284715,0.0,0.0,False,0.005652997002471238,0,0,334,0,0.0,0.0,1,,,2,True,True,False,1190.218994140625,983.7183451232626,206.50064901736243,True,True,0,ML-Robust-MPC,743.7183451232626,500.2552115144055,494.7252715867904
1135.0,744.4007607251173,426.28747169675773,2,-35.688232421875,35.688232421875,0.0,0.0,0.0,0.19158448495766733,0.0,35.688232421875,False,0.006298262000200339,0,0,335,0,0.0,0.0,1,,,2,True,True,False,1182.8505859375,984.4007607251173,198.44982521238273,True,True,0,ML-Robust-MPC,744.4007607251173,498.5325111928536,495.3853963639202
1148.5,743.7099220296025,404.79007797039753,2,0.0,0.0,0.0,0.0,0.0,0.19158448495766733,0.0,0.0,False,0.005228210000495892,0,0,336,0,0.0,0.0,1,,,2,True,True,False,1190.393310546875,983.7099220296025,206.68338851727253,True,True,0,ML-Robust-MPC,743.7099220296025,498.6256238844172,497.7296932936196
1144.5,742.4736262669943,402.0263737330057,2,0.0,0.0,0.0,0.0,0.0,0.19158448495766733,0.0,0.0,False,0.004420077006216161,0,0,337,0,0.0,0.0,1,,,2,True,True,False,1190.017822265625,982.4736262669943,207.5441959986307,True,True,0,ML-Robust-MPC,742.4736262669943,499.5271685293122,498.6000592814313
1110.0,742.1849676282236,399.5754083483389,2,-31.7603759765625,31.7603759765625,0.0,0.0,0.0,0.19189956805267291,0.0,31.7603759765625,False,0.005706481002562214,0,0,338,0,0.0,0.0,1,,,2,True,True,False,1195.6224365234375,982.1849676282236,213.4374688952139,True,True,0,ML-Robust-MPC,742.1849676282236,499.6432132022497,499.3356324747343
1117.5,744.5029339807353,383.4128375036397,2,-10.415771484375,10.415771484375,0.0,0.0,0.0,0.19200289911898616,0.0,10.415771484375,False,0.004925966997689102,0,0,339,0,0.0,0.0,1,,,2,True,True,False,1199.912109375,984.5029339807353,215.4091753942647,True,True,0,ML-Robust-MPC,744.5029339807353,499.4256309163047,499.6469296122731
1115.0,743.8083037722812,408.1669159542813,2,-36.9752197265625,36.9752197265625,0.0,0.0,0.0,0.19236971677500364,0.0,36.9752197265625,False,0.0045052830027998425,0,0,340,0,0.0,0.0,1,,,2,True,True,False,1200.6650390625,983.8083037722812,216.8567352902188,True,True,0,ML-Robust-MPC,743.8083037722812,499.0110102738104,500.0
1131.5,743.6767210331168,423.4914918575082,2,-35.668212890625,35.668212890625,0.0,0.0,0.0,0.19272356809336302,0.0,35.668212890625,False,0.005037704002461396,0,0,341,0,0.0,0.0,1,,,2,True,True,False,1186.448974609375,983.6767210331168,202.7722535762582,True,True,0,ML-Robust-MPC,743.6767210331168,498.9894216245494,500.0
1156.0,747.9947409947241,433.8700050990259,2,-25.86474609375,25.86474609375,0.0,0.0,0.0,0.19298016279667404,0.0,25.86474609375,False,0.004529010999249294,0,0,342,0,0.0,0.0,1,,,2,True,True,False,1182.8709716796875,987.9947409947241,194.8762306849634,True,True,0,ML-Robust-MPC,747.9947409947241,497.0008786544788,500.0
1164.5,753.519187526605,432.61570016870746,2,-21.6348876953125,21.6348876953125,0.0,0.0,0.0,0.19319479461904818,0.0,21.6348876953125,False,0.00638216600054875,0,0,343,0,0.0,0.0,1,,,2,True,True,False,1175.7939453125,993.519187526605,182.27475778589496,True,True,0,ML-Robust-MPC,753.519187526605,498.6145090503695,500.0
1168.0,753.7200131338999,418.2605776864126,2,-3.9805908203125,3.9805908203125,0.0,0.0,0.0,0.19323428460734493,0.0,3.9805908203125,False,0.008228573002270423,0,0,344,0,0.0,0.0,1,,,2,True,True,False,1165.970458984375,993.7200131338999,172.2504458504751,True,True,0,ML-Robust-MPC,753.7200131338999,499.87098215473486,500.0
1145.0,747.63883075658,411.3566526418575,2,-13.9954833984375,13.9954833984375,0.0,0.0,0.0,0.19337312868867865,0.0,13.9954833984375,False,0.008291751000797376,0,0,345,0,0.0,0.0,1,,,2,True,True,False,1168.0,987.63883075658,180.36116924342002,True,True,0,ML-Robust-MPC,747.63883075658,500.0336886807702,500.0
1142.0,746.734928006273,395.265071993727,2,0.0,0.0,0.0,0.0,0.0,0.19337312868867865,0.0,0.0,False,0.008252194995293394,0,0,346,0,0.0,0.0,1,,,2,True,True,False,1145.0,986.734928006273,158.26507199372702,True,True,0,ML-Robust-MPC,746.734928006273,501.0308751193117,500.0
1074.5,744.9172165276009,382.4030959723991,2,-52.8203125,52.8203125,0.0,0.0,0.0,0.193897139725385,0.0,52.8203125,False,0.008385540997551288,0,0,347,0,0.0,0.0,1,,,2,True,True,False,1147.41552734375,984.9172165276009,162.49831081614911,True,True,0,ML-Robust-MPC,744.9172165276009,500.86422415612105,500.0
1090.0,746.3129809905341,345.03198971259087,2,-1.344970703125,1.344970703125,0.0,0.0,0.0,0.19391048268870964,0.0,1.344970703125,False,0.005865666003955994,0,0,348,0,0.0,0.0,1,,,2,True,True,False,1140.3173828125,986.3129809905341,154.00440182196587,True,True,0,ML-Robust-MPC,746.3129809905341,499.90624771339753,500.0
1101.5,748.0930736126815,362.66425060606855,2,-9.25732421875,9.25732421875,0.0,0.0,0.0,0.1940023212226258,0.0,9.25732421875,False,0.007149879005737603,0,0,349,0,0.0,0.0,1,,,2,True,True,False,1171.08203125,988.0930736126815,182.98895763731855,True,True,0,ML-Robust-MPC,748.0930736126815,501.386697373182,500.0
1107.0,747.6345555258708,387.43624525537916,2,-28.07080078125,28.07080078125,0.0,0.0,0.0,0.19428080138910647,0.0,28.07080078125,False,0.005909373001486529,0,0,350,0,0.0,0.0,1,,,2,True,True,False,1188.4783935546875,987.6345555258708,200.84383802881666,True,True,0,ML-Robust-MPC,747.6345555258708,502.56296806391134,500.0
1128.0,747.834998158759,398.48690125530345,2,-18.3218994140625,18.3218994140625,0.0,0.0,0.0,0.194462566264246,0.0,18.3218994140625,False,0.0073734249963308685,0,0,351,0,0.0,0.0,1,,,2,True,True,False,1187.9312744140625,987.834998158759,200.09627625530345,True,True,0,ML-Robust-MPC,747.834998158759,502.74768494003615,500.0
1123.0,746.0839655531107,405.2596623765768,2,-28.3436279296875,28.3436279296875,0.0,0.0,0.0,0.19474375304926272,0.0,28.3436279296875,False,0.007985967997228727,0,0,352,0,0.0,0.0,1,,,2,True,True,False,1191.2152099609375,986.0839655531107,205.13124440782678,True,True,0,ML-Robust-MPC,746.0839655531107,502.2016196358983,500.0
1114.5,749.1651125482326,387.0221433111424,2,-21.687255859375,21.687255859375,0.0,0.0,0.0,0.19495890439707397,0.0,21.687255859375,False,0.004610944997693878,0,0,353,0,0.0,0.0,1,,,2,True,True,False,1190.1563720703125,989.1651125482326,200.99125952207987,True,True,0,ML-Robust-MPC,749.1651125482326,503.06716879823375,500.0
1121.5,752.0928385302408,369.4071614697592,2,0.0,0.0,0.0,0.0,0.0,0.19495890439707397,0.0,0.0,False,0.005272403002891224,0,0,354,0,0.0,0.0,1,,,2,True,True,False,1192.42919921875,992.0928385302408,200.33636068850922,True,True,0,ML-Robust-MPC,752.0928385302408,502.6301655845764,500.0
1087.0,753.1367269752691,361.9351724387934,2,-28.0718994140625,28.0718994140625,0.0,0.0,0.0,0.19523739546268967,0.0,28.0718994140625,False,0.005993887003569398,0,0,355,0,0.0,0.0,1,,,2,True,True,False,1192.089111328125,993.1367269752691,198.95238435285592,True,True,0,ML-Robust-MPC,753.1367269752691,502.0880411738098,500.0
1075.5,752.7654712942365,341.441193744826,2,-18.7066650390625,18.7066650390625,0.0,0.0,0.0,0.1954229774571248,0.0,18.7066650390625,False,0.00444640799832996,0,0,356,0,0.0,0.0,1,,,2,True,True,False,1189.7034912109375,992.7654712942365,196.93801991670102,True,True,0,ML-Robust-MPC,752.7654712942365,500.4921315019715,500.0
1070.0,749.2660294908635,348.669395313824,2,-27.9354248046875,27.9354248046875,0.0,0.0,0.0,0.19570011460796496,0.0,27.9354248046875,False,0.0049273440017714165,0,0,357,0,0.0,0.0,1,,,2,True,True,False,1190.1907958984375,989.2660294908635,200.924766407574,True,True,0,ML-Robust-MPC,749.2660294908635,500.99208168914464,500.0
1096.5,748.0152285072253,369.6033017662122,2,-21.1185302734375,21.1185302734375,0.0,0.0,0.0,0.1959096238368681,0.0,21.1185302734375,False,0.0053305359979276545,0,0,358,0,0.0,0.0,1,,,2,True,True,False,1189.875244140625,988.0152285072253,201.8600156333997,True,True,0,ML-Robust-MPC,748.0152285072253,499.8172201920318,500.0
1111.0,749.7716241862715,396.17832698560346,2,-34.949951171875,34.949951171875,0.0,0.0,0.0,0.1962563495429383,0.0,34.949951171875,False,0.004569871001876891,0,0,359,0,0.0,0.0,1,,,2,True,True,False,1196.95263671875,989.7716241862715,207.18101253247846,True,True,0,ML-Robust-MPC,749.7716241862715,501.1143598799158,500.0
