load_kw,grid_kw,generator_kw,generator_units_on,storage_kw,charge_kw,discharge_kw,unserved_kw,spill_kw,soc,grid_headroom_storage_preservation_kw,grid_headroom_storage_charge_kw,v15_generator_first_guard_active,decision_seconds,generator_startup_units,generator_shutdown_units,step,risk_level,risk_reserve_kw,applied_risk_reserve_kw,forecast_scenario_count,cvar_alpha,cvar_weight,minimum_committed_generator_units,low_soc_commitment_guard_evaluated,low_soc_commitment_guard_triggered,low_soc_commitment_reachability_truncated,low_soc_commitment_forecast_peak_kw,low_soc_single_unit_firm_supply_kw,low_soc_commitment_deficit_kw,generator_before_storage,supervisory_protection_active,supervisory_safe_exit_counter,selected_controller,grid_available_capacity_kw,generator_available_capacity_kw,storage_available_power_kw
445.0,545.0,0.0,0,-100.0,100.0,0.0,0.0,0.0,0.5704477656045133,0.0,100.0,True,0.010439470999699552,0,0,0,0,0.0,0.0,7,0.9,1.0,0,False,False,False,,,,False,False,0,Risk-Adaptive-CVaR-MPC,739.7295490918872,494.5872243891422,499.1703781009549
455.5,555.5,0.0,0,-100.0,100.0,0.0,0.0,0.0,0.5714398290965768,0.0,100.0,True,0.011337413998262491,0,0,1,0,0.0,0.0,7,0.9,1.0,0,False,False,False,,,,False,False,0,Risk-Adaptive-CVaR-MPC,740.7997311019658,495.8805286741055,499.8312661435589
443.5,543.5,0.0,0,-100.0,100.0,0.0,0.0,0.0,0.5724318925886402,0.0,100.0,True,0.009626810999179725,0,0,2,0,0.0,0.0,7,0.9,1.0,0,False,False,False,,,,False,False,0,Risk-Adaptive-CVaR-MPC,739.0238081696098,495.09357857048974,499.9539062057042
440.0,540.0,0.0,0,-100.0,100.0,0.0,0.0,0.0,0.5734239560807037,0.0,100.0,True,0.008241725001425948,0,0,3,0,0.0,0.0,7,0.9,1.0,0,False,False,False,,,,False,False,0,Risk-Adaptive-CVaR-MPC,739.8039329096794,496.01309343487264,499.5836041897622
468.5,568.5,0.0,0,-100.0,100.0,0.0,0.0,0.0,0.5744160195727672,0.0,100.0,True,0.010259686998324469,0,0,4,0,0.0,0.0,7,0.9,1.0,0,False,False,False,,,,False,False,0,Risk-Adaptive-CVaR-MPC,743.1862263832575,495.5681501139383,500.0
455.0,555.0,0.0,0,-100.0,100.0,0.0,0.0,0.0,0.5754080830648307,0.0,100.0,True,0.009545203996822238,0,0,5,0,0.0,0.0,7,0.9,1.0,0,False,False,False,,,,False,False,0,Risk-Adaptive-CVaR-MPC,742.9822096274784,496.1962499960696,500.0
432.5,532.5,0.0,0,-100.0,100.0,0.0,0.0,0.0,0.5764001465568942,0.0,100.0,True,0.01150174700160278,0,0,6,0,0.0,0.0,7,0.9,1.0,0,False,False,False,,,,False,False,0,Risk-Adaptive-CVaR-MPC,739.8423286733773,495.04254453866827,500.0
439.0,539.0,0.0,0,-100.0,100.0,0.0,0.0,0.0,0.5773922100489577,0.0,100.0,True,0.00993472000118345,0,0,7,0,0.0,0.0,7,0.9,1.0,0,False,False,False,,,,False,False,0,Risk-Adaptive-CVaR-MPC,742.5018078329439,494.5789903303403,500.0
479.0,579.0,0.0,0,-100.0,100.0,0.0,0.0,0.0,0.5783842735410212,0.0,100.0,True,0.011594527000852395,0,0,8,0,0.0,0.0,7,0.9,1.0,0,False,False,False,,,,False,False,0,Risk-Adaptive-CVaR-MPC,743.1824973597371,495.1666265404282,500.0
415.0,515.0,0.0,0,-100.0,100.0,0.0,0.0,0.0,0.5793763370330847,0.0,100.0,True,0.009186520001094323,0,0,9,0,0.0,0.0,7,0.9,1.0,0,False,False,False,,,,False,False,0,Risk-Adaptive-CVaR-MPC,746.2203440448837,496.038852215113,499.6396977231223
414.5,514.5,0.0,0,-100.0,100.0,0.0,0.0,0.0,0.5803684005251482,0.0,100.0,True,0.011068825995607767,0,0,10,0,0.0,0.0,7,0.9,1.0,0,False,False,False,,,,False,False,0,Risk-Adaptive-CVaR-MPC,745.2610267964769,494.7015492213783,497.31576362411903
409.0,509.0,0.0,0,-100.0,100.0,0.0,0.0,0.0,0.5813604640172116,0.0,100.0,True,0.010677648999262601,0,0,11,0,0.0,0.0,7,0.9,1.0,0,False,False,False,,,,False,False,0,Risk-Adaptive-CVaR-MPC,742.8700194878957,495.66371261353527,498.2551806722359
443.5,543.5,0.0,0,-100.0,100.0,0.0,0.0,0.0,0.5823525275092751,0.0,100.0,True,0.009776419996342156,0,0,12,0,0.0,0.0,7,0.9,1.0,0,False,False,False,,,,False,False,0,Risk-Adaptive-CVaR-MPC,740.3092533957378,494.816060913701,496.4058239584549
456.0,556.0,0.0,0,-100.0,100.0,0.0,0.0,0.0,0.5833445910013386,0.0,100.0,True,0.010656614998879377,0,0,13,0,0.0,0.0,7,0.9,1.0,0,False,False,False,,,,False,False,0,Risk-Adaptive-CVaR-MPC,738.4373008606465,494.2375593514259,497.45490426580176
447.5,547.5,0.0,0,-100.0,100.0,0.0,0.0,0.0,0.5843366544934021,0.0,100.0,True,0.009233407996362075,0,0,14,0,0.0,0.0,7,0.9,1.0,0,False,False,False,,,,False,False,0,Risk-Adaptive-CVaR-MPC,733.5753235540317,493.3018605924418,497.7177420744827
454.0,554.0,0.0,0,-100.0,100.0,0.0,0.0,0.0,0.5853287179854656,0.0,100.0,True,0.008672844000102486,0,0,15,0,0.0,0.0,7,0.9,1.0,0,False,False,False,,,,False,False,0,Risk-Adaptive-CVaR-MPC,734.7433635971792,492.202278123308,499.0730846175301
467.0,567.0,0.0,0,-100.0,100.0,0.0,0.0,0.0,0.5863207814775291,0.0,100.0,True,0.010144359999685548,0,0,16,0,0.0,0.0,7,0.9,1.0,0,False,False,False,,,,False,False,0,Risk-Adaptive-CVaR-MPC,736.9004279727839,491.0342382067853,498.7489837934086
473.5,573.5,0.0,0,-100.0,100.0,0.0,0.0,0.0,0.5873128449695926,0.0,100.0,True,0.011439273999712896,0,0,17,0,0.0,0.0,7,0.9,1.0,0,False,False,False,,,,False,False,0,Risk-Adaptive-CVaR-MPC,738.3695561971638,491.09701381860975,497.48026788366906
470.0,570.0,0.0,0,-100.0,100.0,0.0,0.0,0.0,0.5883049084616561,0.0,100.0,True,0.010822789998201188,0,0,18,0,0.0,0.0,7,0.9,1.0,0,False,False,False,,,,False,False,0,Risk-Adaptive-CVaR-MPC,739.9872582154197,488.5968934803837,496.6411363423903
488.5,588.5,0.0,0,-100.0,100.0,0.0,0.0,0.0,0.5892969719537196,0.0,100.0,True,0.009083582001039758,0,0,19,0,0.0,0.0,7,0.9,1.0,0,False,False,False,,,,False,False,0,Risk-Adaptive-CVaR-MPC,741.4088887031289,486.5437843890829,498.4238098877578
518.0,618.0,0.0,0,-100.0,100.0,0.0,0.0,0.0,0.590289035445783,0.0,100.0,True,0.008384966997255106,0,0,20,0,0.0,0.0,7,0.9,1.0,0,False,False,False,,,,False,False,0,Risk-Adaptive-CVaR-MPC,741.1000684251247,487.4766144844559,500.0
545.0,645.0,0.0,0,-100.0,100.0,0.0,0.0,0.0,0.5912810989378465,0.0,100.0,True,0.009590462999767624,0,0,21,0,0.0,0.0,7,0.9,1.0,0,False,False,False,,,,False,False,0,Risk-Adaptive-CVaR-MPC,741.6169800863212,486.82387528527687,499.2303430473323
575.0,742.048331070016,0.0,0,-167.04833107001605,167.04833107001605,0.0,0.0,0.0,0.5929383244444935,0.0,4.8848876953125,True,0.050144852000812534,0,0,22,0,0.0,0.0,7,0.9,1.0,0,False,False,False,,,,False,False,0,Risk-Adaptive-CVaR-MPC,742.048331070016,487.672568850164,498.6232970753353
617.5,743.5893916719482,0.0,0,-126.08939167194819,126.08939167194819,0.0,0.0,0.0,0.5941892112666358,0.0,0.0,True,0.055483053998614196,0,0,23,0,0.0,0.0,7,0.9,1.0,0,False,False,False,,,,False,False,0,Risk-Adaptive-CVaR-MPC,743.5893916719482,488.1206962413391,499.2202923110006
657.0,745.564380582626,0.0,0,-88.56438058262597,88.56438058262597,0.0,0.0,0.0,0.5950678261533682,0.0,0.65997314453125,True,0.05329696500120917,0,0,24,0,0.0,0.0,7,0.9,1.0,0,False,False,False,,,,False,False,0,Risk-Adaptive-CVaR-MPC,745.564380582626,487.26638218156353,498.8131477805851
730.0,744.9279822747768,120.0,1,-134.9279822747768,134.9279822747768,0.0,0.0,0.0,0.5964063974060941,0.0,0.0,True,0.01564629899803549,1,0,25,0,0.0,0.0,7,0.9,1.0,0,False,False,False,,,,False,False,0,Risk-Adaptive-CVaR-MPC,744.9279822747768,489.1815521200424,497.5995352460528
707.0,745.1941281761532,120.0,1,-158.19412817615319,158.19412817615319,0.0,0.0,0.0,0.5979757835983178,0.0,60.38543701171875,True,0.05522301499877358,0,0,26,0,0.0,0.0,7,0.9,1.0,0,False,False,False,,,,False,False,0,Risk-Adaptive-CVaR-MPC,745.1941281761532,491.2854807746429,498.21270246029366
751.5,746.2041861030722,120.0,1,-114.70418610307217,114.70418610307217,0.0,0.0,0.0,0.599113721952515,0.0,32.6815185546875,True,0.14425411399861332,0,0,27,0,0.0,0.0,7,0.9,1.0,0,False,False,False,,,,False,False,0,Risk-Adaptive-CVaR-MPC,746.2041861030722,491.2566444174501,497.4743020355261
830.0,745.1317667245866,120.0,1,-35.131766724586555,35.131766724586555,0.0,0.0,0.0,0.5994622513843065,0.0,0.0,True,0.04941923399746884,0,0,28,0,0.0,0.0,7,0.9,1.0,0,False,False,False,,,,False,False,0,Risk-Adaptive-CVaR-MPC,745.1317667245866,491.7460440168969,495.237702966437
857.0,752.0602743758809,135.26839994052534,1,-30.32867431640625,30.32867431640625,0.0,0.0,0.0,0.5997631310898265,0.0,30.32867431640625,True,0.047855313001491595,0,0,29,0,0.0,0.0,7,0.9,1.0,0,False,False,False,,,,False,False,0,Risk-Adaptive-CVaR-MPC,752.0602743758809,493.2821189965241,494.7779421411456
938.5,749.5348380855035,165.26839994052534,1,23.696761973971206,0.0,23.696761973971206,0.0,0.0,0.5995026469631285,0.0,0.0,True,0.05021016499813413,0,0,30,0,0.0,0.0,7,0.9,1.0,0,False,False,False,,,,False,False,0,Risk-Adaptive-CVaR-MPC,749.5348380855035,495.8181104667891,493.8524224373101
1011.0,749.2489637278605,195.26839994052534,1,66.48263633161412,0.0,66.48263633161412,0.0,0.0,0.5987718436793531,0.0,0.0,True,0.02975420399889117,0,0,31,0,0.0,0.0,7,0.9,1.0,0,False,False,False,,,,False,False,0,Risk-Adaptive-CVaR-MPC,749.2489637278605,493.6642303542334,493.9592180639143
1113.0,747.0879643107479,345.26839994052534,2,20.64363574872675,0.0,20.64363574872675,0.0,0.0,0.5985449207168072,0.0,0.0,True,0.061628076997294556,1,0,32,0,0.0,0.0,7,0.9,1.0,0,False,False,False,,,,False,False,0,Risk-Adaptive-CVaR-MPC,747.0879643107479,494.2080787006299,493.8400814336675
1171.0,746.2266346825783,405.26839994052534,2,19.504965376896394,0.0,19.504965376896394,0.0,0.0,0.5983305144667863,0.0,0.0,True,0.02300443399872165,0,0,33,0,0.0,0.0,7,0.9,1.0,0,False,False,False,,,,False,False,0,Risk-Adaptive-CVaR-MPC,746.2266346825783,495.1612953292087,494.2105583439886
1242.5,745.7606726627819,465.26839994052534,2,31.470927396692787,0.0,31.470927396692787,0.0,0.0,0.5979845736564634,0.0,0.0,True,0.04246750300080748,0,0,34,0,0.0,0.0,7,0.9,1.0,0,False,False,False,,,,False,False,0,Risk-Adaptive-CVaR-MPC,745.7606726627819,494.6459014589674,494.3375851238732
1237.5,744.2806902282654,480.0,2,13.219309771734515,0.0,13.219309771734515,0.0,0.0,0.5978392618047756,0.0,0.0,True,0.028819423001550604,0,0,35,0,0.0,0.0,7,0.9,1.0,0,False,False,False,,,,False,False,0,Risk-Adaptive-CVaR-MPC,744.2806902282654,495.26255503918514,495.0558076122099
1242.5,742.3026281801708,480.0,2,20.197371819829215,0.0,20.197371819829215,0.0,0.0,0.5976172443508356,0.0,0.0,True,0.044044152993592434,0,0,36,0,0.0,0.0,7,0.9,1.0,0,False,False,False,,,,False,False,0,Risk-Adaptive-CVaR-MPC,742.3026281801708,498.8798893375092,495.4954341179324
1238.5,738.5971087084116,480.0,2,19.902891291588276,0.0,19.902891291588276,0.0,0.0,0.5973984639426706,0.0,0.0,True,0.023908160997962113,0,0,37,0,0.0,0.0,7,0.9,1.0,0,False,False,False,,,,False,False,0,Risk-Adaptive-CVaR-MPC,738.5971087084116,500.1534436750164,494.93140164778725
1243.0,736.7456288019514,480.0,2,26.25437119804863,0.0,26.25437119804863,0.0,0.0,0.5971098655695662,0.0,0.0,True,0.027442188998975325,0,0,38,0,0.0,0.0,7,0.9,1.0,0,False,False,False,,,,False,False,0,Risk-Adaptive-CVaR-MPC,736.7456288019514,498.2714841643714,494.6298358697029
1233.5,737.112003822218,480.0,2,16.387996177782043,0.0,16.387996177782043,0.0,0.0,0.5969297222707735,0.0,0.0,True,0.019326241003000177,0,0,39,0,0.0,0.0,7,0.9,1.0,0,False,False,False,,,,False,False,0,Risk-Adaptive-CVaR-MPC,737.112003822218,498.1143865421299,494.1068665023122
1190.0,739.9440442023196,480.0,2,-29.94404420231956,29.94404420231956,0.0,0.0,0.0,0.5972267862013521,0.0,29.94404420231956,True,0.03547548200003803,0,0,40,0,0.0,0.0,7,0.9,1.0,0,False,False,False,,,,False,False,0,Risk-Adaptive-CVaR-MPC,739.9440442023196,499.5525532775723,494.9667934501724
1099.0,741.582343129629,448.4176568703716,2,-91.00000000000045,91.00000000000045,0.0,0.0,0.0,0.5981295639791299,0.0,91.00000000000045,True,0.04643302299518837,0,0,41,0,0.0,0.0,7,0.9,1.0,0,False,False,False,,,,False,False,0,Risk-Adaptive-CVaR-MPC,741.582343129629,498.9146645672422,496.44491048133375
1046.0,744.3999246902893,388.4176568703716,2,-86.81758156066098,86.81758156066098,0.0,0.0,0.0,0.5989908495104856,0.0,86.81758156066098,True,0.09108809499593917,0,0,42,0,0.0,0.0,7,0.9,1.0,0,False,False,False,,,,False,False,0,Risk-Adaptive-CVaR-MPC,744.3999246902893,498.58483769526856,496.4417873166983
977.5,745.5445175810511,353.3889030225437,2,-121.43342060359475,121.43342060359475,0.0,0.0,0.0,0.6001955461434578,0.0,68.5,True,0.11700343700067606,0,0,43,0,0.0,0.0,7,0.9,1.0,0,False,False,False,,,,False,False,0,Risk-Adaptive-CVaR-MPC,745.5445175810511,498.75352293728514,497.4502255864163
910.5,743.9839878347473,233.51601216525273,1,-67.0,67.0,0.0,0.0,0.0,0.6008602286831404,0.0,67.0,True,0.0521516920052818,0,1,44,0,0.0,0.0,7,0.9,1.0,0,False,False,False,,,,False,False,0,Risk-Adaptive-CVaR-MPC,743.9839878347473,500.9074057550733,497.3961590039366
860.0,744.3627467955488,203.51601216525285,1,-87.87875896080163,87.87875896080163,0.0,0.0,0.0,0.6017320417680689,0.0,87.87875896080163,True,0.034387325002171565,0,0,45,0,0.0,0.0,7,0.9,1.0,0,False,False,False,,,,False,False,0,Risk-Adaptive-CVaR-MPC,744.3627467955488,501.88753142893927,498.2194732711282
794.5,720.9839878347472,173.51601216525285,1,-100.0,100.0,0.0,0.0,0.0,0.6027241052601324,0.0,100.0,True,0.07135546099743806,0,0,46,0,0.0,0.0,7,0.9,1.0,0,False,False,False,,,,False,False,0,Risk-Adaptive-CVaR-MPC,741.2576751293652,500.4352812390656,496.9995696271073
759.5,715.9839878347469,143.51601216525304,1,-100.0,100.0,0.0,0.0,0.0,0.6037161687521959,0.0,100.0,True,0.04846896199887851,0,0,47,0,0.0,0.0,7,0.9,1.0,0,False,False,False,,,,False,False,0,Risk-Adaptive-CVaR-MPC,740.6656039004868,498.9114214429575,496.664827136668
710.5,739.0959327252727,0.0,0,-28.595932725272746,28.595932725272746,0.0,0.0,0.0,0.6039998585609784,0.0,28.595932725272746,True,0.009989277998101898,0,1,48,0,0.0,0.0,7,0.9,1.0,0,False,False,False,,,,False,False,0,Risk-Adaptive-CVaR-MPC,739.0959327252727,498.673271823192,495.3239233446727
672.0,738.6892021737852,0.0,0,-66.68920217378525,66.68920217378525,0.0,0.0,0.0,0.6046614577888929,0.0,66.68920217378525,True,0.007636340997123625,0,0,49,0,0.0,0.0,7,0.9,1.0,0,False,False,False,,,,False,False,0,Risk-Adaptive-CVaR-MPC,738.6892021737852,500.103129743054,494.0367668601618
639.5,739.5,0.0,0,-100.0,100.0,0.0,0.0,0.0,0.6056535212809564,0.0,100.0,True,0.009638798001105897,0,0,50,0,0.0,0.0,7,0.9,1.0,0,False,False,False,,,,False,False,0,Risk-Adaptive-CVaR-MPC,743.4751903954183,499.728947655564,493.9857796315444
604.5,704.5,0.0,0,-100.0,100.0,0.0,0.0,0.0,0.6066455847730199,0.0,100.0,True,0.007874944996729027,0,0,51,0,0.0,0.0,7,0.9,1.0,0,False,False,False,,,,False,False,0,Risk-Adaptive-CVaR-MPC,742.6633879457313,498.1455678009058,494.40766448204425
584.5,684.5,0.0,0,-100.0,100.0,0.0,0.0,0.0,0.6076376482650834,0.0,100.0,True,0.00916596400202252,0,0,52,0,0.0,0.0,7,0.9,1.0,0,False,False,False,,,,False,False,0,Risk-Adaptive-CVaR-MPC,742.509532908986,498.81547802541394,494.6881401354576
557.5,657.5,0.0,0,-100.0,100.0,0.0,0.0,0.0,0.6086297117571469,0.0,100.0,True,0.009090173000004143,0,0,53,0,0.0,0.0,7,0.9,1.0,0,False,False,False,,,,False,False,0,Risk-Adaptive-CVaR-MPC,740.2405286120797,499.05093401642426,494.27154930164846
489.0,589.0,0.0,0,-100.0,100.0,0.0,0.0,0.0,0.6096217752492104,0.0,100.0,True,0.010587809003482107,0,0,54,0,0.0,0.0,7,0.9,1.0,0,False,False,False,,,,False,False,0,Risk-Adaptive-CVaR-MPC,741.3200123152591,499.50980813466265,494.9725229298059
505.5,605.5,0.0,0,-100.0,100.0,0.0,0.0,0.0,0.6106138387412738,0.0,100.0,True,0.009130780999839772,0,0,55,0,0.0,0.0,7,0.9,1.0,0,False,False,False,,,,False,False,0,Risk-Adaptive-CVaR-MPC,738.208225612265,498.5599620115047,496.1205796952143
461.5,561.5,0.0,0,-100.0,100.0,0.0,0.0,0.0,0.6116059022333373,0.0,100.0,True,0.009534147000522353,0,0,56,0,0.0,0.0,7,0.9,1.0,0,False,False,False,,,,False,False,0,Risk-Adaptive-CVaR-MPC,739.0150499932696,498.1501119978768,495.5678707596934
437.5,537.5,0.0,0,-100.0,100.0,0.0,0.0,0.0,0.6125979657254008,0.0,100.0,True,0.011391674001060892,0,0,57,0,0.0,0.0,7,0.9,1.0,0,False,False,False,,,,False,False,0,Risk-Adaptive-CVaR-MPC,742.6192287869869,499.3742438295977,495.1970518329948
452.5,552.5,0.0,0,-100.0,100.0,0.0,0.0,0.0,0.6135900292174643,0.0,100.0,True,0.00828052099677734,0,0,58,0,0.0,0.0,7,0.9,1.0,0,False,False,False,,,,False,False,0,Risk-Adaptive-CVaR-MPC,741.938511162465,501.38207777778746,494.7412533539581
448.5,548.5,0.0,0,-100.0,100.0,0.0,0.0,0.0,0.6145820927095278,0.0,100.0,True,0.00971432399819605,0,0,59,0,0.0,0.0,7,0.9,1.0,0,False,False,False,,,,False,False,0,Risk-Adaptive-CVaR-MPC,740.7497101003071,500.5166705172743,494.532589007089
470.5,413.54570659164335,0.0,0,56.95429340835665,0.0,56.95429340835665,0.0,0.0,0.6139560287183178,0.0,0.0,True,0.010316516003513243,0,0,60,0,0.0,0.0,7,0.9,1.0,0,False,False,False,,,,False,False,0,Risk-Adaptive-CVaR-MPC,413.54570659164335,358.0672799939608,253.1425901065692
420.0,413.3227129621963,0.0,0,6.677287037803694,0.0,6.677287037803694,0.0,0.0,0.6138826293532625,0.0,0.0,True,0.05152793000161182,0,0,61,0,0.0,0.0,7,0.9,1.0,0,False,False,False,,,,False,False,0,Risk-Adaptive-CVaR-MPC,413.3227129621963,356.9304917788613,246.0770286982968
451.5,414.254209211789,0.0,0,37.245790788211025,0.0,37.245790788211025,0.0,0.0,0.613473208973495,0.0,0.0,True,0.010811783002282027,0,0,62,0,0.0,0.0,7,0.9,1.0,0,False,False,False,,,,False,False,0,Risk-Adaptive-CVaR-MPC,414.254209211789,356.7771472290957,242.80604852330103
410.5,413.697627961558,0.0,0,-3.1976279615579983,3.1976279615579983,0.0,0.0,0.0,0.6135049314731136,0.0,3.1976279615579983,True,0.04735450499720173,0,0,63,0,0.0,0.0,7,0.9,1.0,0,False,False,False,,,,False,False,0,Risk-Adaptive-CVaR-MPC,413.697627961558,356.6001565560189,242.68185024042447
414.5,414.12289581643057,0.0,0,0.37710418356943975,0.0,0.37710418356943975,0.0,0.0,0.6135007861956263,0.0,0.0,True,0.012826390004192945,0,0,64,0,0.0,0.0,7,0.9,1.0,0,False,False,False,,,,False,False,0,Risk-Adaptive-CVaR-MPC,414.12289581643057,358.98337287797307,247.8436906989175
420.0,415.590425159644,0.0,0,4.4095748403560275,0.0,4.4095748403560275,0.0,0.0,0.6134523144148547,0.0,0.0,True,0.03321096299623605,0,0,65,0,0.0,0.0,7,0.9,1.0,0,False,False,False,,,,False,False,0,Risk-Adaptive-CVaR-MPC,415.590425159644,358.90486426552,247.46407076506432
409.5,416.4395334791397,0.0,0,-6.939533479139698,6.939533479139698,0.0,0.0,0.0,0.6135211589930207,0.0,6.939533479139698,True,0.04481953500362579,0,0,66,0,0.0,0.0,7,0.9,1.0,0,False,False,False,,,,False,False,0,Risk-Adaptive-CVaR-MPC,416.4395334791397,358.43185839196843,248.6246651097868
386.5,419.226782341745,0.0,0,-32.72678234174498,32.72678234174498,0.0,0.0,0.0,0.6138458294527602,0.0,32.72678234174498,True,0.04200275900075212,0,0,67,0,0.0,0.0,7,0.9,1.0,0,False,False,False,,,,False,False,0,Risk-Adaptive-CVaR-MPC,419.226782341745,354.91491190893646,245.30111257767723
438.0,417.3625415520037,0.0,0,20.637458447996323,0.0,20.637458447996323,0.0,0.0,0.6136189743935333,0.0,0.0,True,0.010758526004792657,0,0,68,0,0.0,0.0,7,0.9,1.0,0,False,False,False,,,,False,False,0,Risk-Adaptive-CVaR-MPC,417.3625415520037,355.8082884081241,240.29836908038376
444.5,418.91755801666255,0.0,0,25.582441983337446,0.0,25.582441983337446,0.0,0.0,0.6133377621306025,0.0,0.0,True,0.05279516500013415,0,0,69,0,0.0,0.0,7,0.9,1.0,0,False,False,False,,,,False,False,0,Risk-Adaptive-CVaR-MPC,418.91755801666255,354.713346012281,241.9489420732332
466.5,421.33396182168775,0.0,0,45.16603817831225,0.0,45.16603817831225,0.0,0.0,0.6128412792767759,0.0,0.0,True,0.05412548100139247,0,0,70,0,0.0,0.0,7,0.9,1.0,0,False,False,False,,,,False,False,0,Risk-Adaptive-CVaR-MPC,421.33396182168775,353.45679460280826,242.29523849721312
457.0,422.6053753211952,0.0,0,34.3946246788048,0.0,34.3946246788048,0.0,0.0,0.6124632000361435,0.0,0.0,True,0.04560550300084287,0,0,71,0,0.0,0.0,7,0.9,1.0,0,False,False,False,,,,False,False,0,Risk-Adaptive-CVaR-MPC,422.6053753211952,350.4294967084599,245.7642970137105
453.5,423.0936319525864,0.0,0,30.406368047413594,0.0,30.406368047413594,0.0,0.0,0.6121289612808406,0.0,0.0,True,0.05791044299985515,0,0,72,0,0.0,0.0,7,0.9,1.0,0,False,False,False,,,,False,False,0,Risk-Adaptive-CVaR-MPC,423.0936319525864,352.1358863146137,242.0935937856295
462.0,423.68819183137134,0.0,0,38.31180816862866,0.0,38.31180816862866,0.0,0.0,0.6117078228188014,0.0,0.0,True,0.06342359200061765,0,0,73,0,0.0,0.0,7,0.9,1.0,0,False,False,False,,,,False,False,0,Risk-Adaptive-CVaR-MPC,423.68819183137134,346.4000447805813,235.8809100361963
456.5,423.2515165673005,0.0,0,33.248483432699516,0.0,33.248483432699516,0.0,0.0,0.6113423424134822,0.0,0.0,True,0.045963609001773875,0,0,74,0,0.0,0.0,7,0.9,1.0,0,False,False,False,,,,False,False,0,Risk-Adaptive-CVaR-MPC,423.2515165673005,348.45393887479645,231.8811079466187
462.5,421.0679227159404,0.0,0,41.432077284059574,0.0,41.432077284059574,0.0,0.0,0.6108869047262371,0.0,0.0,True,0.0357077209991985,0,0,75,0,0.0,0.0,7,0.9,1.0,0,False,False,False,,,,False,False,0,Risk-Adaptive-CVaR-MPC,421.0679227159404,346.8194140867984,241.00520314006872
501.0,419.87958203524687,0.0,0,81.12041796475313,0.0,81.12041796475313,0.0,0.0,0.6099951971902398,0.0,0.0,True,0.13065485400147736,0,0,76,0,0.0,0.0,7,0.9,1.0,0,False,False,False,,,,False,False,0,Risk-Adaptive-CVaR-MPC,419.87958203524687,348.44028932530944,234.57091243745936
500.0,419.0937011839578,0.0,0,80.90629881604218,0.0,80.90629881604218,0.0,0.0,0.6091058433361304,0.0,0.0,True,0.02946417200291762,0,0,77,0,0.0,0.0,7,0.9,1.0,0,False,False,False,,,,False,False,0,Risk-Adaptive-CVaR-MPC,419.0937011839578,346.8556484040841,230.4502403788429
536.0,416.80010344587225,120.0,1,-0.8001034458723097,0.8001034458723097,0.0,0.0,0.0,0.6091137808703156,0.0,0.0,True,0.0165696600015508,1,0,78,0,0.0,0.0,7,0.9,1.0,0,False,False,False,,,,False,False,0,Risk-Adaptive-CVaR-MPC,416.80010344587225,347.19412084161445,227.2053056269225
543.5,418.5637549202078,138.29494869307334,1,-13.358703613281136,13.358703613281136,0.0,0.0,0.0,0.6092463076918759,0.0,13.358703613281136,True,0.03826289299468044,0,0,79,0,0.0,0.0,7,0.9,1.0,0,False,False,False,,,,False,False,0,Risk-Adaptive-CVaR-MPC,418.5637549202078,347.6063573656796,229.30414223033452
565.5,417.1763969116492,162.59008258053828,1,-14.2664794921875,14.2664794921875,0.0,0.0,0.0,0.6093878402265207,0.0,14.2664794921875,True,0.033392956996976864,0,0,80,0,0.0,0.0,7,0.9,1.0,0,False,False,False,,,,False,False,0,Risk-Adaptive-CVaR-MPC,417.1763969116492,347.38153817438376,231.2872522728209
636.5,417.8484500995961,192.59008258053828,1,26.061467319865606,0.0,26.061467319865606,0.0,0.0,0.6091013623287075,0.0,0.0,True,0.029712814997765236,0,0,81,0,0.0,0.0,7,0.9,1.0,0,False,False,False,,,,False,False,0,Risk-Adaptive-CVaR-MPC,417.8484500995961,348.7537443706897,233.4521465515977
755.5,419.7979999494361,342.59008258053825,2,-6.8880825299743265,6.8880825299743265,0.0,0.0,0.0,0.6091696964807906,0.0,0.0,True,0.010776620998512954,1,0,82,0,0.0,0.0,7,0.9,1.0,0,False,False,False,,,,False,False,0,Risk-Adaptive-CVaR-MPC,419.7979999494361,348.7539708384597,241.91964392195143
848.0,418.6319972762496,349.69256746598296,2,79.6754352577675,0.0,79.6754352577675,0.0,0.0,0.6082938727629679,0.0,0.0,True,0.009616743001970463,0,0,83,0,0.0,0.0,7,0.9,1.0,0,False,False,False,,,,False,False,0,Risk-Adaptive-CVaR-MPC,418.6319972762496,349.69256746598296,244.0822799345176
947.0,424.3585727225434,349.0517219855798,2,173.58970529187684,0.0,173.58970529187684,0.0,0.0,0.6063857064558418,0.0,0.0,True,0.008753606998652685,0,0,84,0,0.0,0.0,7,0.9,1.0,0,False,False,False,,,,False,False,0,Risk-Adaptive-CVaR-MPC,424.3585727225434,349.0517219855798,247.38866439293625
907.0,420.3351805952629,349.5960459161452,2,137.0687734885919,0.0,137.0687734885919,0.0,0.0,0.60487899259346,0.0,0.0,True,0.008201470001949929,0,0,85,0,0.0,0.0,7,0.9,1.0,0,False,False,False,,,,False,False,0,Risk-Adaptive-CVaR-MPC,420.3351805952629,349.5960459161452,253.14140208627884
861.0,419.2996956717764,348.72383677681194,2,92.97646755141159,0.0,92.97646755141159,0.0,0.0,0.6038569586978503,0.0,0.0,True,0.00990533199365018,0,0,86,0,0.0,0.0,7,0.9,1.0,0,False,False,False,,,,False,False,0,Risk-Adaptive-CVaR-MPC,419.2996956717764,348.72383677681194,258.3766340406881
811.5,419.0205985090185,350.93911261200634,2,41.54028887897519,0.0,41.54028887897519,0.0,0.0,0.6034003315061982,0.0,0.0,True,0.00986909499624744,0,0,87,0,0.0,0.0,7,0.9,1.0,0,False,False,False,,,,False,False,0,Risk-Adaptive-CVaR-MPC,419.0205985090185,350.93911261200634,260.2707561272328
817.5,419.2042825976607,352.6389323668799,2,45.65678503545939,0.0,45.65678503545939,0.0,0.0,0.6028984541699248,0.0,0.0,True,0.00952624799538171,0,0,88,0,0.0,0.0,7,0.9,1.0,0,False,False,False,,,,False,False,0,Risk-Adaptive-CVaR-MPC,419.2042825976607,352.6389323668799,255.7299867853106
853.5,421.5810168721316,354.07626764632795,2,77.84271548154038,0.0,77.84271548154038,0.0,0.0,0.6020427764286249,0.0,0.0,True,0.008836654997139703,0,0,89,0,0.0,0.0,7,0.9,1.0,0,False,False,False,,,,False,False,0,Risk-Adaptive-CVaR-MPC,421.5810168721316,354.07626764632795,249.7289580116759
924.0,422.42555310890873,354.6259581633153,2,146.94848872777595,0.0,146.94848872777595,0.0,0.0,0.6004274608509991,0.0,0.0,True,0.010253542001009919,0,0,90,0,0.0,0.0,7,0.9,1.0,0,False,False,False,,,,False,False,0,Risk-Adaptive-CVaR-MPC,422.42555310890873,354.6259581633153,243.07308647815745
957.5,425.8041924952242,353.22774074986376,2,178.46806675491212,0.0,178.46806675491212,0.0,0.0,0.598465669676188,0.0,0.0,True,0.009297620999859646,0,0,91,0,0.0,0.0,7,0.9,1.0,0,False,False,False,,,,False,False,0,Risk-Adaptive-CVaR-MPC,425.8041924952242,353.22774074986376,238.70057449949377
1018.0,423.1978277505029,353.4556345192363,2,241.34653773026082,0.0,241.34653773026082,0.0,0.0,0.5958126936205855,0.0,0.0,True,0.017424230005417485,0,0,92,0,0.0,0.0,7,0.9,1.0,0,False,False,False,,,,False,False,0,Risk-Adaptive-CVaR-MPC,423.1978277505029,353.4556345192363,250.69466863209988
1133.5,422.8129556588519,351.7349790998068,2,250.1753313153127,0.0,250.1753313153127,108.77673392602856,0.0,0.5930626679938508,0.0,0.0,True,0.010552259998803493,0,0,93,0,0.0,0.0,7,0.9,1.0,0,False,False,False,,,,False,False,0,Risk-Adaptive-CVaR-MPC,422.8129556588519,351.7349790998068,250.1753313153127
1166.0,422.9402046587536,353.75524999090953,2,246.1058313377093,0.0,246.1058313377093,143.19871401262756,0.0,0.5903573759112571,0.0,0.0,True,0.00905173500359524,0,0,94,0,0.0,0.0,7,0.9,1.0,0,False,False,False,,,,False,False,0,Risk-Adaptive-CVaR-MPC,422.9402046587536,353.75524999090953,246.1058313377093
1243.5,425.4746901485171,351.8346472726455,2,245.188374162884,0.0,245.188374162884,221.00228841595342,0.0,0.5876621688787319,0.0,0.0,True,0.018260251003084704,0,0,95,0,0.0,0.0,7,0.9,1.0,0,False,False,False,,,,False,False,0,Risk-Adaptive-CVaR-MPC,425.4746901485171,351.8346472726455,245.188374162884
1242.0,422.7130024297612,354.3946682188801,2,239.06786041057867,0.0,239.06786041057867,225.8244689407801,0.0,0.585034240940349,0.0,0.0,True,0.011487171999760903,0,0,96,0,0.0,0.0,7,0.9,1.0,0,False,False,False,,,,False,False,0,Risk-Adaptive-CVaR-MPC,422.7130024297612,354.3946682188801,239.06786041057867
1245.0,421.6498883346552,354.37280723278883,2,241.28716984253097,0.0,241.28716984253097,227.69013459002494,0.0,0.5823819174799157,0.0,0.0,True,0.011782600995502435,0,0,97,0,0.0,0.0,7,0.9,1.0,0,False,False,False,,,,False,False,0,Risk-Adaptive-CVaR-MPC,421.6498883346552,354.37280723278883,241.28716984253097
1245.0,418.39221098300936,354.1602433377875,2,244.0358995860216,0.0,244.0358995860216,228.41164609318153,0.0,0.579699378901166,0.0,0.0,True,0.01683689899800811,0,0,98,0,0.0,0.0,7,0.9,1.0,0,False,False,False,,,,False,False,0,Risk-Adaptive-CVaR-MPC,418.39221098300936,354.1602433377875,244.0358995860216
1206.5,413.7937802236788,354.07929134466207,2,246.73934831388465,0.0,246.73934831388465,191.8875801177744,0.0,0.5769871229508309,0.0,0.0,True,0.01049082900135545,0,0,99,0,0.0,0.0,7,0.9,1.0,0,False,False,False,,,,False,False,0,Risk-Adaptive-CVaR-MPC,413.7937802236788,354.07929134466207,246.73934831388465
1131.5,413.7556244814299,353.0951540697513,2,243.0808098485129,0.0,243.0808098485129,121.56841160030595,0.0,0.5743150830940781,0.0,0.0,True,0.018828953994670883,0,0,100,0,0.0,0.0,7,0.9,1.0,0,False,False,False,,,,False,False,0,Risk-Adaptive-CVaR-MPC,413.7556244814299,353.0951540697513,243.0808098485129
1067.0,412.0012687840303,352.91487406747825,2,244.2640825994471,0.0,244.2640825994471,57.81977454904438,0.0,0.5716300362379086,0.0,0.0,True,0.018675146995519754,0,0,101,0,0.0,0.0,7,0.9,1.0,0,False,False,False,,,,False,False,0,Risk-Adaptive-CVaR-MPC,412.0012687840303,352.91487406747825,244.2640825994471
982.5,410.3221812435112,352.02005846436685,2,220.15776029212205,0.0,220.15776029212205,0.0,0.0,0.5692099755566867,0.0,0.0,True,0.019485948003421072,0,0,102,0,0.0,0.0,7,0.9,1.0,0,False,False,False,,,,False,False,0,Risk-Adaptive-CVaR-MPC,410.3221812435112,352.02005846436685,244.5489212209781
923.5,408.82583176728167,352.99285837034085,2,161.68130986237747,0.0,161.68130986237747,0.0,0.0,0.5674327110152633,0.0,0.0,True,0.012720390004687943,0,0,103,0,0.0,0.0,7,0.9,1.0,0,False,False,False,,,,False,False,0,Risk-Adaptive-CVaR-MPC,408.82583176728167,352.99285837034085,245.5481765084475
882.5,408.3054190102386,352.81942560589493,2,121.37515538386651,0.0,121.37515538386651,0.0,0.0,0.5660985075748215,0.0,0.0,True,0.014805116996285506,0,0,104,0,0.0,0.0,7,0.9,1.0,0,False,False,False,,,,False,False,0,Risk-Adaptive-CVaR-MPC,408.3054190102386,352.81942560589493,255.4703372094583
835.5,407.4069685425248,353.9761878569181,2,74.1168436005571,0.0,74.1168436005571,0.0,0.0,0.5652837860824881,0.0,0.0,True,0.014762949002033565,0,0,105,0,0.0,0.0,7,0.9,1.0,0,False,False,False,,,,False,False,0,Risk-Adaptive-CVaR-MPC,407.4069685425248,353.9761878569181,253.6962603337586
759.0,406.3241420855706,352.1653662991863,2,0.5104916152431542,0.0,0.5104916152431542,0.0,0.0,0.5652781745578954,0.0,0.0,True,0.01283075800165534,0,0,106,0,0.0,0.0,7,0.9,1.0,0,False,False,False,,,,False,False,0,Risk-Adaptive-CVaR-MPC,406.3241420855706,352.1653662991863,248.72197145216464
719.5,405.82656007382576,353.17343992617424,2,-39.5,39.5,0.0,0.0,0.0,0.5656700396372605,0.0,39.5,True,0.07645682500151452,0,0,107,0,0.0,0.0,7,0.9,1.0,0,False,False,False,,,,False,False,0,Risk-Adaptive-CVaR-MPC,405.82656007382576,354.74602465746744,254.96811392517864
731.5,404.847464724008,349.22284507077484,2,-22.570309794782766,22.570309794782766,0.0,0.0,0.0,0.5658939514407801,0.0,0.0,True,0.11109817800024757,0,0,108,0,0.0,0.0,7,0.9,1.0,0,False,False,False,,,,False,False,0,Risk-Adaptive-CVaR-MPC,404.847464724008,355.70907363911056,253.39248283830463
633.0,403.54410810463486,327.95589189536383,2,-98.49999999999864,98.49999999999864,0.0,0.0,0.0,0.5668711339804626,0.0,98.49999999999864,True,0.06457007800054271,0,0,109,0,0.0,0.0,7,0.9,1.0,0,False,False,False,,,,False,False,0,Risk-Adaptive-CVaR-MPC,403.54410810463486,355.1890711309601,260.08577177269456
637.0,402.1576689352825,240.0,1,-5.157668935282516,5.157668935282516,0.0,0.0,0.0,0.5669223013310111,0.0,5.157668935282516,True,0.18099189100030344,0,1,110,0,0.0,0.0,7,0.9,1.0,0,False,False,False,,,,False,False,0,Risk-Adaptive-CVaR-MPC,402.1576689352825,358.10350405250966,254.14412102824903
573.0,405.7166876079053,231.2833123920954,1,-64.00000000000068,64.00000000000068,0.0,0.0,0.0,0.5675572219659317,0.0,64.00000000000068,True,0.035713473000214435,0,0,111,0,0.0,0.0,7,0.9,1.0,0,False,False,False,,,,False,False,0,Risk-Adaptive-CVaR-MPC,405.7166876079053,354.2133027028461,254.0825665688096
594.0,405.8299483800057,201.2833123920954,1,-13.113260772101114,13.113260772101114,0.0,0.0,0.0,0.5676873138386708,0.0,13.113260772101114,True,0.04020822500024224,0,0,112,0,0.0,0.0,7,0.9,1.0,0,False,False,False,,,,False,False,0,Risk-Adaptive-CVaR-MPC,405.8299483800057,355.2324242915776,254.93856863878423
581.0,402.8671552625024,201.09446978100965,1,-22.96162504351209,22.96162504351209,0.0,0.0,0.0,0.567915107737912,0.0,13.0,True,0.03829290800058516,0,0,113,0,0.0,0.0,7,0.9,1.0,0,False,False,False,,,,False,False,0,Risk-Adaptive-CVaR-MPC,402.8671552625024,355.57110720175734,255.2633403752409
545.5,401.3544054603985,179.64559453960152,1,-35.5,35.5,0.0,0.0,0.0,0.5682672902775945,0.0,35.5,True,0.04066726900055073,0,0,114,0,0.0,0.0,7,0.9,1.0,0,False,False,False,,,,False,False,0,Risk-Adaptive-CVaR-MPC,401.3544054603985,353.07283528078665,253.505626294304
524.0,402.7889763454029,163.67916344126525,1,-42.46813978666813,42.46813978666813,0.0,0.0,0.0,0.5686886011881765,0.0,21.5,True,0.09935706199757988,0,0,115,0,0.0,0.0,7,0.9,1.0,0,False,False,False,,,,False,False,0,Risk-Adaptive-CVaR-MPC,402.7889763454029,352.5705424618976,251.77583388279373
527.5,399.2798468127973,172.31976493727424,1,-44.09961175007156,44.09961175007156,0.0,0.0,0.0,0.5691260973364908,0.0,0.0,True,0.1445293689976097,0,0,116,0,0.0,0.0,7,0.9,1.0,0,False,False,False,,,,False,False,0,Risk-Adaptive-CVaR-MPC,399.2798468127973,350.3524364321486,251.781189042844
498.5,400.3361088197247,184.0660926387362,1,-85.9022014584609,85.9022014584609,0.0,0.0,0.0,0.569978301716039,0.0,29.0,True,0.16534234300343087,0,0,117,0,0.0,0.0,7,0.9,1.0,0,False,False,False,,,,False,False,0,Risk-Adaptive-CVaR-MPC,400.3361088197247,348.51878788563977,248.4317477816176
526.5,403.620352049478,154.0660926387362,1,-31.18644468821421,31.18644468821421,0.0,0.0,0.0,0.5702876910482634,0.0,16.989342984311975,True,0.0864061579995905,0,0,118,0,0.0,0.0,7,0.9,1.0,0,False,False,False,,,,False,False,0,Risk-Adaptive-CVaR-MPC,403.620352049478,346.8927176536537,251.36304081165133
474.0,402.7417314183853,168.22975698830612,1,-96.97148840669144,96.97148840669144,0.0,0.0,0.0,0.5712497097824567,0.0,52.5,True,0.10016282799915643,0,0,119,0,0.0,0.0,7,0.9,1.0,0,False,False,False,,,,False,False,0,Risk-Adaptive-CVaR-MPC,402.7417314183853,345.94765339221175,250.7237859538213
495.0,401.1261485505162,138.22975698830612,1,-44.3559055388223,44.3559055388223,0.0,0.0,0.0,0.5716897485278816,0.0,0.0,True,0.18247948899806943,0,0,120,0,0.0,0.0,7,0.9,1.0,0,False,False,False,,,,False,False,0,Risk-Adaptive-CVaR-MPC,401.1261485505162,345.9669755911226,246.59252714370328
490.5,399.8295853873071,135.07438051339813,1,-44.40396590070521,44.40396590070521,0.0,0.0,0.0,0.5721302640626108,0.0,4.5,True,0.11138751600083197,0,0,121,0,0.0,0.0,7,0.9,1.0,0,False,False,False,,,,False,False,0,Risk-Adaptive-CVaR-MPC,399.8295853873071,350.0723431957108,239.40590587823104
434.0,401.0632674301074,120.0,1,-87.06326743010732,87.06326743010732,0.0,0.0,0.0,0.5729939869537825,0.0,56.49999999999994,True,0.13862701399921207,0,0,122,0,0.0,0.0,7,0.9,1.0,0,False,False,False,,,,False,False,0,Risk-Adaptive-CVaR-MPC,401.0632674301074,349.8493196836926,248.27753328344195
470.0,399.2028028950855,147.20219254229772,1,-76.40499543738314,76.40499543738314,0.0,0.0,0.0,0.5737519730196295,0.0,0.0,True,0.12746595600037836,0,0,123,0,0.0,0.0,7,0.9,1.0,0,False,False,False,,,,False,False,0,Risk-Adaptive-CVaR-MPC,399.2028028950855,350.68248636047065,256.4479460658452
451.5,400.95353978845753,133.8148840809938,1,-83.26842386945134,83.26842386945134,0.0,0.0,0.0,0.574578048653255,0.0,21.15982055664125,True,0.1440513280031155,0,0,124,0,0.0,0.0,7,0.9,1.0,0,False,False,False,,,,False,False,0,Risk-Adaptive-CVaR-MPC,400.95353978845753,351.00133885128554,251.80507590643936
453.5,401.01367888391616,127.45201347439712,1,-74.96569235831328,74.96569235831328,0.0,0.0,0.0,0.5753217559187145,0.0,2.704376220703125,True,0.1064482069996302,0,0,125,0,0.0,0.0,7,0.9,1.0,0,False,False,False,,,,False,False,0,Risk-Adaptive-CVaR-MPC,401.01367888391616,350.5934550055358,257.18579988941013
451.0,404.3596518359118,129.863092419317,1,-83.2227442552288,83.2227442552288,0.0,0.0,0.0,0.5761473783815639,0.0,4.84393310546875,True,0.12861965499905637,0,0,126,0,0.0,0.0,7,0.9,1.0,0,False,False,False,,,,False,False,0,Risk-Adaptive-CVaR-MPC,404.3596518359118,350.6567910213104,252.89664533311327
493.0,402.8719580957941,130.55458061631063,1,-40.42653871210476,40.42653871210476,0.0,0.0,0.0,0.5765484353132316,0.0,0.0,True,0.1221693650004454,0,0,127,0,0.0,0.0,7,0.9,1.0,0,False,False,False,,,,False,False,0,Risk-Adaptive-CVaR-MPC,402.8719580957941,352.24866976525243,257.7830395189874
453.5,398.9258745988864,120.0,1,-65.42587459888638,65.42587459888638,0.0,0.0,0.0,0.5771975015294905,0.0,39.50000000000023,True,0.14912993199686753,0,0,128,0,0.0,0.0,7,0.9,1.0,0,False,False,False,,,,False,False,0,Risk-Adaptive-CVaR-MPC,398.9258745988864,350.5123060874436,261.0141079608851
496.5,399.8621937526488,120.00000000000009,1,-23.362193752648885,23.362193752648885,0.0,0.0,0.0,0.5774292693246557,0.0,0.0,True,0.13243898200016702,0,0,129,0,0.0,0.0,7,0.9,1.0,0,False,False,False,,,,False,False,0,Risk-Adaptive-CVaR-MPC,399.8621937526488,350.9221100169377,257.0178655282974
446.5,399.6833852120226,120.0,1,-73.18338521202259,73.18338521202259,0.0,0.0,0.0,0.5781552949716003,0.0,50.0,True,0.1477438079964486,0,0,130,0,0.0,0.0,7,0.9,1.0,0,False,False,False,,,,False,False,0,Risk-Adaptive-CVaR-MPC,399.6833852120226,349.65104116309425,257.06600206850385
451.0,398.55344985557065,121.00539477204916,1,-68.5588446276198,68.5588446276198,0.0,0.0,0.0,0.5788354422397315,0.0,22.79327392578125,True,0.1321137990016723,0,0,131,0,0.0,0.0,7,0.9,1.0,0,False,False,False,,,,False,False,0,Risk-Adaptive-CVaR-MPC,398.55344985557065,349.506262001049,265.1957720372524
456.5,399.3452799419243,120.00000000000009,1,-62.84527994192434,62.84527994192434,0.0,0.0,0.0,0.5794589073185205,0.0,8.303192138671932,True,0.13513609799701953,0,0,132,0,0.0,0.0,7,0.9,1.0,0,False,False,False,,,,False,False,0,Risk-Adaptive-CVaR-MPC,399.3452799419243,349.410023308801,270.3369812571165
444.5,397.8745903339742,120.0,1,-73.3745903339742,73.3745903339742,0.0,0.0,0.0,0.5801868298416749,0.0,73.3745903339742,True,0.017850541000370868,0,0,133,0,0.0,0.0,7,0.9,1.0,0,False,False,False,,,,False,False,0,Risk-Adaptive-CVaR-MPC,397.8745903339742,348.6730870026932,266.89607700125424
463.5,396.7997174855308,120.0,1,-53.29971748553078,53.29971748553078,0.0,0.0,0.0,0.5807155968802219,0.0,53.29971748553078,True,0.017446501995436847,0,0,134,0,0.0,0.0,7,0.9,1.0,0,False,False,False,,,,False,False,0,Risk-Adaptive-CVaR-MPC,396.7997174855308,348.50380463793687,260.649789574236
465.5,399.8815096434183,120.0,1,-54.381509643418326,54.381509643418326,0.0,0.0,0.0,0.5812550959838272,0.0,8.110687255859375,True,0.02230877299734857,0,0,135,0,0.0,0.0,7,0.9,1.0,0,False,False,False,,,,False,False,0,Risk-Adaptive-CVaR-MPC,399.8815096434183,348.4928071977517,262.88790437629586
452.0,397.25996780380433,120.0,1,-65.2599678038043,65.2599678038043,0.0,0.0,0.0,0.5819025162993411,0.0,40.62509155273426,True,0.017756380002538208,0,0,136,0,0.0,0.0,7,0.9,1.0,0,False,False,False,,,,False,False,0,Risk-Adaptive-CVaR-MPC,397.25996780380433,348.1131825698569,269.17529058823607
465.0,397.150092367705,120.0,1,-52.150092367704936,52.150092367704936,0.0,0.0,0.0,0.5824198783267984,0.0,32.58914184570375,True,0.019007633003639057,0,0,137,0,0.0,0.0,7,0.9,1.0,0,False,False,False,,,,False,False,0,Risk-Adaptive-CVaR-MPC,397.150092367705,348.720520827794,274.7594711362308
494.0,396.7014307096179,121.41780879697592,1,-24.11923950659388,24.11923950659388,0.0,0.0,0.0,0.5826591564965067,0.0,14.359497070312557,True,0.01490501200169092,0,0,138,0,0.0,0.0,7,0.9,1.0,0,False,False,False,,,,False,False,0,Risk-Adaptive-CVaR-MPC,396.7014307096179,350.46986651069955,278.5967248787787
497.5,398.5140701295245,122.6378463743818,1,-23.65191650390625,23.65191650390625,0.0,0.0,0.0,0.5828937985253153,0.0,23.65191650390625,True,0.2469428650001646,0,0,139,0,0.0,0.0,7,0.9,1.0,0,False,False,False,,,,False,False,0,Risk-Adaptive-CVaR-MPC,398.5140701295245,353.26552092603555,267.90689376130865
504.0,396.2450366833297,145.51871719195685,1,-37.76375387528657,37.76375387528657,0.0,0.0,0.0,0.5832684389407448,0.0,27.61492919921875,True,0.0656758949990035,0,0,140,0,0.0,0.0,7,0.9,1.0,0,False,False,False,,,,False,False,0,Risk-Adaptive-CVaR-MPC,396.2450366833297,351.9729369120359,272.44429499891385
534.5,398.8497180149496,162.65147499997818,1,-27.001193014927765,27.001193014927765,0.0,0.0,0.0,0.5835363079190674,0.0,16.5865478515625,True,0.03589896400080761,0,0,141,0,0.0,0.0,7,0.9,1.0,0,False,False,False,,,,False,False,0,Risk-Adaptive-CVaR-MPC,398.8497180149496,353.15181274620943,270.0948288970923
547.0,402.11127394593416,312.6514749999782,2,-167.76274894591234,167.76274894591234,0.0,0.0,0.0,0.585200620904642,0.0,0.0,True,0.013395010995736811,1,0,142,0,0.0,0.0,7,0.9,1.0,0,False,False,False,,,,False,False,0,Risk-Adaptive-CVaR-MPC,402.11127394593416,349.6622925895199,273.85139150822147
579.5,404.25395579257867,351.30746644337347,2,-176.06142223595214,176.06142223595214,0.0,0.0,0.0,0.5869472619982526,0.0,0.0,True,0.021549848999711685,0,0,143,0,0.0,0.0,7,0.9,1.0,0,False,False,False,,,,False,False,0,Risk-Adaptive-CVaR-MPC,404.25395579257867,351.30746644337347,283.26887688227515
636.5,403.7947793763414,352.65743965664944,2,-119.9522190329908,119.9522190329908,0.0,0.0,0.0,0.5881372641711989,0.0,0.0,True,0.01933173400175292,0,0,144,0,0.0,0.0,7,0.9,1.0,0,False,False,False,,,,False,False,0,Risk-Adaptive-CVaR-MPC,403.7947793763414,352.65743965664944,279.5980567882963
659.0,407.0180666081631,350.4970732379074,2,-98.5151398460705,98.5151398460705,0.0,0.0,0.0,0.5891145969077671,0.0,0.0,True,0.019483607000438496,0,0,145,0,0.0,0.0,7,0.9,1.0,0,False,False,False,,,,False,False,0,Risk-Adaptive-CVaR-MPC,407.0180666081631,350.4970732379074,272.69727286473403
670.0,409.1958632227751,348.98243977554955,2,-88.17830299832463,88.17830299832463,0.0,0.0,0.0,0.5899893816597347,0.0,20.884521484375,True,0.018749664995993953,0,0,146,0,0.0,0.0,7,0.9,1.0,0,False,False,False,,,,False,False,0,Risk-Adaptive-CVaR-MPC,409.1958632227751,348.98243977554955,276.26565606098666
699.0,406.1310208260727,349.6122777024714,2,-56.743298528544074,56.743298528544074,0.0,0.0,0.0,0.5905523112086289,0.0,9.66571044921875,True,0.025574321000021882,0,0,147,0,0.0,0.0,7,0.9,1.0,0,False,False,False,,,,False,False,0,Risk-Adaptive-CVaR-MPC,406.1310208260727,349.6122777024714,260.0214306613686
743.0,405.445562895186,349.63753930375657,2,-12.083102198942584,12.083102198942584,0.0,0.0,0.0,0.5906721832542534,0.0,0.0,True,0.009582035003404599,0,0,148,0,0.0,0.0,7,0.9,1.0,0,False,False,False,,,,False,False,0,Risk-Adaptive-CVaR-MPC,405.445562895186,349.63753930375657,265.50088467185867
819.0,409.214554017655,349.1729669133899,2,60.612479068955054,0.0,60.612479068955054,0.0,0.0,0.5900059070476299,0.0,0.0,True,0.009016323994728737,0,0,149,0,0.0,0.0,7,0.9,1.0,0,False,False,False,,,,False,False,0,Risk-Adaptive-CVaR-MPC,409.214554017655,349.1729669133899,269.3488202068048
866.5,409.35286444845696,350.98075128060214,2,106.16638427094085,0.0,106.16638427094085,0.0,0.0,0.5888388844003215,0.0,0.0,True,0.009425926000403706,0,0,150,0,0.0,0.0,7,0.9,1.0,0,False,False,False,,,,False,False,0,Risk-Adaptive-CVaR-MPC,409.35286444845696,350.98075128060214,271.91283566529813
928.0,411.6702569245098,351.24893762607513,2,165.08080544941504,0.0,165.08080544941504,0.0,0.0,0.5870242512665066,0.0,0.0,True,0.008322481000504922,0,0,151,0,0.0,0.0,7,0.9,1.0,0,False,False,False,,,,False,False,0,Risk-Adaptive-CVaR-MPC,411.6702569245098,351.24893762607513,268.0600232905543
998.5,414.2569222739186,349.7145418449056,2,234.5285358811758,0.0,234.5285358811758,0.0,0.0,0.5844462213685031,0.0,0.0,True,0.009915763002936728,0,0,152,0,0.0,0.0,7,0.9,1.0,0,False,False,False,,,,False,False,0,Risk-Adaptive-CVaR-MPC,414.2569222739186,349.7145418449056,277.83529184146045
1067.5,416.4090588468806,354.5334806611334,2,277.6948112371233,0.0,277.6948112371233,18.862649254862617,0.0,0.5813936907960509,0.0,0.0,True,0.011320384001010098,0,0,153,0,0.0,0.0,7,0.9,1.0,0,False,False,False,,,,False,False,0,Risk-Adaptive-CVaR-MPC,416.4090588468806,354.5334806611334,277.6948112371233
1166.0,410.90694132781215,358.3256040794752,2,278.5563369231939,0.0,278.5563369231939,118.21111766951873,0.0,0.5783316899944504,0.0,0.0,True,0.009211740994942375,0,0,154,0,0.0,0.0,7,0.9,1.0,0,False,False,False,,,,False,False,0,Risk-Adaptive-CVaR-MPC,410.90694132781215,358.3256040794752,278.5563369231939
1187.5,409.7081773507247,359.94707992090804,2,276.59587643671216,0.0,276.59587643671216,141.24886629165508,0.0,0.5752912393454956,0.0,0.0,True,0.009111745996051468,0,0,155,0,0.0,0.0,7,0.9,1.0,0,False,False,False,,,,False,False,0,Risk-Adaptive-CVaR-MPC,409.7081773507247,359.94707992090804,276.59587643671216
1244.5,412.1787051698131,359.48499068600887,2,290.61632392684885,0.0,290.61632392684885,182.21998021732918,0.0,0.572096670423994,0.0,0.0,True,0.015138532995479181,0,0,156,0,0.0,0.0,7,0.9,1.0,0,False,False,False,,,,False,False,0,Risk-Adaptive-CVaR-MPC,412.1787051698131,359.48499068600887,290.61632392684885
1241.0,412.838625756066,360.6223386677473,3,288.9440757774222,0.0,288.9440757774222,178.59495979876453,0.0,0.5689204835117856,0.0,0.0,True,0.014718108999659307,1,0,157,0,0.0,0.0,7,0.9,1.0,0,False,False,False,,,,False,False,0,Risk-Adaptive-CVaR-MPC,412.838625756066,360.6223386677473,288.9440757774222
1253.5,414.36030075193327,359.1628249576011,2,285.7792368400974,0.0,285.7792368400974,194.19763745036823,0.0,0.5657790857537931,0.0,0.0,True,0.009879667006316595,0,0,158,0,0.0,0.0,7,0.9,1.0,0,False,False,False,,,,False,False,0,Risk-Adaptive-CVaR-MPC,414.36030075193327,359.1628249576011,285.7792368400974
1250.5,417.6101903512882,358.83870752475906,2,287.215597100253,0.0,287.215597100253,186.83550502369968,0.0,0.5626218989589523,0.0,0.0,True,0.009979590999137145,0,0,159,0,0.0,0.0,7,0.9,1.0,0,False,False,False,,,,False,False,0,Risk-Adaptive-CVaR-MPC,417.6101903512882,358.83870752475906,287.215597100253
1219.5,419.2669299050992,359.2463795782409,2,289.4103607530456,0.0,289.4103607530456,151.5763297636143,0.0,0.5594405864589188,0.0,0.0,True,0.011994315995252691,0,0,160,0,0.0,0.0,7,0.9,1.0,0,False,False,False,,,,False,False,0,Risk-Adaptive-CVaR-MPC,419.2669299050992,359.2463795782409,289.4103607530456
1144.0,416.753079754362,361.42753362518624,3,292.47418033045074,0.0,292.47418033045074,73.34520629000099,0.0,0.556225595249201,0.0,0.0,True,0.008860025998728815,1,0,161,0,0.0,0.0,7,0.9,1.0,0,False,False,False,,,,False,False,0,Risk-Adaptive-CVaR-MPC,416.753079754362,361.42753362518624,292.47418033045074
1067.0,416.300100014521,363.9705944918073,3,286.72930549367163,0.0,286.72930549367163,0.0,0.0,0.5530737539629407,0.0,0.0,True,0.010705658998631407,0,0,162,0,0.0,0.0,7,0.9,1.0,0,False,False,False,,,,False,False,0,Risk-Adaptive-CVaR-MPC,416.300100014521,363.9705944918073,290.3187959655655
991.5,416.593209297008,362.44869170884994,3,212.45809899414212,0.0,212.45809899414212,0.0,0.0,0.5507383309867047,0.0,0.0,True,0.011149381993163843,0,0,163,0,0.0,0.0,7,0.9,1.0,0,False,False,False,,,,False,False,0,Risk-Adaptive-CVaR-MPC,416.593209297008,362.44869170884994,295.9090290328816
938.0,418.3527091179301,361.6256140392357,2,158.02167684283427,0.0,158.02167684283427,0.0,0.0,0.5490012945706334,0.0,0.0,True,0.016180699996766634,0,1,164,0,0.0,0.0,7,0.9,1.0,0,False,False,False,,,,False,False,0,Risk-Adaptive-CVaR-MPC,418.3527091179301,361.6256140392357,291.87387710952254
884.5,422.1434814431974,363.1908944964237,2,99.16562406037883,0.0,99.16562406037883,0.0,0.0,0.5479112270327055,0.0,0.0,True,0.01627388699853327,0,0,165,0,0.0,0.0,7,0.9,1.0,0,False,False,False,,,,False,False,0,Risk-Adaptive-CVaR-MPC,422.1434814431974,363.1908944964237,293.5948790033024
863.0,421.4030142067744,363.142288171241,2,78.45469762198468,0.0,78.45469762198468,0.0,0.0,0.5470488221430473,0.0,0.0,True,0.015921001002425328,0,0,166,0,0.0,0.0,7,0.9,1.0,0,False,False,False,,,,False,False,0,Risk-Adaptive-CVaR-MPC,421.4030142067744,363.142288171241,290.54185610495466
815.5,419.30070147403904,361.6054072924951,2,34.59389123346591,0.0,34.59389123346591,0.0,0.0,0.5466685524860818,0.0,0.0,True,0.016465715001686476,0,0,167,0,0.0,0.0,7,0.9,1.0,0,False,False,False,,,,False,False,0,Risk-Adaptive-CVaR-MPC,419.30070147403904,361.6054072924951,285.89375765141403
759.5,417.4142158540504,362.1717290620748,2,-20.085944916125186,20.085944916125186,0.0,0.0,0.0,0.5468678178126307,0.0,20.085944916125186,True,0.016253336005320307,0,0,168,0,0.0,0.0,7,0.9,1.0,0,False,False,False,,,,False,False,0,Risk-Adaptive-CVaR-MPC,417.4142158540504,362.1717290620748,283.3967615805576
707.0,417.7777019136381,342.07591659307656,2,-52.85361850671461,52.85361850671461,0.0,0.0,0.0,0.5473921592660703,0.0,52.85361850671461,True,0.07454285499989055,0,0,169,0,0.0,0.0,7,0.9,1.0,0,False,False,False,,,,False,False,0,Risk-Adaptive-CVaR-MPC,417.7777019136381,361.8181105553602,275.73620396925224
659.0,415.239942137964,296.51938119741504,2,-52.75932333537909,52.75932333537909,0.0,0.0,0.0,0.5479155652515404,0.0,48.0,True,0.05771210599777987,0,0,170,0,0.0,0.0,7,0.9,1.0,0,False,False,False,,,,False,False,0,Risk-Adaptive-CVaR-MPC,415.239942137964,360.65177851149497,275.57253168100016
604.0,414.52667145698985,240.0,1,-50.526671456989845,50.526671456989845,0.0,0.0,0.0,0.54841682191282,0.0,50.526671456989845,True,0.08124329799466068,0,1,171,0,0.0,0.0,7,0.9,1.0,0,False,False,False,,,,False,False,0,Risk-Adaptive-CVaR-MPC,414.52667145698985,359.1772317644036,282.74323908159414
576.0,415.44540046192657,210.0,1,-49.445400461926624,49.445400461926624,0.0,0.0,0.0,0.5489073516793074,0.0,49.445400461926624,True,0.0781573509957525,0,0,172,0,0.0,0.0,7,0.9,1.0,0,False,False,False,,,,False,False,0,Risk-Adaptive-CVaR-MPC,415.44540046192657,357.6384749358456,283.0069501375306
595.5,414.1566202661786,181.3433797338214,1,0.0,0.0,0.0,0.0,0.0,0.5489073516793074,0.0,0.0,True,0.03942333300074097,0,0,173,0,0.0,0.0,7,0.9,1.0,0,False,False,False,,,,False,False,0,Risk-Adaptive-CVaR-MPC,414.1566202661786,358.8622744146993,286.82692230721347
556.5,419.30903641147535,176.19096358852465,1,-39.0,39.0,0.0,0.0,0.0,0.5492942564412121,0.0,39.0,True,0.07393160300125601,0,0,174,0,0.0,0.0,7,0.9,1.0,0,False,False,False,,,,False,False,0,Risk-Adaptive-CVaR-MPC,419.30903641147535,360.1204709034389,283.8027127304822
520.5,420.10345919547,146.1909635885247,1,-45.794422783994776,45.794422783994776,0.0,0.0,0.0,0.5497485661910533,0.0,45.794422783994776,True,0.08774421499401797,0,0,175,0,0.0,0.0,7,0.9,1.0,0,False,False,False,,,,False,False,0,Risk-Adaptive-CVaR-MPC,420.10345919547,361.531423829308,285.69040182727787
486.0,415.6716546231317,171.5132372393133,1,-101.184891862445,101.184891862445,0.0,0.0,0.0,0.5507523845627045,0.0,34.5,True,0.1071699530002661,0,0,176,0,0.0,0.0,7,0.9,1.0,0,False,False,False,,,,False,False,0,Risk-Adaptive-CVaR-MPC,415.6716546231317,359.6194347631554,279.97416860679016
497.5,413.8449951234157,141.5132372393133,1,-57.858232362728984,57.858232362728984,0.0,0.0,0.0,0.5513263749631284,0.0,57.858232362728984,True,0.14391273700312013,0,0,177,0,0.0,0.0,7,0.9,1.0,0,False,False,False,,,,False,False,0,Risk-Adaptive-CVaR-MPC,413.8449951234157,361.9819026383058,276.47001087187954
481.5,413.7571727476256,164.11233612453282,1,-96.36950887215835,96.36950887215835,0.0,0.0,0.0,0.55228242167813,0.0,15.999999999999943,True,0.1506083460044465,0,0,178,0,0.0,0.0,7,0.9,1.0,0,False,False,False,,,,False,False,0,Risk-Adaptive-CVaR-MPC,413.7571727476256,360.155747168695,280.6976362028407
488.0,417.1851130165516,153.63005032665237,1,-82.81516334320398,82.81516334320398,0.0,0.0,0.0,0.5531040006795507,0.0,0.0,True,0.12359941500471905,0,0,179,0,0.0,0.0,7,0.9,1.0,0,False,False,False,,,,False,False,0,Risk-Adaptive-CVaR-MPC,417.1851130165516,360.3758210532157,281.8200630034857
468.5,411.75325778758753,131.69851687971152,1,-74.9517746672991,74.9517746672991,0.0,0.0,0.0,0.5538475698726787,0.0,19.500000000000057,True,0.07933276199764805,0,0,180,0,0.0,0.0,7,0.9,1.0,0,False,False,False,,,,False,False,0,Risk-Adaptive-CVaR-MPC,411.75325778758753,360.4807069567608,282.6455704041711
467.5,415.0941030193721,120.0,1,-67.59410301937208,67.59410301937208,0.0,0.0,0.0,0.5545181462915216,0.0,67.59410301937208,True,0.09804040200106101,0,0,181,0,0.0,0.0,7,0.9,1.0,0,False,False,False,,,,False,False,0,Risk-Adaptive-CVaR-MPC,415.0941030193721,361.4725472892751,283.3374877181062
410.5,413.46859345567566,120.0,1,-122.96859345567566,122.96859345567566,0.0,0.0,0.0,0.5557380728138994,0.0,99.84730008357633,True,0.10124654500395991,0,0,182,0,0.0,0.0,7,0.9,1.0,0,False,False,False,,,,False,False,0,Risk-Adaptive-CVaR-MPC,413.46859345567566,361.1201136451757,284.4948505321546
444.0,413.4519649848606,0.0,0,30.54803501513942,0.0,30.54803501513942,0.0,0.0,0.5554022767995748,0.0,0.0,True,0.010507668994250707,0,1,183,0,0.0,0.0,7,0.9,1.0,0,False,False,False,,,,False,False,0,Risk-Adaptive-CVaR-MPC,413.4519649848606,361.9700725721308,294.5039614290562
375.0,413.26069897291694,0.0,0,-38.26069897291694,38.26069897291694,0.0,0.0,0.0,0.5557818472258934,0.0,38.26069897291694,True,0.04618450399721041,0,0,184,0,0.0,0.0,7,0.9,1.0,0,False,False,False,,,,False,False,0,Risk-Adaptive-CVaR-MPC,413.26069897291694,360.8555564744127,298.8437501088088
413.5,413.9658462782633,0.0,0,-0.4658462782633137,0.4658462782633137,0.0,0.0,0.0,0.5557864687167492,0.0,0.4658462782633137,True,0.009543418003886472,0,0,185,0,0.0,0.0,7,0.9,1.0,0,False,False,False,,,,False,False,0,Risk-Adaptive-CVaR-MPC,413.9658462782633,362.0653880442384,298.65763319498103
405.5,415.4208080408312,0.0,0,-9.920808040831218,9.920808040831218,0.0,0.0,0.0,0.55588488943144,0.0,9.920808040831218,True,0.009234616001776885,0,0,186,0,0.0,0.0,7,0.9,1.0,0,False,False,False,,,,False,False,0,Risk-Adaptive-CVaR-MPC,415.4208080408312,361.1700402058184,298.4278002884686
423.0,418.71323694762697,0.0,0,4.286763052373033,0.0,4.286763052373033,0.0,0.0,0.5558377676461393,0.0,0.0,True,0.008741701996768825,0,0,187,0,0.0,0.0,7,0.9,1.0,0,False,False,False,,,,False,False,0,Risk-Adaptive-CVaR-MPC,418.71323694762697,359.03942682372445,291.5503613247037
402.0,423.648527929253,0.0,0,-21.64852792925302,21.64852792925302,0.0,0.0,0.0,0.5560525347882946,0.0,21.64852792925302,True,0.038868392002768815,0,0,188,0,0.0,0.0,7,0.9,1.0,0,False,False,False,,,,False,False,0,Risk-Adaptive-CVaR-MPC,423.648527929253,359.0476015921128,297.14054641087125
430.5,422.6028200476845,0.0,0,7.8971799523155255,0.0,7.8971799523155255,0.0,0.0,0.5559657258805834,0.0,0.0,True,0.04307551099918783,0,0,189,0,0.0,0.0,7,0.9,1.0,0,False,False,False,,,,False,False,0,Risk-Adaptive-CVaR-MPC,422.6028200476845,359.06621987582395,290.41993615550126
435.5,421.67906265890895,0.0,0,13.820937341091053,0.0,13.820937341091053,0.0,0.0,0.5558138007020549,39.33145926753019,0.0,True,0.0494263460059301,0,0,190,0,0.0,0.0,7,0.9,1.0,0,False,False,False,,,,False,False,0,Risk-Adaptive-CVaR-MPC,421.67906265890895,358.8578553256445,280.262529987483
473.0,421.1867764869319,0.0,0,51.813223513068124,0.0,51.813223513068124,0.0,0.0,0.5552442493729309,0.0,0.0,True,0.05409108899766579,0,0,191,0,0.0,0.0,7,0.9,1.0,0,False,False,False,,,,False,False,0,Risk-Adaptive-CVaR-MPC,421.1867764869319,358.8293427846048,281.17558384964605
445.5,422.1248244800111,0.0,0,23.375175519988886,0.0,23.375175519988886,0.0,0.0,0.5549873002510034,0.0,0.0,True,0.058512553994660266,0,0,192,0,0.0,0.0,7,0.9,1.0,0,False,False,False,,,,False,False,0,Risk-Adaptive-CVaR-MPC,422.1248244800111,357.3898166369936,273.0570181188275
454.0,422.60151916032015,0.0,0,31.39848083967985,0.0,31.39848083967985,0.0,0.0,0.5546421558017258,0.0,0.0,True,0.059756002003268804,0,0,193,0,0.0,0.0,7,0.9,1.0,0,False,False,False,,,,False,False,0,Risk-Adaptive-CVaR-MPC,422.60151916032015,354.729316920969,274.325558298615
457.0,422.83122745013344,0.0,0,34.16877254986656,0.0,34.16877254986656,0.0,0.0,0.5542665592165142,0.0,0.0,True,0.06106130999978632,0,0,194,0,0.0,0.0,7,0.9,1.0,0,False,False,False,,,,False,False,0,Risk-Adaptive-CVaR-MPC,422.83122745013344,356.5018123919859,267.4133632156318
446.5,426.8274352336852,0.0,0,19.672564766314792,0.0,19.672564766314792,0.0,0.0,0.5540503106480942,0.0,0.0,True,0.06199060599465156,0,0,195,0,0.0,0.0,7,0.9,1.0,0,False,False,False,,,,False,False,0,Risk-Adaptive-CVaR-MPC,426.8274352336852,359.05788282172807,266.8102036254067
461.5,423.6390372988923,0.0,0,37.860962701107724,0.0,37.860962701107724,0.0,0.0,0.5536341280567352,0.0,0.0,True,0.06450508400303079,0,0,196,0,0.0,0.0,7,0.9,1.0,0,False,False,False,,,,False,False,0,Risk-Adaptive-CVaR-MPC,423.6390372988923,359.0315342851833,262.5202139257749
503.5,427.52810736990193,0.0,0,75.97189263009807,0.0,75.97189263009807,0.0,0.0,0.5527990151359453,0.0,0.0,True,0.028588594002940226,0,0,197,0,0.0,0.0,7,0.9,1.0,0,False,False,False,,,,False,False,0,Risk-Adaptive-CVaR-MPC,427.52810736990193,358.2246387870269,251.7808963691625
505.0,429.9863957075168,0.0,0,75.0136042924832,0.0,75.0136042924832,0.0,0.0,0.5519744360974227,0.0,0.0,True,0.031138193000515457,0,0,198,0,0.0,0.0,7,0.9,1.0,0,False,False,False,,,,False,False,0,Risk-Adaptive-CVaR-MPC,429.9863957075168,359.2159634316022,247.27560743021675
499.5,430.0511895219008,120.0,1,-50.551189521900824,50.551189521900824,0.0,0.0,0.0,0.5524759359934733,0.0,36.6240234375,True,0.015571067000564653,1,0,199,0,0.0,0.0,7,0.9,1.0,0,False,False,False,,,,False,False,0,Risk-Adaptive-CVaR-MPC,430.0511895219008,359.2886547916594,249.3435733095188
545.5,431.3016131817744,141.22266786897615,1,-27.024281050750574,27.024281050750574,0.0,0.0,0.0,0.5527440340197705,0.0,0.0,True,0.07040612700075144,0,0,200,0,0.0,0.0,7,0.9,1.0,0,False,False,False,,,,False,False,0,Risk-Adaptive-CVaR-MPC,431.3016131817744,360.30395520663455,249.08498754758293
576.5,428.8127136230395,147.68728637696051,1,0.0,0.0,0.0,0.0,0.0,0.5527440340197705,0.0,0.0,True,0.035834349000651855,0,0,201,0,0.0,0.0,7,0.9,1.0,0,False,False,False,,,,False,False,0,Risk-Adaptive-CVaR-MPC,428.8127136230395,359.59244730127585,255.35463814473715
627.0,427.4392058871381,177.68728637696051,1,21.8735077359014,0.0,21.8735077359014,0.0,0.0,0.5525035918206773,0.0,0.0,True,0.03783365200069966,0,0,202,0,0.0,0.0,7,0.9,1.0,0,False,False,False,,,,False,False,0,Risk-Adaptive-CVaR-MPC,427.4392058871381,360.6451430457864,251.20201128395212
600.5,428.5865238788167,327.6872863769605,2,-155.77381025577722,155.77381025577722,0.0,0.0,0.0,0.5540489669224211,0.0,26.5,True,0.012039543995342683,1,0,203,0,0.0,0.0,7,0.9,1.0,0,False,False,False,,,,False,False,0,Risk-Adaptive-CVaR-MPC,428.5865238788167,357.904799465382,249.1326355558624
639.0,430.1733150409883,357.56562782670784,2,-148.7389428676961,148.7389428676961,0.0,0.0,0.0,0.5555245516730927,0.0,0.0,True,0.014779641998757143,0,0,204,0,0.0,0.0,7,0.9,1.0,0,False,False,False,,,,False,False,0,Risk-Adaptive-CVaR-MPC,430.1733150409883,357.56562782670784,246.49830874953585
670.0,430.0359171103831,357.5117071998959,2,-117.54762431027893,117.54762431027893,0.0,0.0,0.0,0.5566906987396629,0.0,0.0,True,0.016050315003667492,0,0,205,0,0.0,0.0,7,0.9,1.0,0,False,False,False,,,,False,False,0,Risk-Adaptive-CVaR-MPC,430.0359171103831,357.5117071998959,243.52642906534348
688.0,426.8987597729378,357.58673647953395,2,-96.48549625247176,96.48549625247176,0.0,0.0,0.0,0.5576478961231199,0.0,13.26971435546875,True,0.019361020997166634,0,0,206,0,0.0,0.0,7,0.9,1.0,0,False,False,False,,,,False,False,0,Risk-Adaptive-CVaR-MPC,426.8987597729378,357.58673647953395,246.40729681855748
755.0,425.9442867757371,357.64009616880367,2,-28.58438294454072,28.58438294454072,0.0,0.0,0.0,0.5579314713507444,0.0,0.0,True,0.017149623003206216,0,0,207,0,0.0,0.0,7,0.9,1.0,0,False,False,False,,,,False,False,0,Risk-Adaptive-CVaR-MPC,425.9442867757371,357.64009616880367,241.71691060504656
747.5,425.6709006416849,358.87682332487657,2,-37.047723966561534,37.047723966561534,0.0,0.0,0.0,0.5582990082948571,0.0,36.742919921875,True,0.008622050998383202,0,0,208,0,0.0,0.0,7,0.9,1.0,0,False,False,False,,,,False,False,0,Risk-Adaptive-CVaR-MPC,425.6709006416849,358.87682332487657,248.890150087636
826.0,423.3003867655992,358.0055955217567,2,44.694017712644154,0.0,44.694017712644154,0.0,0.0,0.5578077140756178,0.0,0.0,True,0.009192172998155002,0,0,209,0,0.0,0.0,7,0.9,1.0,0,False,False,False,,,,False,False,0,Risk-Adaptive-CVaR-MPC,423.3003867655992,358.0055955217567,249.6123499040758
899.5,422.8474842861175,355.8835685054009,2,120.76894720848168,0.0,120.76894720848168,0.0,0.0,0.5564801743138397,0.0,0.0,True,0.00780803900124738,0,0,210,0,0.0,0.0,7,0.9,1.0,0,False,False,False,,,,False,False,0,Risk-Adaptive-CVaR-MPC,422.8474842861175,355.8835685054009,250.5374396978152
926.0,423.9421702668333,356.4271055268147,2,145.63072420635194,0.0,145.63072420635194,0.0,0.0,0.5548793441220625,0.0,0.0,True,0.008927134003897663,0,0,211,0,0.0,0.0,7,0.9,1.0,0,False,False,False,,,,False,False,0,Risk-Adaptive-CVaR-MPC,423.9421702668333,356.4271055268147,238.9375229776741
993.5,422.939585098026,356.7331563627962,2,213.82725853917782,0.0,213.82725853917782,0.0,0.0,0.5525288708056665,0.0,0.0,True,0.013831552001647651,0,0,212,0,0.0,0.0,7,0.9,1.0,0,False,False,False,,,,False,False,0,Risk-Adaptive-CVaR-MPC,422.939585098026,356.7331563627962,230.26135057818348
1025.5,423.3292759922136,357.93574557561544,2,228.9727297721383,0.0,228.9727297721383,15.262248660032611,0.0,0.5500119125133113,0.0,0.0,True,0.011284647000138648,0,0,213,0,0.0,0.0,7,0.9,1.0,0,False,False,False,,,,False,False,0,Risk-Adaptive-CVaR-MPC,423.3292759922136,357.93574557561544,228.9727297721383
1130.5,416.2417859412188,358.3481197915494,2,240.5008352912763,0.0,240.5008352912763,115.4092589759556,0.0,0.5473682327515024,0.0,0.0,True,0.016240953998931218,0,0,214,0,0.0,0.0,7,0.9,1.0,0,False,False,False,,,,False,False,0,Risk-Adaptive-CVaR-MPC,416.2417859412188,358.3481197915494,240.5008352912763
1174.0,419.5779941302289,357.59521960811367,2,237.51380045629656,0.0,237.51380045629656,159.31298580536077,0.0,0.5447573876512924,0.0,0.0,True,0.01758613200217951,0,0,215,0,0.0,0.0,7,0.9,1.0,0,False,False,False,,,,False,False,0,Risk-Adaptive-CVaR-MPC,419.5779941302289,357.59521960811367,237.51380045629656
1256.5,420.6710288484026,359.40648219917307,2,247.471505829065,0.0,247.471505829065,228.95098312335938,0.0,0.5420370835376194,0.0,0.0,True,0.009482463996391743,0,0,216,0,0.0,0.0,7,0.9,1.0,0,False,False,False,,,,False,False,0,Risk-Adaptive-CVaR-MPC,420.6710288484026,359.40648219917307,247.471505829065
1253.5,415.537950533831,358.3778730955285,2,249.77959633585,0.0,249.77959633585,229.80458003479055,0.0,0.5392914079854072,0.0,0.0,True,0.01691910799854668,0,0,217,0,0.0,0.0,7,0.9,1.0,0,False,False,False,,,,False,False,0,Risk-Adaptive-CVaR-MPC,415.537950533831,358.3778730955285,249.77959633585
1251.5,417.6178248769828,357.51867838381975,2,243.89053472356213,0.0,243.89053472356213,232.47296201563532,0.0,0.5366104673143923,0.0,0.0,True,0.018783961997542065,0,0,218,0,0.0,0.0,7,0.9,1.0,0,False,False,False,,,,False,False,0,Risk-Adaptive-CVaR-MPC,417.6178248769828,357.51867838381975,243.89053472356213
1243.5,421.3654483707926,358.0353195242218,2,249.8627473746414,0.0,249.8627473746414,214.23648473034422,0.0,0.5338638777332614,0.0,0.0,True,0.01750799300498329,0,0,219,0,0.0,0.0,7,0.9,1.0,0,False,False,False,,,,False,False,0,Risk-Adaptive-CVaR-MPC,421.3654483707926,358.0353195242218,249.8627473746414
1184.0,419.8836070409306,357.0425970179057,2,256.0113798715361,0.0,256.0113798715361,151.06241606962766,0.0,0.5310496999656896,0.0,0.0,True,0.017562988003192004,0,0,220,0,0.0,0.0,7,0.9,1.0,0,False,False,False,,,,False,False,0,Risk-Adaptive-CVaR-MPC,419.8836070409306,357.0425970179057,256.0113798715361
1118.0,415.77176001350006,356.5724999459296,2,258.47884008185315,0.0,258.47884008185315,87.17689995871706,0.0,0.5282083989051232,0.0,0.0,True,0.011212375000468455,0,0,221,0,0.0,0.0,7,0.9,1.0,0,False,False,False,,,,False,False,0,Risk-Adaptive-CVaR-MPC,415.77176001350006,356.5724999459296,258.47884008185315
1066.0,414.8005730982664,356.09891434398736,2,258.3295368606499,0.0,258.3295368606499,36.77097569709622,0.0,0.5253687390442797,0.0,0.0,True,0.021343295004044194,0,0,222,0,0.0,0.0,7,0.9,1.0,0,False,False,False,,,,False,False,0,Risk-Adaptive-CVaR-MPC,414.8005730982664,356.09891434398736,258.3295368606499
990.0,414.7234622691772,356.6068391865492,2,218.66969854427361,0.0,218.66969854427361,0.0,0.0,0.522965035722991,0.0,0.0,True,0.014283322998380754,0,0,223,0,0.0,0.0,7,0.9,1.0,0,False,False,False,,,,False,False,0,Risk-Adaptive-CVaR-MPC,414.7234622691772,356.6068391865492,259.8719074209055
945.0,412.2705657059239,356.33075384447164,2,176.3986804496044,0.0,176.3986804496044,0.0,0.0,0.5210259920562628,0.0,0.0,True,0.013633574999403208,0,0,224,0,0.0,0.0,7,0.9,1.0,0,False,False,False,,,,False,False,0,Risk-Adaptive-CVaR-MPC,412.2705657059239,356.33075384447164,261.6582940481165
873.5,409.2471161702634,355.9116087501982,2,108.34127507953849,0.0,108.34127507953849,0.0,0.0,0.5198350621538803,0.0,0.0,True,0.017034028998750728,0,0,225,0,0.0,0.0,7,0.9,1.0,0,False,False,False,,,,False,False,0,Risk-Adaptive-CVaR-MPC,409.2471161702634,355.9116087501982,258.3361124677621
802.5,411.1092706859688,359.03556290028257,2,32.355166413748634,0.0,32.355166413748634,0.0,0.0,0.5194794014405427,0.0,0.0,True,0.0146855319981114,0,0,226,0,0.0,0.0,7,0.9,1.0,0,False,False,False,,,,False,False,0,Risk-Adaptive-CVaR-MPC,411.1092706859688,359.03556290028257,269.7602176709588
785.5,409.6322598013047,361.5471611579,2,14.32057904079528,0.0,14.32057904079528,0.0,0.0,0.5193219840039601,0.0,0.0,True,0.02404648900119355,0,0,227,0,0.0,0.0,7,0.9,1.0,0,False,False,False,,,,False,False,0,Risk-Adaptive-CVaR-MPC,409.6322598013047,361.5471611579,274.21496045281594
751.0,414.9574923730268,360.47281046344455,2,-24.430302836471355,24.430302836471355,0.0,0.0,0.0,0.5195643481194013,0.0,24.430302836471355,True,0.06754253600229276,0,0,228,0,0.0,0.0,7,0.9,1.0,0,False,False,False,,,,False,False,0,Risk-Adaptive-CVaR-MPC,414.9574923730268,360.47281046344455,279.62264589122384
673.0,421.1779695750688,329.82203042493114,2,-78.0,78.0,0.0,0.0,0.0,0.5203381576432109,0.0,78.0,True,0.0772047529972042,0,0,229,0,0.0,0.0,7,0.9,1.0,0,False,False,False,,,,False,False,0,Risk-Adaptive-CVaR-MPC,421.1779695750688,361.2001091121352,282.84315633294665
618.5,419.9699306569125,240.0,1,-41.46993065691248,41.46993065691248,0.0,0.0,0.0,0.5207495656854422,0.0,41.46993065691248,True,0.14008767800260102,0,1,230,0,0.0,0.0,7,0.9,1.0,0,False,False,False,,,,False,False,0,Risk-Adaptive-CVaR-MPC,419.9699306569125,361.80881213734864,281.9967515582059
619.0,422.8862348458409,210.0,1,-13.886234845840875,13.886234845840875,0.0,0.0,0.0,0.52088732595177,0.0,13.886234845840875,True,0.046082830005616415,0,0,231,0,0.0,0.0,7,0.9,1.0,0,False,False,False,,,,False,False,0,Risk-Adaptive-CVaR-MPC,422.8862348458409,359.3151034315922,284.8129698550866
591.5,423.7137726517703,195.28622734822972,1,-27.5,27.5,0.0,0.0,0.0,0.5211601434120875,0.0,27.5,True,0.039858454998466186,0,0,232,0,0.0,0.0,7,0.9,1.0,0,False,False,False,,,,False,False,0,Risk-Adaptive-CVaR-MPC,423.7137726517703,359.89639115544344,285.0818510339
573.0,418.6694799840632,172.830520015937,1,-18.500000000000227,18.500000000000227,0.0,0.0,0.0,0.5213436751581192,0.0,18.500000000000227,True,0.07649867799773347,0,0,233,0,0.0,0.0,7,0.9,1.0,0,False,False,False,,,,False,False,0,Risk-Adaptive-CVaR-MPC,418.6694799840632,360.3681850375305,277.9089642957981
530.0,419.9904117321517,153.0095882678483,1,-43.0,43.0,0.0,0.0,0.0,0.5217702624597065,0.0,43.0,True,0.08306067599914968,0,0,234,0,0.0,0.0,7,0.9,1.0,0,False,False,False,,,,False,False,0,Risk-Adaptive-CVaR-MPC,419.9904117321517,359.9782863407529,274.8507808032276
525.5,421.90600205338654,123.0095882678483,1,-19.415590321234788,19.415590321234788,0.0,0.0,0.0,0.521962877443052,0.0,19.415590321234788,True,0.08772270299959928,0,0,235,0,0.0,0.0,7,0.9,1.0,0,False,False,False,,,,False,False,0,Risk-Adaptive-CVaR-MPC,421.90600205338654,359.2907529908573,270.18775246137835
522.0,421.6126275310558,120.0,1,-19.612627531055807,19.612627531055807,0.0,0.0,0.0,0.5221574471606221,0.0,19.612627531055807,True,0.07858933500392595,0,0,236,0,0.0,0.0,7,0.9,1.0,0,False,False,False,,,,False,False,0,Risk-Adaptive-CVaR-MPC,421.6126275310558,360.6300807204681,273.2578291021001
478.5,417.20379997842974,120.00000000000003,1,-58.7037999784298,58.7037999784298,0.0,0.0,0.0,0.5227398261286621,0.0,58.7037999784298,True,0.07262173399794847,0,0,237,0,0.0,0.0,7,0.9,1.0,0,False,False,False,,,,False,False,0,Risk-Adaptive-CVaR-MPC,417.20379997842974,361.0047440489195,280.80254817343445
498.0,421.12387080536143,120.00000000000003,1,-43.12387080536146,43.12387080536146,0.0,0.0,0.0,0.5231676423072867,0.0,16.808317160437923,True,0.06972532699728617,0,0,238,0,0.0,0.0,7,0.9,1.0,0,False,False,False,,,,False,False,0,Risk-Adaptive-CVaR-MPC,421.12387080536143,360.2345634942878,285.4793462610172
454.0,421.1961389940103,134.10755410069217,1,-101.30369309470248,101.30369309470248,0.0,0.0,0.0,0.5241726392625913,0.0,44.0,True,0.06240594400151167,0,0,239,0,0.0,0.0,7,0.9,1.0,0,False,False,False,,,,False,False,0,Risk-Adaptive-CVaR-MPC,421.1961389940103,359.01310106817334,277.6431366134768
472.5,419.0425376299434,0.0,0,53.45746237005659,0.0,53.45746237005659,0.0,0.0,0.5235850138133316,0.0,0.0,True,0.010165856998355594,0,1,240,0,0.0,0.0,7,0.9,1.0,0,False,False,False,,,,False,False,0,Risk-Adaptive-CVaR-MPC,419.0425376299434,359.0680507993101,280.01437982955844
474.5,416.0070444864488,0.0,0,58.49295551355118,0.0,58.49295551355118,0.0,0.0,0.522942036243161,0.0,0.0,True,0.047432128005311824,0,0,241,0,0.0,0.0,7,0.9,1.0,0,False,False,False,,,,False,False,0,Risk-Adaptive-CVaR-MPC,416.0070444864488,358.7775778414571,278.74095763810647
455.0,417.6834014925291,0.0,0,37.316598507470935,0.0,37.316598507470935,0.0,0.0,0.5225318375170973,0.0,0.0,True,0.05342598199786153,0,0,242,0,0.0,0.0,7,0.9,1.0,0,False,False,False,,,,False,False,0,Risk-Adaptive-CVaR-MPC,417.6834014925291,357.86375742954,280.1379965673392
449.0,418.2980132077405,0.0,0,30.701986792259504,0.0,30.701986792259504,0.0,0.0,0.5221943492042949,0.0,0.0,True,0.05087245700269705,0,0,243,0,0.0,0.0,7,0.9,1.0,0,False,False,False,,,,False,False,0,Risk-Adaptive-CVaR-MPC,418.2980132077405,359.3108456776042,277.52317426379017
454.5,422.41156773253846,0.0,0,32.08843226746154,0.0,32.08843226746154,0.0,0.0,0.5218416205375901,0.0,0.0,True,0.046459065000817645,0,0,244,0,0.0,0.0,7,0.9,1.0,0,False,False,False,,,,False,False,0,Risk-Adaptive-CVaR-MPC,422.41156773253846,359.350092801359,278.13750218812254
454.0,425.1117720098728,0.0,0,28.888227990127177,0.0,28.888227990127177,0.0,0.0,0.5215240697748266,0.0,0.0,True,0.04807537199667422,0,0,245,0,0.0,0.0,7,0.9,1.0,0,False,False,False,,,,False,False,0,Risk-Adaptive-CVaR-MPC,425.1117720098728,358.5749548066399,270.9188724057389
464.5,424.75179811682665,0.0,0,39.74820188317335,0.0,39.74820188317335,0.0,0.0,0.5210871419081954,0.0,0.0,True,0.04517763500189176,0,0,246,0,0.0,0.0,7,0.9,1.0,0,False,False,False,,,,False,False,0,Risk-Adaptive-CVaR-MPC,424.75179811682665,358.35842481097086,260.14082111726555
482.5,419.1030573077804,0.0,0,63.396942692219625,0.0,63.396942692219625,0.0,0.0,0.520390257782396,0.0,0.0,True,0.04831396500230767,0,0,247,0,0.0,0.0,7,0.9,1.0,0,False,False,False,,,,False,False,0,Risk-Adaptive-CVaR-MPC,419.1030573077804,358.12220033320085,258.0253889692861
469.5,416.0646798872317,0.0,0,53.435320112768295,0.0,53.435320112768295,0.0,0.0,0.5198028757295361,0.0,0.0,True,0.05717015200207243,0,0,248,0,0.0,0.0,7,0.9,1.0,0,False,False,False,,,,False,False,0,Risk-Adaptive-CVaR-MPC,416.0646798872317,357.79177062096045,265.94154355549006
506.0,415.91351967653577,0.0,0,90.08648032346423,0.0,90.08648032346423,0.0,0.0,0.5188126097100635,0.0,0.0,True,0.05625338100071531,0,0,249,0,0.0,0.0,7,0.9,1.0,0,False,False,False,,,,False,False,0,Risk-Adaptive-CVaR-MPC,415.91351967653577,356.5370271059417,271.7415449291703
483.0,416.7404736887957,0.0,0,66.2595263112043,0.0,66.2595263112043,0.0,0.0,0.5180842589393736,0.0,0.0,True,0.05481323399726534,0,0,250,0,0.0,0.0,7,0.9,1.0,0,False,False,False,,,,False,False,0,Risk-Adaptive-CVaR-MPC,416.7404736887957,357.5295884860581,272.6096128664181
463.0,417.19494453418105,0.0,0,45.80505546581895,0.0,45.80505546581895,0.0,0.0,0.5175807517562203,0.0,0.0,True,0.041698334003740456,0,0,251,0,0.0,0.0,7,0.9,1.0,0,False,False,False,,,,False,False,0,Risk-Adaptive-CVaR-MPC,417.19494453418105,356.74852751191474,266.60344217721325
468.5,418.3261925141028,0.0,0,50.173807485897214,0.0,50.173807485897214,0.0,0.0,0.5170292215327901,0.0,0.0,True,0.061488563995226286,0,0,252,0,0.0,0.0,7,0.9,1.0,0,False,False,False,,,,False,False,0,Risk-Adaptive-CVaR-MPC,418.3261925141028,356.07668887557963,267.2173327125864
483.0,416.7555869147744,0.0,0,66.24441308522557,0.0,66.24441308522557,0.0,0.0,0.5163010368926236,0.0,0.0,True,0.05644996400224045,0,0,253,0,0.0,0.0,7,0.9,1.0,0,False,False,False,,,,False,False,0,Risk-Adaptive-CVaR-MPC,416.7555869147744,353.2359030495254,259.10787977662835
469.5,417.84696371746605,0.0,0,51.65303628253395,0.0,51.65303628253395,0.0,0.0,0.5157332464045336,0.0,0.0,True,0.06528154199622804,0,0,254,0,0.0,0.0,7,0.9,1.0,0,False,False,False,,,,False,False,0,Risk-Adaptive-CVaR-MPC,417.84696371746605,353.08706601787554,255.51048972168465
490.0,418.4860094635212,0.0,0,71.51399053647879,0.0,71.51399053647879,0.0,0.0,0.5149471364966886,0.0,0.0,True,0.06079897800373146,0,0,255,0,0.0,0.0,7,0.9,1.0,0,False,False,False,,,,False,False,0,Risk-Adaptive-CVaR-MPC,418.4860094635212,353.9026260170375,250.59282552734115
476.5,420.95062442664334,0.0,0,55.549375573356656,0.0,55.549375573356656,0.0,0.0,0.5143365159148243,0.0,0.0,True,0.1149446679992252,0,0,256,0,0.0,0.0,7,0.9,1.0,0,False,False,False,,,,False,False,0,Risk-Adaptive-CVaR-MPC,420.95062442664334,356.3241428515521,259.43016104510855
498.0,416.0793492793957,0.0,0,81.92065072060433,0.0,81.92065072060433,0.0,0.0,0.513436011905672,0.0,0.0,True,0.027710505004506558,0,0,257,0,0.0,0.0,7,0.9,1.0,0,False,False,False,,,,False,False,0,Risk-Adaptive-CVaR-MPC,416.0793492793957,354.49512491948065,259.0730576333284
491.0,416.1838489075718,0.0,0,74.81615109242819,0.0,74.81615109242819,0.0,0.0,0.5126136033503755,0.0,0.0,True,0.02474515299400082,0,0,258,0,0.0,0.0,7,0.9,1.0,0,False,False,False,,,,False,False,0,Risk-Adaptive-CVaR-MPC,416.1838489075718,354.17369124822704,260.38986503444886
490.0,418.075506019693,0.0,0,71.92449398030699,0.0,71.92449398030699,0.0,0.0,0.5118229810272398,0.0,0.0,True,0.032217587999184616,0,0,259,0,0.0,0.0,7,0.9,1.0,0,False,False,False,,,,False,False,0,Risk-Adaptive-CVaR-MPC,418.075506019693,353.9599232652363,255.82828022283528
480.5,420.7422001978095,120.0,1,-60.24220019780955,60.24220019780955,0.0,0.0,0.0,0.512420621902218,0.0,43.9632568359375,True,0.021341095998650417,1,0,260,0,0.0,0.0,7,0.9,1.0,0,False,False,False,,,,False,False,0,Risk-Adaptive-CVaR-MPC,420.7422001978095,353.4232671760305,264.34098260948883
523.5,419.9377742416096,120.0,1,-16.43777424160953,16.43777424160953,0.0,0.0,0.0,0.5125836950593768,0.0,2.5462646484375,True,0.01141207999899052,0,0,261,0,0.0,0.0,7,0.9,1.0,0,False,False,False,,,,False,False,0,Risk-Adaptive-CVaR-MPC,419.9377742416096,354.3254299217422,259.7344219535138
548.0,415.6341005218392,132.36589947816083,1,0.0,0.0,0.0,0.0,0.0,0.5125836950593768,0.0,0.0,True,0.03521561399975326,0,0,262,0,0.0,0.0,7,0.9,1.0,0,False,False,False,,,,False,False,0,Risk-Adaptive-CVaR-MPC,415.6341005218392,356.99417306414927,258.1187032585802
574.0,414.47034825988686,161.57652674011314,1,-2.046875,2.046875,0.0,0.0,0.0,0.51260400135898,0.0,2.046875,True,0.04434950499853585,0,0,263,0,0.0,0.0,7,0.9,1.0,0,False,False,False,,,,False,False,0,Risk-Adaptive-CVaR-MPC,414.47034825988686,356.91526748174425,259.1417455075437
607.0,417.653783182595,311.57652674011314,2,-122.23030992270816,122.23030992270816,0.0,0.0,0.0,0.5138166036399593,0.0,0.0,True,0.011458852997748181,1,0,264,0,0.0,0.0,7,0.9,1.0,0,False,False,False,,,,False,False,0,Risk-Adaptive-CVaR-MPC,417.653783182595,357.48164100320173,261.4032614616915
620.0,418.48946814309664,357.11073071169034,2,-155.60019885478698,155.60019885478698,0.0,0.0,0.0,0.5153602564063758,0.0,2.70574951171875,True,0.015640512996469624,0,0,265,0,0.0,0.0,7,0.9,1.0,0,False,False,False,,,,False,False,0,Risk-Adaptive-CVaR-MPC,418.48946814309664,357.11073071169034,264.1352211123889
663.5,419.32567160477873,358.0280247854086,2,-113.85369639018734,113.85369639018734,0.0,0.0,0.0,0.5164897573626277,0.0,0.0,True,0.01627046099747531,0,0,266,0,0.0,0.0,7,0.9,1.0,0,False,False,False,,,,False,False,0,Risk-Adaptive-CVaR-MPC,419.32567160477873,358.0280247854086,268.972571357812
682.5,419.0348386152977,358.6353524165568,2,-95.17019103185453,95.17019103185453,0.0,0.0,0.0,0.5174339060831818,0.0,10.05584716796875,True,0.01818623700091848,0,0,267,0,0.0,0.0,7,0.9,1.0,0,False,False,False,,,,False,False,0,Risk-Adaptive-CVaR-MPC,419.0348386152977,358.6353524165568,269.71732638801603
705.5,419.00893072219566,359.56921950216764,2,-73.0781502243633,73.0781502243633,0.0,0.0,0.0,0.5181588877322331,0.0,14.599365234375,True,0.018745795998256654,0,0,268,0,0.0,0.0,7,0.9,1.0,0,False,False,False,,,,False,False,0,Risk-Adaptive-CVaR-MPC,419.00893072219566,359.56921950216764,283.3159395807474
753.0,421.2374077085749,357.6502052017843,2,-25.887612910359167,25.887612910359167,0.0,0.0,0.0,0.5184157092888835,0.0,0.0,True,0.008883056994818617,0,0,269,0,0.0,0.0,7,0.9,1.0,0,False,False,False,,,,False,False,0,Risk-Adaptive-CVaR-MPC,421.2374077085749,357.6502052017843,274.397869854425
842.0,418.0537617704968,356.2664244925306,2,67.67981373697262,0.0,67.67981373697262,0.0,0.0,0.5176717461602618,0.0,0.0,True,0.007871268993767444,0,0,270,0,0.0,0.0,7,0.9,1.0,0,False,False,False,,,,False,False,0,Risk-Adaptive-CVaR-MPC,418.0537617704968,356.2664244925306,278.650624880123
852.5,417.26726623441874,355.9633525944823,2,79.26938117109898,0.0,79.26938117109898,0.0,0.0,0.5168003859486462,0.0,0.0,True,0.008432187001744751,0,0,271,0,0.0,0.0,7,0.9,1.0,0,False,False,False,,,,False,False,0,Risk-Adaptive-CVaR-MPC,417.26726623441874,355.9633525944823,283.3949895319312
912.0,414.954876448822,357.2259548547796,2,139.81916869639838,0.0,139.81916869639838,0.0,0.0,0.5152634386605092,0.0,0.0,True,0.008094066004559863,0,0,272,0,0.0,0.0,7,0.9,1.0,0,False,False,False,,,,False,False,0,Risk-Adaptive-CVaR-MPC,414.954876448822,357.2259548547796,290.92769362988327
985.0,412.94271358086326,357.9403250983878,2,214.11696132074894,0.0,214.11696132074894,0.0,0.0,0.5129097808172085,0.0,0.0,True,0.009003913997730706,0,0,273,0,0.0,0.0,7,0.9,1.0,0,False,False,False,,,,False,False,0,Risk-Adaptive-CVaR-MPC,412.94271358086326,357.9403250983878,295.4058262065292
1019.5,416.3727424098407,357.2671365997263,2,245.86012099043296,0.0,245.86012099043296,0.0,0.0,0.5102071896793812,0.0,0.0,True,0.015566321999358479,0,0,274,0,0.0,0.0,7,0.9,1.0,0,False,False,False,,,,False,False,0,Risk-Adaptive-CVaR-MPC,416.3727424098407,357.2671365997263,293.97792298838937
1097.5,413.745513971563,358.5149425588085,2,294.0192571458199,0.0,294.0192571458199,31.220286323808523,0.0,0.5069752143776859,0.0,0.0,True,0.015124705001653638,0,0,275,0,0.0,0.0,7,0.9,1.0,0,False,False,False,,,,False,False,0,Risk-Adaptive-CVaR-MPC,413.745513971563,358.5149425588085,294.0192571458199
1190.5,413.08828774967975,360.3176518834533,3,296.6414570029024,0.0,296.6414570029024,120.45260336396444,0.0,0.5037144148239452,0.0,0.0,True,0.012272945998120122,1,0,276,0,0.0,0.0,7,0.9,1.0,0,False,False,False,,,,False,False,0,Risk-Adaptive-CVaR-MPC,413.08828774967975,360.3176518834533,296.6414570029024
1254.5,411.39246717548326,359.82180824786207,2,295.2957436392425,0.0,295.2957436392425,187.98998093741218,0.0,0.5004684078807182,0.0,0.0,True,0.008492193999700248,0,0,277,0,0.0,0.0,7,0.9,1.0,0,False,False,False,,,,False,False,0,Risk-Adaptive-CVaR-MPC,411.39246717548326,359.82180824786207,295.2957436392425
1247.5,411.1658706711403,358.30179979230127,2,288.60716463287275,0.0,288.60716463287275,189.4251649036857,0.0,0.49729592442830567,0.0,0.0,True,0.009437075997993816,0,0,278,0,0.0,0.0,7,0.9,1.0,0,False,False,False,,,,False,False,0,Risk-Adaptive-CVaR-MPC,411.1658706711403,358.30179979230127,288.60716463287275
1242.5,411.9942699579635,357.49962165105256,2,286.0101232251738,0.0,286.0101232251738,186.99598516581005,0.0,0.4941519886763691,0.0,0.0,True,0.009204428999510128,0,0,279,0,0.0,0.0,7,0.9,1.0,0,False,False,False,,,,False,False,0,Risk-Adaptive-CVaR-MPC,411.9942699579635,357.49962165105256,286.0101232251738
1215.5,413.2260910235502,358.34292634372133,2,285.70329505284707,0.0,285.70329505284707,158.22768757988143,0.0,0.4910114257003672,0.0,0.0,True,0.010049887998320628,0,0,280,0,0.0,0.0,7,0.9,1.0,0,False,False,False,,,,False,False,0,Risk-Adaptive-CVaR-MPC,413.2260910235502,358.34292634372133,285.70329505284707
1160.5,408.7540483078342,359.38347163321373,2,296.2672969615569,0.0,296.2672969615569,96.09518309739519,0.0,0.4877547390609446,0.0,0.0,True,0.008814214001176879,0,0,281,0,0.0,0.0,7,0.9,1.0,0,False,False,False,,,,False,False,0,Risk-Adaptive-CVaR-MPC,408.7540483078342,359.38347163321373,296.2672969615569
1093.5,410.5934545658992,359.9556455909531,2,303.89968712088137,0.0,303.89968712088137,19.051212722266428,0.0,0.4844141541873474,0.0,0.0,True,0.009044119004101958,0,0,282,0,0.0,0.0,7,0.9,1.0,0,False,False,False,,,,False,False,0,Risk-Adaptive-CVaR-MPC,410.5934545658992,359.9556455909531,303.89968712088137
1023.5,407.9114127495636,359.1254172830259,2,256.46316996741047,0.0,256.46316996741047,0.0,0.0,0.4815950101653691,0.0,0.0,True,0.011121483003080357,0,0,283,0,0.0,0.0,7,0.9,1.0,0,False,False,False,,,,False,False,0,Risk-Adaptive-CVaR-MPC,407.9114127495636,359.1254172830259,299.58836499777107
959.5,409.8687701034346,357.9438913860451,2,191.68733851052025,0.0,191.68733851052025,0.0,0.0,0.4794879075567585,0.0,0.0,True,0.016041938004491385,0,0,284,0,0.0,0.0,7,0.9,1.0,0,False,False,False,,,,False,False,0,Risk-Adaptive-CVaR-MPC,409.8687701034346,357.9438913860451,298.30577391382394
921.0,406.78151613804266,358.7747848670403,2,155.44369899491699,0.0,155.44369899491699,0.0,0.0,0.4777792092870171,0.0,0.0,True,0.013213283004006371,0,0,285,0,0.0,0.0,7,0.9,1.0,0,False,False,False,,,,False,False,0,Risk-Adaptive-CVaR-MPC,406.78151613804266,358.7747848670403,297.01671706832053
869.0,402.0892732639911,358.18134323059024,2,108.72938350541858,0.0,108.72938350541858,0.0,0.0,0.47658401314418836,0.0,0.0,True,0.014000713999848813,0,0,286,0,0.0,0.0,7,0.9,1.0,0,False,False,False,,,,False,False,0,Risk-Adaptive-CVaR-MPC,402.0892732639911,358.18134323059024,298.6711995638626
818.0,402.162156392736,359.023881099332,2,56.81396250793205,0.0,56.81396250793205,0.0,0.0,0.4759594917254229,0.0,0.0,True,0.013972619999549352,0,0,287,0,0.0,0.0,7,0.9,1.0,0,False,False,False,,,,False,False,0,Risk-Adaptive-CVaR-MPC,402.162156392736,359.023881099332,300.7413983898444
787.0,404.13556216293983,359.8608817183708,2,23.003556118689403,0.0,23.003556118689403,0.0,0.0,0.47570662759009896,0.0,0.0,True,0.011937272000068333,0,0,288,0,0.0,0.0,7,0.9,1.0,0,False,False,False,,,,False,False,0,Risk-Adaptive-CVaR-MPC,404.13556216293983,359.8608817183708,311.7878272617358
703.0,406.65695230340935,358.0637806463621,2,-61.72073294977139,61.72073294977139,0.0,0.0,0.0,0.47631893644872764,0.0,61.72073294977139,True,0.055141258002549876,0,0,289,0,0.0,0.0,7,0.9,1.0,0,False,False,False,,,,False,False,0,Risk-Adaptive-CVaR-MPC,406.65695230340935,358.0637806463621,310.85571256383435
711.5,404.6940602825472,307.4081736041721,2,-0.6022338867192047,0.6022338867192047,0.0,0.0,0.0,0.4763249109912546,0.0,0.6022338867192047,True,0.0928586459995131,0,0,290,0,0.0,0.0,7,0.9,1.0,0,False,False,False,,,,False,False,0,Risk-Adaptive-CVaR-MPC,404.6940602825472,359.36441557949547,306.7295924016203
684.0,403.2923223107204,308.2076776892796,2,-27.5,27.5,0.0,0.0,0.0,0.4765977284515721,0.0,27.5,True,0.07118397600424942,0,0,291,0,0.0,0.0,7,0.9,1.0,0,False,False,False,,,,False,False,0,Risk-Adaptive-CVaR-MPC,403.2923223107204,358.5515793242038,307.7480480238307
620.0,405.7046278923223,278.29537210767774,2,-64.0,64.0,0.0,0.0,0.0,0.47723264908649277,0.0,64.0,True,0.039204524997330736,0,0,292,0,0.0,0.0,7,0.9,1.0,0,False,False,False,,,,False,False,0,Risk-Adaptive-CVaR-MPC,405.7046278923223,360.5730705572107,300.6610392862144
612.5,405.65038979565793,240.0,2,-33.150389795657915,33.150389795657915,0.0,0.0,0.0,0.4775615220011322,0.0,29.834028257291493,True,0.10879353399650427,0,0,293,0,0.0,0.0,7,0.9,1.0,0,False,False,False,,,,False,False,0,Risk-Adaptive-CVaR-MPC,405.65038979565793,360.6098844292809,300.9390766729102
564.0,406.9784131432625,205.52158685673749,1,-48.5,48.5,0.0,0.0,0.0,0.478042672794783,0.0,48.5,True,0.11166795399913099,0,1,294,0,0.0,0.0,7,0.9,1.0,0,False,False,False,,,,False,False,0,Risk-Adaptive-CVaR-MPC,406.9784131432625,364.16426566665024,299.16263006079186
562.5,408.7050223164628,175.52158685673749,1,-21.726609173200302,21.726609173200302,0.0,0.0,0.0,0.47825821455245365,0.0,21.726609173200302,True,0.09820390400273027,0,0,295,0,0.0,0.0,7,0.9,1.0,0,False,False,False,,,,False,False,0,Risk-Adaptive-CVaR-MPC,408.7050223164628,365.3059616886121,296.25974728479
560.5,406.0918811335754,156.40811886642462,1,-2.0,2.0,0.0,0.0,0.0,0.47827805582229493,0.0,2.0,True,0.09640557900274871,0,0,296,0,0.0,0.0,7,0.9,1.0,0,False,False,False,,,,False,False,0,Risk-Adaptive-CVaR-MPC,406.0918811335754,365.2193397097694,287.7119433737176
513.5,406.4060461615263,154.09395383847368,1,-47.0,47.0,0.0,0.0,0.0,0.4787443256635648,0.0,47.0,True,0.08916245600266848,0,0,297,0,0.0,0.0,7,0.9,1.0,0,False,False,False,,,,False,False,0,Risk-Adaptive-CVaR-MPC,406.4060461615263,366.3787308728697,283.6234715881231
515.5,409.7449012633351,166.91106051068476,1,-61.155961774019886,61.155961774019886,0.0,0.0,0.0,0.47935103163354514,0.0,0.0,True,0.16335300199716585,0,0,298,0,0.0,0.0,7,0.9,1.0,0,False,False,False,,,,False,False,0,Risk-Adaptive-CVaR-MPC,409.7449012633351,367.6592541715364,282.4974178393229
500.5,409.6013982351333,176.1025915014228,1,-85.20398973655608,85.20398973655608,0.0,0.0,0.0,0.480196309309503,0.0,15.0,True,0.11976128599781077,0,0,299,0,0.0,0.0,7,0.9,1.0,0,False,False,False,,,,False,False,0,Risk-Adaptive-CVaR-MPC,409.6013982351333,366.9639916140626,276.7658228755771
484.0,411.3441212870179,146.10259150142284,1,-73.44671278844078,73.44671278844078,0.0,0.0,0.0,0.48092494733319785,0.0,73.44671278844078,True,0.11895738399471156,0,0,300,0,0.0,0.0,7,0.9,1.0,0,False,False,False,,,,False,False,0,Risk-Adaptive-CVaR-MPC,411.3441212870179,367.1817476206794,280.4870401574007
486.0,412.8664268542443,120.0,1,-46.866426854244324,46.866426854244324,0.0,0.0,0.0,0.48138989204405347,0.0,31.234008195086403,True,0.1143944960058434,0,0,301,0,0.0,0.0,7,0.9,1.0,0,False,False,False,,,,False,False,0,Risk-Adaptive-CVaR-MPC,412.8664268542443,368.0680085317525,284.90253296621086
469.0,414.51790365731495,120.0,1,-65.51790365731496,65.51790365731496,0.0,0.0,0.0,0.48203987124700304,0.0,43.712861017191074,True,0.07942189300229074,0,0,302,0,0.0,0.0,7,0.9,1.0,0,False,False,False,,,,False,False,0,Risk-Adaptive-CVaR-MPC,414.51790365731495,368.8008770369444,295.6178031417388
483.0,411.57525686165405,120.0,1,-48.575256861654054,48.575256861654054,0.0,0.0,0.0,0.4825217686365036,0.0,22.865271193159458,True,0.10552767300396226,0,0,303,0,0.0,0.0,7,0.9,1.0,0,False,False,False,,,,False,False,0,Risk-Adaptive-CVaR-MPC,411.57525686165405,370.2771124241109,302.1096185330416
426.0,410.6511178763332,120.0,1,-104.65111787633316,104.65111787633316,0.0,0.0,0.0,0.483559974170991,0.0,70.42329880709337,True,0.22207465300016338,0,0,304,0,0.0,0.0,7,0.9,1.0,0,False,False,False,,,,False,False,0,Risk-Adaptive-CVaR-MPC,410.6511178763332,370.5198820134132,302.76487998461204
441.5,412.3304483542043,0.0,0,29.169551645795707,0.0,29.169551645795707,0.0,0.0,0.4832393309879699,0.0,0.0,True,0.010507516002689954,0,1,305,0,0.0,0.0,7,0.9,1.0,0,False,False,False,,,,False,False,0,Risk-Adaptive-CVaR-MPC,412.3304483542043,370.564643019738,296.793247117618
443.0,408.90327572298486,0.0,0,34.09672427701514,0.0,34.09672427701514,0.0,0.0,0.4828645263857075,0.0,0.0,True,0.052359695997438394,0,0,306,0,0.0,0.0,7,0.9,1.0,0,False,False,False,,,,False,False,0,Risk-Adaptive-CVaR-MPC,408.90327572298486,371.2971086001991,293.1631029176225
448.5,408.2000160688388,0.0,0,40.299983931161194,0.0,40.299983931161194,0.0,0.0,0.48242153311380886,0.0,0.0,True,0.048797558003570884,0,0,307,0,0.0,0.0,7,0.9,1.0,0,False,False,False,,,,False,False,0,Risk-Adaptive-CVaR-MPC,408.2000160688388,373.31871992589015,285.91897685393934
415.0,406.8676367442063,0.0,0,8.132363255793678,0.0,8.132363255793678,0.0,0.0,0.4823321389787366,0.0,0.0,True,0.048299772999598645,0,0,308,0,0.0,0.0,7,0.9,1.0,0,False,False,False,,,,False,False,0,Risk-Adaptive-CVaR-MPC,406.8676367442063,372.6304326024213,283.76855857629994
436.5,406.66789468001485,0.0,0,29.832105319985146,0.0,29.832105319985146,0.0,0.0,0.4820042127451704,0.0,0.0,True,0.047778727996046655,0,0,309,0,0.0,0.0,7,0.9,1.0,0,False,False,False,,,,False,False,0,Risk-Adaptive-CVaR-MPC,406.66789468001485,373.35928923763424,283.6428215563181
416.0,406.8275975301882,0.0,0,9.1724024698118,0.0,9.1724024698118,0.0,0.0,0.48190338609004785,0.0,0.0,True,0.05051670600369107,0,0,310,0,0.0,0.0,7,0.9,1.0,0,False,False,False,,,,False,False,0,Risk-Adaptive-CVaR-MPC,406.8275975301882,373.93446380468856,275.0922615602888
432.0,405.5708776712957,0.0,0,26.429122328704295,0.0,26.429122328704295,0.0,0.0,0.481612866783792,0.0,0.0,True,0.05084099800296826,0,0,311,0,0.0,0.0,7,0.9,1.0,0,False,False,False,,,,False,False,0,Risk-Adaptive-CVaR-MPC,405.5708776712957,375.1346323404164,275.1133766150123
427.0,406.7633933554609,0.0,0,20.23660664453911,0.0,20.23660664453911,0.0,0.0,0.48139041804522914,0.0,0.0,True,0.05992832899937639,0,0,312,0,0.0,0.0,7,0.9,1.0,0,False,False,False,,,,False,False,0,Risk-Adaptive-CVaR-MPC,406.7633933554609,373.78863035266073,272.14208059408384
434.5,408.5529315386883,0.0,0,25.947068461311687,0.0,25.947068461311687,0.0,0.0,0.4811051976646581,0.0,0.0,True,0.05980965499475133,0,0,313,0,0.0,0.0,7,0.9,1.0,0,False,False,False,,,,False,False,0,Risk-Adaptive-CVaR-MPC,408.5529315386883,373.0144411480254,274.7879094453908
437.0,409.2703351508002,0.0,0,27.72966484919982,0.0,27.72966484919982,0.0,0.0,0.4808003822835606,0.0,0.0,True,0.057173052002326585,0,0,314,0,0.0,0.0,7,0.9,1.0,0,False,False,False,,,,False,False,0,Risk-Adaptive-CVaR-MPC,409.2703351508002,374.2636575833084,281.1196400989014
416.5,408.7377743595116,0.0,0,7.762225640488396,0.0,7.762225640488396,0.0,0.0,0.4807150568467175,0.0,0.0,True,0.11335572000098182,0,0,315,0,0.0,0.0,7,0.9,1.0,0,False,False,False,,,,False,False,0,Risk-Adaptive-CVaR-MPC,408.7377743595116,373.153585101198,270.81053752664644
461.0,409.6447360696071,0.0,0,51.35526393039288,0.0,51.35526393039288,0.0,0.0,0.4801505395894252,0.0,0.0,True,0.08310509900184115,0,0,316,0,0.0,0.0,7,0.9,1.0,0,False,False,False,,,,False,False,0,Risk-Adaptive-CVaR-MPC,409.6447360696071,370.0980584149856,273.3995443024908
453.5,410.95742999841394,0.0,0,42.542570001586036,0.0,42.542570001586036,0.0,0.0,0.47968289492951244,0.0,0.0,True,0.1296536890004063,0,0,317,0,0.0,0.0,7,0.9,1.0,0,False,False,False,,,,False,False,0,Risk-Adaptive-CVaR-MPC,410.95742999841394,369.8375599623226,277.5858268867031
444.0,411.4624345704256,0.0,0,32.537565429574386,0.0,32.537565429574386,0.0,0.0,0.4793252292144619,0.0,0.0,True,0.08904019100009464,0,0,318,0,0.0,0.0,7,0.9,1.0,0,False,False,False,,,,False,False,0,Risk-Adaptive-CVaR-MPC,411.4624345704256,368.8256778386639,269.44294247032474
482.0,409.5910845384154,0.0,0,72.40891546158463,0.0,72.40891546158463,0.0,0.0,0.47852928193989847,0.0,0.0,True,0.041102356000919826,0,0,319,0,0.0,0.0,7,0.9,1.0,0,False,False,False,,,,False,False,0,Risk-Adaptive-CVaR-MPC,409.5910845384154,368.2254073602021,271.57825932261176
478.0,409.1418318556296,0.0,0,68.85816814437038,0.0,68.85816814437038,0.0,0.0,0.47777236587622646,0.0,0.0,True,0.02176479799527442,0,0,320,0,0.0,0.0,7,0.9,1.0,0,False,False,False,,,,False,False,0,Risk-Adaptive-CVaR-MPC,409.1418318556296,366.7566437140261,271.96274986008
504.0,404.5177563031108,0.0,0,99.48224369688921,0.0,99.48224369688921,0.0,0.0,0.47667881793073896,0.0,0.0,True,0.2881654750017333,0,0,321,0,0.0,0.0,7,0.9,1.0,0,False,False,False,,,,False,False,0,Risk-Adaptive-CVaR-MPC,404.5177563031108,366.8359110988157,270.08964425088584
539.5,405.5756017077628,120.0,1,13.924398292237186,0.0,13.924398292237186,0.0,0.0,0.47652575546874804,0.0,0.0,True,0.13939368600404123,1,0,322,0,0.0,0.0,7,0.9,1.0,0,False,False,False,,,,False,False,0,Risk-Adaptive-CVaR-MPC,405.5756017077628,365.5744701721794,273.4516014227816
571.0,403.61320432380654,150.0,1,17.386795676193504,0.0,17.386795676193504,0.0,0.0,0.47633463297307693,0.0,0.0,True,0.023388991998217534,0,0,323,0,0.0,0.0,7,0.9,1.0,0,False,False,False,,,,False,False,0,Risk-Adaptive-CVaR-MPC,403.61320432380654,365.6267612956936,268.01347781337347
606.5,402.6751693857716,365.83740593651,3,-162.01257532228158,162.01257532228158,0.0,0.0,0.0,0.47794190058540115,0.0,0.0,True,0.010756673000287265,2,0,324,0,0.0,0.0,7,0.9,1.0,0,False,False,False,,,,False,False,0,Risk-Adaptive-CVaR-MPC,402.6751693857716,365.83740593651,269.2592912089977
625.5,400.9735250351412,365.3280590240835,3,-140.80158405922475,140.80158405922475,0.0,0.0,0.0,0.4793387416970998,0.0,0.0,True,0.009339075004390907,0,0,325,0,0.0,0.0,7,0.9,1.0,0,False,False,False,,,,False,False,0,Risk-Adaptive-CVaR-MPC,400.9735250351412,365.3280590240835,261.04511357569885
664.5,397.9448897180341,364.4986864106655,3,-97.94357612869965,97.94357612869965,0.0,0.0,0.0,0.480310404158694,0.0,0.0,True,0.011323359998641536,0,0,326,0,0.0,0.0,7,0.9,1.0,0,False,False,False,,,,False,False,0,Risk-Adaptive-CVaR-MPC,397.9448897180341,364.4986864106655,264.4449031853457
690.5,395.6557718843251,363.4491680797643,3,-68.60493996408945,68.60493996408945,0.0,0.0,0.0,0.4809910087218298,0.0,0.576904296875,True,0.01190619600674836,0,0,327,0,0.0,0.0,7,0.9,1.0,0,False,False,False,,,,False,False,0,Risk-Adaptive-CVaR-MPC,395.6557718843251,363.4491680797643,263.5689282718176
719.5,400.4004141815391,362.9388979665253,3,-43.83931214806444,43.83931214806444,0.0,0.0,0.0,0.4814259225328225,0.0,10.00836181640625,True,0.010977000005368609,0,0,328,0,0.0,0.0,7,0.9,1.0,0,False,False,False,,,,False,False,0,Risk-Adaptive-CVaR-MPC,400.4004141815391,362.9388979665253,268.0068641243782
785.5,403.8240507522848,361.8744051941933,3,19.801544053521866,0.0,19.801544053521866,0.0,0.0,0.4812082561733545,0.0,0.0,True,0.010252485997625627,0,0,329,0,0.0,0.0,7,0.9,1.0,0,False,False,False,,,,False,False,0,Risk-Adaptive-CVaR-MPC,403.8240507522848,361.8744051941933,265.12353559218815
801.0,401.705934822176,360.072723128254,3,39.22134204957001,0.0,39.22134204957001,0.0,0.0,0.4807771197572092,0.0,0.0,True,0.013015882999752648,0,0,330,0,0.0,0.0,7,0.9,1.0,0,False,False,False,,,,False,False,0,Risk-Adaptive-CVaR-MPC,401.705934822176,360.072723128254,273.2443396594762
877.5,404.92387691430326,358.1964117885882,2,114.37971129710854,0.0,114.37971129710854,0.0,0.0,0.47951981298922447,0.0,0.0,True,0.007753306999802589,0,0,331,0,0.0,0.0,7,0.9,1.0,0,False,False,False,,,,False,False,0,Risk-Adaptive-CVaR-MPC,404.92387691430326,358.1964117885882,272.3470693925497
930.5,407.4209173673365,356.5397554548392,2,166.53932717782436,0.0,166.53932717782436,0.0,0.0,0.47768914721098693,0.0,0.0,True,0.0074785059987334535,0,0,332,0,0.0,0.0,7,0.9,1.0,0,False,False,False,,,,False,False,0,Risk-Adaptive-CVaR-MPC,407.4209173673365,356.5397554548392,273.46286457536644
977.5,407.1438802972082,355.3288836432705,2,215.02723605952133,0.0,215.02723605952133,0.0,0.0,0.4753254832697795,0.0,0.0,True,0.007777173996146303,0,0,333,0,0.0,0.0,7,0.9,1.0,0,False,False,False,,,,False,False,0,Risk-Adaptive-CVaR-MPC,407.1438802972082,355.3288836432705,269.8806097384754
1018.5,406.5199412704879,358.387847963164,2,253.5922107663481,0.0,253.5922107663481,0.0,0.0,0.4725378979603838,0.0,0.0,True,0.016077069005405065,0,0,334,0,0.0,0.0,7,0.9,1.0,0,False,False,False,,,,False,False,0,Risk-Adaptive-CVaR-MPC,406.5199412704879,358.387847963164,273.4200431034994
1099.5,404.218364139008,359.3372713267625,2,268.7078531749444,0.0,268.7078531749444,67.23651135928515,0.0,0.4695841555651969,0.0,0.0,True,0.008747140993364155,0,0,335,0,0.0,0.0,7,0.9,1.0,0,False,False,False,,,,False,False,0,Risk-Adaptive-CVaR-MPC,404.218364139008,359.3372713267625,268.7078531749444
1147.5,405.36455518561286,362.19918320718045,3,265.32085547303706,0.0,265.32085547303706,114.61540613416963,0.0,0.46666764438073316,0.0,0.0,True,0.012344023001787718,1,0,336,0,0.0,0.0,7,0.9,1.0,0,False,False,False,,,,False,False,0,Risk-Adaptive-CVaR-MPC,405.36455518561286,362.19918320718045,265.32085547303706
1226.5,404.8812457273926,360.3665604271788,3,260.324850115141,0.0,260.324850115141,200.9273437302876,0.0,0.46380605125191177,0.0,0.0,True,0.0074305399975855835,0,0,337,0,0.0,0.0,7,0.9,1.0,0,False,False,False,,,,False,False,0,Risk-Adaptive-CVaR-MPC,404.8812457273926,360.3665604271788,260.324850115141
1257.0,407.19294533167056,361.3524434302673,3,257.9417764681073,0.0,257.9417764681073,230.51283476995485,0.0,0.46097065380579527,0.0,0.0,True,0.007872879999922588,0,0,338,0,0.0,0.0,7,0.9,1.0,0,False,False,False,,,,False,False,0,Risk-Adaptive-CVaR-MPC,407.19294533167056,361.3524434302673,257.9417764681073
1249.0,407.9776478160997,361.17012051985046,3,249.61049242410576,0.0,249.61049242410576,230.24173923994414,0.0,0.4582268371102834,0.0,0.0,True,0.008405879998463206,0,0,339,0,0.0,0.0,7,0.9,1.0,0,False,False,False,,,,False,False,0,Risk-Adaptive-CVaR-MPC,407.9776478160997,361.17012051985046,249.61049242410576
1245.0,405.69427495108056,362.0036955732715,3,244.6983949281741,0.0,244.6983949281741,232.60363454747383,0.0,0.4555370161221972,0.0,0.0,True,0.008869636003510095,0,0,340,0,0.0,0.0,7,0.9,1.0,0,False,False,False,,,,False,False,0,Risk-Adaptive-CVaR-MPC,405.69427495108056,362.0036955732715,244.6983949281741
1169.5,405.87037446169865,362.5362301083984,3,249.191437927538,0.0,249.191437927538,151.901957502365,0.0,0.4527978058385106,0.0,0.0,True,0.008435465002548881,0,0,341,0,0.0,0.0,7,0.9,1.0,0,False,False,False,,,,False,False,0,Risk-Adaptive-CVaR-MPC,405.87037446169865,362.5362301083984,249.191437927538
1069.5,408.5306656552445,361.8684813803116,3,258.6555215216233,0.0,258.6555215216233,40.44533144282059,0.0,0.44995456262607575,0.0,0.0,True,0.008549145997676533,0,0,342,0,0.0,0.0,7,0.9,1.0,0,False,False,False,,,,False,False,0,Risk-Adaptive-CVaR-MPC,408.5306656552445,361.8684813803116,258.6555215216233
1011.0,405.045590383982,362.59439977765646,3,243.3600098383615,0.0,243.3600098383615,0.0,0.0,0.4472794536932353,0.0,0.0,True,0.010667786002159119,0,0,343,0,0.0,0.0,7,0.9,1.0,0,False,False,False,,,,False,False,0,Risk-Adaptive-CVaR-MPC,405.045590383982,362.59439977765646,253.6931728039676
930.5,405.78432378828086,362.0698043366909,3,162.6458718750282,0.0,162.6458718750282,0.0,0.0,0.4454915863068414,0.0,0.0,True,0.011665865997201763,0,0,344,0,0.0,0.0,7,0.9,1.0,0,False,False,False,,,,False,False,0,Risk-Adaptive-CVaR-MPC,405.78432378828086,362.0698043366909,253.253650859371
900.0,409.0688710103908,361.24145376511456,3,129.68967522449464,0.0,129.68967522449464,0.0,0.0,0.4440659863945113,0.0,0.0,True,0.01971695799875306,0,0,345,0,0.0,0.0,7,0.9,1.0,0,False,False,False,,,,False,False,0,Risk-Adaptive-CVaR-MPC,409.0688710103908,361.24145376511456,258.568116427624
859.5,408.4382002543549,361.3133199434812,3,89.74847980216396,0.0,89.74847980216396,0.0,0.0,0.44307943580969217,0.0,0.0,True,0.018888441001763567,0,0,346,0,0.0,0.0,7,0.9,1.0,0,False,False,False,,,,False,False,0,Risk-Adaptive-CVaR-MPC,408.4382002543549,361.3133199434812,257.8016974325827
819.0,408.4030234664429,360.1479272544741,3,50.449049279083056,0.0,50.449049279083056,0.0,0.0,0.44252488002022855,0.0,0.0,True,0.015730881998024415,0,0,347,0,0.0,0.0,7,0.9,1.0,0,False,False,False,,,,False,False,0,Risk-Adaptive-CVaR-MPC,408.4030234664429,360.1479272544741,257.5056807590782
763.5,407.67621265146414,360.3484832580131,3,-4.524695909477259,4.524695909477259,0.0,0.0,0.0,0.44256976787647334,0.0,4.524695909477259,True,0.016806070001621265,0,0,348,0,0.0,0.0,7,0.9,1.0,0,False,False,False,,,,False,False,0,Risk-Adaptive-CVaR-MPC,407.67621265146414,360.3484832580131,258.46578805179035
709.5,408.9639565938909,354.5360434061091,2,-54.0,54.0,0.0,0.0,0.0,0.44310548216218765,0.0,54.0,True,0.07634143599716481,0,1,349,0,0.0,0.0,7,0.9,1.0,0,False,False,False,,,,False,False,0,Risk-Adaptive-CVaR-MPC,408.9639565938909,361.3403844099072,259.4584530104272
696.0,410.6976078400051,298.802392159995,2,-13.500000000000114,13.500000000000114,0.0,0.0,0.0,0.4432394107336162,0.0,13.500000000000114,True,0.07106787500379141,0,0,350,0,0.0,0.0,7,0.9,1.0,0,False,False,False,,,,False,False,0,Risk-Adaptive-CVaR-MPC,410.6976078400051,362.9693510219543,259.72579609181304
626.0,410.384084527291,337.5993727578041,2,-121.98345728509506,121.98345728509506,0.0,0.0,0.0,0.4444495640796985,0.0,70.0,True,0.06214512499718694,0,0,351,0,0.0,0.0,7,0.9,1.0,0,False,False,False,,,,False,False,0,Risk-Adaptive-CVaR-MPC,410.384084527291,363.4006635663641,263.0786457731201
593.0,412.28380579094096,213.71619420905904,1,-33.0,33.0,0.0,0.0,0.0,0.44477694503207943,0.0,33.0,True,0.07036629600042943,0,1,352,0,0.0,0.0,7,0.9,1.0,0,False,False,False,,,,False,False,0,Risk-Adaptive-CVaR-MPC,412.28380579094096,361.3507643844585,264.34301777194145
580.0,411.5604157417994,183.71619420905904,1,-15.276609950858358,15.276609950858358,0.0,0.0,0.0,0.44492849870222684,0.0,15.276609950858358,True,0.08355318600661121,0,0,353,0,0.0,0.0,7,0.9,1.0,0,False,False,False,,,,False,False,0,Risk-Adaptive-CVaR-MPC,411.5604157417994,362.6153481729364,265.41981442941136
545.0,414.6578502971965,173.13934598761904,1,-42.797196284815534,42.797196284815534,0.0,0.0,0.0,0.44535307406219526,0.0,35.0,True,0.045900080003775656,0,0,354,0,0.0,0.0,7,0.9,1.0,0,False,False,False,,,,False,False,0,Risk-Adaptive-CVaR-MPC,414.6578502971965,362.5777042128057,260.2083261923442
544.5,412.2833436972522,143.13934598761904,1,-10.922689684871273,10.922689684871273,0.0,0.0,0.0,0.44546143407891026,0.0,10.922689684871273,True,0.08083340000302996,0,0,355,0,0.0,0.0,7,0.9,1.0,0,False,False,False,,,,False,False,0,Risk-Adaptive-CVaR-MPC,412.2833436972522,360.0707772957949,262.6587939089959
833.0,412.5261244674383,293.13934598761904,2,127.3345295449426,0.0,127.3345295449426,0.0,0.0,0.44406172285408346,0.0,0.0,True,0.09493974100041669,1,0,356,0,0.0,0.0,7,0.9,1.0,0,False,False,False,,,,False,False,0,Risk-Adaptive-CVaR-MPC,412.5261244674383,361.4856959105786,268.1683141122985
847.0,411.431384760468,353.13934598761904,2,82.42926925191296,0.0,82.42926925191296,0.0,0.0,0.4431556279100137,0.0,0.0,True,0.0188680729988846,0,0,357,0,0.0,0.0,7,0.9,1.0,0,False,False,False,,,,False,False,0,Risk-Adaptive-CVaR-MPC,411.431384760468,361.3851723092949,274.5443674433011
852.0,413.3543272608376,361.9840238777496,2,76.6616488614128,0.0,76.6616488614128,0.0,0.0,0.44231293291747303,0.0,0.0,True,0.01050954099628143,0,0,358,0,0.0,0.0,7,0.9,1.0,0,False,False,False,,,,False,False,0,Risk-Adaptive-CVaR-MPC,413.3543272608376,361.9840238777496,275.44284877906495
830.0,412.64741893823685,363.568808667048,2,53.78377239471513,0.0,53.78377239471513,0.0,0.0,0.4417217205400963,0.0,0.0,True,0.009738375003507826,0,0,359,0,0.0,0.0,7,0.9,1.0,0,False,False,False,,,,False,False,0,Risk-Adaptive-CVaR-MPC,412.64741893823685,363.568808667048,272.6679999970252
