load_kw,grid_kw,generator_kw,generator_units_on,storage_kw,charge_kw,discharge_kw,unserved_kw,spill_kw,soc,grid_headroom_storage_preservation_kw,grid_headroom_storage_charge_kw,v15_generator_first_guard_active,decision_seconds,generator_startup_units,generator_shutdown_units,step,risk_level,risk_reserve_kw,applied_risk_reserve_kw,forecast_scenario_count,cvar_alpha,cvar_weight,minimum_committed_generator_units,low_soc_commitment_guard_evaluated,low_soc_commitment_guard_triggered,low_soc_commitment_reachability_truncated,low_soc_commitment_forecast_peak_kw,low_soc_single_unit_firm_supply_kw,low_soc_commitment_deficit_kw,generator_before_storage,supervisory_protection_active,supervisory_safe_exit_counter,selected_controller,grid_available_capacity_kw,generator_available_capacity_kw,storage_available_power_kw
1187.5,1167.5,120.0,1,-100.0,100.0,0.0,0.0,0.0,0.20894922639475033,0.0,100.0,False,0.004565324998111464,0,0,0,0,0.0,0.0,1,,,0,True,False,False,1202.28857421875,1446.2310253953694,-243.94245117661944,True,True,0,ML-Robust-MPC,1206.2310253953694,798.572881306305,500.0
1159.0,1139.0,120.0,1,-100.0,100.0,0.0,0.0,0.0,0.20994128988681382,0.0,100.0,False,0.0040409869980067015,0,0,1,0,0.0,0.0,1,,,0,True,False,False,1215.8331298828125,1448.3607322683554,-232.52760238554288,True,True,0,ML-Robust-MPC,1208.3607322683554,798.3928131851143,500.0
1167.5,1147.5,120.0,1,-100.0,100.0,0.0,0.0,0.0,0.2109333533788773,0.0,100.0,False,0.004018895000626799,0,0,2,0,0.0,0.0,1,,,0,True,False,False,1207.363525390625,1447.8720445366855,-240.5085191460605,True,True,0,ML-Robust-MPC,1207.8720445366855,802.3103210583057,500.0
1158.5,1138.5,120.0,1,-100.0,100.0,0.0,0.0,0.0,0.2119254168709408,0.0,100.0,False,0.003726722003193572,0,0,3,0,0.0,0.0,1,,,0,True,False,False,1206.1199951171875,1446.231930612085,-240.11193549489758,True,True,0,ML-Robust-MPC,1206.231930612085,802.0957889420861,499.75933551082807
1177.5,1157.5,120.0,1,-100.0,100.0,0.0,0.0,0.0,0.21291748036300429,0.0,100.0,False,0.003584614001738373,0,0,4,0,0.0,0.0,1,,,0,True,False,False,1225.4005126953125,1446.1821172508337,-220.7816045555212,True,True,0,ML-Robust-MPC,1206.1821172508337,800.8055964351458,499.9427221315999
1182.5,1162.5,120.0,1,-100.0,100.0,0.0,0.0,0.0,0.21390954385506777,0.0,100.0,False,0.004012931000033859,0,0,5,0,0.0,0.0,1,,,0,True,False,False,1221.39501953125,1448.1155808527767,-226.7205613215267,True,True,0,ML-Robust-MPC,1208.1155808527767,800.9429336783944,500.0
1184.5,1164.5,120.0,1,-100.0,100.0,0.0,0.0,0.0,0.21490160734713126,0.0,100.0,False,0.0037836479968973435,0,0,6,0,0.0,0.0,1,,,0,True,False,False,1227.363525390625,1446.891178975962,-219.52765358533702,True,True,0,ML-Robust-MPC,1206.891178975962,801.9143797654181,500.0
1176.0,1156.0,120.0,1,-100.0,100.0,0.0,0.0,0.0,0.21589367083919475,0.0,100.0,False,0.003683720999106299,0,0,7,0,0.0,0.0,1,,,0,True,False,False,1209.0198974609375,1445.2777626196455,-236.257865158708,True,True,0,ML-Robust-MPC,1205.2777626196455,803.9649634690405,499.8532643943449
1158.0,1206.2799076293054,0.0,0,-48.2799076293054,48.2799076293054,0.0,0.0,0.0,0.21637263817678706,0.0,48.2799076293054,False,0.0035997710001538508,0,1,8,0,0.0,0.0,1,,,0,True,False,False,1211.85888671875,1446.2799076293054,-234.4210209105554,True,True,0,ML-Robust-MPC,1206.2799076293054,804.1791495667036,498.5687672912839
1146.0,855.6305051425297,0.0,0,290.36949485747033,0.0,290.36949485747033,0.0,0.0,0.21318078249748496,100.0,0.0,False,0.0034989170017070137,0,0,9,0,0.0,0.0,1,,,0,True,False,False,1207.7550048828125,1445.9330559030109,-238.17805102019838,True,True,0,ML-Robust-MPC,1205.9330559030109,803.7329823045577,500.0
1126.5,897.2906823266077,0.0,0,229.20931767339232,0.0,229.20931767339232,0.0,0.0,0.2106612235378777,100.0,0.0,False,0.0036802030008402653,0,0,10,0,0.0,0.0,1,,,0,True,False,False,1214.3690185546875,1448.8621707269417,-234.4931521722542,True,True,0,ML-Robust-MPC,1208.8621707269417,801.643879344219,500.0
1116.0,908.3338635524262,0.0,0,207.6661364475737,0.0,207.6661364475737,0.0,0.0,0.20837847569845927,100.0,0.0,False,0.0035076589992968366,0,0,11,0,0.0,0.0,1,,,0,True,False,False,1223.0751953125,1448.7147673285772,-225.63957201607718,True,True,0,ML-Robust-MPC,1208.7147673285772,803.2188781266253,499.8961838490259
1124.0,995.0101206420795,0.0,0,128.98987935792053,0.0,128.98987935792053,0.0,0.0,0.20696056821749897,100.0,0.0,False,0.0034165300021413714,0,0,12,0,0.0,0.0,1,,,0,True,False,False,1232.189697265625,1449.7510981393011,-217.56140087367612,True,True,0,ML-Robust-MPC,1209.7510981393011,801.76327129386,499.9681050097226
1173.0,967.7987830646985,0.0,0,205.20121693530155,0.0,205.20121693530155,0.0,0.0,0.2047049157427232,100.0,0.0,False,0.0035491189992171712,0,0,13,0,0.0,0.0,1,,,0,True,False,False,1238.621337890625,1448.5769704006752,-209.95563251005024,True,True,0,ML-Robust-MPC,1208.5769704006752,802.782292635877,500.0
1204.0,1032.3814789591138,0.0,0,171.6185210408862,0.0,171.6185210408862,0.0,0.0,0.20281841746807952,100.0,0.0,False,0.0037784040032420307,0,0,14,0,0.0,0.0,1,,,0,True,False,False,1247.7421875,1449.866471443012,-202.12428394301196,True,True,0,ML-Robust-MPC,1209.866471443012,803.8991659030387,500.0
1228.5,938.6653866368715,0.0,0,289.8346133631285,0.0,289.8346133631285,0.0,0.0,0.1996324414165128,100.0,0.0,False,0.00378560800163541,0,0,15,0,0.0,0.0,1,,,0,True,False,False,1236.524658203125,1451.35940651461,-214.8347483114851,True,True,0,ML-Robust-MPC,1211.35940651461,803.6380107350759,500.0
1221.0,978.2930571337954,0.0,0,242.70694286620466,0.0,242.70694286620466,0.0,0.0,0.19696451125265793,100.0,0.0,False,0.003512825001962483,0,0,16,0,0.0,0.0,1,,,0,True,False,False,1245.6519775390625,1449.237246825357,-203.58526928629453,True,True,0,ML-Robust-MPC,1209.237246825357,806.0542694363933,500.0
1221.5,949.7842950355914,0.0,0,271.7157049644086,0.0,271.7157049644086,0.0,0.0,0.19397770536772183,100.0,0.0,False,0.003711681994900573,0,0,17,0,0.0,0.0,1,,,0,True,False,False,1230.7030029296875,1445.8940169694442,-215.19101403975674,True,True,0,ML-Robust-MPC,1205.8940169694442,806.0293044869725,500.0
1178.0,960.1569876492401,0.0,0,217.8430123507598,0.0,217.8430123507598,0.0,0.0,0.19158308930617807,100.0,0.0,False,0.0040218400026788,0,0,18,0,0.0,0.0,1,,,0,True,False,False,1236.67431640625,1445.7140585248394,-209.0397421185894,True,True,0,ML-Robust-MPC,1205.7140585248394,807.0444163060154,500.0
1164.5,937.1597608501825,0.0,0,227.34023914981753,0.0,227.34023914981753,0.0,0.0,0.18908407599274296,100.0,0.0,False,0.0038035969992051832,0,0,19,0,0.0,0.0,1,,,0,True,False,False,1244.674560546875,1444.1079618924634,-199.43340134558844,True,True,0,ML-Robust-MPC,1204.1079618924634,809.5541996507696,498.7244688182743
1159.5,957.9002302452745,0.0,0,201.59976975472546,0.0,201.59976975472546,0.0,0.0,0.18686801204169512,100.0,0.0,False,0.003665003001515288,0,0,20,0,0.0,0.0,1,,,0,True,False,False,1238.85009765625,1444.77241684157,-205.92231918532002,True,True,0,ML-Robust-MPC,1204.77241684157,809.4565127049306,499.99474840368026
1165.0,1037.921038749333,0.0,0,127.07896125066685,0.0,127.07896125066685,0.0,0.0,0.18547111012406478,100.0,0.0,False,0.004035473997646477,0,0,21,0,0.0,0.0,1,,,0,True,False,False,1241.552978515625,1443.687168997507,-202.1341904818819,True,True,0,ML-Robust-MPC,1203.687168997507,808.6890986937899,500.0
1209.0,1053.83572384855,0.0,0,155.16427615144988,0.0,155.16427615144988,0.0,0.0,0.18376548338010565,100.0,0.0,False,0.0039011530025163665,0,0,22,0,0.0,0.0,1,,,0,True,False,False,1234.628173828125,1442.008191533054,-207.38001770492906,True,True,0,ML-Robust-MPC,1202.008191533054,809.4705322351499,500.0
1214.0,1033.4563027281883,0.0,0,180.5436972718116,0.0,180.5436972718116,0.0,0.0,0.18178087605838236,100.0,0.0,False,0.0038772370025981218,0,0,23,0,0.0,0.0,1,,,0,True,False,False,1241.258544921875,1444.996477214573,-203.7379322926979,True,True,0,ML-Robust-MPC,1204.996477214573,809.2824274918173,500.0
1249.0,1207.6881663262193,0.0,0,41.31183367378071,0.0,41.31183367378071,0.0,0.0,0.18132676013618892,0.0,0.0,False,0.003953539002395701,0,0,24,0,0.0,0.0,1,,,0,True,False,False,1236.37646484375,1447.6881663262193,-211.3117014824693,True,True,0,ML-Robust-MPC,1207.6881663262193,809.7924527721506,500.0
1222.5,1206.7955176755206,0.0,0,15.704482324479386,0.0,15.704482324479386,0.0,0.0,0.1811541302904729,0.0,0.0,False,0.003918960996088572,0,0,25,0,0.0,0.0,1,,,0,True,False,False,1249.0,1446.7955176755206,-197.7955176755206,True,True,0,ML-Robust-MPC,1206.7955176755206,807.5534931491557,499.8987923708799
1190.0,1205.9625344783835,0.0,0,-15.962534478383532,15.962534478383532,0.0,0.0,0.0,0.181312488767441,0.0,15.962534478383532,False,0.0038490469960379414,0,0,26,0,0.0,0.0,1,,,0,True,False,False,1231.036865234375,1445.9625344783835,-214.92566924400853,True,True,0,ML-Robust-MPC,1205.9625344783835,808.8602583921534,500.0
1179.5,1204.776562411836,0.0,0,-25.27656241183604,25.27656241183604,0.0,0.0,0.0,0.18156324831517745,0.0,25.27656241183604,False,0.003874376001476776,0,0,27,0,0.0,0.0,1,,,0,True,False,False,1214.72314453125,1444.776562411836,-230.05341788058604,True,True,0,ML-Robust-MPC,1204.776562411836,807.4473709015305,500.0
1143.0,1206.630292731164,0.0,0,-63.63029273116399,63.63029273116399,0.0,0.0,0.0,0.18219450121925646,0.0,63.63029273116399,False,0.003785916997003369,0,0,28,0,0.0,0.0,1,,,0,True,False,False,1230.146728515625,1446.630292731164,-216.483564215539,True,True,0,ML-Robust-MPC,1206.630292731164,809.3049604078586,500.0
1164.0,1203.3415358607992,0.0,0,-39.34153586079924,39.34153586079924,0.0,0.0,0.0,0.18258479423374852,0.0,39.34153586079924,False,0.003639734997705091,0,0,29,0,0.0,0.0,1,,,0,True,False,False,1217.6400146484375,1443.3415358607992,-225.70152121236174,True,True,0,ML-Robust-MPC,1203.3415358607992,808.2604001245165,500.0
1162.5,1202.958647344175,0.0,0,-40.458647344175006,40.458647344175006,0.0,0.0,0.0,0.1829861697034328,0.0,40.458647344175006,False,0.0038851670033182018,0,0,30,0,0.0,0.0,1,,,0,True,False,False,1232.110595703125,1442.958647344175,-210.84805164105,True,True,0,ML-Robust-MPC,1202.958647344175,807.7085052045555,500.0
1172.5,978.5616689791661,0.0,0,193.9383310208339,0.0,193.9383310208339,0.0,0.0,0.18085432329991485,100.0,0.0,False,0.0039900760020827875,0,0,31,0,0.0,0.0,1,,,0,True,False,False,1222.314697265625,1434.2219406182292,-211.90724335260416,True,True,0,ML-Robust-MPC,1194.2219406182292,805.4317247049162,499.1078908790211
1212.0,1191.860526958014,0.0,0,20.139473041986093,0.0,20.139473041986093,0.0,0.0,0.1806329422921104,0.0,0.0,False,0.004037632999825291,0,0,32,0,0.0,0.0,1,,,0,True,False,False,1212.9658203125,1431.860526958014,-218.8947066455139,True,True,0,ML-Robust-MPC,1191.860526958014,803.8633828852805,497.2915248580348
1225.0,1195.1397187791126,0.0,0,29.860281220887373,0.0,29.860281220887373,0.0,0.0,0.18030470633796092,0.0,0.0,False,0.003928800993890036,0,0,33,0,0.0,0.0,1,,,0,True,False,False,1221.5374755859375,1435.1397187791126,-213.60224319317513,True,True,0,ML-Robust-MPC,1195.1397187791126,803.709073288248,496.15696747197927
1244.0,1195.6724105924177,0.0,0,48.32758940758231,0.0,48.32758940758231,0.0,0.0,0.17977347046969835,0.0,0.0,False,0.0036533120000967756,0,0,34,0,0.0,0.0,1,,,0,True,False,False,1225.0,1435.6724105924177,-210.6724105924177,True,True,0,ML-Robust-MPC,1195.6724105924177,803.8631080840114,494.945361327296
1186.5,1196.6389551182062,0.0,0,-10.13895511820624,10.13895511820624,0.0,0.0,0.0,0.1798740553419028,0.0,10.13895511820624,False,0.0039606099962838925,0,0,35,0,0.0,0.0,1,,,0,True,False,False,1244.0,1436.6389551182062,-192.63895511820624,True,True,0,ML-Robust-MPC,1196.6389551182062,803.9589427893328,495.2986264193555
1176.0,1201.3862703952088,0.0,0,-25.38627039520884,25.38627039520884,0.0,0.0,0.0,0.18012590326249017,0.0,25.38627039520884,False,0.003907252998033073,0,0,36,0,0.0,0.0,1,,,0,True,False,False,1186.5,1441.3862703952088,-254.88627039520884,True,True,0,ML-Robust-MPC,1201.3862703952088,802.429093780764,495.0105389083513
1118.0,1201.0686013056477,0.0,0,-83.06860130564769,83.06860130564769,0.0,0.0,0.0,0.18094999652941127,0.0,83.06860130564769,False,0.004019266001705546,0,0,37,0,0.0,0.0,1,,,0,True,False,False,1188.6510009765625,1441.0686013056477,-252.4176003290852,True,True,0,ML-Robust-MPC,1201.0686013056477,802.9821164665482,495.8746017101644
1110.5,1200.505654408728,0.0,0,-90.0056544087281,90.0056544087281,0.0,0.0,0.0,0.1818429097675931,0.0,90.0056544087281,False,0.003650708000350278,0,0,38,0,0.0,0.0,1,,,0,True,False,False,1174.001708984375,1440.505654408728,-266.5039454243531,True,True,0,ML-Robust-MPC,1200.505654408728,801.9836221297385,495.0246513382454
1154.5,1201.743007068373,0.0,0,-47.24300706837289,47.24300706837289,0.0,0.0,0.0,0.1823115903932714,0.0,47.24300706837289,False,0.003987017000326887,0,0,39,0,0.0,0.0,1,,,0,True,False,False,1201.44189453125,1441.743007068373,-240.3011125371229,True,True,0,ML-Robust-MPC,1201.743007068373,801.5775772273664,495.0790973078447
1145.5,1202.169724170913,0.0,0,-56.669724170913014,56.669724170913014,0.0,0.0,0.0,0.1828737900378241,0.0,56.669724170913014,False,0.004063332999066915,0,0,40,0,0.0,0.0,1,,,0,True,False,False,1226.9864501953125,1442.169724170913,-215.1832739756005,True,True,0,ML-Robust-MPC,1202.169724170913,801.9542523371103,493.7550092803904
1170.5,976.0005460948512,0.0,0,194.4994539051488,0.0,194.4994539051488,0.0,0.0,0.18073577555089243,100.0,0.0,False,0.003757619000680279,0,0,41,0,0.0,0.0,1,,,0,True,False,False,1234.1611328125,1440.4612388668204,-206.3001060543204,True,True,0,ML-Robust-MPC,1200.4612388668204,801.0087293072348,494.07012219582407
1157.5,1195.5855924157477,0.0,0,-38.08559241574767,38.08559241574767,0.0,0.0,0.0,0.18111360880898517,0.0,38.08559241574767,False,0.003926905999833252,0,0,42,0,0.0,0.0,1,,,0,True,False,False,1232.7965087890625,1435.5855924157477,-202.78908362668517,True,True,0,ML-Robust-MPC,1195.5855924157477,801.4508205032133,495.52298773872593
1168.0,1196.4321090351332,0.0,0,-28.43210903513318,28.43210903513318,0.0,0.0,0.0,0.1813956733827464,0.0,28.43210903513318,False,0.004030699004943017,0,0,43,0,0.0,0.0,1,,,0,True,False,False,1234.309814453125,1436.4321090351332,-202.12229458200818,True,True,0,ML-Robust-MPC,1196.4321090351332,798.3314112980328,495.2384596961298
1141.5,1196.1166384611918,0.0,0,-54.61663846119177,54.61663846119177,0.0,0.0,0.0,0.1819375051135122,0.0,54.61663846119177,False,0.004089863003173377,0,0,44,0,0.0,0.0,1,,,0,True,False,False,1230.00732421875,1436.1166384611918,-206.10931424244177,True,True,0,ML-Robust-MPC,1196.1166384611918,797.6321233387484,495.94788220146177
1118.0,1196.4155444709368,0.0,0,-78.41554447093677,78.41554447093677,0.0,0.0,0.0,0.18271543710231117,0.0,78.41554447093677,False,0.0036938070043106563,0,0,45,0,0.0,0.0,1,,,0,True,False,False,1237.4464111328125,1436.4155444709368,-198.96913333812427,True,True,0,ML-Robust-MPC,1196.4155444709368,797.8972893541959,495.72164751263455
1122.5,1123.9298870293987,0.0,0,-1.4298870293987136,1.4298870293987136,0.0,0.0,0.0,0.18272962248950758,98.57011297060129,1.4298870293987136,False,0.004155823000473902,0,0,46,0,0.0,0.0,1,,,0,True,False,False,1230.2838134765625,1435.9385566017938,-205.65474312523133,True,True,0,ML-Robust-MPC,1195.9385566017938,798.3449603008495,494.99718048228783
1136.0,1192.3254601047752,0.0,0,-56.325460104775146,56.325460104775146,0.0,0.0,0.0,0.18328840681594386,0.0,44.71794415334193,False,0.003736200997082051,0,0,47,0,0.0,0.0,1,,,0,True,False,False,1238.80126953125,1432.3254601047752,-193.52419057352517,True,True,0,ML-Robust-MPC,1192.3254601047752,799.1059443630895,494.5938083386868
1135.0,1191.2513733814085,0.0,0,-56.251373381408484,56.251373381408484,0.0,0.0,0.0,0.18384645615504513,0.0,56.251373381408484,False,0.05466052599513205,0,0,48,0,0.0,0.0,1,,,0,True,False,False,1242.4014892578125,1431.2513733814085,-188.84988412359598,True,True,0,ML-Robust-MPC,1191.2513733814085,800.0525102344446,494.867173240374
1155.5,1190.430559641255,0.0,0,-34.93055964125506,34.93055964125506,0.0,0.0,0.0,0.1841929894848195,0.0,34.93055964125506,False,0.05081007799890358,0,0,49,0,0.0,0.0,1,,,0,True,False,False,1245.1453857421875,1430.430559641255,-185.28517389906756,True,True,0,ML-Robust-MPC,1190.430559641255,799.3560705120103,494.17450754728753
1215.5,1190.2897485625672,0.0,0,25.210251437432817,0.0,25.210251437432817,0.0,0.0,0.1839158684867384,0.0,0.0,False,0.054908500002056826,0,0,50,0,0.0,0.0,1,,,0,True,False,False,1246.2452392578125,1430.2897485625672,-184.04450930475468,True,True,0,ML-Robust-MPC,1190.2897485625672,800.354048951339,494.2528314199859
1245.0,1191.149699549385,0.0,0,53.850300450614895,0.0,53.850300450614895,0.0,0.0,0.18332392480680815,0.0,0.0,False,0.014398328996321652,0,0,51,0,0.0,0.0,1,,,0,True,False,False,1252.0255126953125,1431.149699549385,-179.1241868540726,True,True,0,ML-Robust-MPC,1191.149699549385,798.9983251531039,493.609060325286
1249.5,1191.6443802820156,0.0,0,57.85561971798444,0.0,57.85561971798444,0.0,0.0,0.18268795308234365,20.580478423250042,0.0,False,0.0040064310014713556,0,0,52,0,0.0,0.0,1,,,0,True,False,False,1246.291748046875,1431.6443802820156,-185.35263223514062,True,True,0,ML-Robust-MPC,1191.6443802820156,797.6271589761902,493.54262120188594
1243.5,1191.049556789894,0.0,0,52.450443210105846,0.0,52.450443210105846,0.0,0.0,0.18211139718371433,12.080295587272985,0.0,False,0.0036605470013455488,0,0,53,0,0.0,0.0,1,,,0,True,False,False,1257.009033203125,1431.049556789894,-174.04052358676904,True,True,0,ML-Robust-MPC,1191.049556789894,796.5021418660941,494.9394410279037
1210.5,1189.215069280392,0.0,0,21.284930719607928,0.0,21.284930719607928,0.0,0.0,0.18187742485465036,0.0,0.0,False,0.004841151006985456,0,0,54,0,0.0,0.0,1,,,0,True,False,False,1248.240966796875,1429.215069280392,-180.97410248351707,True,True,0,ML-Robust-MPC,1189.215069280392,796.3481495206421,495.4550380587797
1197.0,1187.7352875723038,0.0,0,9.264712427696168,0.0,9.264712427696168,0.0,0.0,0.18177558349216855,0.0,0.0,False,0.004116260002774652,0,0,55,0,0.0,0.0,1,,,0,True,False,False,1249.9481201171875,1427.7352875723038,-177.78716745511633,True,True,0,ML-Robust-MPC,1187.7352875723038,793.4776984194807,494.08154199683474
1175.0,1191.0797577731232,0.0,0,-16.07975777312322,16.07975777312322,0.0,0.0,0.0,0.18193510489864795,0.0,16.07975777312322,False,0.003968212993640918,0,0,56,0,0.0,0.0,1,,,0,True,False,False,1249.7593994140625,1431.0797577731232,-181.32035835906072,True,True,0,ML-Robust-MPC,1191.0797577731232,793.8646091544032,495.7832815308068
1190.5,1191.5787601614509,0.0,0,-1.078760161450873,1.078760161450873,0.0,0.0,0.0,0.18194580688437662,0.0,1.078760161450873,False,0.004033545003039762,0,0,57,0,0.0,0.0,1,,,0,True,False,False,1248.449951171875,1431.5787601614509,-183.12880898957587,True,True,0,ML-Robust-MPC,1191.5787601614509,794.1645250114335,495.18861005777455
1205.5,1190.6900823929834,0.0,0,14.809917607016587,0.0,14.809917607016587,0.0,0.0,0.1817830104458349,0.0,0.0,False,0.0039015330039546825,0,0,58,0,0.0,0.0,1,,,0,True,False,False,1245.3636474609375,1430.6900823929834,-185.3264349320459,True,True,0,ML-Robust-MPC,1190.6900823929834,794.7551925566127,494.0609686659208
1233.0,1191.6578870796147,0.0,0,41.34211292038526,0.0,41.34211292038526,0.0,0.0,0.18132856168225506,0.0,0.0,False,0.003902431999449618,0,0,59,0,0.0,0.0,1,,,0,True,False,False,1240.257080078125,1431.6578870796147,-191.40080700148974,True,True,0,ML-Robust-MPC,1191.6578870796147,793.7342142705265,493.5194613598329
1241.0,1190.8142394411327,0.0,0,50.18576055886729,0.0,50.18576055886729,0.0,0.0,0.180776900065946,0.0,0.0,False,0.00366969799506478,0,0,60,0,0.0,0.0,1,,,0,True,False,False,1246.5614013671875,1430.8142394411327,-184.2528380739452,True,True,0,ML-Robust-MPC,1190.8142394411327,791.979989569871,493.8416918920684
1240.0,1192.471022782279,0.0,0,47.52897721772092,0.0,47.52897721772092,0.0,0.0,0.1802544428569397,0.0,0.0,False,0.003678739994938951,0,0,61,0,0.0,0.0,1,,,0,True,False,False,1241.0,1432.471022782279,-191.47102278227908,True,True,0,ML-Robust-MPC,1192.471022782279,792.1242562844162,493.5500498736741
1211.5,1197.9242799922206,0.0,0,13.57572000777941,0.0,13.57572000777941,0.0,0.0,0.18010521320377412,0.0,0.0,False,0.003991138000856154,0,0,62,0,0.0,0.0,1,,,0,True,False,False,1240.0,1437.9242799922206,-197.9242799922206,True,True,0,ML-Robust-MPC,1197.9242799922206,791.2437738309512,492.4836159337076
1153.0,1196.814644606858,0.0,0,-43.81464460685811,43.81464460685811,0.0,0.0,0.0,0.18053988229709614,0.0,43.81464460685811,False,0.003836773001239635,0,0,63,0,0.0,0.0,1,,,0,True,False,False,1218.111572265625,1436.814644606858,-218.7030723412331,True,True,0,ML-Robust-MPC,1196.814644606858,792.3463947244902,492.273231192782
1159.0,1197.5666774668364,0.0,0,-38.56667746683638,38.56667746683638,0.0,0.0,0.0,0.1809224882243465,0.0,38.56667746683638,False,0.003934198997740168,0,0,64,0,0.0,0.0,1,,,0,True,False,False,1217.41259765625,1437.5666774668364,-220.15407981058638,True,True,0,ML-Robust-MPC,1197.5666774668364,791.4231500481018,492.7935103383412
1122.0,1195.64948078586,0.0,0,-73.64948078586008,73.64948078586008,0.0,0.0,0.0,0.18165313783531734,0.0,73.64948078586008,False,0.0038955540003371425,0,0,65,0,0.0,0.0,1,,,0,True,False,False,1212.2677001953125,1435.64948078586,-223.38178059054758,True,True,0,ML-Robust-MPC,1195.64948078586,789.9995559663097,492.1701533691853
1166.5,1198.5333953345844,0.0,0,-32.033395334584384,32.033395334584384,0.0,0.0,0.0,0.18197092945570012,0.0,32.033395334584384,False,0.004062164996867068,0,0,66,0,0.0,0.0,1,,,0,True,False,False,1208.66943359375,1438.5333953345844,-229.86396174083438,True,True,0,ML-Robust-MPC,1198.5333953345844,789.476178603117,492.6961916340149
1162.0,1200.0565624617184,0.0,0,-38.056562461718386,38.056562461718386,0.0,0.0,0.0,0.18234847471821716,0.0,38.056562461718386,False,0.00407875599921681,0,0,67,0,0.0,0.0,1,,,0,True,False,False,1230.2840576171875,1440.0565624617184,-209.77250484453089,True,True,0,ML-Robust-MPC,1200.0565624617184,788.562659932121,491.9787907162722
1219.0,1197.5523709990073,0.0,0,21.44762900099272,0.0,21.44762900099272,0.0,0.0,0.18211271394566086,0.0,0.0,False,0.0039110310026444495,0,0,68,0,0.0,0.0,1,,,0,True,False,False,1235.9114990234375,1437.5523709990073,-201.64087197556978,True,True,0,ML-Robust-MPC,1197.5523709990073,791.7816340547872,491.8333698695105
1220.0,1196.832224091858,0.0,0,23.167775908141948,0.0,23.167775908141948,0.0,0.0,0.18185804464182956,0.0,0.0,False,0.0038859429987496696,0,0,69,0,0.0,0.0,1,,,0,True,False,False,1230.8800048828125,1436.832224091858,-205.95221920904555,True,True,0,ML-Robust-MPC,1196.832224091858,789.7046535863016,492.17527787985057
1201.5,1199.254510012434,0.0,0,2.2454899875660885,0.0,2.2454899875660885,0.0,0.0,0.18183336133281616,0.0,0.0,False,0.0038026180045562796,0,0,70,0,0.0,0.0,1,,,0,True,False,False,1227.84228515625,1439.254510012434,-211.4122248561839,True,True,0,ML-Robust-MPC,1199.254510012434,791.1555681007084,493.4359892560525
1195.0,1195.2529704987246,0.0,0,-0.25297049872460775,0.25297049872460775,0.0,0.0,0.0,0.1818358709607797,0.0,0.25297049872460775,False,0.00390338699799031,0,0,71,0,0.0,0.0,1,,,0,True,False,False,1222.3558349609375,1435.2529704987246,-212.8971355377871,True,True,0,ML-Robust-MPC,1195.2529704987246,791.5218917678845,494.35060443164144
1167.0,1198.059843271307,0.0,0,-31.059843271307045,31.059843271307045,0.0,0.0,0.0,0.18214400432656647,0.0,31.059843271307045,False,0.004076768003869802,0,0,72,0,0.0,0.0,1,,,0,True,False,False,1229.710205078125,1438.059843271307,-208.34963819318205,True,True,0,ML-Robust-MPC,1198.059843271307,791.2047215927337,493.3675703194686
1149.5,1198.118174747046,0.0,0,-48.61817474704594,48.61817474704594,0.0,0.0,0.0,0.18262632748873955,0.0,48.61817474704594,False,0.0036364180050441064,0,0,73,0,0.0,0.0,1,,,0,True,False,False,1226.7138671875,1438.118174747046,-211.40430755954594,True,True,0,ML-Robust-MPC,1198.118174747046,794.0679181492001,495.73082565610383
1171.0,1200.13279743258,0.0,0,-29.13279743257999,29.13279743257999,0.0,0.0,0.0,0.18291534333628498,0.0,29.13279743257999,False,0.003805893000389915,0,0,74,0,0.0,0.0,1,,,0,True,False,False,1231.069091796875,1440.13279743258,-209.063705635705,True,True,0,ML-Robust-MPC,1200.13279743258,794.5564302227192,496.72055509955953
1157.5,1050.308850527217,0.0,0,107.19114947278305,0.0,107.19114947278305,0.0,0.0,0.1817370560668748,100.0,0.0,False,0.003918129004887305,0,0,75,0,0.0,0.0,1,,,0,True,False,False,1236.1085205078125,1436.786809020665,-200.67828851285253,True,True,0,ML-Robust-MPC,1196.786809020665,793.6332014135398,497.7501772544699
1201.0,1195.8868640867124,0.0,0,5.113135913287579,0.0,5.113135913287579,0.0,0.0,0.18168085046610435,0.0,0.0,False,0.003916429996024817,0,0,76,0,0.0,0.0,1,,,0,True,False,False,1239.4053955078125,1435.8868640867124,-196.48146857889992,True,True,0,ML-Robust-MPC,1195.8868640867124,793.635795791306,499.76280057937873
1195.0,1195.3251848675975,0.0,0,-0.32518486759749976,0.32518486759749976,0.0,0.0,0.0,0.18168407650645751,0.0,0.32518486759749976,False,0.0038056330013205297,0,0,77,0,0.0,0.0,1,,,0,True,False,False,1233.953857421875,1435.3251848675975,-201.3713274457225,True,True,0,ML-Robust-MPC,1195.3251848675975,794.3189116963271,500.0
1222.5,1195.5149385143227,0.0,0,26.985061485677306,0.0,26.985061485677306,0.0,0.0,0.18138744609835747,0.0,0.0,False,0.0037528670000028796,0,0,78,0,0.0,0.0,1,,,0,True,False,False,1237.9371337890625,1435.5149385143227,-197.5778047252602,True,True,0,ML-Robust-MPC,1195.5149385143227,793.0519111650474,500.0
1225.5,1198.4714916283492,0.0,0,27.028508371650787,0.0,27.028508371650787,0.0,0.0,0.18109033810500072,0.0,0.0,False,0.0038527770011569373,0,0,79,0,0.0,0.0,1,,,0,True,False,False,1239.70947265625,1438.4714916283492,-198.7620189720992,True,True,0,ML-Robust-MPC,1198.4714916283492,794.9768181550668,499.68777044971125
1201.5,1197.3241028952966,0.0,0,4.175897104703381,0.0,4.175897104703381,0.0,0.0,0.1810444350017964,0.0,0.0,False,0.003863537000142969,0,0,80,0,0.0,0.0,1,,,0,True,False,False,1241.27587890625,1437.3241028952966,-196.04822398904662,True,True,0,ML-Robust-MPC,1197.3241028952966,797.9499190834752,498.71055900446254
1154.0,1198.935853262636,0.0,0,-44.9358532626361,44.9358532626361,0.0,0.0,0.0,0.18149022719686222,0.0,44.9358532626361,False,0.0038572819976252504,0,0,81,0,0.0,0.0,1,,,0,True,False,False,1240.1737060546875,1438.935853262636,-198.7621472079486,True,True,0,ML-Robust-MPC,1198.935853262636,798.2218981514474,499.4307411941186
1133.5,1203.813649000611,0.0,0,-70.3136490006109,70.3136490006109,0.0,0.0,0.0,0.18218778323853496,0.0,70.3136490006109,False,0.0037262450059643015,0,0,82,0,0.0,0.0,1,,,0,True,False,False,1252.2061767578125,1443.813649000611,-191.6074722427984,True,True,0,ML-Robust-MPC,1203.813649000611,798.8662161141201,499.5171617471817
1137.5,1210.3228974111166,0.0,0,-72.82289741111663,72.82289741111663,0.0,0.0,0.0,0.1829102326176135,0.0,72.82289741111663,False,0.0037924889984424226,0,0,83,0,0.0,0.0,1,,,0,True,False,False,1232.4722900390625,1450.3228974111166,-217.85060737205413,True,True,0,ML-Robust-MPC,1210.3228974111166,798.6340943288504,499.3280630235457
1180.0,1212.2727095199075,0.0,0,-32.272709519907494,32.272709519907494,0.0,0.0,0.0,0.1832303983866602,0.0,32.272709519907494,False,0.0038954370029387064,0,0,84,0,0.0,0.0,1,,,0,True,False,False,1231.248779296875,1452.2727095199075,-221.0239302230325,True,True,0,ML-Robust-MPC,1212.2727095199075,797.8243507143663,500.0
1186.0,1037.553710595585,0.0,0,148.44628940441498,0.0,148.44628940441498,0.0,0.0,0.18159861839496588,100.0,0.0,False,0.003995425002358388,0,0,85,0,0.0,0.0,1,,,0,True,False,False,1240.4710693359375,1448.8977230387566,-208.42665370281907,True,True,0,ML-Robust-MPC,1208.8977230387566,799.3280759716664,500.0
1239.0,1208.4461465567813,0.0,0,30.553853443218713,0.0,30.553853443218713,0.0,0.0,0.18126275842219164,0.0,0.0,False,0.0035966130017186515,0,0,86,0,0.0,0.0,1,,,0,True,False,False,1240.661376953125,1448.4461465567813,-207.7847696036563,True,True,0,ML-Robust-MPC,1208.4461465567813,798.5103977498832,499.8840830957993
1249.5,1204.459596754583,0.0,0,45.04040324541711,0.0,45.04040324541711,0.0,0.0,0.18076765659695512,0.0,0.0,False,0.003781988001719583,0,0,87,0,0.0,0.0,1,,,0,True,False,False,1250.1754150390625,1444.459596754583,-194.2841817155204,True,True,0,ML-Robust-MPC,1204.459596754583,799.1684455103779,499.4084308289765
1264.0,1206.1701156173783,0.0,0,57.829884382621685,0.0,57.829884382621685,0.0,0.0,0.1801319677654177,0.0,0.0,False,0.0038008810006431304,0,0,88,0,0.0,0.0,1,,,0,True,False,False,1249.5,1446.1701156173783,-196.67011561737831,True,True,0,ML-Robust-MPC,1206.1701156173783,798.0841748248902,500.0
1204.0,1207.6572951570015,0.0,0,-3.6572951570014993,3.6572951570014993,0.0,0.0,0.0,0.18016825045546733,0.0,3.6572951570014993,False,0.00381114000629168,0,0,89,0,0.0,0.0,1,,,0,True,False,False,1264.0,1447.6572951570015,-183.6572951570015,True,True,0,ML-Robust-MPC,1207.6572951570015,800.8246621617467,500.0
1188.5,1208.216427356753,0.0,0,-19.716427356753,19.716427356753,0.0,0.0,0.0,0.1803638499332129,0.0,19.716427356753,False,0.0039007089944789186,0,0,90,0,0.0,0.0,1,,,0,True,False,False,1212.6202392578125,1448.216427356753,-235.5961880989405,True,True,0,ML-Robust-MPC,1208.216427356753,799.4606091700116,500.0
1174.5,1207.1696412262474,0.0,0,-32.66964122624745,32.66964122624745,0.0,0.0,0.0,0.1806879535168066,0.0,32.66964122624745,False,0.0039590310043422505,0,0,91,0,0.0,0.0,1,,,0,True,False,False,1222.08642578125,1447.1696412262474,-225.08321544499745,True,True,0,ML-Robust-MPC,1207.1696412262474,800.2426158542631,500.0
1145.5,1209.373576669024,0.0,0,-63.87357666902403,63.87357666902403,0.0,0.0,0.0,0.18132161995201518,0.0,63.87357666902403,False,0.003717725005117245,0,0,92,0,0.0,0.0,1,,,0,True,False,False,1211.5850830078125,1449.373576669024,-237.78849366121153,True,True,0,ML-Robust-MPC,1209.373576669024,798.9661951085559,500.0
1166.5,1212.164267331537,0.0,0,-45.664267331537076,45.664267331537076,0.0,0.0,0.0,0.18177463847712963,0.0,45.664267331537076,False,0.003946826996980235,0,0,93,0,0.0,0.0,1,,,0,True,False,False,1208.3218994140625,1452.164267331537,-243.84236791747458,True,True,0,ML-Robust-MPC,1212.164267331537,799.4108993158347,500.0
1172.0,1211.393642532616,0.0,0,-39.39364253261601,39.39364253261601,0.0,0.0,0.0,0.1821654484228897,0.0,39.39364253261601,False,0.003611961998103652,0,0,94,0,0.0,0.0,1,,,0,True,False,False,1212.900634765625,1451.393642532616,-238.493007766991,True,True,0,ML-Robust-MPC,1211.393642532616,798.61797757798,500.0
1202.5,1208.6357117041275,0.0,0,-6.135711704127516,6.135711704127516,0.0,0.0,0.0,0.18222631857868463,0.0,6.135711704127516,False,0.003932902000087779,0,0,95,0,0.0,0.0,1,,,0,True,False,False,1204.35595703125,1448.6357117041275,-244.27975467287752,True,True,0,ML-Robust-MPC,1208.6357117041275,799.1011101919486,500.0
1202.0,1206.9791159678662,0.0,0,-4.979115967866164,4.979115967866164,0.0,0.0,0.0,0.18227571457042932,0.0,4.979115967866164,False,0.003881963995809201,0,0,96,0,0.0,0.0,1,,,0,True,False,False,1209.0068359375,1446.9791159678662,-237.97228003036616,True,True,0,ML-Robust-MPC,1206.9791159678662,799.2032457601929,500.0
1215.0,1206.224366177112,0.0,0,8.77563382288804,0.0,8.77563382288804,0.0,0.0,0.1821792493523085,0.0,0.0,False,0.0037644840049324557,0,0,97,0,0.0,0.0,1,,,0,True,False,False,1202.0,1446.224366177112,-244.22436617711196,True,True,0,ML-Robust-MPC,1206.224366177112,797.969115369252,500.0
1151.5,1206.5018094304662,0.0,0,-55.00180943046621,55.00180943046621,0.0,0.0,0.0,0.1827249022236425,0.0,55.00180943046621,False,0.003932710998924449,0,0,98,0,0.0,0.0,1,,,0,True,False,False,1215.0,1446.5018094304662,-231.5018094304662,True,True,0,ML-Robust-MPC,1206.5018094304662,798.8527165552092,499.3769782637184
1123.0,1204.7460239356092,0.0,0,-81.74602393560917,81.74602393560917,0.0,0.0,0.0,0.18353587468332114,0.0,81.74602393560917,False,0.0038929110014578328,0,0,99,0,0.0,0.0,1,,,0,True,False,False,1201.3135986328125,1444.7460239356092,-243.43242530279667,True,True,0,ML-Robust-MPC,1204.7460239356092,801.0111810003337,499.34728233581166
1117.0,881.8605622247502,0.0,0,235.1394377752498,0.0,235.1394377752498,0.0,0.0,0.1809511295114523,100.0,0.0,False,0.0037576590038952418,0,0,100,0,0.0,0.0,1,,,0,True,False,False,1201.4947509765625,1442.9035879365,-241.4088369599374,True,True,0,ML-Robust-MPC,1202.9035879365,801.1400948509639,499.508799730592
1125.0,1201.830142768244,0.0,0,-76.83014276824406,76.83014276824406,0.0,0.0,0.0,0.18171333330875633,0.0,76.83014276824406,False,0.003740244996151887,0,0,101,0,0.0,0.0,1,,,0,True,False,False,1225.644775390625,1441.830142768244,-216.18536737761906,True,True,0,ML-Robust-MPC,1201.830142768244,799.12662542138,499.37936442448415
1114.0,1202.7765810094277,0.0,0,-88.77658100942767,88.77658100942767,0.0,0.0,0.0,0.18259405335845302,0.0,88.77658100942767,False,0.003923167001630645,0,0,102,0,0.0,0.0,1,,,0,True,False,False,1255.5191650390625,1442.7765810094277,-187.25741597036517,True,True,0,ML-Robust-MPC,1202.7765810094277,799.0644088477984,499.3226715805555
1126.0,1203.611461459505,0.0,0,-77.61146145950511,77.61146145950511,0.0,0.0,0.0,0.1833640083332497,0.0,77.61146145950511,False,0.004127484004129656,0,0,103,0,0.0,0.0,1,,,0,True,False,False,1265.8671875,1443.611461459505,-177.7442739595051,True,True,0,ML-Robust-MPC,1203.611461459505,799.8996797720254,500.0
1158.5,1162.0410559348172,0.0,0,-3.541055934817166,3.541055934817166,0.0,0.0,0.0,0.18339913785641257,96.45894406518283,3.541055934817166,False,0.003748055998585187,0,0,104,0,0.0,0.0,1,,,0,True,False,False,1258.900390625,1443.13863448764,-184.23824386264005,True,True,0,ML-Robust-MPC,1203.13863448764,801.6789306775131,500.0
1197.0,1199.166247666957,0.0,0,-2.166247666956835,2.166247666956835,0.0,0.0,0.0,0.18342062840866413,96.50284754659477,2.166247666956835,False,0.003809673995419871,0,0,105,0,0.0,0.0,1,,,0,True,False,False,1258.8701171875,1439.166247666957,-180.2961304794569,True,True,0,ML-Robust-MPC,1199.166247666957,801.5384517043611,500.0
1193.0,1077.3134478734319,0.0,0,115.68655212656816,0.0,115.68655212656816,0.0,0.0,0.1821489563323487,100.0,0.0,False,0.003953743995225523,0,0,106,0,0.0,0.0,1,,,0,True,False,False,1254.2852783203125,1441.080862183126,-186.7955838628136,True,True,0,ML-Robust-MPC,1201.080862183126,801.3953068046566,499.25234287252255
1189.5,1201.863269186937,0.0,0,-12.363269186937032,12.363269186937032,0.0,0.0,0.0,0.18227160781237783,0.0,12.363269186937032,False,0.0038764420023653656,0,0,107,0,0.0,0.0,1,,,0,True,False,False,1256.498046875,1441.863269186937,-185.36522231193703,True,True,0,ML-Robust-MPC,1201.863269186937,799.8408043213316,498.0280157241598
1201.0,1202.8663591247764,0.0,0,-1.8663591247764089,1.8663591247764089,0.0,0.0,0.0,0.18229012327988553,0.0,1.8663591247764089,False,0.003687616001116112,0,0,108,0,0.0,0.0,1,,,0,True,False,False,1255.542724609375,1442.8663591247764,-187.3236345154014,True,True,0,ML-Robust-MPC,1202.8663591247764,800.3515559762109,497.3296023626266
1170.0,1203.2857237705907,0.0,0,-33.28572377059072,33.28572377059072,0.0,0.0,0.0,0.18262033879348266,0.0,33.28572377059072,False,0.004028761002700776,0,0,109,0,0.0,0.0,1,,,0,True,False,False,1269.187744140625,1443.2857237705907,-174.09797962996572,True,True,0,ML-Robust-MPC,1203.2857237705907,799.8141700411434,495.2554470936866
1171.0,1205.015205597074,0.0,0,-34.0152055970741,34.0152055970741,0.0,0.0,0.0,0.18295779122996156,0.0,34.0152055970741,False,0.004013316996861249,0,0,110,0,0.0,0.0,1,,,0,True,False,False,1261.62353515625,1445.015205597074,-183.3916704408241,True,True,0,ML-Robust-MPC,1205.015205597074,797.9883396536878,497.567325190121
1191.5,1181.8971505287514,0.0,0,9.602849471248632,0.0,9.602849471248632,0.0,0.0,0.18285223293211994,100.0,0.0,False,0.003909641003701836,0,0,111,0,0.0,0.0,1,,,0,True,False,False,1262.5291748046875,1443.273462312857,-180.74428750816946,True,True,0,ML-Robust-MPC,1203.273462312857,798.0197987259571,498.377584866069
1233.0,1199.9192534987992,0.0,0,33.08074650120079,0.0,33.08074650120079,0.0,0.0,0.18248859635711664,0.0,0.0,False,0.003848672000458464,0,0,112,0,0.0,0.0,1,,,0,True,False,False,1257.873779296875,1439.9192534987992,-182.0454742019242,True,True,0,ML-Robust-MPC,1199.9192534987992,795.4593839120363,498.6518788300259
1258.5,1202.130467147407,0.0,0,56.36953285259301,0.0,56.36953285259301,0.0,0.0,0.1818689602839008,0.0,0.0,False,0.0040050980023806915,0,0,113,0,0.0,0.0,1,,,0,True,False,False,1271.4246826171875,1442.130467147407,-170.7057845302195,True,True,0,ML-Robust-MPC,1202.130467147407,795.4623626640102,497.83888555384766
1279.0,1202.2145828811656,0.0,0,76.7854171188344,0.0,76.7854171188344,0.0,0.0,0.18102490478200092,0.0,0.0,False,0.005730525997933,0,0,114,0,0.0,0.0,1,,,0,True,False,False,1273.912353515625,1442.2145828811656,-168.3022293655406,True,True,0,ML-Robust-MPC,1202.2145828811656,797.2248917864265,498.0969691546846
1247.0,1201.5260798029117,0.0,0,45.47392019708832,0.0,45.47392019708832,0.0,0.0,0.18052503756794508,0.0,0.0,False,0.003942773000744637,0,0,115,0,0.0,0.0,1,,,0,True,False,False,1279.0,1441.5260798029117,-162.52607980291168,True,True,0,ML-Robust-MPC,1201.5260798029117,797.0942252872087,497.0240990360641
1230.5,1203.391204123907,0.0,0,27.108795876092927,0.0,27.108795876092927,0.0,0.0,0.18022704702276532,0.0,0.0,False,0.003995802995632403,0,0,116,0,0.0,0.0,1,,,0,True,False,False,1247.0,1443.391204123907,-196.39120412390707,True,True,0,ML-Robust-MPC,1203.391204123907,797.1329062318572,498.5415270816815
1180.0,1204.6579943591528,0.0,0,-24.65799435915278,24.65799435915278,0.0,0.0,0.0,0.18047166998267755,0.0,24.65799435915278,False,0.0037938280001981184,0,0,117,0,0.0,0.0,1,,,0,True,False,False,1230.5,1444.6579943591528,-214.15799435915278,True,True,0,ML-Robust-MPC,1204.6579943591528,799.6231776594101,499.03231941888265
1177.5,1205.7188304831936,0.0,0,-28.218830483193642,28.218830483193642,0.0,0.0,0.0,0.1807516186977886,0.0,28.218830483193642,False,0.003906654004822485,0,0,118,0,0.0,0.0,1,,,0,True,False,False,1223.24169921875,1445.7188304831936,-222.47713126444364,True,True,0,ML-Robust-MPC,1205.7188304831936,800.1607980277837,497.445289016351
1147.5,1205.3653014710358,0.0,0,-57.865301471035764,57.865301471035764,0.0,0.0,0.0,0.18132567922825524,0.0,57.865301471035764,False,0.0036920030033797957,0,0,119,0,0.0,0.0,1,,,0,True,False,False,1223.0635986328125,1445.3653014710358,-222.30170283822326,True,True,0,ML-Robust-MPC,1205.3653014710358,800.1321584199165,496.3850394011286
1174.5,1203.8657554561312,0.0,0,-29.365755456131183,29.365755456131183,0.0,0.0,0.0,0.18161700616730417,0.0,29.365755456131183,False,0.003775010001845658,0,0,120,0,0.0,0.0,1,,,0,True,False,False,1221.842041015625,1443.8657554561312,-222.02371444050618,True,True,0,ML-Robust-MPC,1203.8657554561312,799.8688011073002,496.2694011390954
1182.5,1204.928159593581,0.0,0,-22.428159593581086,22.428159593581086,0.0,0.0,0.0,0.1818395077505738,0.0,22.428159593581086,False,0.0039557999989483505,0,0,121,0,0.0,0.0,1,,,0,True,False,False,1223.9669189453125,1444.928159593581,-220.96124064826859,True,True,0,ML-Robust-MPC,1204.928159593581,800.2695852178227,497.2797801950204
1212.0,1205.380055289729,0.0,0,6.6199447102710565,0.0,6.6199447102710565,0.0,0.0,0.18176673871493348,0.0,0.0,False,0.003719785003340803,0,0,122,0,0.0,0.0,1,,,0,True,False,False,1227.92919921875,1445.380055289729,-217.45085607097894,True,True,0,ML-Robust-MPC,1205.380055289729,803.3760349333194,497.2654377956037
1228.5,1203.8076551220088,0.0,0,24.692344877991218,0.0,24.692344877991218,0.0,0.0,0.1814953107494277,0.0,0.0,False,0.004039774998091161,0,0,123,0,0.0,0.0,1,,,0,True,False,False,1225.3795166015625,1443.8076551220088,-218.42813852044628,True,True,0,ML-Robust-MPC,1203.8076551220088,805.6760754492507,496.0765308321083
1236.0,1204.9724303471548,0.0,0,31.02756965284516,0.0,31.02756965284516,0.0,0.0,0.18115424350178178,0.0,0.0,False,0.003947694000089541,0,0,124,0,0.0,0.0,1,,,0,True,False,False,1228.5,1444.9724303471548,-216.47243034715484,True,True,0,ML-Robust-MPC,1204.9724303471548,805.851144603503,496.85524168772406
1197.5,1208.1764124621432,0.0,0,-10.676412462143162,10.676412462143162,0.0,0.0,0.0,0.1812601602920808,0.0,10.676412462143162,False,0.00377649500296684,0,0,125,0,0.0,0.0,1,,,0,True,False,False,1236.0,1448.1764124621432,-212.17641246214316,True,True,0,ML-Robust-MPC,1208.1764124621432,805.9733059904415,496.5945721116017
1147.5,1208.7645194822394,0.0,0,-61.26451948223939,61.26451948223939,0.0,0.0,0.0,0.18186794322345223,0.0,61.26451948223939,False,0.0036264630034565926,0,0,126,0,0.0,0.0,1,,,0,True,False,False,1203.697265625,1448.7645194822394,-245.0672538572394,True,True,0,ML-Robust-MPC,1208.7645194822394,806.67055091971,496.879027326244
1122.5,1206.1538669980705,0.0,0,-83.6538669980705,83.6538669980705,0.0,0.0,0.0,0.18269784269763945,0.0,83.6538669980705,False,0.003913181004463695,0,0,127,0,0.0,0.0,1,,,0,True,False,False,1202.3963623046875,1446.1538669980705,-243.757504693383,True,True,0,ML-Robust-MPC,1206.1538669980705,806.7754518051447,496.7546733785568
1117.5,1202.5366982767991,0.0,0,-85.03669827679914,85.03669827679914,0.0,0.0,0.0,0.18354146073609975,0.0,85.03669827679914,False,0.0036580029991455376,0,0,128,0,0.0,0.0,1,,,0,True,False,False,1214.815673828125,1442.5366982767991,-227.72102444867414,True,True,0,ML-Robust-MPC,1202.5366982767991,805.0188217206767,497.2495654476895
1163.5,856.1594986923361,0.0,0,307.3405013076639,0.0,307.3405013076639,0.0,0.0,0.1801630530798136,100.0,0.0,False,0.0037677430009352975,0,0,129,0,0.0,0.0,1,,,0,True,False,False,1199.17138671875,1444.3245625827756,-245.15317586402557,True,True,0,ML-Robust-MPC,1204.3245625827756,805.8179337979188,498.8335340470781
1173.0,1205.2032020983772,0.0,0,-32.20320209837723,32.20320209837723,0.0,0.0,0.0,0.180482529291107,0.0,32.20320209837723,False,0.003833198999927845,0,0,130,0,0.0,0.0,1,,,0,True,False,False,1216.6827392578125,1445.2032020983772,-228.52046284056473,True,True,0,ML-Robust-MPC,1205.2032020983772,806.3647170471462,499.0484769044411
1175.0,1205.3919515612768,0.0,0,-30.391951561276755,30.391951561276755,0.0,0.0,0.0,0.18078403674707205,0.0,30.391951561276755,False,0.0037742900021839887,0,0,131,0,0.0,0.0,1,,,0,True,False,False,1210.384521484375,1445.3919515612768,-235.00743007690176,True,True,0,ML-Robust-MPC,1205.3919515612768,807.9162683163081,498.8067229279952
1177.0,1204.2278140968217,0.0,0,-27.227814096821703,27.227814096821703,0.0,0.0,0.0,0.18105415395041355,0.0,27.227814096821703,False,0.004004816000815481,0,0,132,0,0.0,0.0,1,,,0,True,False,False,1208.671630859375,1444.2278140968217,-235.5561832374467,True,True,0,ML-Robust-MPC,1204.2278140968217,808.8638730429112,496.7233443027478
1189.0,1203.0658067637846,0.0,0,-14.065806763784622,14.065806763784622,0.0,0.0,0.0,0.18119369568418126,0.0,14.065806763784622,False,0.003700469998875633,0,0,133,0,0.0,0.0,1,,,0,True,False,False,1198.471923828125,1443.0658067637846,-244.59388293565962,True,True,0,ML-Robust-MPC,1203.0658067637846,807.4803850454615,496.7068414629314
1189.5,1201.260188412811,0.0,0,-11.760188412810976,11.760188412810976,0.0,0.0,0.0,0.18131036422002264,0.0,11.760188412810976,False,0.0036438110037124716,0,0,134,0,0.0,0.0,1,,,0,True,False,False,1198.1767578125,1441.260188412811,-243.08343060031098,True,True,0,ML-Robust-MPC,1201.260188412811,804.2538381380768,496.1393799390409
1130.0,1195.50246774828,0.0,0,-65.50246774827997,65.50246774827997,0.0,0.0,0.0,0.181960190288954,0.0,65.50246774827997,False,0.0037162349981372245,0,0,135,0,0.0,0.0,1,,,0,True,False,False,1211.002197265625,1435.50246774828,-224.50027048265497,True,True,0,ML-Robust-MPC,1195.50246774828,804.7634589366168,496.6780557092368
1117.0,1200.18291220331,0.0,0,-83.18291220331002,83.18291220331002,0.0,0.0,0.0,0.18278541759255826,0.0,83.18291220331002,False,0.0039614449997316115,0,0,136,0,0.0,0.0,1,,,0,True,False,False,1211.4178466796875,1440.18291220331,-228.76506552362252,True,True,0,ML-Robust-MPC,1200.18291220331,806.700517758201,495.4041706296748
1122.0,923.2254704582326,0.0,0,198.77452954176738,0.0,198.77452954176738,0.0,0.0,0.1806004097929961,100.0,0.0,False,0.004066440000315197,0,0,137,0,0.0,0.0,1,,,0,True,False,False,1212.997802734375,1438.466569539513,-225.4687668051381,True,True,0,ML-Robust-MPC,1198.466569539513,806.3821493135581,496.2041367567896
1118.5,1194.9781641175116,0.0,0,-76.4781641175116,76.4781641175116,0.0,0.0,0.0,0.18135912173860633,0.0,76.4781641175116,False,0.004042786000354681,0,0,138,0,0.0,0.0,1,,,0,True,False,False,1223.488525390625,1434.9781641175116,-211.4896387268866,True,True,0,ML-Robust-MPC,1194.9781641175116,806.7329537916013,496.7404626936181
1139.0,1196.1872790128016,0.0,0,-57.18727901280158,57.18727901280158,0.0,0.0,0.0,0.1819264558557968,0.0,57.18727901280158,False,0.003932573999918532,0,0,139,0,0.0,0.0,1,,,0,True,False,False,1231.876708984375,1436.1872790128016,-204.31057002842658,True,True,0,ML-Robust-MPC,1196.1872790128016,808.0355253908625,496.67576186358986
1153.0,1195.30439293556,0.0,0,-42.30439293555992,42.30439293555992,0.0,0.0,0.0,0.1823461422936496,0.0,42.30439293555992,False,0.004060842999024317,0,0,140,0,0.0,0.0,1,,,0,True,False,False,1237.4356689453125,1435.30439293556,-197.86872399024742,True,True,0,ML-Robust-MPC,1195.30439293556,804.3058804104153,495.3227549413017
1186.0,1197.5592649115115,0.0,0,-11.559264911511491,11.559264911511491,0.0,0.0,0.0,0.1824608175407876,0.0,11.559264911511491,False,0.004073201002029236,0,0,141,0,0.0,0.0,1,,,0,True,False,False,1226.2076416015625,1437.5592649115115,-211.351623309949,True,True,0,ML-Robust-MPC,1197.5592649115115,804.8880512920126,495.37978300766326
1211.0,1196.686435876515,0.0,0,14.313564123485094,0.0,14.313564123485094,0.0,0.0,0.18230347721493476,0.0,0.0,False,0.0041100630041910335,0,0,142,0,0.0,0.0,1,,,0,True,False,False,1223.7235107421875,1436.686435876515,-212.9629251343274,True,True,0,ML-Robust-MPC,1196.686435876515,803.596285383417,496.387522724178
1174.0,1197.2878661074797,0.0,0,-23.28786610747966,23.28786610747966,0.0,0.0,0.0,0.18253450763266768,0.0,23.28786610747966,False,0.003765631998248864,0,0,143,0,0.0,0.0,1,,,0,True,False,False,1226.3448486328125,1437.2878661074797,-210.94301747466716,True,True,0,ML-Robust-MPC,1197.2878661074797,803.973310544221,494.9597558615374
1140.5,925.3285181099686,0.0,0,215.17148189003137,0.0,215.17148189003137,0.0,0.0,0.18016925808456463,100.0,0.0,False,0.0040177709961426444,0,0,144,0,0.0,0.0,1,,,0,True,False,False,1233.4134521484375,1439.282131333135,-205.8686791846976,True,True,0,ML-Robust-MPC,1199.282131333135,803.5718008957607,493.2143265011973
1159.0,1199.3537571086729,0.0,0,-40.35375710867288,40.35375710867288,0.0,0.0,0.0,0.18056959297651576,0.0,40.35375710867288,False,0.003919006994692609,0,0,145,0,0.0,0.0,1,,,0,True,False,False,1232.1962890625,1439.3537571086729,-207.15746804617288,True,True,0,ML-Robust-MPC,1199.3537571086729,804.3918860352696,492.89873463818657
1148.0,1195.58113570029,0.0,0,-47.581135700289906,47.581135700289906,0.0,0.0,0.0,0.18104162805290752,0.0,47.581135700289906,False,0.003970956997363828,0,0,146,0,0.0,0.0,1,,,0,True,False,False,1241.8428955078125,1435.58113570029,-193.7382401924774,True,True,0,ML-Robust-MPC,1195.58113570029,802.7263163915612,494.6574643980125
1194.0,1196.822826804956,0.0,0,-2.822826804956094,2.822826804956094,0.0,0.0,0.0,0.18106963228708367,0.0,2.822826804956094,False,0.003712366000399925,0,0,147,0,0.0,0.0,1,,,0,True,False,False,1234.9937744140625,1436.822826804956,-201.8290523908936,True,True,0,ML-Robust-MPC,1196.822826804956,801.3842265018791,493.9749913518449
1208.0,1199.9195555256972,0.0,0,8.080444474302794,0.0,8.080444474302794,0.0,0.0,0.18098080886367535,0.0,0.0,False,0.0039287980034714565,0,0,148,0,0.0,0.0,1,,,0,True,False,False,1244.5146484375,1439.9195555256972,-195.4049070881972,True,True,0,ML-Robust-MPC,1199.9195555256972,800.4172490699552,494.312910982968
1209.0,1194.5566241470697,0.0,0,14.44337585293033,0.0,14.44337585293033,0.0,0.0,0.18082204159624218,0.0,0.0,False,0.0038425800012191758,0,0,149,0,0.0,0.0,1,,,0,True,False,False,1244.0423583984375,1434.5566241470697,-190.51426574863217,True,True,0,ML-Robust-MPC,1194.5566241470697,799.4246841050295,494.4013583486497
1245.0,1195.583544290627,0.0,0,49.41645570937294,0.0,49.41645570937294,0.0,0.0,0.18027883648137857,0.0,0.0,False,0.003705046998220496,0,0,150,0,0.0,0.0,1,,,0,True,False,False,1236.0274658203125,1435.583544290627,-199.55607847031456,True,True,0,ML-Robust-MPC,1195.583544290627,797.2518834370524,494.0048838902909
1219.5,1195.329545927414,0.0,0,24.170454072585926,0.0,24.170454072585926,0.0,0.0,0.1800131453448466,0.0,0.0,False,0.0038320730018313043,0,0,151,0,0.0,0.0,1,,,0,True,False,False,1245.0,1435.329545927414,-190.32954592741407,True,True,0,ML-Robust-MPC,1195.329545927414,796.8968000936562,494.8449529968618
1204.0,1194.557300587616,0.0,0,9.442699412383945,0.0,9.442699412383945,0.0,0.0,0.17990934747943324,0.0,0.0,False,0.003619009999965783,0,0,152,0,0.0,0.0,1,,,0,True,False,False,1219.5,1434.557300587616,-215.05730058761606,True,True,0,ML-Robust-MPC,1194.557300587616,796.868323118268,495.4718286923073
1181.5,1196.8140491431336,0.0,0,-15.314049143133616,15.314049143133616,0.0,0.0,0.0,0.18006127257013893,0.0,15.314049143133616,False,0.004039881998323835,0,0,153,0,0.0,0.0,1,,,0,True,False,False,1204.0,1436.8140491431336,-232.81404914313362,True,True,0,ML-Robust-MPC,1196.8140491431336,798.6040576533112,495.93703692772806
1137.0,1195.9756818158255,0.0,0,-58.97568181582551,58.97568181582551,0.0,0.0,0.0,0.18064634877862926,0.0,58.97568181582551,False,0.003620645002229139,0,0,154,0,0.0,0.0,1,,,0,True,False,False,1181.5,1435.9756818158255,-254.4756818158255,True,True,0,ML-Robust-MPC,1195.9756818158255,798.8049955777126,496.57287346173104
1124.0,1196.1868403216954,0.0,0,-72.1868403216954,72.1868403216954,0.0,0.0,0.0,0.18136248806753497,0.0,72.1868403216954,False,0.003762225001992192,0,0,155,0,0.0,0.0,1,,,0,True,False,False,1186.208251953125,1436.1868403216954,-249.9785883685704,True,True,0,ML-Robust-MPC,1196.1868403216954,797.1568743650594,496.2435542876583
1124.5,1196.856903202074,0.0,0,-72.35690320207391,72.35690320207391,0.0,0.0,0.0,0.18208031448819045,0.0,72.35690320207391,False,0.0039130769946496,0,0,156,0,0.0,0.0,1,,,0,True,False,False,1205.9752197265625,1436.856903202074,-230.8816834755114,True,True,0,ML-Robust-MPC,1196.856903202074,798.4824050020444,496.2016694443152
1139.5,1196.9397789545158,0.0,0,-57.43977895451576,57.43977895451576,0.0,0.0,0.0,0.18265015356512018,0.0,57.43977895451576,False,0.003875476999382954,0,0,157,0,0.0,0.0,1,,,0,True,False,False,1234.5313720703125,1436.9397789545158,-202.40840688420326,True,True,0,ML-Robust-MPC,1196.9397789545158,798.4752838996269,496.8326197869631
1181.5,1196.1116763536056,0.0,0,-14.611676353605617,14.611676353605617,0.0,0.0,0.0,0.1827951106718028,0.0,14.611676353605617,False,0.003957991000788752,0,0,158,0,0.0,0.0,1,,,0,True,False,False,1236.988525390625,1436.1116763536056,-199.12315096298062,True,True,0,ML-Robust-MPC,1196.1116763536056,800.1386034567782,497.7441591707904
1188.5,1195.3233297768822,0.0,0,-6.823329776882247,6.823329776882247,0.0,0.0,0.0,0.18286280243546232,0.0,6.823329776882247,False,0.003911510000762064,0,0,159,0,0.0,0.0,1,,,0,True,False,False,1240.476318359375,1435.3233297768822,-194.84701141750725,True,True,0,ML-Robust-MPC,1195.3233297768822,801.3441690006218,497.50595837920497
1182.0,950.7413331368501,0.0,0,231.25866686314987,0.0,231.25866686314987,0.0,0.0,0.18032071622362628,100.0,0.0,False,0.004310284995881375,0,0,160,0,0.0,0.0,1,,,0,True,False,False,1229.7109375,1438.1370507489908,-208.42611324899076,True,True,0,ML-Robust-MPC,1198.1370507489908,799.3796076321452,497.0467280552746
1166.5,1202.8916457228331,0.0,0,-36.39164572283312,36.39164572283312,0.0,0.0,0.0,0.1806817444550036,0.0,36.39164572283312,False,0.003774741999222897,0,0,161,0,0.0,0.0,1,,,0,True,False,False,1231.064208984375,1442.8916457228331,-211.82743673845812,True,True,0,ML-Robust-MPC,1202.8916457228331,800.8621317247956,497.506011984926
1156.5,1203.1330157065604,0.0,0,-46.6330157065604,46.6330157065604,0.0,0.0,0.0,0.18114437357907662,0.0,46.6330157065604,False,0.004077192999830004,0,0,162,0,0.0,0.0,1,,,0,True,False,False,1231.0859375,1443.1330157065604,-212.0470782065604,True,True,0,ML-Robust-MPC,1203.1330157065604,801.1628962826999,498.5599936364528
1109.5,1204.3378905235445,0.0,0,-94.8378905235445,94.8378905235445,0.0,0.0,0.0,0.18208522566760385,0.0,94.8378905235445,False,0.0039477010068367235,0,0,163,0,0.0,0.0,1,,,0,True,False,False,1237.2861328125,1444.3378905235445,-207.0517577110445,True,True,0,ML-Robust-MPC,1204.3378905235445,800.3173541063536,497.4481184915052
1114.5,1204.0015915817924,0.0,0,-89.50159158179235,89.50159158179235,0.0,0.0,0.0,0.18297313828250258,0.0,89.50159158179235,False,0.003806872002314776,0,0,164,0,0.0,0.0,1,,,0,True,False,False,1230.84228515625,1444.0015915817924,-213.15930642554235,True,True,0,ML-Robust-MPC,1204.0015915817924,800.6066610736711,497.0301814295247
1146.5,1068.0454250911394,0.0,0,78.4545749088607,0.0,78.4545749088607,0.0,0.0,0.18211073474175532,100.0,0.0,False,0.003983590999268927,0,0,165,0,0.0,0.0,1,,,0,True,False,False,1236.201416015625,1444.0947920907745,-207.8933760751495,True,True,0,ML-Robust-MPC,1204.0947920907745,798.4232861718527,497.2504666817509
1189.0,1205.609556596963,0.0,0,-16.609556596963102,16.609556596963102,0.0,0.0,0.0,0.1822755120889474,0.0,16.609556596963102,False,0.00417482499324251,0,0,166,0,0.0,0.0,1,,,0,True,False,False,1231.95361328125,1445.609556596963,-213.6559433157131,True,True,0,ML-Robust-MPC,1205.609556596963,797.2329320079173,495.8475422102206
1216.0,1208.2160288201676,0.0,0,7.783971179832406,0.0,7.783971179832406,0.0,0.0,0.18218994761658414,0.0,0.0,False,0.003854387003229931,0,0,167,0,0.0,0.0,1,,,0,True,False,False,1239.3408203125,1448.2160288201676,-208.8752085076676,True,True,0,ML-Robust-MPC,1208.2160288201676,797.4059894150636,497.3919769584796
1268.5,1210.4732329749966,0.0,0,58.02676702500344,0.0,58.02676702500344,0.0,0.0,0.18155209457361482,0.0,0.0,False,0.003606013000535313,0,0,168,0,0.0,0.0,1,,,0,True,False,False,1238.33203125,1450.4732329749966,-212.14120172499656,True,True,0,ML-Robust-MPC,1210.4732329749966,798.7412882660834,497.7594574975986
1239.0,1207.93221618776,0.0,0,31.067783812239895,0.0,31.067783812239895,0.0,0.0,0.18121058527611406,0.0,0.0,False,0.0037569970008917153,0,0,169,0,0.0,0.0,1,,,0,True,False,False,1268.5,1447.93221618776,-179.4322161877601,True,True,0,ML-Robust-MPC,1207.93221618776,800.5306518807181,498.8000450432767
1215.0,1202.7050041560651,0.0,0,12.294995843934885,0.0,12.294995843934885,0.0,0.0,0.18107543384661998,0.0,0.0,False,0.003887715000018943,0,0,170,0,0.0,0.0,1,,,0,True,False,False,1239.0,1442.7050041560651,-203.70500415606512,True,True,0,ML-Robust-MPC,1202.7050041560651,800.0597891323259,498.226250754597
1188.0,1205.017011110979,0.0,0,-17.017011110978956,17.017011110978956,0.0,0.0,0.0,0.18124425340129238,0.0,17.017011110978956,False,0.004041492997203022,0,0,171,0,0.0,0.0,1,,,0,True,False,False,1230.72607421875,1445.017011110979,-214.29093689222896,True,True,0,ML-Robust-MPC,1205.017011110979,798.4398027573116,499.53220375973126
1200.0,1204.247935320774,0.0,0,-4.247935320774104,4.247935320774104,0.0,0.0,0.0,0.18128639561677626,0.0,4.247935320774104,False,0.003849614004138857,0,0,172,0,0.0,0.0,1,,,0,True,False,False,1238.5570068359375,1444.247935320774,-205.6909284848366,True,True,0,ML-Robust-MPC,1204.247935320774,796.9515000159438,498.5500309286898
1173.0,1198.4609690507905,0.0,0,-25.46096905079048,25.46096905079048,0.0,0.0,0.0,0.18153898459545473,0.0,25.46096905079048,False,0.0037219619989627972,0,0,173,0,0.0,0.0,1,,,0,True,False,False,1248.526611328125,1438.4609690507905,-189.93435772266548,True,True,0,ML-Robust-MPC,1198.4609690507905,795.3860201502484,499.0203517081802
1197.5,1198.4379768195345,0.0,0,-0.9379768195344695,0.9379768195344695,0.0,0.0,0.0,0.18154828992104535,0.0,0.9379768195344695,False,0.0040657190038473345,0,0,174,0,0.0,0.0,1,,,0,True,False,False,1241.8292236328125,1438.4379768195345,-196.60875318672197,True,True,0,ML-Robust-MPC,1198.4379768195345,794.3237507001805,498.5828167021684
1184.0,1198.092678267143,0.0,0,-14.092678267142901,14.092678267142901,0.0,0.0,0.0,0.18168809823718765,0.0,14.092678267142901,False,0.003957373999583069,0,0,175,0,0.0,0.0,1,,,0,True,False,False,1246.5556640625,1438.092678267143,-191.5370142046429,True,True,0,ML-Robust-MPC,1198.092678267143,792.397542543006,499.120103752861
1229.0,1198.3406798576457,0.0,0,30.659320142354318,0.0,30.659320142354318,0.0,0.0,0.18135107893298028,0.0,0.0,False,0.003624128999945242,0,0,176,0,0.0,0.0,1,,,0,True,False,False,1234.32421875,1438.3406798576457,-204.01646110764568,True,True,0,ML-Robust-MPC,1198.3406798576457,793.2347553439301,498.2935689870552
1234.5,1199.8919110238105,0.0,0,34.60808897618949,0.0,34.60808897618949,0.0,0.0,0.18097065320884329,0.0,0.0,False,0.0037340230046538636,0,0,177,0,0.0,0.0,1,,,0,True,False,False,1239.4033203125,1439.8919110238105,-200.4885907113105,True,True,0,ML-Robust-MPC,1199.8919110238105,793.4177377878897,498.83765266673214
1239.5,1199.070107075357,0.0,0,40.4298929246429,0.0,40.4298929246429,0.0,0.0,0.1805262319261998,0.0,0.0,False,0.004063063002831768,0,0,178,0,0.0,0.0,1,,,0,True,False,False,1234.5,1439.070107075357,-204.5701070753571,True,True,0,ML-Robust-MPC,1199.070107075357,794.5848409881648,499.7309780348915
1195.0,1196.7913966932203,0.0,0,-1.7913966932203493,1.7913966932203493,0.0,0.0,0.0,0.18054400371879126,0.0,1.7913966932203493,False,0.0037724829962826334,0,0,179,0,0.0,0.0,1,,,0,True,False,False,1239.5,1436.7913966932203,-197.29139669322035,True,True,0,ML-Robust-MPC,1196.7913966932203,794.4029398786955,500.0
1169.0,1197.1455529897842,0.0,0,-28.145552989784164,28.145552989784164,0.0,0.0,0.0,0.1808232254746423,0.0,28.145552989784164,False,0.003704390997882001,0,0,180,0,0.0,0.0,1,,,0,True,False,False,1216.4755859375,1437.1455529897842,-220.66996705228416,True,True,0,ML-Robust-MPC,1197.1455529897842,793.9327246496287,500.0
1144.0,1195.6108796561475,0.0,0,-51.61087965614752,51.61087965614752,0.0,0.0,0.0,0.18133523816964375,0.0,51.61087965614752,False,0.0038807840028312057,0,0,181,0,0.0,0.0,1,,,0,True,False,False,1218.406494140625,1435.6108796561475,-217.20438551552252,True,True,0,ML-Robust-MPC,1195.6108796561475,794.0313722788068,500.0
1148.5,1197.8514251752774,0.0,0,-49.35142517527743,49.35142517527743,0.0,0.0,0.0,0.18182483564162072,0.0,49.35142517527743,False,0.0038780140021117404,0,0,182,0,0.0,0.0,1,,,0,True,False,False,1213.0164794921875,1437.8514251752774,-224.83494568308993,True,True,0,ML-Robust-MPC,1197.8514251752774,793.1912102158391,500.0
1164.0,1198.591295086277,0.0,0,-34.59129508627689,34.59129508627689,0.0,0.0,0.0,0.18216800325160362,0.0,34.59129508627689,False,0.0037633980027749203,0,0,183,0,0.0,0.0,1,,,0,True,False,False,1212.826416015625,1438.591295086277,-225.7648790706519,True,True,0,ML-Robust-MPC,1198.591295086277,792.8653762715353,500.0
1168.0,1199.3492055799975,0.0,0,-31.349205579997488,31.349205579997488,0.0,0.0,0.0,0.1824790072752147,0.0,31.349205579997488,False,0.003797914003371261,0,0,184,0,0.0,0.0,1,,,0,True,False,False,1221.1395263671875,1439.3492055799975,-218.20967921281,True,True,0,ML-Robust-MPC,1199.3492055799975,797.4057174357476,500.0
1230.5,1195.0699402624502,0.0,0,35.430059737549755,0.0,35.430059737549755,0.0,0.0,0.18208954612521747,0.0,0.0,False,0.0038868580013513565,0,0,185,0,0.0,0.0,1,,,0,True,False,False,1211.765869140625,1435.0699402624502,-223.30407112182525,True,True,0,ML-Robust-MPC,1195.0699402624502,800.4730697489672,500.0
1190.0,1196.5891174035526,0.0,0,-6.589117403552564,6.589117403552564,0.0,0.0,0.0,0.18215491435342732,0.0,6.589117403552564,False,0.003941327006032225,0,0,186,0,0.0,0.0,1,,,0,True,False,False,1230.5,1436.5891174035526,-206.08911740355256,True,True,0,ML-Robust-MPC,1196.5891174035526,799.3418151653817,500.0
1222.0,1195.998168971434,0.0,0,26.001831028565903,0.0,26.001831028565903,0.0,0.0,0.18186909200118084,0.0,0.0,False,0.004198055998131167,0,0,187,0,0.0,0.0,1,,,0,True,False,False,1200.15771484375,1435.998168971434,-235.8404541276841,True,True,0,ML-Robust-MPC,1195.998168971434,801.0716570016427,500.0
1206.0,1197.450040255125,0.0,0,8.549959744874968,0.0,8.549959744874968,0.0,0.0,0.18177510748127498,0.0,0.0,False,0.003875060996506363,0,0,188,0,0.0,0.0,1,,,0,True,False,False,1222.0,1437.450040255125,-215.45004025512503,True,True,0,ML-Robust-MPC,1197.450040255125,800.2911876435472,500.0
1156.0,1199.0543583965357,0.0,0,-43.05435839653569,43.05435839653569,0.0,0.0,0.0,0.1822022340526692,0.0,43.05435839653569,False,0.0035641510039567947,0,0,189,0,0.0,0.0,1,,,0,True,False,False,1206.0,1439.0543583965357,-233.0543583965357,True,True,0,ML-Robust-MPC,1199.0543583965357,800.2445550938922,500.0
1141.5,1198.4042861114135,0.0,0,-56.90428611141351,56.90428611141351,0.0,0.0,0.0,0.18276676070059988,0.0,56.90428611141351,False,0.0038527799988514744,0,0,190,0,0.0,0.0,1,,,0,True,False,False,1185.83837890625,1438.4042861114135,-252.5659072051635,True,True,0,ML-Robust-MPC,1198.4042861114135,798.1070720790581,500.0
1124.0,1201.10553775821,0.0,0,-77.10553775820995,77.10553775820995,0.0,0.0,0.0,0.1835316965910583,0.0,77.10553775820995,False,0.0038376920056180097,0,0,191,0,0.0,0.0,1,,,0,True,False,False,1194.5933837890625,1441.10553775821,-246.51215396914745,True,True,0,ML-Robust-MPC,1201.10553775821,797.6481106493877,500.0
1109.0,858.1090562915764,0.0,0,250.8909437084236,0.0,250.8909437084236,0.0,0.0,0.180773804671474,100.0,0.0,False,0.003771194998989813,0,0,192,0,0.0,0.0,1,,,0,True,False,False,1223.5185546875,1444.2789913272868,-220.7604366397868,True,True,0,ML-Robust-MPC,1204.2789913272868,798.512778427152,500.0
1154.0,1206.0870903698249,0.0,0,-52.087090369824864,52.087090369824864,0.0,0.0,0.0,0.18129054167911116,0.0,52.087090369824864,False,0.0038925280023249798,0,0,193,0,0.0,0.0,1,,,0,True,False,False,1242.0531005859375,1446.0870903698249,-204.03398978388736,True,True,0,ML-Robust-MPC,1206.0870903698249,798.8856533261517,500.0
1168.5,1207.201946631264,0.0,0,-38.701946631264036,38.701946631264036,0.0,0.0,0.0,0.18167448956235782,0.0,38.701946631264036,False,0.00381469900457887,0,0,194,0,0.0,0.0,1,,,0,True,False,False,1252.874267578125,1447.201946631264,-194.32767905313904,True,True,0,ML-Robust-MPC,1207.201946631264,800.1986535425408,500.0
1192.0,1204.7281191111692,0.0,0,-12.728119111169235,12.728119111169235,0.0,0.0,0.0,0.18180076058528608,0.0,12.728119111169235,False,0.0038813700011814944,0,0,195,0,0.0,0.0,1,,,0,True,False,False,1254.67431640625,1444.7281191111692,-190.05380270491924,True,True,0,ML-Robust-MPC,1204.7281191111692,802.1131738849656,500.0
1184.0,1202.5126873318604,0.0,0,-18.512687331860434,18.512687331860434,0.0,0.0,0.0,0.18198441819770533,0.0,18.512687331860434,False,0.003708162999828346,0,0,196,0,0.0,0.0,1,,,0,True,False,False,1245.97412109375,1442.5126873318604,-196.53856623811043,True,True,0,ML-Robust-MPC,1202.5126873318604,804.1826045253372,500.0
1150.0,1201.6403658071092,0.0,0,-51.64036580710922,51.64036580710922,0.0,0.0,0.0,0.18249672341404571,0.0,51.64036580710922,False,0.0039276910029002465,0,0,197,0,0.0,0.0,1,,,0,True,False,False,1249.6929931640625,1441.6403658071092,-191.94737264304672,True,True,0,ML-Robust-MPC,1201.6403658071092,803.5835285637822,500.0
1137.0,1202.9766810707297,0.0,0,-65.97668107072968,65.97668107072968,0.0,0.0,0.0,0.18315125398022358,0.0,65.97668107072968,False,0.003927732999727596,0,0,198,0,0.0,0.0,1,,,0,True,False,False,1255.4381103515625,1442.9766810707297,-187.53857071916718,True,True,0,ML-Robust-MPC,1202.9766810707297,806.5167953347454,499.70152512860375
1146.5,1132.3336208939506,0.0,0,14.166379106049376,0.0,14.166379106049376,0.0,0.0,0.18299553156996493,100.0,0.0,False,0.003888594001182355,0,0,199,0,0.0,0.0,1,,,0,True,False,False,1247.6402587890625,1442.916684839428,-195.27642605036544,True,True,0,ML-Robust-MPC,1202.916684839428,804.0937522141857,499.0633940012857
1123.5,1178.1845791068886,0.0,0,-54.68457910688856,54.68457910688856,0.0,0.0,0.0,0.18353803731507295,45.31542089311144,54.68457910688856,False,0.004285230003006291,0,0,200,0,0.0,0.0,1,,,0,True,False,False,1253.6669921875,1440.1139839403804,-186.44699175288042,True,True,0,ML-Robust-MPC,1200.1139839403804,803.7206039416087,499.58636862507086
1157.0,1201.5467070989332,0.0,0,-44.546707098933226,44.546707098933226,0.0,0.0,0.0,0.18397996893311794,0.0,21.050503803383208,False,0.0037648049983545206,0,0,201,0,0.0,0.0,1,,,0,True,False,False,1255.00732421875,1441.5467070989332,-186.5393828801832,True,True,0,ML-Robust-MPC,1201.5467070989332,803.5684806054699,500.0
1210.0,1205.3311559158394,0.0,0,4.668844084160511,0.0,4.668844084160511,0.0,0.0,0.1839286471628572,88.75763957067943,0.0,False,0.0037389490025816485,0,0,202,0,0.0,0.0,1,,,0,True,False,False,1252.2802734375,1445.3311559158394,-193.05088247833942,True,True,0,ML-Robust-MPC,1205.3311559158394,804.2358180061648,500.0
1210.0,1203.2685858698726,0.0,0,6.731414130127348,0.0,6.731414130127348,0.0,0.0,0.18385465281151692,84.74153740966062,0.0,False,0.0038420659984694794,0,0,203,0,0.0,0.0,1,,,0,True,False,False,1257.7813720703125,1443.2685858698726,-185.4872137995601,True,True,0,ML-Robust-MPC,1203.2685858698726,800.4785476743964,500.0
1287.0,1125.1116443003598,0.0,0,161.88835569964016,0.0,161.88835569964016,0.0,0.0,0.1820751123408266,100.0,0.0,False,0.003818201999820303,0,0,204,0,0.0,0.0,1,,,0,True,False,False,1247.229248046875,1442.0371443159709,-194.80789626909586,True,True,0,ML-Robust-MPC,1202.0371443159709,801.3741671494097,500.0
1233.5,1199.4357999626577,0.0,0,34.06420003734229,0.0,34.06420003734229,0.0,0.0,0.1817006652577973,0.0,0.0,False,0.05236212000454543,0,0,205,0,0.0,0.0,1,,,0,True,False,False,1287.0,1439.4357999626577,-152.4357999626577,True,True,0,ML-Robust-MPC,1199.4357999626577,798.7871065722065,500.0
1251.5,1202.072031308314,0.0,0,49.42796869168592,0.0,49.42796869168592,0.0,0.0,0.18115733358770444,0.0,0.0,False,0.004066355002578348,0,0,206,0,0.0,0.0,1,,,0,True,False,False,1233.5,1442.072031308314,-208.57203130831408,True,True,0,ML-Robust-MPC,1202.072031308314,798.3009687167387,500.0
1210.5,1201.045476548123,0.0,0,9.454523451877094,0.0,9.454523451877094,0.0,0.0,0.18105340574779902,0.0,0.0,False,0.003844824001134839,0,0,207,0,0.0,0.0,1,,,0,True,False,False,1251.5,1441.045476548123,-189.5454765481229,True,True,0,ML-Robust-MPC,1201.045476548123,797.301691666928,500.0
1194.5,1195.8047644197466,0.0,0,-1.3047644197465615,1.3047644197465615,0.0,0.0,0.0,0.18106634983926476,0.0,1.3047644197465615,False,0.0035489939982653596,0,0,208,0,0.0,0.0,1,,,0,True,False,False,1228.109130859375,1435.8047644197466,-207.69563356037156,True,True,0,ML-Robust-MPC,1195.8047644197466,796.0827327525922,500.0
1187.0,1194.626184212308,0.0,0,-7.62618421230809,7.62618421230809,0.0,0.0,0.0,0.18114200642867256,0.0,7.62618421230809,False,0.003916672998457216,0,0,209,0,0.0,0.0,1,,,0,True,False,False,1237.1785888671875,1434.626184212308,-197.4475953451206,True,True,0,ML-Robust-MPC,1194.626184212308,794.8678807627762,500.0
1185.0,1193.6850892645834,0.0,0,-8.68508926458344,8.68508926458344,0.0,0.0,0.0,0.18122816802851963,0.0,8.68508926458344,False,0.003911971005436499,0,0,210,0,0.0,0.0,1,,,0,True,False,False,1238.983154296875,1433.6850892645834,-194.70193496770844,True,True,0,ML-Robust-MPC,1193.6850892645834,793.3087591850348,500.0
1177.0,1193.0617719235463,0.0,0,-16.061771923546303,16.061771923546303,0.0,0.0,0.0,0.18138751100395165,0.0,16.061771923546303,False,0.004004850001365412,0,0,211,0,0.0,0.0,1,,,0,True,False,False,1231.7283935546875,1433.0617719235463,-201.3333783688588,True,True,0,ML-Robust-MPC,1193.0617719235463,794.757649536404,500.0
1231.5,1197.1099788174777,0.0,0,34.39002118252233,0.0,34.39002118252233,0.0,0.0,0.18100948236676084,0.0,0.0,False,0.003817482000158634,0,0,212,0,0.0,0.0,1,,,0,True,False,False,1232.572509765625,1437.1099788174777,-204.53746905185267,True,True,0,ML-Robust-MPC,1197.1099788174777,794.6973885404406,500.0
1253.0,1199.694471006958,0.0,0,53.30552899304189,0.0,53.30552899304189,0.0,0.0,0.18042352702893116,0.0,0.0,False,0.00381677299446892,0,0,213,0,0.0,0.0,1,,,0,True,False,False,1238.868408203125,1439.694471006958,-200.8260628038331,True,True,0,ML-Robust-MPC,1199.694471006958,793.0755183695702,500.0
1239.5,1202.784675649276,0.0,0,36.715324350723904,0.0,36.715324350723904,0.0,0.0,0.18001993774485778,0.0,0.0,False,0.003949919999286067,0,0,214,0,0.0,0.0,1,,,0,True,False,False,1253.0,1442.784675649276,-189.7846756492761,True,True,0,ML-Robust-MPC,1202.784675649276,794.9725676147469,500.0
1187.0,1200.392136319192,0.0,0,-13.392136319192105,13.392136319192105,0.0,0.0,0.0,0.18015279624008787,0.0,13.392136319192105,False,0.003926728000806179,0,0,215,0,0.0,0.0,1,,,0,True,False,False,1239.5,1440.392136319192,-200.8921363191921,True,True,0,ML-Robust-MPC,1200.392136319192,797.447120659946,500.0
1171.0,1200.4907329375003,0.0,0,-29.490732937500297,29.490732937500297,0.0,0.0,0.0,0.18044536303510275,0.0,29.490732937500297,False,0.0036024069995619357,0,0,216,0,0.0,0.0,1,,,0,True,False,False,1230.004150390625,1440.4907329375003,-210.4865825468753,True,True,0,ML-Robust-MPC,1200.4907329375003,797.3999297305307,500.0
1135.0,1200.789840744554,0.0,0,-65.78984074455411,65.78984074455411,0.0,0.0,0.0,0.1810980400266162,0.0,65.78984074455411,False,0.003810680005699396,0,0,217,0,0.0,0.0,1,,,0,True,False,False,1232.675048828125,1440.789840744554,-208.1147919164291,True,True,0,ML-Robust-MPC,1200.789840744554,796.3016439039246,500.0
1119.5,1205.4422433726852,0.0,0,-85.9422433726852,85.9422433726852,0.0,0.0,0.0,0.18195064164737695,0.0,85.9422433726852,False,0.004175554997345898,0,0,218,0,0.0,0.0,1,,,0,True,False,False,1233.7537841796875,1445.4422433726852,-211.6884591929977,True,True,0,ML-Robust-MPC,1205.4422433726852,795.7783246158181,500.0
1140.5,1205.1362114835692,0.0,0,-64.63621148356924,64.63621148356924,0.0,0.0,0.0,0.1825918739041584,0.0,64.63621148356924,False,0.0037498640012927353,0,0,219,0,0.0,0.0,1,,,0,True,False,False,1228.0806884765625,1445.1362114835692,-217.05552300700674,True,True,0,ML-Robust-MPC,1205.1362114835692,797.1398574500123,500.0
1171.0,1203.2660270373508,0.0,0,-32.266027037350796,32.266027037350796,0.0,0.0,0.0,0.1829119733787353,0.0,32.266027037350796,False,0.003886644000886008,0,0,220,0,0.0,0.0,1,,,0,True,False,False,1240.5777587890625,1443.2660270373508,-202.6882682482883,True,True,0,ML-Robust-MPC,1203.2660270373508,796.4956045859211,500.0
1203.0,1204.442073578952,0.0,0,-1.4420735789519767,1.4420735789519767,0.0,0.0,0.0,0.18292627966424077,0.0,1.4420735789519767,False,0.003936615001293831,0,0,221,0,0.0,0.0,1,,,0,True,False,False,1241.966796875,1444.442073578952,-202.47527670395198,True,True,0,ML-Robust-MPC,1204.442073578952,794.3734530423276,500.0
1208.5,1205.4774232290747,0.0,0,3.0225767709252978,0.0,3.0225767709252978,0.0,0.0,0.18289305431170455,0.0,0.0,False,0.003919075999874622,0,0,222,0,0.0,0.0,1,,,0,True,False,False,1238.7747802734375,1445.4774232290747,-206.7026429556372,True,True,0,ML-Robust-MPC,1205.4774232290747,797.9668534943185,500.0
1253.0,1203.8030919857438,0.0,0,49.19690801425622,0.0,49.19690801425622,0.0,0.0,0.18235226255144582,0.0,0.0,False,0.003783170999668073,0,0,223,0,0.0,0.0,1,,,0,True,False,False,1239.399658203125,1443.8030919857438,-204.40343378261878,True,True,0,ML-Robust-MPC,1203.8030919857438,798.4572355136878,500.0
1218.5,1202.4140568715052,0.0,0,16.08594312849482,0.0,16.08594312849482,0.0,0.0,0.1821754395385573,0.0,0.0,False,0.0037738419996458106,0,0,224,0,0.0,0.0,1,,,0,True,False,False,1253.0,1442.4140568715052,-189.41405687150518,True,True,0,ML-Robust-MPC,1202.4140568715052,799.9244836852346,500.0
1171.0,1200.37545443891,0.0,0,-29.375454438910083,29.375454438910083,0.0,0.0,0.0,0.18246686269767348,0.0,29.375454438910083,False,0.00392159399780212,0,0,225,0,0.0,0.0,1,,,0,True,False,False,1239.3355712890625,1440.37545443891,-201.03988314984758,True,True,0,ML-Robust-MPC,1200.37545443891,802.0286589851611,500.0
1155.0,747.7345527011388,240.0,2,167.2654472988612,0.0,167.2654472988612,0.0,0.0,0.18062821512150873,0.0,0.0,False,0.005554139002924785,2,0,226,0,0.0,0.0,1,,,2,True,True,False,1235.9237060546875,987.7345527011388,248.1891533535487,True,True,0,ML-Robust-MPC,747.7345527011388,504.2992182292034,500.0
1150.0,748.6618794383621,300.0,2,101.33812056163788,0.0,101.33812056163788,0.0,0.0,0.17951426664767461,0.0,0.0,False,0.0041208679976989515,0,0,227,0,0.0,0.0,1,,,2,True,True,False,1236.1925048828125,988.6618794383621,247.53062544445038,True,True,0,ML-Robust-MPC,748.6618794383621,505.3097054654084,500.0
1189.0,750.5891309143874,360.0,2,78.4108690856126,0.0,78.4108690856126,0.0,0.0,0.1786523435385244,0.0,0.0,False,0.004963131003023591,0,0,228,0,0.0,0.0,1,,,2,True,True,False,1233.369140625,990.5891309143874,242.7800097106126,True,True,0,ML-Robust-MPC,750.5891309143874,506.1369328279517,500.0
1223.5,750.3468166267737,420.0,2,53.153183373226284,0.0,53.153183373226284,0.0,0.0,0.17806806284365978,0.0,0.0,False,0.004078687998116948,0,0,229,0,0.0,0.0,1,,,2,True,True,False,1243.902587890625,990.3468166267737,253.55577126385128,True,True,0,ML-Robust-MPC,750.3468166267737,504.8814015578772,500.0
1219.0,751.6450541087145,480.0,2,-12.645054108714476,12.645054108714476,0.0,0.0,0.0,0.17819350980902401,0.0,12.645054108714476,False,0.0041312270041089505,0,0,230,0,0.0,0.0,1,,,2,True,True,False,1252.808349609375,991.6450541087145,261.1632955006605,True,True,0,ML-Robust-MPC,751.6450541087145,505.4234467833287,500.0
1232.5,753.0611760433097,480.0,2,-0.5611760433098425,0.5611760433098425,0.0,0.0,0.0,0.1781990770316759,0.0,0.5611760433098425,False,0.0040271089965244755,0,0,231,0,0.0,0.0,1,,,2,True,True,False,1245.4520263671875,993.0611760433097,252.39085032387777,True,True,0,ML-Robust-MPC,753.0611760433097,504.4884176625326,500.0
1241.5,754.02509893206,480.0,2,7.474901067939982,0.0,7.474901067939982,0.0,0.0,0.17811690997952864,0.0,0.0,False,0.003933530002541374,0,0,232,0,0.0,0.0,1,,,2,True,True,False,1250.24951171875,994.02509893206,256.22441278669,True,True,0,ML-Robust-MPC,754.02509893206,503.9554142672577,500.0
1210.5,751.192823324585,480.0,2,-20.69282332458488,20.69282332458488,0.0,0.0,0.0,0.17832219592520904,0.0,20.69282332458488,False,0.003859659998852294,0,0,233,0,0.0,0.0,1,,,2,True,True,False,1247.983642578125,991.192823324585,256.79081925354,True,True,0,ML-Robust-MPC,751.192823324585,504.3523003030728,500.0
1177.0,748.5170764529379,448.768568078312,2,-20.28564453125,20.28564453125,0.0,0.0,0.0,0.17852344239873336,0.0,20.28564453125,False,0.00413023799774237,0,0,234,0,0.0,0.0,1,,,2,True,True,False,1247.7816162109375,988.5170764529379,259.2645397579996,True,True,0,ML-Robust-MPC,748.5170764529379,505.3549294030853,500.0
1162.5,748.1111763422696,424.4852592046054,2,-10.096435546875,10.096435546875,0.0,0.0,0.0,0.17862360544979364,0.0,10.096435546875,False,0.0039771939991624095,0,0,235,0,0.0,0.0,1,,,2,True,True,False,1247.704833984375,988.1111763422696,259.5936576421054,True,True,0,ML-Robust-MPC,748.1111763422696,505.6523791528901,500.0
1192.0,752.3402151860851,439.65978481391494,2,0.0,0.0,0.0,0.0,0.0,0.17862360544979364,0.0,0.0,False,0.00398042899905704,0,0,236,0,0.0,0.0,1,,,2,True,True,False,1252.201416015625,992.3402151860851,259.86120082953994,True,True,0,ML-Robust-MPC,752.3402151860851,503.7069174447508,500.0
1165.0,753.7777409526171,447.07821607863286,2,-35.85595703125,35.85595703125,0.0,0.0,0.0,0.17897931930923064,0.0,35.85595703125,False,0.004361278006399516,0,0,237,0,0.0,0.0,1,,,2,True,True,False,1253.952392578125,993.7777409526171,260.17465162550786,True,True,0,ML-Robust-MPC,753.7777409526171,502.3435927687344,500.0
1209.0,756.0754704344184,460.55538894058157,2,-7.630859375,7.630859375,0.0,0.0,0.0,0.1790550222792207,0.0,7.630859375,False,0.00559774100111099,0,0,238,0,0.0,0.0,1,,,2,True,True,False,1246.654296875,996.0754704344184,250.57882644058157,True,True,0,ML-Robust-MPC,756.0754704344184,503.4209797088764,500.0
1227.0,755.3932732058772,480.0,2,-8.393273205877222,8.393273205877222,0.0,0.0,0.0,0.17913828887848537,0.0,8.393273205877222,False,0.004360337996331509,0,0,239,0,0.0,0.0,1,,,2,True,True,False,1249.079833984375,995.3932732058772,253.68656077849778,True,True,0,ML-Robust-MPC,755.3932732058772,502.3804970992478,500.0
1271.5,755.386602601758,480.0,2,36.11339739824189,0.0,36.11339739824189,0.0,0.0,0.17874131621218978,0.0,0.0,False,0.0041149870012304746,0,0,240,0,0.0,0.0,1,,,2,True,True,False,1250.365478515625,995.386602601758,254.978875913867,True,True,0,ML-Robust-MPC,755.386602601758,503.3141477447059,500.0
1252.5,755.5587174220576,480.0,2,16.941282577942275,0.0,16.941282577942275,0.0,0.0,0.17855509097169883,0.0,0.0,False,0.004330993004259653,0,0,241,0,0.0,0.0,1,,,2,True,True,False,1271.5,995.5587174220576,275.9412825779424,True,True,0,ML-Robust-MPC,755.5587174220576,504.203157314151,500.0
1235.0,757.3627148500428,480.0,2,-2.362714850042721,2.362714850042721,0.0,0.0,0.0,0.17857853060314766,0.0,2.362714850042721,False,0.004793277999851853,0,0,242,0,0.0,0.0,1,,,2,True,True,False,1252.5,997.3627148500428,255.13728514995717,True,True,0,ML-Robust-MPC,757.3627148500428,504.5516195174947,500.0
1210.5,758.9832571214816,456.50355928476847,2,-4.98681640625,4.98681640625,0.0,0.0,0.0,0.1786280029881303,0.0,4.98681640625,False,0.004197448004561011,0,0,243,0,0.0,0.0,1,,,2,True,True,False,1235.0,998.9832571214816,236.01674287851836,True,True,0,ML-Robust-MPC,758.9832571214816,504.6278869482356,500.0
1170.0,758.1474147863963,434.46611060422856,2,-22.613525390625,22.613525390625,0.0,0.0,0.0,0.17885234351779922,0.0,22.613525390625,False,0.0043939120005234145,0,0,244,0,0.0,0.0,1,,,2,True,True,False,1213.27490234375,998.1474147863963,215.12748755735367,True,True,0,ML-Robust-MPC,758.1474147863963,504.08728112052734,500.0
1149.5,755.0592457173128,415.9104808451872,2,-21.4697265625,21.4697265625,0.0,0.0,0.0,0.17906533683687165,0.0,21.4697265625,False,0.0072390839995932765,0,0,245,0,0.0,0.0,1,,,2,True,True,False,1208.8446044921875,995.0592457173128,213.78535877487468,True,True,0,ML-Robust-MPC,755.0592457173128,504.1598580785681,500.0
1154.5,757.9171397214739,417.88583879415114,2,-21.302978515625,21.302978515625,0.0,0.0,0.0,0.1792766759094473,0.0,21.302978515625,False,0.004221447998133954,0,0,246,0,0.0,0.0,1,,,2,True,True,False,1216.9986572265625,997.9171397214739,219.08151750508864,True,True,0,ML-Robust-MPC,757.9171397214739,504.87102922675456,500.0
1195.5,753.853937956193,441.646062043807,2,0.0,0.0,0.0,0.0,0.0,0.1792766759094473,0.0,0.0,False,0.00412514300114708,0,0,247,0,0.0,0.0,1,,,2,True,True,False,1223.2479248046875,993.853937956193,229.39398684849448,True,True,0,ML-Robust-MPC,753.853937956193,503.2410061251918,500.0
1175.5,755.1611383350165,464.450067719671,2,-44.1112060546875,44.1112060546875,0.0,0.0,0.0,0.17971428708062476,0.0,44.1112060546875,False,0.004812630999367684,0,0,248,0,0.0,0.0,1,,,2,True,True,False,1223.85205078125,995.1611383350165,228.69091244623348,True,True,0,ML-Robust-MPC,755.1611383350165,502.1383978852618,500.0
1193.5,757.149055078873,450.77513925706455,2,-14.4241943359375,14.4241943359375,0.0,0.0,0.0,0.17985738424665587,0.0,14.4241943359375,False,0.005097288994875271,0,0,249,0,0.0,0.0,1,,,2,True,True,False,1239.0455322265625,997.149055078873,241.89647714768955,True,True,0,ML-Robust-MPC,757.149055078873,502.13736138662,500.0
1183.0,752.3393578024919,447.9461646584456,2,-17.2855224609375,17.2855224609375,0.0,0.0,0.0,0.18002886760440326,0.0,17.2855224609375,False,0.005491022995556705,0,0,250,0,0.0,0.0,1,,,2,True,True,False,1217.55419921875,992.3393578024919,225.21484141625808,True,True,0,ML-Robust-MPC,752.3393578024919,503.63393789526566,500.0
1168.5,752.4362676488637,426.7869989526988,2,-10.7232666015625,10.7232666015625,0.0,0.0,0.0,0.180135249217514,0.0,10.7232666015625,False,0.004808763995242771,0,0,251,0,0.0,0.0,1,,,2,True,True,False,1227.9462890625,992.4362676488637,235.5100214136363,True,True,0,ML-Robust-MPC,752.4362676488637,505.56466384295305,500.0
1139.0,755.5338253605796,402.3282351862954,2,-18.862060546875,18.862060546875,0.0,0.0,0.0,0.18032237283405048,0.0,18.862060546875,False,0.005278858996462077,0,0,252,0,0.0,0.0,1,,,2,True,True,False,1217.1856689453125,995.5338253605796,221.6518435847329,True,True,0,ML-Robust-MPC,755.5338253605796,503.5888363006014,499.4049852400776
1097.0,753.4213575046144,385.84243644069807,2,-42.2637939453125,42.2637939453125,0.0,0.0,0.0,0.18074165650414287,0.0,42.2637939453125,False,0.004735137001262046,0,0,253,0,0.0,0.0,1,,,2,True,True,False,1241.859130859375,993.4213575046144,248.43777335476057,True,True,0,ML-Robust-MPC,753.4213575046144,504.5499030008136,499.92713299797447
1091.0,750.4003613726845,372.17324702575297,2,-31.5736083984375,31.5736083984375,0.0,0.0,0.0,0.18105488674619086,0.0,31.5736083984375,False,0.0063434539988520555,0,0,254,0,0.0,0.0,1,,,2,True,True,False,1227.3629150390625,990.4003613726845,236.96255366637797,True,True,0,ML-Robust-MPC,750.4003613726845,503.6346167598592,500.0
1139.0,750.400208541738,388.59979145826196,2,0.0,0.0,0.0,0.0,0.0,0.18105488674619086,0.0,0.0,False,0.0059756150003522635,0,0,255,0,0.0,0.0,1,,,2,True,True,False,1257.4423828125,990.400208541738,267.04217427076196,True,True,0,ML-Robust-MPC,750.400208541738,504.33941016911166,500.0
1185.5,753.7899503604723,431.7100496395277,2,0.0,0.0,0.0,0.0,0.0,0.18105488674619086,0.0,0.0,False,0.0050677109975367785,0,0,256,0,0.0,0.0,1,,,2,True,True,False,1271.150634765625,993.7899503604723,277.3606844051527,True,True,0,ML-Robust-MPC,753.7899503604723,502.4544465853802,500.0
1183.5,751.7623299056909,478.8045646255591,2,-47.06689453125,47.06689453125,0.0,0.0,0.0,0.1815218202236834,0.0,47.06689453125,False,0.004158166004344821,0,0,257,0,0.0,0.0,1,,,2,True,True,False,1279.181396484375,991.7623299056909,287.4190665786841,True,True,0,ML-Robust-MPC,751.7623299056909,503.2619752162376,500.0
1209.5,751.3775590981825,479.5340619955675,2,-21.41162109375,21.41162109375,0.0,0.0,0.0,0.18173423709961348,0.0,21.41162109375,False,0.006097403995227069,0,0,258,0,0.0,0.0,1,,,2,True,True,False,1267.043701171875,991.3775590981825,275.6661420736925,True,True,0,ML-Robust-MPC,751.3775590981825,501.0129512417074,500.0
1215.5,750.689843328672,480.0,2,-15.189843328672055,15.189843328672055,0.0,0.0,0.0,0.18188492998977887,0.0,15.189843328672055,False,0.004873753001447767,0,0,259,0,0.0,0.0,1,,,2,True,True,False,1268.7083740234375,990.689843328672,278.01853069476545,True,True,0,ML-Robust-MPC,750.689843328672,501.3357256273309,500.0
1228.5,754.0027344397349,474.4972655602651,2,0.0,0.0,0.0,0.0,0.0,0.18188492998977887,0.0,0.0,False,0.0044694009993691,0,0,260,0,0.0,0.0,1,,,2,True,True,False,1260.3787841796875,994.0027344397349,266.3760497399526,True,True,0,ML-Robust-MPC,754.0027344397349,500.09187331349017,500.0
1198.5,757.08812735938,465.10913826562,2,-23.697265625,23.697265625,0.0,0.0,0.0,0.18212002191066182,0.0,23.697265625,False,0.00460064499930013,0,0,261,0,0.0,0.0,1,,,2,True,True,False,1271.59814453125,997.08812735938,274.51001717187,True,True,0,ML-Robust-MPC,757.08812735938,500.0012864403008,500.0
1214.0,756.0185694332406,457.9814305667594,2,0.0,0.0,0.0,0.0,0.0,0.18212002191066182,0.0,0.0,False,0.004743762001453433,0,0,262,0,0.0,0.0,1,,,2,True,True,False,1268.44482421875,996.0185694332406,272.4262547855094,True,True,0,ML-Robust-MPC,756.0185694332406,499.6174001789861,500.0
1214.0,756.6457540218154,462.5275858219346,2,-5.17333984375,5.17333984375,0.0,0.0,0.0,0.18217134472657204,0.0,5.17333984375,False,0.0047676960020908155,0,0,263,0,0.0,0.0,1,,,2,True,True,False,1288.528564453125,996.6457540218154,291.8828104313096,True,True,0,ML-Robust-MPC,756.6457540218154,500.4815586625231,500.0
1200.5,756.6943940925702,479.0975980949298,2,-35.2919921875,35.2919921875,0.0,0.0,0.0,0.18252146369668612,0.0,35.2919921875,False,0.004229060999932699,0,0,264,0,0.0,0.0,1,,,2,True,True,False,1273.40966796875,996.6943940925702,276.7152738761798,True,True,0,ML-Robust-MPC,756.6943940925702,500.56032164632313,499.7911816259996
1232.0,761.536089050046,480.0,2,-9.53608905004603,9.53608905004603,0.0,0.0,0.0,0.18261606775472228,0.0,9.53608905004603,False,0.0053855959995416924,0,0,265,0,0.0,0.0,1,,,2,True,True,False,1274.5565185546875,1001.536089050046,273.02042950464147,True,True,0,ML-Robust-MPC,761.536089050046,501.20018002240136,499.0078733290755
1267.0,759.6715623756819,480.0,2,27.3284376243181,0.0,27.3284376243181,0.0,0.0,0.18231566282106887,0.0,0.0,False,0.004664631997002289,0,0,266,0,0.0,0.0,1,,,2,True,True,False,1273.903076171875,999.6715623756819,274.2315137961931,True,True,0,ML-Robust-MPC,759.6715623756819,501.2840494702407,499.7451996241241
1279.5,761.068291479059,480.0,2,38.431708520941015,0.0,38.431708520941015,0.0,0.0,0.1818932063672046,0.0,0.0,False,0.005193894998228643,0,0,267,0,0.0,0.0,1,,,2,True,True,False,1283.1212158203125,1001.068291479059,282.0529243412535,True,True,0,ML-Robust-MPC,761.068291479059,502.2777406006551,498.3974437417976
1265.0,765.3995960868581,480.0,2,19.600403913141918,0.0,19.600403913141918,0.0,0.0,0.1816777510192608,0.0,0.0,False,0.006236849003471434,0,0,268,0,0.0,0.0,1,,,2,True,True,False,1279.5,1005.3995960868581,274.1004039131419,True,True,0,ML-Robust-MPC,765.3995960868581,502.8828079518042,497.985587962241
1219.5,763.8242136877346,480.0,2,-24.32421368773464,24.32421368773464,0.0,0.0,0.0,0.18191906266298835,0.0,24.32421368773464,False,0.006664225998974871,0,0,269,0,0.0,0.0,1,,,2,True,True,False,1265.0,1003.8242136877346,261.17578631226536,True,True,0,ML-Robust-MPC,763.8242136877346,502.50896769332553,499.3111844152404
1230.0,763.9825277988496,466.01747220115044,2,0.0,0.0,0.0,0.0,0.0,0.18191906266298835,0.0,0.0,False,0.004239130998030305,0,0,270,0,0.0,0.0,1,,,2,True,True,False,1229.3759765625,1003.9825277988496,225.39344876365044,True,True,0,ML-Robust-MPC,763.9825277988496,504.9091368735913,499.315363701315
1176.0,763.9482152262156,444.41360118003445,2,-32.36181640625,32.36181640625,0.0,0.0,0.0,0.18224011242892338,0.0,32.36181640625,False,0.004333928998676129,0,0,271,0,0.0,0.0,1,,,2,True,True,False,1230.0,1003.9482152262156,226.05178477378445,True,True,0,ML-Robust-MPC,763.9482152262156,505.9196510397263,500.0
1173.5,761.9642979348431,416.5874598776569,2,-5.0517578125,5.0517578125,0.0,0.0,0.0,0.18229022907388864,0.0,5.0517578125,False,0.004278995998902246,0,0,272,0,0.0,0.0,1,,,2,True,True,False,1228.525390625,1001.9642979348431,226.5610926901569,True,True,0,ML-Robust-MPC,761.9642979348431,504.1452126923872,499.98023044007095
1168.5,760.3199090198337,429.99210269891626,2,-21.81201171875,21.81201171875,0.0,0.0,0.0,0.18250661807903498,0.0,21.81201171875,False,0.0043590249988483265,0,0,273,0,0.0,0.0,1,,,2,True,True,False,1238.3740234375,1000.3199090198337,238.05411441766626,True,True,0,ML-Robust-MPC,760.3199090198337,506.4532819521177,499.9272464410897
1198.0,758.2640724880471,454.1492575900779,2,-14.413330078125,14.413330078125,0.0,0.0,0.0,0.18264960746473066,0.0,14.413330078125,False,0.004422721001901664,0,0,274,0,0.0,0.0,1,,,2,True,True,False,1241.929931640625,998.2640724880471,243.66585915257792,True,True,0,ML-Robust-MPC,758.2640724880471,506.1365222701555,500.0
1235.0,754.0300020485598,480.0,2,0.9699979514401775,0.0,0.9699979514401775,0.0,0.0,0.1826389448657833,0.0,0.0,False,0.005098499997984618,0,0,275,0,0.0,0.0,1,,,2,True,True,False,1236.73681640625,994.0300020485598,242.70681435769018,True,True,0,ML-Robust-MPC,754.0300020485598,507.9899357612399,500.0
1234.5,753.0092857724935,480.0,2,1.490714227506487,0.0,1.490714227506487,0.0,0.0,0.18262255834875052,0.0,0.0,False,0.004307872004574165,0,0,276,0,0.0,0.0,1,,,2,True,True,False,1239.103271484375,993.0092857724935,246.0939857118815,True,True,0,ML-Robust-MPC,753.0092857724935,507.4509401027397,499.4658076760558
1236.0,755.3050126360228,480.0,2,0.6949873639772477,0.0,0.6949873639772477,0.0,0.0,0.18261491877433228,0.0,0.0,False,0.0042627040020306595,0,0,277,0,0.0,0.0,1,,,2,True,True,False,1236.868896484375,995.3050126360228,241.56388384835225,True,True,0,ML-Robust-MPC,755.3050126360228,506.3212535606581,500.0
1222.5,754.9059347101085,472.08417759457905,2,-4.4901123046875,4.4901123046875,0.0,0.0,0.0,0.18265946353925974,0.0,4.4901123046875,False,0.004686622000008356,0,0,278,0,0.0,0.0,1,,,2,True,True,False,1236.0,994.9059347101085,241.09406528989155,True,True,0,ML-Robust-MPC,754.9059347101085,503.96258530451377,500.0
1168.0,753.1306967912141,457.21683738847344,2,-42.3475341796875,42.3475341796875,0.0,0.0,0.0,0.18307957796564553,0.0,42.3475341796875,False,0.004460146003111731,0,0,279,0,0.0,0.0,1,,,2,True,True,False,1225.3697509765625,993.1306967912141,232.23905418534844,True,True,0,ML-Robust-MPC,753.1306967912141,503.4437220774179,499.92293339237193
1178.5,751.7553213993714,426.7446786006286,2,0.0,0.0,0.0,0.0,0.0,0.18307957796564553,0.0,0.0,False,0.004344209002738353,0,0,280,0,0.0,0.0,1,,,2,True,True,False,1229.0408935546875,991.7553213993714,237.28557215531612,True,True,0,ML-Robust-MPC,751.7553213993714,505.2708860274998,500.0
1173.5,753.1702322560142,425.4485421580483,2,-5.1187744140625,5.1187744140625,0.0,0.0,0.0,0.18313035945784853,0.0,5.1187744140625,False,0.004492425003263634,0,0,281,0,0.0,0.0,1,,,2,True,True,False,1232.937744140625,993.1702322560142,239.76751188461083,True,True,0,ML-Robust-MPC,753.1702322560142,505.1214703817905,499.9887813980994
1167.5,757.2582883882363,435.37818622113866,2,-25.136474609375,25.136474609375,0.0,0.0,0.0,0.18337972924563994,0.0,25.136474609375,False,0.005440152999653947,0,0,282,0,0.0,0.0,1,,,2,True,True,False,1232.7545166015625,997.2582883882363,235.49622821332616,True,True,0,ML-Robust-MPC,757.2582883882363,503.81000589027616,498.9672475855861
1183.5,754.9050645145501,455.1420546260749,2,-26.547119140625,26.547119140625,0.0,0.0,0.0,0.18364309352282868,0.0,26.547119140625,False,0.004528671997832134,0,0,283,0,0.0,0.0,1,,,2,True,True,False,1236.43701171875,994.9050645145501,241.53194720419992,True,True,0,ML-Robust-MPC,754.9050645145501,502.4577585175722,499.2307748483226
1207.5,754.330761998852,474.69365206364796,2,-21.5244140625,21.5244140625,0.0,0.0,0.0,0.1838566293766233,0.0,21.5244140625,False,0.004473265995329712,0,0,284,0,0.0,0.0,1,,,2,True,True,False,1239.884521484375,994.330761998852,245.55375948552296,True,True,0,ML-Robust-MPC,754.330761998852,502.41026983859456,499.3327586193656
1228.5,755.8067311363108,476.89407452775174,2,-4.2008056640625,4.2008056640625,0.0,0.0,0.0,0.183898304035989,0.0,4.2008056640625,False,0.004712892005045433,0,0,285,0,0.0,0.0,1,,,2,True,True,False,1243.23095703125,995.8067311363108,247.42422589493924,True,True,0,ML-Robust-MPC,755.8067311363108,503.9253843627933,499.6759099704893
1224.0,755.3312156236123,476.94332050920025,2,-8.2745361328125,8.2745361328125,0.0,0.0,0.0,0.18398039268810024,0.0,8.2745361328125,False,0.004648955997254234,0,0,286,0,0.0,0.0,1,,,2,True,True,False,1228.5,995.3312156236123,233.16878437638775,True,True,0,ML-Robust-MPC,755.3312156236123,501.496503071282,499.5393771408265
1212.5,756.6227770115114,463.4968518947386,2,-7.61962890625,7.61962890625,0.0,0.0,0.0,0.18405598424470987,0.0,7.61962890625,False,0.006040915002813563,0,0,287,0,0.0,0.0,1,,,2,True,True,False,1228.912353515625,996.6227770115114,232.2895765041136,True,True,0,ML-Robust-MPC,756.6227770115114,502.3244148276801,497.407867205332
1174.0,755.8960099135273,443.29210043803516,2,-25.1881103515625,25.1881103515625,0.0,0.0,0.0,0.1843058662918484,0.0,25.1881103515625,False,0.004739112002425827,0,0,288,0,0.0,0.0,1,,,2,True,True,False,1238.657470703125,995.8960099135273,242.76146078959766,True,True,0,ML-Robust-MPC,755.8960099135273,501.7144001615186,496.25750807988913
1157.5,756.3499557005525,414.48854527601,2,-13.3385009765625,13.3385009765625,0.0,0.0,0.0,0.1844381926904254,0.0,13.3385009765625,False,0.004830596997635439,0,0,289,0,0.0,0.0,1,,,2,True,True,False,1238.049072265625,996.3499557005525,241.69911656507247,True,True,0,ML-Robust-MPC,756.3499557005525,501.2291895423852,498.0955859861995
1152.5,755.6082258685889,410.6838883892236,2,-13.7921142578125,13.7921142578125,0.0,0.0,0.0,0.18457501922076086,0.0,13.7921142578125,False,0.004999764998501632,0,0,290,0,0.0,0.0,1,,,2,True,True,False,1243.5565185546875,995.6082258685889,247.94829268609863,True,True,0,ML-Robust-MPC,755.6082258685889,501.5385468719721,496.26214230354384
1158.0,752.0611545135133,430.9356716583617,2,-24.996826171875,24.996826171875,0.0,0.0,0.0,0.1848230036073866,0.0,24.996826171875,False,0.004573553000227548,0,0,291,0,0.0,0.0,1,,,2,True,True,False,1240.5372314453125,992.0611545135133,248.47607693179918,True,True,0,ML-Robust-MPC,752.0611545135133,504.0431187150928,496.8029115652339
1207.5,750.3350616440417,457.16493835595827,2,0.0,0.0,0.0,0.0,0.0,0.1848230036073866,0.0,0.0,False,0.006515491993923206,0,0,292,0,0.0,0.0,1,,,2,True,True,False,1237.3203125,990.3350616440417,246.98525085595827,True,True,0,ML-Robust-MPC,750.3350616440417,504.1448515139264,496.9470891345578
1205.0,746.418541889266,480.0,2,-21.418541889265953,21.418541889265953,0.0,0.0,0.0,0.18503548914200232,0.0,21.418541889265953,False,0.004503509997448418,0,0,293,0,0.0,0.0,1,,,2,True,True,False,1246.654052734375,986.418541889266,260.23551084510905,True,True,0,ML-Robust-MPC,746.418541889266,505.217078777112,497.41364721035296
1245.0,751.0064750607381,480.0,2,13.993524939261874,0.0,13.993524939261874,0.0,0.0,0.1848816668127223,0.0,0.0,False,0.004197914000542369,0,0,294,0,0.0,0.0,1,,,2,True,True,False,1233.309326171875,991.0064750607381,242.30285111113687,True,True,0,ML-Robust-MPC,751.0064750607381,503.848018386797,498.2271077936979
1240.5,753.6856607104378,480.0,2,6.814339289562213,0.0,6.814339289562213,0.0,0.0,0.18480676091541806,0.0,0.0,False,0.004439735996129457,0,0,295,0,0.0,0.0,1,,,2,True,True,False,1247.148681640625,993.6856607104378,253.4630209301872,True,True,0,ML-Robust-MPC,753.6856607104378,504.4984696576512,498.0445558607632
1223.5,749.7241434933376,480.0,2,-6.2241434933375785,6.2241434933375785,0.0,0.0,0.0,0.18486850837070912,0.0,6.2241434933375785,False,0.004947692999849096,0,0,296,0,0.0,0.0,1,,,2,True,True,False,1240.5,989.7241434933376,250.77585650666242,True,True,0,ML-Robust-MPC,749.7241434933376,506.4460759557587,497.1293884783144
1218.0,747.6775332725091,470.6198300087409,2,-0.29736328125,0.29736328125,0.0,0.0,0.0,0.1848714584032612,0.0,0.29736328125,False,0.004830730002140626,0,0,297,0,0.0,0.0,1,,,2,True,True,False,1243.758544921875,987.6775332725091,256.0810116493659,True,True,0,ML-Robust-MPC,747.6775332725091,508.20234325274606,499.9409301600418
1174.0,748.702800010261,460.47395780223906,2,-35.1767578125,35.1767578125,0.0,0.0,0.0,0.18522043417521059,0.0,35.1767578125,False,0.005111248996399809,0,0,298,0,0.0,0.0,1,,,2,True,True,False,1249.33544921875,988.702800010261,260.63264920848906,True,True,0,ML-Robust-MPC,748.702800010261,508.6641093954798,500.0
1172.0,745.4523584341462,439.97146969085384,2,-13.423828125,13.423828125,0.0,0.0,0.0,0.18535360707327606,0.0,13.423828125,False,0.004374069998448249,0,0,299,0,0.0,0.0,1,,,2,True,True,False,1236.417724609375,985.4523584341462,250.96536617522884,True,True,0,ML-Robust-MPC,745.4523584341462,507.0843531542464,500.0
1201.5,748.36132262203,453.13867737797,2,0.0,0.0,0.0,0.0,0.0,0.18535360707327606,0.0,0.0,False,0.004781272997206543,0,0,300,0,0.0,0.0,1,,,2,True,True,False,1242.4716796875,988.36132262203,254.11035706547,True,True,0,ML-Robust-MPC,748.36132262203,507.33309125834967,499.2993211707821
1205.0,744.9988965684308,480.0,2,-19.998896568430837,19.998896568430837,0.0,0.0,0.0,0.185552008824947,0.0,19.998896568430837,False,0.004252213999279775,0,0,301,0,0.0,0.0,1,,,2,True,True,False,1245.2823486328125,984.9988965684308,260.28345206438166,True,True,0,ML-Robust-MPC,744.9988965684308,507.4477240372796,498.6786019602836
1220.0,745.0200044280077,480.0,2,-5.020004428007724,5.020004428007724,0.0,0.0,0.0,0.1856018104561772,0.0,5.020004428007724,False,0.006552833998284768,0,0,302,0,0.0,0.0,1,,,2,True,True,False,1242.8062744140625,985.0200044280077,257.7862699860548,True,True,0,ML-Robust-MPC,745.0200044280077,506.2919125605191,498.1811641383053
1225.0,746.9204557309095,480.0,2,-1.9204557309094525,1.9204557309094525,0.0,0.0,0.0,0.18562086259636482,0.0,1.9204557309094525,False,0.004437520998180844,0,0,303,0,0.0,0.0,1,,,2,True,True,False,1237.510498046875,986.9204557309095,250.59004231596555,True,True,0,ML-Robust-MPC,746.9204557309095,505.1836902476951,498.0288729914464
1214.5,744.9142247510125,480.0,2,-10.414224751012512,10.414224751012512,0.0,0.0,0.0,0.18572417831810106,0.0,10.414224751012512,False,0.004201233001367655,0,0,304,0,0.0,0.0,1,,,2,True,True,False,1226.4830322265625,984.9142247510125,241.56880747555,True,True,0,ML-Robust-MPC,744.9142247510125,504.9827686728633,496.9976905551911
1210.0,739.7569961377161,470.2430038622839,2,0.0,0.0,0.0,0.0,0.0,0.18572417831810106,0.0,0.0,False,0.004125074003241025,0,0,305,0,0.0,0.0,1,,,2,True,True,False,1214.5,979.7569961377161,234.7430038622839,True,True,0,ML-Robust-MPC,739.7569961377161,504.6054860193113,494.5688207843109
1171.5,737.9234968739945,456.611781446318,2,-23.0352783203125,23.0352783203125,0.0,0.0,0.0,0.1859527029046121,0.0,23.0352783203125,False,0.004981127000064589,0,0,306,0,0.0,0.0,1,,,2,True,True,False,1210.0,977.9234968739945,232.0765031260055,True,True,0,ML-Robust-MPC,737.9234968739945,503.78772539593086,495.9624138724308
1118.0,739.2001061751051,424.20370241864487,2,-45.40380859375,45.40380859375,0.0,0.0,0.0,0.1864031375136771,0.0,45.40380859375,False,0.0049807329996838234,0,0,307,0,0.0,0.0,1,,,2,True,True,False,1197.5699462890625,979.2001061751051,218.36984011395737,True,True,0,ML-Robust-MPC,739.2001061751051,505.384240650148,497.1067458261311
1124.5,742.7380246367793,391.0474978241582,2,-9.2855224609375,9.2855224609375,0.0,0.0,0.0,0.18649525579205942,0.0,9.2855224609375,False,0.0044088099966757,0,0,308,0,0.0,0.0,1,,,2,True,True,False,1204.8448486328125,982.7380246367793,222.1068239960332,True,True,0,ML-Robust-MPC,742.7380246367793,505.6582667288046,496.6454260888845
1180.0,741.5142277428417,438.48577225715826,2,0.0,0.0,0.0,0.0,0.0,0.18649525579205942,0.0,0.0,False,0.004567900999973062,0,0,309,0,0.0,0.0,1,,,2,True,True,False,1249.048828125,981.5142277428417,267.53460038215826,True,True,0,ML-Robust-MPC,741.5142277428417,504.927444917748,496.8255321654166
1129.5,740.6453276621878,457.6359223378122,2,-68.78125,68.78125,0.0,0.0,0.0,0.18717760946269435,0.0,68.78125,False,0.004762368997035082,0,0,310,0,0.0,0.0,1,,,2,True,True,False,1269.5125732421875,980.6453276621878,288.8672455799997,True,True,0,ML-Robust-MPC,740.6453276621878,501.5826350828743,497.2112486444464
1189.5,739.1478818551795,451.14581931669545,2,-0.793701171875,0.793701171875,0.0,0.0,0.0,0.1871854834822566,0.0,0.793701171875,False,0.00520575899281539,0,0,311,0,0.0,0.0,1,,,2,True,True,False,1273.671630859375,979.1478818551795,294.52374900419545,True,True,0,ML-Robust-MPC,739.1478818551795,502.3263486237892,496.6885830806929
1210.0,740.8736404699368,473.45131070193816,2,-4.324951171875,4.324951171875,0.0,0.0,0.0,0.18722838974388234,0.0,4.324951171875,False,0.00434722699719714,0,0,312,0,0.0,0.0,1,,,2,True,True,False,1262.8201904296875,980.8736404699368,281.94654995975066,True,True,0,ML-Robust-MPC,740.8736404699368,502.31027059068606,495.8748422663716
1215.0,741.0794190297863,478.4745360483387,2,-4.553955078125,4.553955078125,0.0,0.0,0.0,0.18727356786965738,0.0,4.553955078125,False,0.005162784000276588,0,0,313,0,0.0,0.0,1,,,2,True,True,False,1265.3756103515625,981.0794190297863,284.2961913217762,True,True,0,ML-Robust-MPC,741.0794190297863,501.7417087774192,495.9418324110666
1189.5,743.8182826123139,470.07099961424865,2,-24.3892822265625,24.3892822265625,0.0,0.0,0.0,0.18751552503460342,0.0,24.3892822265625,False,0.004739538999274373,0,0,314,0,0.0,0.0,1,,,2,True,True,False,1263.078125,983.8182826123139,279.25984238768615,True,True,0,ML-Robust-MPC,743.8182826123139,499.6904546175296,494.0959352956618
1172.0,746.637999299655,444.5305798019075,2,-19.1685791015625,19.1685791015625,0.0,0.0,0.0,0.18770568950981734,0.0,19.1685791015625,False,0.004403200000524521,0,0,315,0,0.0,0.0,1,,,2,True,True,False,1263.941650390625,986.637999299655,277.30365109097,True,True,0,ML-Robust-MPC,746.637999299655,497.5936222398498,493.5963359604845
1182.0,743.1345480772053,438.8654519227947,2,0.0,0.0,0.0,0.0,0.0,0.18770568950981734,0.0,0.0,False,0.00468314499448752,0,0,316,0,0.0,0.0,1,,,2,True,True,False,1262.1923828125,983.1345480772053,279.0578347352947,True,True,0,ML-Robust-MPC,743.1345480772053,497.94205032306087,493.6189137322213
1151.0,745.3838356827191,445.8561545516559,2,-40.239990234375,40.239990234375,0.0,0.0,0.0,0.18810489576214248,0.0,40.239990234375,False,0.005012962996261194,0,0,317,0,0.0,0.0,1,,,2,True,True,False,1275.799560546875,985.3838356827191,290.4157248641559,True,True,0,ML-Robust-MPC,745.3838356827191,497.1201218241936,493.187935945996
1194.0,748.8363290643963,453.7500967168537,2,-8.58642578125,8.58642578125,0.0,0.0,0.0,0.1881900785575914,0.0,8.58642578125,False,0.004425245999300387,0,0,318,0,0.0,0.0,1,,,2,True,True,False,1264.00830078125,988.8363290643963,275.1719717168537,True,True,0,ML-Robust-MPC,748.8363290643963,497.4038591423145,493.053290305489
1228.5,745.4219658276913,480.0,2,3.078034172308662,0.0,3.078034172308662,0.0,0.0,0.18815624359548977,0.0,0.0,False,0.00416061300347792,0,0,319,0,0.0,0.0,1,,,2,True,True,False,1269.89404296875,985.4219658276913,284.47207714105866,True,True,0,ML-Robust-MPC,745.4219658276913,497.6301875216735,493.0325518678322
1262.5,742.1199757099027,480.0,2,40.38002429009725,0.0,40.38002429009725,0.0,0.0,0.18771237048848874,0.0,0.0,False,0.004864436996285804,0,0,320,0,0.0,0.0,1,,,2,True,True,False,1273.7991943359375,982.1199757099027,291.67921862603475,True,True,0,ML-Robust-MPC,742.1199757099027,499.7549943331574,494.32868077029593
1258.0,739.3158436725208,480.0,2,38.68415632747917,0.0,38.68415632747917,0.0,0.0,0.1872871390290564,0.0,0.0,False,0.00453910500073107,0,0,321,0,0.0,0.0,1,,,2,True,True,False,1282.35107421875,979.3158436725208,303.0352305462292,True,True,0,ML-Robust-MPC,739.3158436725208,499.8055889791432,495.7265867624829
1280.0,739.9651245751602,480.0,2,60.03487542483981,0.0,60.03487542483981,0.0,0.0,0.18662721206883962,0.0,0.0,False,0.004259100998751819,0,0,322,0,0.0,0.0,1,,,2,True,True,False,1267.7998046875,979.9651245751602,287.8346801123398,True,True,0,ML-Robust-MPC,739.9651245751602,497.69351724266994,494.5741302402001
1246.0,739.2066768990359,480.0,2,26.79332310096413,0.0,26.79332310096413,0.0,0.0,0.18633268932446811,0.0,0.0,False,0.00405626399879111,0,0,323,0,0.0,0.0,1,,,2,True,True,False,1280.0,979.2066768990359,300.79332310096413,True,True,0,ML-Robust-MPC,739.2066768990359,495.76067653548137,494.19378279973
1195.0,741.2331544478224,480.0,2,-26.233154447822358,26.233154447822358,0.0,0.0,0.0,0.1865929388725616,0.0,26.233154447822358,False,0.004842069000005722,0,0,324,0,0.0,0.0,1,,,2,True,True,False,1250.656494140625,981.2331544478224,269.42333969280264,True,True,0,ML-Robust-MPC,741.2331544478224,495.5682620483067,494.7815056233874
1188.5,741.218982230131,453.082043160494,2,-5.801025390625,5.801025390625,0.0,0.0,0.0,0.18665048872762732,0.0,5.801025390625,False,0.004929593000269961,0,0,325,0,0.0,0.0,1,,,2,True,True,False,1248.7127685546875,981.218982230131,267.4937863245565,True,True,0,ML-Robust-MPC,741.218982230131,497.1377983012161,494.0924569520445
1148.5,740.08331373884,455.78301926897245,2,-47.3663330078125,47.3663330078125,0.0,0.0,0.0,0.18712039282492704,0.0,47.3663330078125,False,0.004200238996418193,0,0,326,0,0.0,0.0,1,,,2,True,True,False,1248.0513916015625,980.08331373884,267.96807786272245,True,True,0,ML-Robust-MPC,740.08331373884,499.7989160299493,494.3072996799684
1211.0,739.5802197535801,471.4197802464199,2,0.0,0.0,0.0,0.0,0.0,0.18712039282492704,0.0,0.0,False,0.005767390000983141,0,0,327,0,0.0,0.0,1,,,2,True,True,False,1243.0084228515625,979.5802197535801,263.4282030979824,True,True,0,ML-Robust-MPC,739.5802197535801,500.4783906569439,493.7560831719594
1240.5,739.6186918557169,480.0,2,20.88130814428314,0.0,20.88130814428314,0.0,0.0,0.1868908572739412,0.0,0.0,False,0.004350101997260936,0,0,328,0,0.0,0.0,1,,,2,True,True,False,1250.6187744140625,979.6186918557169,271.00008255834564,True,True,0,ML-Robust-MPC,739.6186918557169,502.93688888333065,493.7946668133076
1277.5,738.0960577594198,480.0,2,59.40394224058025,0.0,59.40394224058025,0.0,0.0,0.18623786577940904,0.0,0.0,False,0.004364047003036831,0,0,329,0,0.0,0.0,1,,,2,True,True,False,1261.248779296875,978.0960577594198,283.15272153745525,True,True,0,ML-Robust-MPC,738.0960577594198,500.6223754024547,493.0144388642812
1246.5,739.8947688428059,480.0,2,26.605231157194112,0.0,26.605231157194112,0.0,0.0,0.18594541061565323,0.0,0.0,False,0.00497733399970457,0,0,330,0,0.0,0.0,1,,,2,True,True,False,1278.76220703125,979.8947688428059,298.8674381884441,True,True,0,ML-Robust-MPC,739.8947688428059,499.2962959770542,492.61861385009206
1248.0,738.9797832376007,480.0,2,29.020216762399286,0.0,29.020216762399286,0.0,0.0,0.18562640898039842,0.0,0.0,False,0.00502119300654158,0,0,331,0,0.0,0.0,1,,,2,True,True,False,1249.816650390625,978.9797832376007,270.8368671530243,True,True,0,ML-Robust-MPC,738.9797832376007,500.37058256128,491.4649371152552
1202.5,737.3904216520259,480.0,2,-14.890421652025907,14.890421652025907,0.0,0.0,0.0,0.1857741314174225,0.0,14.890421652025907,False,0.006025347996910568,0,0,332,0,0.0,0.0,1,,,2,True,True,False,1248.0,977.3904216520259,270.6095783479741,True,True,0,ML-Robust-MPC,737.3904216520259,498.09751430495606,491.8545948871284
1160.5,735.8015162151894,459.8561986285606,2,-35.15771484375,35.15771484375,0.0,0.0,0.0,0.1861229182710311,0.0,35.15771484375,False,0.005079468995973002,0,0,333,0,0.0,0.0,1,,,2,True,True,False,1219.4967041015625,975.8015162151894,243.6951878863731,True,True,0,ML-Robust-MPC,735.8015162151894,496.938252136982,491.8553875649216
1146.0,735.044523931503,427.779450677872,2,-16.823974609375,16.823974609375,0.0,0.0,0.0,0.18628982278104475,0.0,16.823974609375,False,0.005002240999601781,0,0,334,0,0.0,0.0,1,,,2,True,True,False,1217.646484375,975.044523931503,242.60196044349698,True,True,0,ML-Robust-MPC,735.044523931503,496.0971924348857,491.528928090075
1168.0,739.0672754679229,428.93272453207715,2,0.0,0.0,0.0,0.0,0.0,0.18628982278104475,0.0,0.0,False,0.0043518090024008416,0,0,335,0,0.0,0.0,1,,,2,True,True,False,1228.773681640625,979.0672754679229,249.70640617270215,True,True,0,ML-Robust-MPC,739.0672754679229,498.7427289535931,493.52698395191874
1189.5,740.255128316325,449.85204941805,2,-0.607177734375,0.607177734375,0.0,0.0,0.0,0.1862958463696794,0.0,0.607177734375,False,0.0043136120002600364,0,0,336,0,0.0,0.0,1,,,2,True,True,False,1223.84130859375,980.255128316325,243.586180277425,True,True,0,ML-Robust-MPC,740.255128316325,500.2699009473534,493.1521665819054
1179.0,737.9222168018828,480.0,2,-38.92221680188277,38.92221680188277,0.0,0.0,0.0,0.18668197947287268,0.0,38.92221680188277,False,0.004607869996107183,0,0,337,0,0.0,0.0,1,,,2,True,True,False,1235.3907470703125,977.9222168018828,257.46853026842973,True,True,0,ML-Robust-MPC,737.9222168018828,498.063365303182,492.4492871725906
1217.0,738.8927775032399,480.0,2,-1.8927775032399268,1.8927775032399268,0.0,0.0,0.0,0.18670075702746833,0.0,1.8927775032399268,False,0.004951877002895344,0,0,338,0,0.0,0.0,1,,,2,True,True,False,1222.839599609375,978.8927775032399,243.94682210613507,True,True,0,ML-Robust-MPC,738.8927775032399,496.4171337858445,491.7539026040642
1221.5,738.6680518970901,480.0,2,2.831948102909905,0.0,2.831948102909905,0.0,0.0,0.18666962714021829,0.0,0.0,False,0.0051747739998972975,0,0,339,0,0.0,0.0,1,,,2,True,True,False,1228.573486328125,978.6680518970901,249.9054344310349,True,True,0,ML-Robust-MPC,738.6680518970901,496.0529041554062,491.62897881650815
1218.5,741.6839328599738,480.0,2,-3.1839328599737655,3.1839328599737655,0.0,0.0,0.0,0.1867012137757339,0.0,3.1839328599737655,False,0.005131698999321088,0,0,340,0,0.0,0.0,1,,,2,True,True,False,1221.5,981.6839328599738,239.81606714002623,True,True,0,ML-Robust-MPC,741.6839328599738,493.95351976971256,491.324503105158
1204.0,745.8843900940518,461.3927095153232,2,-3.277099609375,3.277099609375,0.0,0.0,0.0,0.18673372468455707,0.0,3.277099609375,False,0.00436858299508458,0,0,341,0,0.0,0.0,1,,,2,True,True,False,1218.5,985.8843900940518,232.6156099059482,True,True,0,ML-Robust-MPC,745.8843900940518,492.3116028405804,489.8869220222222
1148.0,747.4693342234093,440.2651628469032,2,-39.7344970703125,39.7344970703125,0.0,0.0,0.0,0.18712791612374668,0.0,39.7344970703125,False,0.005099497000628617,0,0,342,0,0.0,0.0,1,,,2,True,True,False,1209.65283203125,987.4693342234093,222.1834978078407,True,True,0,ML-Robust-MPC,747.4693342234093,491.39803549829566,490.5886567264242
1125.5,748.0795975671397,399.3920821203603,2,-21.9716796875,21.9716796875,0.0,0.0,0.0,0.1873458891365195,0.0,21.9716796875,False,0.005601470998954028,0,0,343,0,0.0,0.0,1,,,2,True,True,False,1216.7789306640625,988.0795975671397,228.69933309692283,True,True,0,ML-Robust-MPC,748.0795975671397,490.5017879295705,491.5074866255426
1123.5,752.78898565913,389.58210809086995,2,-18.87109375,18.87109375,0.0,0.0,0.0,0.18753310236816634,0.0,18.87109375,False,0.004655918004573323,0,0,344,0,0.0,0.0,1,,,2,True,True,False,1216.72216796875,992.78898565913,223.93318230961995,True,True,0,ML-Robust-MPC,752.78898565913,489.49643104931846,491.5355233854946
1120.0,750.9807440444911,408.7680352523839,2,-39.748779296875,39.748779296875,0.0,0.0,0.0,0.18792743549611152,0.0,39.748779296875,False,0.005042167998908553,0,0,345,0,0.0,0.0,1,,,2,True,True,False,1243.443603515625,990.9807440444911,252.46285947113392,True,True,0,ML-Robust-MPC,750.9807440444911,488.3913561157472,491.4471378990005
1152.5,747.1561942800242,429.86175005591326,2,-24.5179443359375,24.5179443359375,0.0,0.0,0.0,0.1881706690708728,0.0,24.5179443359375,False,0.0045382739990600385,0,0,346,0,0.0,0.0,1,,,2,True,True,False,1256.468994140625,987.1561942800242,269.31279986060076,True,True,0,ML-Robust-MPC,747.1561942800242,487.4127116457768,489.5401228703301
1197.0,748.0930127402262,452.3344774941488,2,-3.427490234375,3.427490234375,0.0,0.0,0.0,0.18820467195018206,0.0,3.427490234375,False,0.004182331002084538,0,0,347,0,0.0,0.0,1,,,2,True,True,False,1256.8470458984375,988.0930127402262,268.7540331582113,True,True,0,ML-Robust-MPC,748.0930127402262,488.6243230814296,488.45524074125177
1188.5,747.5032902227556,473.8770808709944,2,-32.88037109375,32.88037109375,0.0,0.0,0.0,0.18853086610785816,0.0,32.88037109375,False,0.004733291003503837,0,0,348,0,0.0,0.0,1,,,2,True,True,False,1257.59033203125,987.5032902227556,270.0870418084944,True,True,0,ML-Robust-MPC,747.5032902227556,489.823358556536,488.9244355785286
1212.0,747.6206104553027,464.37938954469735,2,0.0,0.0,0.0,0.0,0.0,0.18853086610785816,0.0,0.0,False,0.006648240996582899,0,0,349,0,0.0,0.0,1,,,2,True,True,False,1254.861083984375,987.6206104553027,267.24047352907235,True,True,0,ML-Robust-MPC,747.6206104553027,490.13339590574464,491.4669337897878
1183.5,746.118839593169,461.456355719331,2,-24.0751953125,24.0751953125,0.0,0.0,0.0,0.18876970733119644,0.0,24.0751953125,False,0.005099698995763902,0,0,350,0,0.0,0.0,1,,,2,True,True,False,1254.841552734375,986.118839593169,268.722713141206,True,True,0,ML-Robust-MPC,746.118839593169,490.4015320359615,491.42214274209545
1166.5,749.6224739817225,430.62740394796504,2,-13.7498779296875,13.7498779296875,0.0,0.0,0.0,0.18890611485034017,0.0,13.7498779296875,False,0.004824716001166962,0,0,351,0,0.0,0.0,1,,,2,True,True,False,1258.335205078125,989.6224739817225,268.71273109640254,True,True,0,ML-Robust-MPC,749.6224739817225,489.6444358677943,491.5323844227161
1141.5,748.6648189532859,420.87729530452657,2,-28.0421142578125,28.0421142578125,0.0,0.0,0.0,0.18918431042829467,0.0,28.0421142578125,False,0.005970541998976842,0,0,352,0,0.0,0.0,1,,,2,True,True,False,1259.7646484375,988.6648189532859,271.09982948421407,True,True,0,ML-Robust-MPC,748.6648189532859,488.07893698853735,493.0162697619155
1132.5,750.9754774613581,421.1533067183294,2,-39.6287841796875,39.6287841796875,0.0,0.0,0.0,0.18957745312848998,0.0,39.6287841796875,False,0.004522823001025245,0,0,353,0,0.0,0.0,1,,,2,True,True,False,1262.235107421875,990.9754774613581,271.2596299605169,True,True,0,ML-Robust-MPC,750.9754774613581,488.6751192763482,493.22353184332974
1174.5,754.3218810066684,426.4957459464566,2,-6.317626953125,6.317626953125,0.0,0.0,0.0,0.1896401279990567,0.0,6.317626953125,False,0.005290280998451635,0,0,354,0,0.0,0.0,1,,,2,True,True,False,1250.4879150390625,994.3218810066684,256.1660340323941,True,True,0,ML-Robust-MPC,754.3218810066684,488.9752794838664,494.0927086065714
1214.5,754.5256355119883,467.8854973005117,2,-7.9111328125,7.9111328125,0.0,0.0,0.0,0.18971861145949817,0.0,7.9111328125,False,0.005566310006543063,0,0,355,0,0.0,0.0,1,,,2,True,True,False,1256.749267578125,994.5256355119883,262.2236320661367,True,True,0,ML-Robust-MPC,754.5256355119883,486.4595999071327,494.5179942493159
1219.0,756.6452592266215,480.0,2,-17.645259226621533,17.645259226621533,0.0,0.0,0.0,0.18989366363436544,0.0,17.645259226621533,False,0.004133245995035395,0,0,356,0,0.0,0.0,1,,,2,True,True,False,1262.218017578125,996.6452592266215,265.57275835150347,True,True,0,ML-Robust-MPC,756.6452592266215,486.4319413219706,495.527141205837
1257.5,754.523247223088,480.0,2,22.976752776912008,0.0,22.976752776912008,0.0,0.0,0.1896410941319151,0.0,0.0,False,0.004583672001899686,0,0,357,0,0.0,0.0,1,,,2,True,True,False,1254.701904296875,994.523247223088,260.178657073787,True,True,0,ML-Robust-MPC,754.523247223088,485.6106709543405,496.49086594887103
1260.0,755.1387190174607,480.0,2,24.861280982539256,0.0,24.861280982539256,0.0,0.0,0.18936780915431167,0.0,0.0,False,0.004428501000802498,0,0,358,0,0.0,0.0,1,,,2,True,True,False,1257.5,995.1387190174607,262.36128098253926,True,True,0,ML-Robust-MPC,755.1387190174607,488.8577531426732,494.85625572916
1225.5,753.9968374799732,480.0,2,-8.496837479973237,8.496837479973237,0.0,0.0,0.0,0.18945210317693045,0.0,8.496837479973237,False,0.004216256005747709,0,0,359,0,0.0,0.0,1,,,2,True,True,False,1260.0,993.9968374799732,266.00316252002676,True,True,0,ML-Robust-MPC,753.9968374799732,491.74305352477165,495.0583016220816
