load_kw,grid_kw,generator_kw,generator_units_on,storage_kw,charge_kw,discharge_kw,unserved_kw,spill_kw,soc,grid_headroom_storage_preservation_kw,grid_headroom_storage_charge_kw,v15_generator_first_guard_active,decision_seconds,generator_startup_units,generator_shutdown_units,step,risk_level,risk_reserve_kw,applied_risk_reserve_kw,forecast_scenario_count,cvar_alpha,cvar_weight,minimum_committed_generator_units,low_soc_commitment_guard_evaluated,low_soc_commitment_guard_triggered,low_soc_commitment_reachability_truncated,low_soc_commitment_forecast_peak_kw,low_soc_single_unit_firm_supply_kw,low_soc_commitment_deficit_kw,generator_before_storage,supervisory_protection_active,supervisory_safe_exit_counter,selected_controller,grid_available_capacity_kw,generator_available_capacity_kw,storage_available_power_kw
430.5,144.61384024269387,242.29869064450625,2,43.58746911279991,0.0,43.58746911279991,0.0,0.0,0.2103087444378225,0.0,0.0,False,0.0036599820014089346,0,0,0,0,0.0,0.0,1,,,2,True,True,False,453.0867004394531,384.61384024269387,68.47286019675926,True,True,0,ML-Robust-MPC,144.61384024269387,242.29869064450625,116.22676743093986
438.0,144.05873719961545,243.77421481998888,2,50.167047980395665,0.0,50.167047980395665,0.0,0.0,0.20975728851753497,0.0,0.0,False,0.013077691000944469,0,0,1,0,0.0,0.0,1,,,2,True,True,False,435.35369873046875,384.05873719961545,51.2949615308533,True,True,0,ML-Robust-MPC,144.05873719961545,243.77421481998888,109.46590701586304
380.5,142.0864944109035,244.66548790274427,2,-6.251982313647744,6.251982313647744,0.0,0.0,0.0,0.20981931215159894,0.0,6.251982313647744,False,0.003908136997779366,0,0,2,0,0.0,0.0,1,,,2,True,True,False,438.0,382.08649441090347,55.91350558909653,True,True,0,ML-Robust-MPC,142.0864944109035,244.66548790274427,113.73031939615856
422.0,143.93066420771794,244.8083700866422,2,33.26096570563985,0.0,33.26096570563985,0.0,0.0,0.20945369453622673,0.0,0.0,False,0.006075452001823578,0,0,3,0,0.0,0.0,1,,,2,True,True,False,413.0498046875,383.93066420771794,29.11914047978206,True,True,0,ML-Robust-MPC,143.93066420771794,244.8083700866422,116.08719306927296
371.0,145.36031084575205,244.86232382571703,2,-19.22263467146908,19.22263467146908,0.0,0.0,0.0,0.20964439527701512,0.0,19.22263467146908,False,0.008450875000562519,0,0,4,0,0.0,0.0,1,,,2,True,True,False,433.1541442871094,385.36031084575205,47.79383344135732,True,True,0,ML-Robust-MPC,145.36031084575205,244.86232382571703,111.51204833021778
394.5,145.37146928760032,243.1999001693825,2,5.928630543017221,0.0,5.928630543017221,0.0,0.0,0.20957922543857013,0.0,0.0,False,0.006154987000627443,0,0,5,0,0.0,0.0,1,,,2,True,True,False,424.4208984375,385.37146928760035,39.04942914989965,True,True,0,ML-Robust-MPC,145.37146928760032,243.1999001693825,110.26675847810723
366.5,145.6993328570597,243.92489362015417,2,-23.124226477213824,23.124226477213824,0.0,0.0,0.0,0.20980863244727266,0.0,23.124226477213824,False,0.0038905170003999956,0,0,6,0,0.0,0.0,1,,,2,True,True,False,438.30316162109375,385.6993328570597,52.60382876403406,True,True,0,ML-Robust-MPC,145.6993328570597,243.92489362015417,120.34146549223505
404.0,145.91602821809664,241.41939680331805,2,16.664574978585307,0.0,16.664574978585307,0.0,0.0,0.20962544888553294,0.0,0.0,False,0.0043833870004164055,0,0,7,0,0.0,0.0,1,,,2,True,True,False,439.8490295410156,385.91602821809664,53.93300132291898,True,True,0,ML-Robust-MPC,145.91602821809664,241.41939680331805,129.50410898763312
379.5,150.6643286110115,242.3226336625572,2,-13.486962273568707,13.486962273568707,0.0,0.0,0.0,0.20975924811443739,0.0,13.486962273568707,False,0.004491173000133131,0,0,8,0,0.0,0.0,1,,,2,True,True,False,454.3214111328125,390.6643286110115,63.65708252180099,True,True,0,ML-Robust-MPC,150.6643286110115,242.3226336625572,130.87031316001244
403.0,152.64861055400758,242.25898781108063,2,8.092401634911795,0.0,8.092401634911795,0.0,0.0,0.20967029325321732,0.0,0.0,False,0.004132825000851881,0,0,9,0,0.0,0.0,1,,,2,True,True,False,466.1763610839844,392.6486105540076,73.5277505299768,True,True,0,ML-Robust-MPC,152.64861055400758,242.25898781108063,130.00869758965203
379.5,151.76721607123585,244.1360860295584,2,-16.403302100794235,16.403302100794235,0.0,0.0,0.0,0.2098330244248522,0.0,16.403302100794235,False,0.006616066995775327,0,0,10,0,0.0,0.0,1,,,2,True,True,False,487.1059265136719,391.76721607123585,95.33871044243602,True,True,0,ML-Robust-MPC,151.76721607123585,244.1360860295584,129.6854877313911
379.0,157.3892952306254,241.55546795296834,2,-19.94476318359375,19.94476318359375,0.0,0.0,0.0,0.21003088913897514,0.0,19.94476318359375,False,0.009779252999578603,0,0,11,0,0.0,0.0,1,,,2,True,True,False,508.2754211425781,397.3892952306254,110.88612591195272,True,True,0,ML-Robust-MPC,157.3892952306254,243.6107558288723,127.23246971600248
381.0,160.5794927679314,243.88544248713703,2,-23.46493525506844,23.46493525506844,0.0,0.0,0.0,0.210263676195077,0.0,21.100433349609375,False,0.008067280003160704,0,0,12,0,0.0,0.0,1,,,2,True,True,False,513.7858276367188,400.5794927679314,113.20633486878734,True,True,0,ML-Robust-MPC,160.5794927679314,243.88544248713703,126.13511108847484
405.0,161.20066980491958,245.79424358316663,2,-1.9949133880862178,1.9949133880862178,0.0,0.0,0.0,0.21028346700249848,0.0,0.0,False,0.0064252779993694276,0,0,13,0,0.0,0.0,1,,,2,True,True,False,519.4757080078125,401.2006698049196,118.27503820289292,True,True,0,ML-Robust-MPC,161.20066980491958,245.79424358316663,115.7992012026709
421.5,159.67894599688526,245.9666599830772,2,15.854394020037546,0.0,15.854394020037546,0.0,0.0,0.21010918926847,0.0,0.0,False,0.008244910997746047,0,0,14,0,0.0,0.0,1,,,2,True,True,False,550.2952270507812,399.67894599688526,150.616281053896,True,True,0,ML-Robust-MPC,159.67894599688526,245.9666599830772,118.0832392894982
409.5,157.40663702965546,244.9788685603748,2,7.1144944099697796,0.0,7.1144944099697796,0.0,0.0,0.21003098394804207,0.0,0.0,False,0.008107405999908224,0,0,15,0,0.0,0.0,1,,,2,True,True,False,559.79052734375,397.4066370296555,162.38389031409451,True,True,0,ML-Robust-MPC,157.40663702965546,244.9788685603748,116.94883323544109
390.0,155.32080615717496,248.1046418267967,2,-13.425447983971651,13.425447983971651,0.0,0.0,0.0,0.210164172916137,0.0,13.425447983971651,False,0.007815700002538506,0,0,16,0,0.0,0.0,1,,,2,True,True,False,587.5845336914062,395.32080615717496,192.2637275342313,True,True,0,ML-Robust-MPC,155.32080615717496,248.1046418267967,110.40500371006944
413.0,153.9607620027676,249.7671195252128,2,9.2721184720196,0.0,9.2721184720196,0.0,0.0,0.21006225014350347,0.0,0.0,False,0.00837224000133574,0,0,17,0,0.0,0.0,1,,,2,True,True,False,645.903564453125,393.96076200276764,251.94280245035736,True,True,0,ML-Robust-MPC,153.9607620027676,249.7671195252128,98.17604417509403
452.5,151.32265189579027,249.0681706115309,2,52.10917749267884,0.0,52.10917749267884,0.0,0.0,0.2094894455718476,0.0,0.0,False,0.007984910000232048,0,0,18,0,0.0,0.0,1,,,2,True,True,False,659.5870971679688,391.3226518957903,268.2644452721785,True,True,0,ML-Robust-MPC,151.32265189579027,249.0681706115309,99.08751128128876
443.0,149.36567882034169,247.65581274111327,2,45.97850843854508,0.0,45.97850843854508,0.0,0.0,0.20898403172540533,0.0,0.0,False,0.0063414439937332645,0,0,19,0,0.0,0.0,1,,,2,True,True,False,686.76416015625,389.3656788203417,297.3984813359083,True,True,0,ML-Robust-MPC,149.36567882034169,247.65581274111327,95.45990900992705
454.5,149.5057479490022,247.86068775218163,2,57.13356429881617,0.0,57.13356429881617,0.0,0.0,0.20835599711806663,0.0,0.0,False,0.0073456219979561865,0,0,20,0,0.0,0.0,1,,,2,True,True,False,752.5638427734375,389.50574794900217,363.05809482443533,True,True,0,ML-Robust-MPC,149.5057479490022,247.86068775218163,100.1698320073282
477.0,151.01178016144272,248.1372263178116,2,77.85099352074565,0.0,77.85099352074565,0.0,0.0,0.20750022838130427,0.0,0.0,False,0.005544725994695909,0,0,21,0,0.0,0.0,1,,,2,True,True,False,745.9186401367188,391.01178016144274,354.906859975276,True,True,0,ML-Robust-MPC,151.01178016144272,248.1372263178116,98.63217569620772
486.5,154.5890956560194,249.933127598732,2,81.9777767452486,0.0,81.9777767452486,0.0,0.0,0.20659909642042346,0.0,0.0,False,0.007840659003704786,0,0,22,0,0.0,0.0,1,,,2,True,True,False,805.072509765625,394.58909565601937,410.48341410960563,True,True,0,ML-Robust-MPC,154.5890956560194,249.933127598732,105.75291990407952
504.0,152.22411967999184,251.10857116685247,2,100.66730915315566,0.0,100.66730915315566,0.0,0.0,0.20549252176939725,0.0,0.0,False,0.007766962997266091,0,0,23,0,0.0,0.0,1,,,2,True,True,False,840.2171020507812,392.2241196799919,447.9929823707894,True,True,0,ML-Robust-MPC,152.22411967999184,251.10857116685247,104.43879692859508
514.5,155.68059733187175,251.7298969834005,2,101.85545654471927,0.0,101.85545654471927,5.2340491400085085,0.0,0.20437288653498756,0.0,0.0,False,0.007810946000972763,0,0,24,0,0.0,0.0,1,,,2,True,True,False,891.55615234375,395.68059733187175,495.87555501187825,True,True,0,ML-Robust-MPC,155.68059733187175,251.7298969834005,101.85545654471927
545.0,159.72319400180112,249.96124999290544,2,99.25001799923628,0.0,99.25001799923628,36.06553800605717,0.0,0.20328189130569463,0.0,0.0,False,0.007732022000709549,0,0,25,0,0.0,0.0,1,,,2,True,True,False,958.1937255859375,399.7231940018011,558.4705315841363,True,True,0,ML-Robust-MPC,159.72319400180112,249.96124999290544,99.25001799923628
544.5,159.99055457338778,248.62968573367743,2,96.0752416435028,0.0,96.0752416435028,39.80451804943198,0.0,0.20222579446662872,0.0,0.0,False,0.00785190200258512,0,0,26,0,0.0,0.0,1,,,2,True,True,False,1020.279541015625,399.9905545733878,620.2889864422373,True,True,0,ML-Robust-MPC,159.99055457338778,248.62968573367743,96.0752416435028
584.5,159.8049864226061,249.13266661161617,2,96.25651124808633,0.0,96.25651124808633,79.30583571769137,0.0,0.20116770504078246,0.0,0.0,False,0.007770540003548376,0,0,27,0,0.0,0.0,1,,,2,True,True,False,1070.19580078125,399.80498642260613,670.3908143586439,True,True,0,ML-Robust-MPC,159.8049864226061,249.13266661161617,96.25651124808633
580.5,157.9111152259739,250.0786026030173,2,93.5450721036796,0.0,93.5450721036796,78.96521006732924,0.0,0.20013942082032254,0.0,0.0,False,0.007670607999898493,0,0,28,0,0.0,0.0,1,,,2,True,True,False,1133.5067138671875,397.9111152259739,735.5955986412137,True,True,0,ML-Robust-MPC,157.9111152259739,250.0786026030173,93.5450721036796
629.0,155.49495138890865,251.3943921665873,2,86.97524303763754,0.0,86.97524303763754,135.13541340686652,0.0,0.19918335474463292,0.0,0.0,False,0.007773440003802534,0,0,29,0,0.0,0.0,1,,,2,True,True,False,1155.76708984375,395.49495138890865,760.2721384548413,True,True,0,ML-Robust-MPC,155.49495138890865,251.3943921665873,86.97524303763754
667.5,153.64649869911983,251.67288410656244,2,95.73263133026684,0.0,95.73263133026684,166.4479858640509,0.0,0.19813102401286636,0.0,0.0,False,0.00775222900119843,0,0,30,0,0.0,0.0,1,,,2,True,True,False,1212.9736328125,393.64649869911983,819.3271341133802,True,True,0,ML-Robust-MPC,153.64649869911983,251.67288410656244,95.73263133026684
705.5,155.4483338984016,251.56382614203744,2,98.53034435523286,0.0,98.53034435523286,199.95749560432813,0.0,0.19704793971928997,0.0,0.0,False,0.007705174000875559,0,0,31,0,0.0,0.0,1,,,2,True,True,False,1226.34765625,395.4483338984016,830.8993223515984,True,True,0,ML-Robust-MPC,155.4483338984016,251.56382614203744,98.53034435523286
766.5,154.49734430280785,251.0912504951988,2,103.6956027377515,0.0,103.6956027377515,257.21580246424185,0.0,0.19590807687426345,0.0,0.0,False,0.00765557300474029,0,0,32,0,0.0,0.0,1,,,2,True,True,False,1228.904052734375,394.49734430280785,834.4067084315672,True,True,0,ML-Robust-MPC,154.49734430280785,251.0912504951988,103.6956027377515
811.0,157.64537334515762,251.34860084287445,2,100.69042040164048,0.0,100.69042040164048,301.3156054103274,0.0,0.1948012481753051,0.0,0.0,False,0.007874967996031046,0,0,33,0,0.0,0.0,1,,,2,True,True,False,1246.132080078125,397.6453733451576,848.4867067329674,True,True,0,ML-Robust-MPC,157.64537334515762,251.34860084287445,100.69042040164048
834.5,157.6693076579721,250.76776490487595,2,99.55396240773374,0.0,99.55396240773374,326.5089650294183,0.0,0.1937069118695436,0.0,0.0,False,0.007693382998695597,0,0,34,0,0.0,0.0,1,,,2,True,True,False,1261.521484375,397.6693076579721,863.8521767170279,True,True,0,ML-Robust-MPC,157.6693076579721,250.76776490487595,99.55396240773374
910.0,158.0678804029394,249.7199686373781,2,91.14107917942437,0.0,91.14107917942437,411.07107178025814,0.0,0.19270505328471066,0.0,0.0,False,0.007907218001491856,0,0,35,0,0.0,0.0,1,,,2,True,True,False,1244.590087890625,398.0678804029394,846.5222074876856,True,True,0,ML-Robust-MPC,158.0678804029394,249.7199686373781,91.14107917942437
940.0,157.4493921526317,248.5387976439025,2,90.59156724503164,0.0,90.59156724503164,443.42024295843413,0.0,0.19170923515116373,0.0,0.0,False,0.007631961998413317,0,0,36,0,0.0,0.0,1,,,2,True,True,False,1262.7197265625,397.44939215263173,865.2703344098683,True,True,0,ML-Robust-MPC,157.4493921526317,248.5387976439025,90.59156724503164
989.5,158.7125217513084,251.05651622458907,2,94.41147113898964,0.0,94.41147113898964,485.3194908851128,0.0,0.19067142713178425,0.0,0.0,False,0.0077789809947717,0,0,37,0,0.0,0.0,1,,,2,True,True,False,1239.1998291015625,398.7125217513084,840.4873073502541,True,True,0,ML-Robust-MPC,158.7125217513084,251.05651622458907,94.41147113898964
1054.0,158.0263687611361,250.0125401904777,2,92.34321416371156,0.0,92.34321416371156,553.6178768846746,0.0,0.18965635420644775,0.0,0.0,False,0.007659469003556296,0,0,38,0,0.0,0.0,1,,,2,True,True,False,1229.8291015625,398.0263687611361,831.8027328013638,True,True,0,ML-Robust-MPC,158.0263687611361,250.0125401904777,92.34321416371156
1131.0,155.99109110367925,247.9912900306705,2,95.95668555656646,0.0,95.95668555656646,631.0609333090838,0.0,0.1886015605825133,0.0,0.0,False,0.007748670999717433,0,0,39,0,0.0,0.0,1,,,2,True,True,False,1254.5018310546875,395.99109110367925,858.5107399510082,True,True,0,ML-Robust-MPC,155.99109110367925,247.9912900306705,95.95668555656646
1190.5,157.83857430157337,247.7080775358777,2,84.7041519127326,0.0,84.7041519127326,700.2491962498164,0.0,0.18767045923360667,0.0,0.0,False,0.007490930998756085,0,0,40,0,0.0,0.0,1,,,2,True,True,False,1235.5299072265625,397.8385743015734,837.6913329249892,True,True,0,ML-Robust-MPC,157.83857430157337,247.7080775358777,84.7041519127326
1248.0,155.55199755068176,249.00550154092065,2,88.95658280971118,0.0,88.95658280971118,754.4859180986864,0.0,0.18669261349195307,0.0,0.0,False,0.007634615998540539,0,0,41,0,0.0,0.0,1,,,2,True,True,False,1249.4676513671875,395.5519975506818,853.9156538165057,True,True,0,ML-Robust-MPC,155.55199755068176,249.00550154092065,88.95658280971118
1254.5,155.16272619666404,249.431637953886,2,96.4599658040924,0.0,96.4599658040924,753.4456700453575,0.0,0.18563228761361586,0.0,0.0,False,0.007783562003169209,0,0,42,0,0.0,0.0,1,,,2,True,True,False,1249.3203125,395.16272619666404,854.157586303336,True,True,0,ML-Robust-MPC,155.16272619666404,249.431637953886,96.4599658040924
1244.0,155.4451372239348,249.181456515774,2,95.6120654777744,0.0,95.6120654777744,743.7613407825168,0.0,0.1845812821891141,0.0,0.0,False,0.007684152995352633,0,0,43,0,0.0,0.0,1,,,2,True,True,False,1254.5,395.4451372239348,859.0548627760652,True,True,0,ML-Robust-MPC,155.4451372239348,249.181456515774,95.6120654777744
1163.0,156.71237988112568,248.98583324012847,2,94.09620649226662,0.0,94.09620649226662,663.2055803864791,0.0,0.1835469396827136,0.0,0.0,False,0.007831497998267878,0,0,44,0,0.0,0.0,1,,,2,True,True,False,1244.0,396.7123798811257,847.2876201188743,True,True,0,ML-Robust-MPC,156.71237988112568,248.98583324012847,94.09620649226662
1072.0,157.53720993173744,248.13616627637023,2,88.76960159613135,0.0,88.76960159613135,577.557022195761,0.0,0.18257114931209262,0.0,0.0,False,0.007973678002599627,0,0,45,0,0.0,0.0,1,,,2,True,True,False,1163.0,397.53720993173744,765.4627900682626,True,True,0,ML-Robust-MPC,157.53720993173744,248.13616627637023,88.76960159613135
1024.0,156.93095074720273,250.2760672987972,2,94.15877727044466,0.0,94.15877727044466,522.6342046835555,0.0,0.18153611900309155,0.0,0.0,False,0.007801419000315946,0,0,46,0,0.0,0.0,1,,,2,True,True,False,1072.0,396.9309507472027,675.0690492527973,True,True,0,ML-Robust-MPC,156.93095074720273,250.2760672987972,94.15877727044466
928.0,155.1701801992673,249.78216260681583,2,91.68612339268844,0.0,91.68612339268844,431.3615338012284,0.0,0.1805282690779202,0.0,0.0,False,0.007923035002022516,0,0,47,0,0.0,0.0,1,,,2,True,True,False,1024.0,395.1701801992673,628.8298198007327,True,True,0,ML-Robust-MPC,155.1701801992673,249.78216260681583,91.68612339268844
898.0,157.58847244132485,248.5154148743345,2,91.53138768897315,0.0,91.53138768897315,400.3647249953675,0.0,0.17952212006845603,0.0,0.0,False,0.008110267997835763,0,0,48,0,0.0,0.0,1,,,2,True,True,False,928.0,397.5884724413248,530.4115275586752,True,True,0,ML-Robust-MPC,157.58847244132485,248.5154148743345,91.53138768897315
828.0,159.65087213754165,247.817497589332,2,92.91446441342244,0.0,92.91446441342244,327.6171658597039,0.0,0.17850076773572263,0.0,0.0,False,0.0073875100060831755,0,0,49,0,0.0,0.0,1,,,2,True,True,False,898.0,399.6508721375417,498.3491278624583,True,True,0,ML-Robust-MPC,159.65087213754165,247.817497589332,92.91446441342244
792.0,159.14793509291766,249.8188035329572,2,87.30344600283411,0.0,87.30344600283411,295.729815371291,0.0,0.1775410939239692,0.0,0.0,False,0.007830230999388732,0,0,50,0,0.0,0.0,1,,,2,True,True,False,828.34326171875,399.1479350929177,429.1953266258323,True,True,0,ML-Robust-MPC,159.14793509291766,249.8188035329572,87.30344600283411
717.5,155.30081955804175,249.20206270980097,2,89.47100380075155,0.0,89.47100380075155,223.52611393140575,0.0,0.17655759346447888,0.0,0.0,False,0.007796489000611473,0,0,51,0,0.0,0.0,1,,,2,True,True,False,792.0,395.3008195580418,396.6991804419582,True,True,0,ML-Robust-MPC,155.30081955804175,249.20206270980097,89.47100380075155
709.0,160.37373995389714,247.69433385987588,2,89.99963952770396,0.0,89.99963952770396,210.93228665852303,0.0,0.1755682820331846,0.0,0.0,False,0.007638087001396343,0,0,52,0,0.0,0.0,1,,,2,True,True,False,733.871826171875,400.37373995389714,333.49808621797786,True,True,0,ML-Robust-MPC,160.37373995389714,247.69433385987588,89.99963952770396
607.0,160.24728538007676,245.1085499830213,2,86.36623069087007,0.0,86.36623069087007,115.27793394603184,0.0,0.17461891046071318,0.0,0.0,False,0.004879936997895129,0,0,53,0,0.0,0.0,1,,,2,True,True,False,709.0,400.24728538007673,308.75271461992327,True,True,0,ML-Robust-MPC,160.24728538007676,245.1085499830213,86.36623069087007
642.5,165.47219471791718,244.7469285260632,2,80.50411168261053,0.0,80.50411168261053,151.77676507340914,0.0,0.1737339776057401,0.0,0.0,False,0.004852982005104423,0,0,54,0,0.0,0.0,1,,,2,True,True,False,638.9398193359375,405.4721947179172,233.4676246180203,True,True,0,ML-Robust-MPC,165.47219471791718,244.7469285260632,80.50411168261053
566.5,165.84250002756608,245.5384349877487,2,73.0039208303179,0.0,73.0039208303179,82.11514415436733,0.0,0.17293148979816944,0.0,0.0,False,0.008182782999938354,0,0,55,0,0.0,0.0,1,,,2,True,True,False,642.5,405.8425000275661,236.65749997243392,True,True,0,ML-Robust-MPC,165.84250002756608,245.5384349877487,73.0039208303179
543.5,168.49889613639925,248.6876367957868,2,83.47362839446501,0.0,83.47362839446501,42.839838673348936,0.0,0.17201391484769604,0.0,0.0,False,0.007715983003436122,0,0,56,0,0.0,0.0,1,,,2,True,True,False,576.5376586914062,408.49889613639925,168.038762555007,True,True,0,ML-Robust-MPC,168.49889613639925,248.6876367957868,83.47362839446501
565.0,165.31519867372296,248.48673634655745,2,88.88405627173469,0.0,88.88405627173469,62.31400870798484,0.0,0.17103686634626994,0.0,0.0,False,0.006890867996844463,0,0,57,0,0.0,0.0,1,,,2,True,True,False,549.4949951171875,405.315198673723,144.1797964434645,True,True,0,ML-Robust-MPC,165.31519867372296,248.48673634655745,88.88405627173469
535.5,163.32487255034445,248.9698818880522,2,96.43125593092309,0.0,96.43125593092309,26.77398963068022,0.0,0.16997685605814916,0.0,0.0,False,0.007615747999807354,0,0,58,0,0.0,0.0,1,,,2,True,True,False,565.0,403.3248725503445,161.67512744965552,True,True,0,ML-Robust-MPC,163.32487255034445,248.9698818880522,96.43125593092309
527.0,162.83226751603326,249.66198129835536,2,96.53101418479108,0.0,96.53101418479108,17.97473700082037,0.0,0.16891574918807056,0.0,0.0,False,0.007838436002202798,0,0,59,0,0.0,0.0,1,,,2,True,True,False,535.5,402.83226751603326,132.66773248396674,True,True,0,ML-Robust-MPC,162.83226751603326,249.66198129835536,96.53101418479108
482.5,160.34807333687317,249.88087018253867,2,72.27105648058819,0.0,72.27105648058819,0.0,0.0,0.1681213173136412,0.0,0.0,False,0.00698953699611593,0,0,60,0,0.0,0.0,1,,,2,True,True,False,527.0,400.3480733368732,126.6519266631268,True,True,0,ML-Robust-MPC,160.34807333687317,249.88087018253867,95.94396733722772
511.0,159.98100909264966,248.96360272417937,2,90.13915816191492,0.0,90.13915816191492,11.916230021256055,0.0,0.16713047223865202,0.0,0.0,False,0.008769136999035254,0,0,61,0,0.0,0.0,1,,,2,True,True,False,498.1853332519531,399.98100909264963,98.2043241593035,True,True,0,ML-Robust-MPC,159.98100909264966,248.96360272417937,90.13915816191492
481.5,159.08393964358854,251.0926935110382,2,71.32336684537324,0.0,71.32336684537324,0.0,0.0,0.166346457741385,0.0,0.0,False,0.009094441003981046,0,0,62,0,0.0,0.0,1,,,2,True,True,False,511.0,399.08393964358856,111.91606035641144,True,True,0,ML-Robust-MPC,159.08393964358854,251.0926935110382,103.62486666387738
444.5,155.660904555817,248.3885316523601,2,40.4505637918229,0.0,40.4505637918229,0.0,0.0,0.16590180923644038,0.0,0.0,False,0.007851389003917575,0,0,63,0,0.0,0.0,1,,,2,True,True,False,481.5,395.660904555817,85.83909544418299,True,True,0,ML-Robust-MPC,155.660904555817,248.3885316523601,98.50906470796794
434.5,159.57365212812672,247.067130651238,2,27.859217220635315,0.0,27.859217220635315,0.0,0.0,0.1655955697647278,0.0,0.0,False,0.005036927999753971,0,0,64,0,0.0,0.0,1,,,2,True,True,False,455.89703369140625,399.5736521281267,56.323381563279554,True,True,0,ML-Robust-MPC,159.57365212812672,247.067130651238,93.87784967680956
424.5,162.22503862625683,246.94009821827595,2,15.334863155467218,0.0,15.334863155467218,0.0,0.0,0.16542700291827542,0.0,0.0,False,0.00512256699585123,0,0,65,0,0.0,0.0,1,,,2,True,True,False,451.48236083984375,402.22503862625683,49.25732221358692,True,True,0,ML-Robust-MPC,162.22503862625683,246.94009821827595,92.6035804884172
432.5,162.75858417923038,247.7481467244697,2,21.993269096299883,0.0,21.993269096299883,0.0,0.0,0.16518524425521097,0.0,0.0,False,0.005159282998647541,0,0,66,0,0.0,0.0,1,,,2,True,True,False,438.4651794433594,402.7585841792304,35.706595264128964,True,True,0,ML-Robust-MPC,162.75858417923038,247.7481467244697,92.13998391346132
413.5,159.7263024278441,247.9655954315037,2,5.808102140652181,0.0,5.808102140652181,0.0,0.0,0.16512139931236425,0.0,0.0,False,0.004242089999024756,0,0,67,0,0.0,0.0,1,,,2,True,True,False,441.5047607421875,399.7263024278441,41.778458314343425,True,True,0,ML-Robust-MPC,159.7263024278441,247.9655954315037,93.01547552324804
415.0,157.95633743295417,246.728097480413,2,10.31556508663283,0.0,10.31556508663283,0.0,0.0,0.165008006564193,0.0,0.0,False,0.004404917999636382,0,0,68,0,0.0,0.0,1,,,2,True,True,False,435.2787780761719,397.9563374329542,37.3224406432177,True,True,0,ML-Robust-MPC,157.95633743295417,246.728097480413,88.8257949118336
436.5,156.79129091337091,244.81742419767505,2,34.89128488895403,0.0,34.89128488895403,0.0,0.0,0.1646244678392122,0.0,0.0,False,0.004379905003588647,0,0,69,0,0.0,0.0,1,,,2,True,True,False,428.33544921875,396.7912909133709,31.544158305379085,True,True,0,ML-Robust-MPC,156.79129091337091,244.81742419767505,93.69473463453762
461.5,157.98942053869135,247.3001521196136,2,56.210427341695066,0.0,56.210427341695066,0.0,0.0,0.16400658071634258,0.0,0.0,False,0.004673636001825798,0,0,70,0,0.0,0.0,1,,,2,True,True,False,450.0601501464844,397.9894205386913,52.070729607793055,True,True,0,ML-Robust-MPC,157.98942053869135,247.3001521196136,99.81142339918036
421.0,157.25063661445435,247.5162452276525,2,16.23311815789316,0.0,16.23311815789316,0.0,0.0,0.1638281398976523,0.0,0.0,False,0.007453580998117104,0,0,71,0,0.0,0.0,1,,,2,True,True,False,464.1269836425781,397.2506366144544,66.87634702812375,True,True,0,ML-Robust-MPC,157.25063661445435,247.5162452276525,107.45756959039711
437.0,155.69277329604023,247.8698466171639,2,33.43738008679588,0.0,33.43738008679588,0.0,0.0,0.16346058306602504,0.0,0.0,False,0.005060452996985987,0,0,72,0,0.0,0.0,1,,,2,True,True,False,469.9662170410156,395.69277329604023,74.2734437449754,True,True,0,ML-Robust-MPC,155.69277329604023,247.8698466171639,114.81108383324889
436.0,158.06103802556217,248.2068367492316,2,29.732125225206204,0.0,29.732125225206204,0.0,0.0,0.1631337558529792,0.0,0.0,False,0.008950474999437574,0,0,73,0,0.0,0.0,1,,,2,True,True,False,480.3506774902344,398.0610380255622,82.28963946467218,True,True,0,ML-Robust-MPC,158.06103802556217,248.2068367492316,111.10899809538718
389.0,158.21707297217333,247.37807176815247,2,-16.595144740325793,16.595144740325793,0.0,0.0,0.0,0.16329839022540307,0.0,16.595144740325793,False,0.007997744003660046,0,0,74,0,0.0,0.0,1,,,2,True,True,False,509.0970153808594,398.21707297217336,110.87994240868602,True,True,0,ML-Robust-MPC,158.21707297217333,247.37807176815247,111.00688851768258
438.0,159.25287292961372,247.8954448038249,2,30.851682266561397,0.0,30.851682266561397,0.0,0.0,0.16295925640107733,0.0,0.0,False,0.01041236899618525,0,0,75,0,0.0,0.0,1,,,2,True,True,False,505.4248046875,399.2528729296137,106.17193175788628,True,True,0,ML-Robust-MPC,159.25287292961372,247.8954448038249,111.32078754995489
409.0,162.72152309743947,246.71665063072905,2,-0.43817372816852185,0.43817372816852185,0.0,0.0,0.0,0.1629636033626663,0.0,0.43817372816852185,False,0.007924544996058103,0,0,76,0,0.0,0.0,1,,,2,True,True,False,542.3897094726562,402.72152309743944,139.6681863752168,True,True,0,ML-Robust-MPC,162.72152309743947,246.71665063072905,116.08975831629706
413.0,163.2182449309828,246.22582466047464,2,3.555930408542565,0.0,3.555930408542565,0.0,0.0,0.16292451517719667,0.0,0.0,False,0.006473722998634912,0,0,77,0,0.0,0.0,1,,,2,True,True,False,543.3018798828125,403.2182449309828,140.0836349518297,True,True,0,ML-Robust-MPC,163.2182449309828,246.22582466047464,120.19356698531324
420.5,165.2849115954486,245.9285562560532,2,9.286532148498168,0.0,9.286532148498168,0.0,0.0,0.1628224339637629,0.0,0.0,False,0.006971502996748313,0,0,78,0,0.0,0.0,1,,,2,True,True,False,575.5874633789062,405.2849115954486,170.30255178345766,True,True,0,ML-Robust-MPC,165.2849115954486,245.9285562560532,111.46520862478852
401.5,167.49419103866228,246.8789542206482,2,-12.87314525931049,12.87314525931049,0.0,0.0,0.0,0.1629501437381608,0.0,12.87314525931049,False,0.007198290993983392,0,0,79,0,0.0,0.0,1,,,2,True,True,False,631.2651977539062,407.4941910386623,223.77100671524397,True,True,0,ML-Robust-MPC,167.49419103866228,246.8789542206482,111.03925576540996
424.0,165.51617809294322,246.16186125750343,2,12.321960649553375,0.0,12.321960649553375,0.0,0.0,0.1628146959009191,0.0,0.0,False,0.006438559001253452,0,0,80,0,0.0,0.0,1,,,2,True,True,False,656.6929321289062,405.5161780929432,251.17675403596303,True,True,0,ML-Robust-MPC,165.51617809294322,246.16186125750343,120.8398426751401
421.5,169.0100254782202,245.83340428223084,2,6.656570239548955,0.0,6.656570239548955,0.0,0.0,0.16274152426305746,0.0,0.0,False,0.007660206996661145,0,0,81,0,0.0,0.0,1,,,2,True,True,False,701.7299194335938,409.0100254782202,292.71989395537355,True,True,0,ML-Robust-MPC,169.0100254782202,245.83340428223084,115.14818188760786
433.0,171.75233023862424,245.8115350737836,2,15.43613468759213,0.0,15.43613468759213,0.0,0.0,0.16257184420009752,0.0,0.0,False,0.008521104995452333,0,0,82,0,0.0,0.0,1,,,2,True,True,False,697.7196044921875,411.75233023862427,285.96727425356323,True,True,0,ML-Robust-MPC,171.75233023862424,245.8115350737836,114.3422475477494
421.5,173.8851419085891,244.37457928184097,2,3.2402788095699293,0.0,3.2402788095699293,0.0,0.0,0.16253622578113816,0.0,0.0,False,0.008711943002708722,0,0,83,0,0.0,0.0,1,,,2,True,True,False,755.7924194335938,413.8851419085891,341.90727752500464,True,True,0,ML-Robust-MPC,173.8851419085891,244.37457928184097,119.6004065783272
457.5,172.65761089101582,245.1427855168481,2,39.6996035921361,0.0,39.6996035921361,0.0,0.0,0.162099832126034,0.0,0.0,False,0.00679797899647383,0,0,84,0,0.0,0.0,1,,,2,True,True,False,766.177734375,412.6576108910158,353.5201234839842,True,True,0,ML-Robust-MPC,172.65761089101582,245.1427855168481,112.01024192854766
463.5,172.95070741167075,244.4737035667221,2,46.07558902160713,0.0,46.07558902160713,0.0,0.0,0.1615933511316444,0.0,0.0,False,0.00672929099528119,0,0,85,0,0.0,0.0,1,,,2,True,True,False,844.1666870117188,412.95070741167075,431.215979600048,True,True,0,ML-Robust-MPC,172.95070741167075,244.4737035667221,119.12233511171658
457.5,168.68173664587243,245.38253145387787,2,43.43573190024972,0.0,43.43573190024972,0.0,0.0,0.16111588848489322,0.0,0.0,False,0.0069039980007801205,0,0,86,0,0.0,0.0,1,,,2,True,True,False,858.8036499023438,408.68173664587243,450.1219132564713,True,True,0,ML-Robust-MPC,168.68173664587243,245.38253145387787,127.04094917222808
500.0,171.8034542399959,244.55664319465183,2,83.63990256535226,0.0,83.63990256535226,0.0,0.0,0.1601964857833438,0.0,0.0,False,0.0072482459945604205,0,0,87,0,0.0,0.0,1,,,2,True,True,False,903.152099609375,411.80345423999586,491.34864536937914,True,True,0,ML-Robust-MPC,171.8034542399959,244.55664319465183,130.3510267320854
487.0,174.18780882691922,243.47282633682408,2,69.33936483625666,0.0,69.33936483625666,0.0,0.0,0.1594342802163973,0.0,0.0,False,0.007507039001211524,0,0,88,0,0.0,0.0,1,,,2,True,True,False,961.1491088867188,414.1878088269192,546.9613000597996,True,True,0,ML-Robust-MPC,174.18780882691922,243.47282633682408,123.07254403113949
517.0,173.1722986431623,241.5853699469965,2,102.2423314098412,0.0,102.2423314098412,0.0,0.0,0.15831039230132626,0.0,0.0,False,0.008175029004632961,0,0,89,0,0.0,0.0,1,,,2,True,True,False,1004.0599365234375,413.1722986431623,590.8876378802752,True,True,0,ML-Robust-MPC,173.1722986431623,241.5853699469965,129.118379707964
531.0,170.32100647307786,240.49484737643004,2,119.09007220601148,0.0,119.09007220601148,1.0940739444806127,0.0,0.15700130739381613,0.0,0.0,False,0.00805200500326464,0,0,90,0,0.0,0.0,1,,,2,True,True,False,1061.784423828125,410.3210064730779,651.4634173550471,True,True,0,ML-Robust-MPC,170.32100647307786,240.49484737643004,119.09007220601148
586.5,170.89379845115295,242.09812474576967,2,120.75730933882365,0.0,120.75730933882365,52.75076746425377,0.0,0.15567389556007802,0.0,0.0,False,0.008112016999803018,0,0,91,0,0.0,0.0,1,,,2,True,True,False,1103.75439453125,410.893798451153,692.860596080097,True,True,0,ML-Robust-MPC,170.89379845115295,242.09812474576967,120.75730933882365
590.0,169.1814827231198,240.8683787090639,2,120.80021246259818,0.0,120.80021246259818,59.1499261052181,0.0,0.15434601211833113,0.0,0.0,False,0.008246582001447678,0,0,92,0,0.0,0.0,1,,,2,True,True,False,1182.574462890625,409.1814827231198,773.3929801675051,True,True,0,ML-Robust-MPC,169.1814827231198,240.8683787090639,120.80021246259818
644.5,168.33676461021057,242.113782101042,2,129.70146113854165,0.0,129.70146113854165,104.34799215020578,0.0,0.15292028265059884,0.0,0.0,False,0.00847971299663186,0,0,93,0,0.0,0.0,1,,,2,True,True,False,1205.4815673828125,408.3367646102106,797.1448027726019,True,True,0,ML-Robust-MPC,168.33676461021057,242.113782101042,129.70146113854165
706.0,166.62199345556917,241.59876890238212,2,120.39969995384466,0.0,120.39969995384466,177.37953768820404,0.0,0.15159680179985527,0.0,0.0,False,0.008399139005632605,0,0,94,0,0.0,0.0,1,,,2,True,True,False,1233.22998046875,406.62199345556917,826.6079870131808,True,True,0,ML-Robust-MPC,166.62199345556917,241.59876890238212,120.39969995384466
749.0,169.2776313130629,245.0599757141244,2,110.62444754389136,0.0,110.62444754389136,224.03794542892132,0.0,0.1503807743678554,0.0,0.0,False,0.00759512899821857,0,0,95,0,0.0,0.0,1,,,2,True,True,False,1244.034423828125,409.2776313130629,834.7567925150621,True,True,0,ML-Robust-MPC,169.2776313130629,245.0599757141244,110.62444754389136
797.5,167.66396678626649,245.4234278741864,2,34.639805792542646,0.0,34.639805792542646,349.77279954700447,0.0,0.15,0.0,0.0,False,0.007299712997337338,0,0,96,0,0.0,0.0,1,,,2,True,True,False,1249.887451171875,407.6639667862665,842.2234843856086,True,True,0,ML-Robust-MPC,167.66396678626649,245.4234278741864,102.61985359994624
828.0,165.8414646431751,243.66689667312528,2,0.0,0.0,0.0,418.49163868369965,0.0,0.15,0.0,0.0,False,0.00956841299921507,0,0,97,0,0.0,0.0,1,,,2,True,True,False,1264.989990234375,405.8414646431751,859.1485255911999,True,True,0,ML-Robust-MPC,165.8414646431751,243.66689667312528,113.68871478291264
872.0,162.00159058778675,243.8776084600786,2,0.0,0.0,0.0,466.1208009521347,0.0,0.15,0.0,0.0,False,0.007322368997847661,0,0,98,0,0.0,0.0,1,,,2,True,True,False,1250.909423828125,402.0015905877867,848.9078332403383,True,True,0,ML-Robust-MPC,162.00159058778675,243.8776084600786,112.97514742126336
935.0,164.6335766005233,241.56822943820737,2,0.0,0.0,0.0,528.7981939612694,0.0,0.15,0.0,0.0,False,0.009360609998111613,0,0,99,0,0.0,0.0,1,,,2,True,True,False,1247.968017578125,404.63357660052327,843.3344409776017,True,True,0,ML-Robust-MPC,164.6335766005233,241.56822943820737,107.61965626633662
1046.5,160.82108912123385,242.1485251414322,2,0.0,0.0,0.0,643.530385737334,0.0,0.15,0.0,0.0,False,0.009539623999444302,0,0,100,0,0.0,0.0,1,,,2,True,True,False,1242.675048828125,400.82108912123385,841.8539597068911,True,True,0,ML-Robust-MPC,160.82108912123385,242.1485251414322,114.04426191732335
1100.0,157.14846892730193,241.4392804888115,2,0.0,0.0,0.0,701.4122505838866,0.0,0.15,0.0,0.0,False,0.009388117003254592,0,0,101,0,0.0,0.0,1,,,2,True,True,False,1259.3221435546875,397.1484689273019,862.1736746273856,True,True,0,ML-Robust-MPC,157.14846892730193,241.4392804888115,108.23822331316092
1117.0,153.5925731987923,239.99058188592312,1,0.0,0.0,0.0,723.4168449152846,0.0,0.15,0.0,0.0,False,0.004122288002690766,0,0,102,0,0.0,0.0,1,,,1,True,True,True,1255.7998046875,393.58315508471543,862.2166496027846,True,True,0,ML-Robust-MPC,153.5925731987923,239.99058188592312,103.82262872399885
1217.0,152.76283693881814,239.4182453905296,1,0.0,0.0,0.0,824.8189176706522,0.0,0.15,0.0,0.0,False,0.004053555996506475,0,0,103,0,0.0,0.0,1,,,1,True,True,True,1240.631103515625,392.18108232934776,848.4500211862772,True,True,0,ML-Robust-MPC,152.76283693881814,239.4182453905296,105.9588782677161
1251.0,148.57164142740493,239.44384112925133,1,0.0,0.0,0.0,862.9845174433437,0.0,0.15,0.0,0.0,False,0.003920637995179277,0,0,104,0,0.0,0.0,1,,,1,True,True,True,1256.648193359375,388.01548255665625,868.6327108027187,True,True,0,ML-Robust-MPC,148.57164142740493,239.44384112925133,99.04522992065256
1246.5,147.9650937795151,239.16665275436625,1,0.0,0.0,0.0,859.3682534661186,0.0,0.15,0.0,0.0,False,0.003829114000836853,0,0,105,0,0.0,0.0,1,,,1,True,True,True,1251.064697265625,387.13174653388137,863.9329507317436,True,True,0,ML-Robust-MPC,147.9650937795151,239.16665275436625,105.16536809733684
1230.5,150.08887239872217,239.59524138290897,1,0.0,0.0,0.0,840.8158862183689,0.0,0.15,0.0,0.0,False,0.003937144996598363,0,0,106,0,0.0,0.0,1,,,1,True,True,True,1246.5,389.68411378163114,856.8158862183689,True,True,0,ML-Robust-MPC,150.08887239872217,239.59524138290897,107.13302833630416
1145.5,150.64096482771265,241.01934995475693,2,0.0,0.0,0.0,753.8396852175304,0.0,0.15,0.0,0.0,False,0.0042402460021548904,1,0,107,0,0.0,0.0,1,,,2,True,True,False,1230.5,390.64096482771265,839.8590351722873,True,True,0,ML-Robust-MPC,150.64096482771265,241.01934995475693,102.31510149960238
1101.5,148.49598154330786,238.46792603170937,1,0.0,0.0,0.0,714.5360924249828,0.0,0.15,0.0,0.0,False,0.004438239004230127,0,0,108,0,0.0,0.0,1,,,1,True,True,True,1145.5,386.96390757501723,758.5360924249828,True,True,0,ML-Robust-MPC,148.49598154330786,238.46792603170937,112.67557968255136
1023.0,147.84815218666088,237.97996607916264,1,0.0,0.0,0.0,637.1718817341765,0.0,0.15,0.0,0.0,False,0.004098350997082889,0,0,109,0,0.0,0.0,1,,,1,True,True,True,1101.5,385.8281182658235,715.6718817341765,True,True,0,ML-Robust-MPC,147.84815218666088,237.97996607916264,110.5774916586804
962.0,145.51623025352828,238.82744135161155,1,0.0,0.0,0.0,577.6563283948601,0.0,0.15,0.0,0.0,False,0.00424398099858081,0,0,110,0,0.0,0.0,1,,,1,True,True,True,1023.0,384.34367160513983,638.6563283948601,True,True,0,ML-Robust-MPC,145.51623025352828,238.82744135161155,111.63098567611452
895.0,144.00846064640908,238.8654528007525,1,0.0,0.0,0.0,512.1260865528384,0.0,0.15,0.0,0.0,False,0.004196154004603159,0,0,111,0,0.0,0.0,1,,,1,True,True,True,962.0,382.8739134471616,579.1260865528384,True,True,0,ML-Robust-MPC,144.00846064640908,238.8654528007525,117.35777644724163
868.0,142.09724741114962,239.17357823825927,1,0.0,0.0,0.0,486.7291743505911,0.0,0.15,0.0,0.0,False,0.004054393997648731,0,0,112,0,0.0,0.0,1,,,1,True,True,True,895.0,381.2708256494089,513.7291743505912,True,True,0,ML-Robust-MPC,142.09724741114962,239.17357823825927,117.80691506634356
793.5,139.45760590250472,239.29401190789733,1,0.0,0.0,0.0,414.7483821895979,0.0,0.15,0.0,0.0,False,0.0040364959932048805,0,0,113,0,0.0,0.0,1,,,1,True,True,True,868.0,378.7516178104021,489.2483821895979,True,True,0,ML-Robust-MPC,139.45760590250472,239.29401190789733,116.9376367881016
747.5,138.2895973026117,239.6466655190156,1,0.0,0.0,0.0,369.56373717837266,0.0,0.15,0.0,0.0,False,0.0040874190017348155,0,0,114,0,0.0,0.0,1,,,1,True,True,True,793.5,377.93626282162734,415.56373717837266,True,True,0,ML-Robust-MPC,138.2895973026117,239.6466655190156,118.39679304419724
698.0,139.30907024819564,237.1264528341856,1,0.0,0.0,0.0,321.5644769176188,0.0,0.15,0.0,0.0,False,0.004136839997954667,0,0,115,0,0.0,0.0,1,,,1,True,True,True,747.5,376.4355230823812,371.0644769176188,True,True,0,ML-Robust-MPC,139.30907024819564,237.1264528341856,115.194987587729
660.5,143.67873748437384,238.5403012616636,1,0.0,0.0,0.0,278.2809612539626,0.0,0.15,0.0,0.0,False,0.0041152609992423095,0,0,116,0,0.0,0.0,1,,,1,True,True,True,699.36181640625,382.2190387460374,317.1427776602126,True,True,0,ML-Robust-MPC,143.67873748437384,238.5403012616636,117.14672043529552
641.5,144.24893758098068,237.22509421084305,1,0.0,0.0,0.0,260.02596820817627,0.0,0.15,0.0,0.0,False,0.004194062996248249,0,0,117,0,0.0,0.0,1,,,1,True,True,True,660.5,381.47403179182373,279.02596820817627,True,True,0,ML-Robust-MPC,144.24893758098068,237.22509421084305,119.48759121285458
579.5,148.97831588406214,236.92792039233143,1,0.0,0.0,0.0,193.59376372360646,0.0,0.15,0.0,0.0,False,0.004485236000618897,0,0,118,0,0.0,0.0,1,,,1,True,True,True,641.5,385.90623627639354,255.59376372360646,True,True,0,ML-Robust-MPC,148.97831588406214,236.92792039233143,118.0357322716297
573.0,151.188329063771,236.5697972722377,1,0.0,0.0,0.0,185.24187366399133,0.0,0.15,0.0,0.0,False,0.004083298998011742,0,0,119,0,0.0,0.0,1,,,1,True,True,True,582.9305419921875,387.7581263360087,195.17241565617883,True,True,0,ML-Robust-MPC,151.188329063771,236.5697972722377,108.28219633406805
522.0,151.97829137741917,237.7902927240213,1,0.0,0.0,0.0,132.23141589855953,0.0,0.15,0.0,0.0,False,0.004152116001932882,0,0,120,0,0.0,0.0,1,,,1,True,True,True,573.0,389.76858410144047,183.23141589855953,True,True,0,ML-Robust-MPC,151.97829137741917,237.7902927240213,109.17407444952497
538.0,149.99480989612678,238.4664354035431,1,0.0,0.0,0.0,149.53875470033012,0.0,0.15,0.0,0.0,False,0.004462449003767688,0,0,121,0,0.0,0.0,1,,,1,True,True,True,528.7598266601562,388.4612452996699,140.29858136048637,True,True,0,ML-Robust-MPC,149.99480989612678,238.4664354035431,110.6343217403992
521.5,145.63390864350382,237.98636754128643,1,0.0,0.0,0.0,137.8797238152098,0.0,0.15,0.0,0.0,False,0.0044740100056515075,0,0,122,0,0.0,0.0,1,,,1,True,True,True,538.0,383.6202761847902,154.3797238152098,True,True,0,ML-Robust-MPC,145.63390864350382,237.98636754128643,114.50794944497532
470.0,148.13958344552594,237.2087367491741,1,0.0,0.0,0.0,84.65167980529998,0.0,0.15,0.0,0.0,False,0.004498542002693284,0,0,123,0,0.0,0.0,1,,,1,True,True,True,521.5,385.3483201947,136.15167980529998,True,True,0,ML-Robust-MPC,148.13958344552594,237.2087367491741,119.1561165231817
487.5,148.5107481144708,239.53698729538223,1,0.0,0.0,0.0,99.45226459014697,0.0,0.15,0.0,0.0,False,0.004428829997777939,0,0,124,0,0.0,0.0,1,,,1,True,True,True,485.57763671875,388.04773540985303,97.52990130889697,True,True,0,ML-Robust-MPC,148.5107481144708,239.53698729538223,111.53953027400524
421.0,147.87492920043752,239.0474599076916,1,0.0,0.0,0.0,34.077610891870904,0.0,0.15,0.0,0.0,False,0.00425040799746057,0,0,125,0,0.0,0.0,1,,,1,True,True,True,487.5,386.9223891081291,100.5776108918709,True,True,0,ML-Robust-MPC,147.87492920043752,239.0474599076916,108.56005477731536
409.5,151.69006204932882,239.66922978511204,1,0.0,0.0,0.0,18.140708165559147,0.0,0.15,0.0,0.0,False,0.004207621001114603,0,0,126,0,0.0,0.0,1,,,1,True,True,True,442.2822570800781,391.35929183444085,50.92296524563727,True,True,0,ML-Robust-MPC,151.69006204932882,239.66922978511204,104.13311098585214
416.0,150.71223730533657,240.57494862641383,2,0.0,0.0,0.0,24.7128140682496,0.0,0.15,0.0,0.0,False,0.004219836002448574,1,0,127,0,0.0,0.0,1,,,2,True,True,False,417.8944091796875,390.71223730533654,27.182171874350956,True,True,0,ML-Robust-MPC,150.71223730533657,240.57494862641383,100.99698784295671
429.5,150.61842188583307,239.92701906358656,1,0.0,0.0,0.0,38.95455905058037,0.0,0.15,0.0,0.0,False,0.004110169000341557,0,0,128,0,0.0,0.0,1,,,1,True,True,True,416.0,390.5454409494196,25.45455905058037,True,True,0,ML-Robust-MPC,150.61842188583307,239.92701906358656,102.83752559438368
403.5,152.52365532364792,237.9969417719832,1,0.0,0.0,0.0,12.979402904368897,0.0,0.15,0.0,0.0,False,0.004161842000030447,0,0,129,0,0.0,0.0,1,,,1,True,True,True,429.5,390.5205970956311,38.9794029043689,True,True,0,ML-Robust-MPC,152.52365532364792,237.9969417719832,108.17236365854508
424.0,147.19453936160207,238.47974891954644,1,0.0,0.0,0.0,38.325711718851494,0.0,0.15,0.0,0.0,False,0.004327889000705909,0,0,130,0,0.0,0.0,1,,,1,True,True,True,434.0918884277344,385.6742882811485,48.41760014658587,True,True,0,ML-Robust-MPC,147.19453936160207,238.47974891954644,112.16511274270238
432.0,140.78618099573436,234.38807997358649,1,0.0,0.0,0.0,56.82573903067919,0.0,0.15,0.0,0.0,False,0.004829973004234489,0,0,131,0,0.0,0.0,1,,,1,True,True,True,449.4232177734375,375.1742609693208,74.24895680411669,True,True,0,ML-Robust-MPC,140.78618099573436,234.38807997358649,115.13902973814064
403.5,142.3845146315728,234.9298957736466,1,0.0,0.0,0.0,26.185589594780595,0.0,0.15,0.0,0.0,False,0.003977925996878184,0,0,132,0,0.0,0.0,1,,,1,True,True,True,456.5611572265625,377.3144104052194,79.2467468213431,True,True,0,ML-Robust-MPC,142.3845146315728,234.9298957736466,108.99868106307407
405.5,141.3821313569037,235.7615223112915,1,0.0,0.0,0.0,28.356346331804843,0.0,0.15,0.0,0.0,False,0.003341050003655255,0,0,133,0,0.0,0.0,1,,,1,True,True,True,459.02001953125,377.14365366819516,81.87636586305484,True,True,0,ML-Robust-MPC,141.3821313569037,235.7615223112915,107.31827916617128
400.5,136.24437120196183,235.8506770508053,1,0.0,0.0,0.0,28.40495174723287,0.0,0.15,0.0,0.0,False,0.0048029680037871,0,0,134,0,0.0,0.0,1,,,1,True,True,True,471.91888427734375,372.0950482527671,99.82383602457662,True,True,0,ML-Robust-MPC,136.24437120196183,235.8506770508053,107.60477677051408
424.0,139.5318365823772,235.3121666537321,1,0.0,0.0,0.0,49.1559967638907,0.0,0.15,0.0,0.0,False,0.004680468002334237,0,0,135,0,0.0,0.0,1,,,1,True,True,True,478.9625244140625,374.8440032361093,104.1185211779532,True,True,0,ML-Robust-MPC,139.5318365823772,235.3121666537321,111.1717338577669
423.5,140.34437367061489,234.18464761178177,1,0.0,0.0,0.0,48.970978717603316,0.0,0.15,0.0,0.0,False,0.004719853001006413,0,0,136,0,0.0,0.0,1,,,1,True,True,True,502.7117614746094,374.5290212823967,128.1827401922127,True,True,0,ML-Robust-MPC,140.34437367061489,234.18464761178177,110.19330933515543
414.5,138.07295319393643,234.7740802773887,1,0.0,0.0,0.0,41.65296652867488,0.0,0.15,0.0,0.0,False,0.004122147998714354,0,0,137,0,0.0,0.0,1,,,1,True,True,True,527.7620849609375,372.8470334713251,154.91505148961238,True,True,0,ML-Robust-MPC,138.07295319393643,234.7740802773887,115.52741654972635
422.5,140.15835224327634,233.38266678666992,1,0.0,0.0,0.0,48.958980970053744,0.0,0.15,0.0,0.0,False,0.004218125999614131,0,0,138,0,0.0,0.0,1,,,1,True,True,True,539.9688110351562,373.54101902994626,166.42779200521,True,True,0,ML-Robust-MPC,140.15835224327634,233.38266678666992,121.24979042395384
425.5,137.21765384349317,232.7005624245634,1,0.0,0.0,0.0,55.58178373194346,0.0,0.15,0.0,0.0,False,0.004161107004620135,0,0,139,0,0.0,0.0,1,,,1,True,True,True,554.2459716796875,369.91821626805654,184.32775541163096,True,True,0,ML-Robust-MPC,137.21765384349317,232.7005624245634,127.1053960349616
414.0,138.36544160729525,234.06531549533943,1,0.0,0.0,0.0,41.569242897365314,0.0,0.15,0.0,0.0,False,0.004375101998448372,0,0,140,0,0.0,0.0,1,,,1,True,True,True,570.4382934570312,372.4307571026347,198.00753635439656,True,True,0,ML-Robust-MPC,138.36544160729525,234.06531549533943,134.33847521147678
414.5,137.55296180395464,233.4864929766924,1,0.0,0.0,0.0,43.46054521935298,0.0,0.15,0.0,0.0,False,0.0044333379992167465,0,0,141,0,0.0,0.0,1,,,1,True,True,True,578.9601440429688,371.039454780647,207.92068926232173,True,True,0,ML-Robust-MPC,137.55296180395464,233.4864929766924,136.7679232480431
405.0,137.01949552812175,231.71598270506428,1,0.0,0.0,0.0,36.26452176681397,0.0,0.15,0.0,0.0,False,0.004367401998024434,0,0,142,0,0.0,0.0,1,,,1,True,True,True,629.1744384765625,368.73547823318603,260.43896024337647,True,True,0,ML-Robust-MPC,137.01949552812175,231.71598270506428,137.08162211796034
441.0,137.97527507135644,232.9989779120928,1,0.0,0.0,0.0,70.02574701655078,0.0,0.15,0.0,0.0,False,0.00442261400166899,0,0,143,0,0.0,0.0,1,,,1,True,True,True,649.9237060546875,370.9742529834492,278.9494530712383,True,True,0,ML-Robust-MPC,137.97527507135644,232.9989779120928,139.1931758265534
452.0,137.77855732333282,235.10263830499824,1,0.0,0.0,0.0,79.11880437166894,0.0,0.15,0.0,0.0,False,0.0043786570022348315,0,0,144,0,0.0,0.0,1,,,1,True,True,True,692.42529296875,372.88119562833106,319.54409734041894,True,True,0,ML-Robust-MPC,137.77855732333282,235.10263830499824,147.83181370583517
459.5,141.82227859492846,234.04705745900208,1,0.0,0.0,0.0,83.63066394606949,0.0,0.15,0.0,0.0,False,0.004340352999861352,0,0,145,0,0.0,0.0,1,,,1,True,True,True,713.7645263671875,375.8693360539305,337.895190313257,True,True,0,ML-Robust-MPC,141.82227859492846,234.04705745900208,139.37017871425832
434.0,141.7522626416499,234.2697302331604,1,0.0,0.0,0.0,57.97800712518972,0.0,0.15,0.0,0.0,False,0.004344638997281436,0,0,146,0,0.0,0.0,1,,,1,True,True,True,754.8853149414062,376.0219928748103,378.86332206659597,True,True,0,ML-Robust-MPC,141.7522626416499,234.2697302331604,131.55695429008972
492.5,142.81353026392927,235.5299064681001,1,0.0,0.0,0.0,114.15656326797063,0.0,0.15,0.0,0.0,False,0.004299159001675434,0,0,147,0,0.0,0.0,1,,,1,True,True,True,762.3030395507812,378.3434367320294,383.9596028187519,True,True,0,ML-Robust-MPC,142.81353026392927,235.5299064681001,133.5272294114815
471.5,141.8740703242311,235.24014838393268,1,0.0,0.0,0.0,94.38578129183622,0.0,0.15,0.0,0.0,False,0.0041272710004705004,0,0,148,0,0.0,0.0,1,,,1,True,True,True,823.00634765625,377.1142187081638,445.8921289480862,True,True,0,ML-Robust-MPC,141.8740703242311,235.24014838393268,139.5868921201231
519.0,143.92743248599044,234.4464176727745,1,0.0,0.0,0.0,140.62614984123508,0.0,0.15,0.0,0.0,False,0.004177816997980699,0,0,149,0,0.0,0.0,1,,,1,True,True,True,847.1655883789062,378.3738501587649,468.7917382201413,True,True,0,ML-Robust-MPC,143.92743248599044,234.4464176727745,142.32651541069362
533.5,142.99597395523574,235.22769743412755,1,0.0,0.0,0.0,155.2763286106367,0.0,0.15,0.0,0.0,False,0.003933601001335774,0,0,150,0,0.0,0.0,1,,,1,True,True,True,923.3739624023438,378.2236713893633,545.1502910129805,True,True,0,ML-Robust-MPC,142.99597395523574,235.22769743412755,140.44393188911036
547.0,143.94299758695516,234.49636258811864,1,0.0,0.0,0.0,168.56063982492617,0.0,0.15,0.0,0.0,False,0.004127760999836028,0,0,151,0,0.0,0.0,1,,,1,True,True,True,984.77978515625,378.43936017507383,606.3404249811762,True,True,0,ML-Robust-MPC,143.94299758695516,234.49636258811864,137.10461498457144
568.5,142.67164268772922,234.20817259884683,1,0.0,0.0,0.0,191.62018471342395,0.0,0.15,0.0,0.0,False,0.004012764002254698,0,0,152,0,0.0,0.0,1,,,1,True,True,True,1041.41845703125,376.87981528657605,664.5386417446739,True,True,0,ML-Robust-MPC,142.67164268772922,234.20817259884683,136.4902584762056
601.0,139.6131777124561,236.02583518152684,1,0.0,0.0,0.0,225.3609871060171,0.0,0.15,0.0,0.0,False,0.003964210998674389,0,0,153,0,0.0,0.0,1,,,1,True,True,True,1105.5140380859375,375.6390128939829,729.8750251919546,True,True,0,ML-Robust-MPC,139.6131777124561,236.02583518152684,128.943690049943
635.0,138.09460234788656,234.60380176358697,1,0.0,0.0,0.0,262.30159588852644,0.0,0.15,0.0,0.0,False,0.004027827002573758,0,0,154,0,0.0,0.0,1,,,1,True,True,True,1160.6766357421875,372.69840411147356,787.9782316307139,True,True,0,ML-Robust-MPC,138.09460234788656,234.60380176358697,127.44556412973756
649.5,137.19686661946372,233.9606733775891,1,0.0,0.0,0.0,278.3424600029472,0.0,0.15,0.0,0.0,False,0.004111980997549836,0,0,155,0,0.0,0.0,1,,,1,True,True,True,1203.35009765625,371.1575399970528,832.1925576591972,True,True,0,ML-Robust-MPC,137.19686661946372,233.9606733775891,127.3686714683084
704.0,137.34651460093107,234.8648509750357,1,0.0,0.0,0.0,331.78863442403326,0.0,0.15,0.0,0.0,False,0.003982551999797579,0,0,156,0,0.0,0.0,1,,,1,True,True,True,1219.6983642578125,372.21136557596674,847.4869986818458,True,True,0,ML-Robust-MPC,137.34651460093107,234.8648509750357,131.0429685642068
738.0,136.0330851542782,234.3600990878648,1,0.0,0.0,0.0,367.606815757857,0.0,0.15,0.0,0.0,False,0.004016787999717053,0,0,157,0,0.0,0.0,1,,,1,True,True,True,1221.0599365234375,370.393184242143,850.6667522812945,True,True,0,ML-Robust-MPC,136.0330851542782,234.3600990878648,123.71393580036894
762.5,136.93668944239596,235.07499493172503,1,0.0,0.0,0.0,390.488315625879,0.0,0.15,0.0,0.0,False,0.004064556997036561,0,0,158,0,0.0,0.0,1,,,1,True,True,True,1236.656005859375,372.011684374121,864.6443214852541,True,True,0,ML-Robust-MPC,136.93668944239596,235.07499493172503,115.07854673333205
815.5,137.2846001362509,233.99010395049527,1,0.0,0.0,0.0,444.22529591325383,0.0,0.15,0.0,0.0,False,0.004029117000754923,0,0,159,0,0.0,0.0,1,,,1,True,True,True,1241.2078857421875,371.27470408674617,869.9331816554413,True,True,0,ML-Robust-MPC,137.2846001362509,233.99010395049527,120.41992060062935
860.0,136.44154780594334,234.9769182077389,1,0.0,0.0,0.0,488.58153398631777,0.0,0.15,0.0,0.0,False,0.003999364002083894,0,0,160,0,0.0,0.0,1,,,1,True,True,True,1229.28662109375,371.41846601368223,857.8681550800677,True,True,0,ML-Robust-MPC,136.44154780594334,234.9769182077389,121.58040799437498
890.0,138.387693984516,234.4407290164504,1,0.0,0.0,0.0,517.1715769990336,0.0,0.15,0.0,0.0,False,0.003962586997658946,0,0,161,0,0.0,0.0,1,,,1,True,True,True,1240.452880859375,372.8284230009664,867.6244578584086,True,True,0,ML-Robust-MPC,138.387693984516,234.4407290164504,115.71073719169289
931.0,139.0721151329633,234.14276824556768,1,0.0,0.0,0.0,557.785116621469,0.0,0.15,0.0,0.0,False,0.004093552997801453,0,0,162,0,0.0,0.0,1,,,1,True,True,True,1221.558837890625,373.214883378531,848.343954512094,True,True,0,ML-Robust-MPC,139.0721151329633,234.14276824556768,107.39492113187208
1040.5,139.87236500928597,235.05169820435643,1,0.0,0.0,0.0,665.5759367863576,0.0,0.15,0.0,0.0,False,0.004068543996254448,0,0,163,0,0.0,0.0,1,,,1,True,True,True,1194.36181640625,374.9240632136424,819.4377531926076,True,True,0,ML-Robust-MPC,139.87236500928597,235.05169820435643,114.49824036006666
1066.5,140.18560410322775,237.0338590928456,1,0.0,0.0,0.0,689.2805368039267,0.0,0.15,0.0,0.0,False,0.003946525001083501,0,0,164,0,0.0,0.0,1,,,1,True,True,True,1225.1776123046875,377.2194631960733,847.9581491086142,True,True,0,ML-Robust-MPC,140.18560410322775,237.0338590928456,115.71890745951364
1163.5,140.55448842625736,236.2448343824329,1,0.0,0.0,0.0,786.7006771913098,0.0,0.15,0.0,0.0,False,0.003980512003181502,0,0,165,0,0.0,0.0,1,,,1,True,True,True,1205.2069091796875,376.79932280869025,828.4075863709973,True,True,0,ML-Robust-MPC,140.55448842625736,236.2448343824329,116.827163793503
1196.0,136.04181293342262,237.10580140532505,1,0.0,0.0,0.0,822.8523856612524,0.0,0.15,0.0,0.0,False,0.0039528600027551875,0,0,166,0,0.0,0.0,1,,,1,True,True,True,1214.812255859375,373.14761433874764,841.6646415206274,True,True,0,ML-Robust-MPC,136.04181293342262,237.10580140532505,116.51977173101932
1239.5,134.3001595819078,237.33272046800377,1,0.0,0.0,0.0,867.8671199500884,0.0,0.15,0.0,0.0,False,0.004085305998160038,0,0,167,0,0.0,0.0,1,,,1,True,True,True,1213.3646240234375,371.6328800499116,841.7317439735259,True,True,0,ML-Robust-MPC,134.3001595819078,237.33272046800377,114.8933318181722
1236.5,137.2654608578156,238.25761023313828,1,0.0,0.0,0.0,860.9769289090461,0.0,0.15,0.0,0.0,False,0.003981549998570699,0,0,168,0,0.0,0.0,1,,,1,True,True,True,1239.5,375.52307109095386,863.9769289090461,True,True,0,ML-Robust-MPC,137.2654608578156,238.25761023313828,112.57574100069031
1174.5,140.8699926096223,236.6114109887532,1,0.0,0.0,0.0,797.0185964016246,0.0,0.15,0.0,0.0,False,0.003926395998860244,0,0,169,0,0.0,0.0,1,,,1,True,True,True,1236.5,377.4814035983755,859.0185964016246,True,True,0,ML-Robust-MPC,140.8699926096223,236.6114109887532,116.98216511837356
1110.5,142.45050529274397,237.1861212111625,1,0.0,0.0,0.0,730.8633734960936,0.0,0.15,0.0,0.0,False,0.004033794000861235,0,0,170,0,0.0,0.0,1,,,1,True,True,True,1174.5,379.6366265039064,794.8633734960936,True,True,0,ML-Robust-MPC,142.45050529274397,237.1861212111625,119.44250051331348
1006.0,142.35172028898552,234.77864185711155,1,0.0,0.0,0.0,628.869637853903,0.0,0.15,0.0,0.0,False,0.0042615709971869364,0,0,171,0,0.0,0.0,1,,,1,True,True,True,1110.5,377.13036214609707,733.369637853903,True,True,0,ML-Robust-MPC,142.35172028898552,234.77864185711155,121.33963615074312
963.0,140.05660442234026,233.48957211265275,1,0.0,0.0,0.0,589.453823465007,0.0,0.15,0.0,0.0,False,0.004059386999870185,0,0,172,0,0.0,0.0,1,,,1,True,True,True,1006.0,373.54617653499304,632.453823465007,True,True,0,ML-Robust-MPC,140.05660442234026,233.48957211265275,121.22744212407322
945.5,139.87512052163424,233.15327293519445,1,0.0,0.0,0.0,572.4716065431713,0.0,0.15,0.0,0.0,False,0.004004292997706216,0,0,173,0,0.0,0.0,1,,,1,True,True,True,963.0,373.02839345682867,589.9716065431713,True,True,0,ML-Robust-MPC,139.87512052163424,233.15327293519445,125.09045183408396
860.0,140.98788349884703,233.3476910559434,1,0.0,0.0,0.0,485.6644254452096,0.0,0.15,0.0,0.0,False,0.00417485000070883,0,0,174,0,0.0,0.0,1,,,1,True,True,True,945.5,374.3355745547904,571.1644254452096,True,True,0,ML-Robust-MPC,140.98788349884703,233.3476910559434,123.3411958956944
834.0,140.89197575878595,231.5441059116186,1,0.0,0.0,0.0,461.5639183295955,0.0,0.15,0.0,0.0,False,0.004180422001809347,0,0,175,0,0.0,0.0,1,,,1,True,True,True,860.0,372.4360816704045,487.5639183295955,True,True,0,ML-Robust-MPC,140.89197575878595,231.5441059116186,113.38628479492688
758.0,141.02916829551495,230.750001418477,1,0.0,0.0,0.0,386.22083028600804,0.0,0.15,0.0,0.0,False,0.0041253699964727275,0,0,176,0,0.0,0.0,1,,,1,True,True,True,834.0,371.77916971399196,462.22083028600804,True,True,0,ML-Robust-MPC,141.02916829551495,230.750001418477,120.56256347523984
689.0,138.70555971325712,232.9086195522252,1,0.0,0.0,0.0,317.38582073451767,0.0,0.15,0.0,0.0,False,0.003916341993317474,0,0,177,0,0.0,0.0,1,,,1,True,True,True,764.469482421875,371.61417926548233,392.85530315639267,True,True,0,ML-Robust-MPC,138.70555971325712,232.9086195522252,125.76857483838562
686.5,137.36874358351037,232.32321223761545,1,0.0,0.0,0.0,316.8080441788742,0.0,0.15,0.0,0.0,False,0.004026775000966154,0,0,178,0,0.0,0.0,1,,,1,True,True,True,707.5282592773438,369.6919558211258,337.83630345621793,True,True,0,ML-Robust-MPC,137.36874358351037,232.32321223761545,119.1978398901819
690.5,135.91367310259318,231.84353875388547,1,0.0,0.0,0.0,322.74278814352135,0.0,0.15,0.0,0.0,False,0.003972367994720116,0,0,179,0,0.0,0.0,1,,,1,True,True,True,686.5,367.75721185647865,318.74278814352135,True,True,0,ML-Robust-MPC,135.91367310259318,231.84353875388547,115.33229704278716
610.0,135.72926988635177,230.4464982373117,1,0.0,0.0,0.0,243.8242318763365,0.0,0.15,0.0,0.0,False,0.00402086599933682,0,0,180,0,0.0,0.0,1,,,1,True,True,True,690.5,366.1757681236635,324.3242318763365,True,True,0,ML-Robust-MPC,135.72926988635177,230.4464982373117,116.29057600575256
601.5,139.1654185406372,231.7424631683219,1,0.0,0.0,0.0,230.5921182910409,0.0,0.15,0.0,0.0,False,0.003890607003995683,0,0,181,0,0.0,0.0,1,,,1,True,True,True,618.9837646484375,370.9078817089591,248.0758829394784,True,True,0,ML-Robust-MPC,139.1654185406372,231.7424631683219,118.0875171339339
571.5,139.55036879938774,232.0205867332007,1,0.0,0.0,0.0,199.9290444674116,0.0,0.15,0.0,0.0,False,0.003924034994270187,0,0,182,0,0.0,0.0,1,,,1,True,True,True,601.5,371.5709555325884,229.9290444674116,True,True,0,ML-Robust-MPC,139.55036879938774,232.0205867332007,123.62876608206751
558.0,139.21564932829477,234.21121589739897,1,0.0,0.0,0.0,184.57313477430625,0.0,0.15,0.0,0.0,False,0.004185486999631394,0,0,183,0,0.0,0.0,1,,,1,True,True,True,571.5,373.42686522569375,198.07313477430625,True,True,0,ML-Robust-MPC,139.21564932829477,234.21121589739897,120.77618520751794
555.0,135.51927280943386,233.948135555094,1,0.0,0.0,0.0,185.53259163547216,0.0,0.15,0.0,0.0,False,0.004380173995741643,0,0,184,0,0.0,0.0,1,,,1,True,True,True,558.0,369.46740836452784,188.53259163547216,True,True,0,ML-Robust-MPC,135.51927280943386,233.948135555094,115.0766756193106
512.0,133.99297855997747,233.72274292053905,1,0.0,0.0,0.0,144.28427851948345,0.0,0.15,0.0,0.0,False,0.00408215299830772,0,0,185,0,0.0,0.0,1,,,1,True,True,True,555.0,367.71572148051655,187.28427851948345,True,True,0,ML-Robust-MPC,133.99297855997747,233.72274292053905,111.18281252344823
503.0,133.4141791942839,233.53061876488687,1,0.0,0.0,0.0,136.05520204082927,0.0,0.15,0.0,0.0,False,0.004093881005246658,0,0,186,0,0.0,0.0,1,,,1,True,True,True,521.0143432617188,366.9447979591707,154.06954530254802,True,True,0,ML-Robust-MPC,133.4141791942839,233.53061876488687,114.3236055533059
489.0,136.07732621916523,233.52701448672656,1,0.0,0.0,0.0,119.39565929410821,0.0,0.15,0.0,0.0,False,0.004413031994772609,0,0,187,0,0.0,0.0,1,,,1,True,True,True,506.30206298828125,369.6043407058918,136.69772228238946,True,True,0,ML-Robust-MPC,136.07732621916523,233.52701448672656,112.6840844596612
484.5,131.76210655639733,235.68164294538963,1,0.0,0.0,0.0,117.05625049821305,0.0,0.15,0.0,0.0,False,0.004440623000846244,0,0,188,0,0.0,0.0,1,,,1,True,True,True,489.0,367.44374950178695,121.55625049821305,True,True,0,ML-Robust-MPC,131.76210655639733,235.68164294538963,119.38141047942636
492.5,134.32223003541085,238.01876524701768,1,0.0,0.0,0.0,120.15900471757146,0.0,0.15,0.0,0.0,False,0.004269616001693066,0,0,189,0,0.0,0.0,1,,,1,True,True,True,484.5,372.34099528242854,112.15900471757146,True,True,0,ML-Robust-MPC,134.32223003541085,238.01876524701768,120.24326846240116
449.5,136.8224667358153,238.14547690723995,1,0.0,0.0,0.0,74.53205635694474,0.0,0.15,0.0,0.0,False,0.004354336000687908,0,0,190,0,0.0,0.0,1,,,1,True,True,True,492.5,374.96794364305526,117.53205635694474,True,True,0,ML-Robust-MPC,136.8224667358153,238.14547690723995,123.08723154470874
461.5,141.0591319341195,238.27541457233056,1,0.0,0.0,0.0,82.16545349354993,0.0,0.15,0.0,0.0,False,0.004019615997094661,0,0,191,0,0.0,0.0,1,,,1,True,True,True,466.96820068359375,379.33454650645007,87.63365417714368,True,True,0,ML-Robust-MPC,141.0591319341195,238.27541457233056,118.10576447232349
461.5,137.49894164570807,238.99084937042028,1,0.0,0.0,0.0,85.01020898387162,0.0,0.15,0.0,0.0,False,0.004438118994585238,0,0,192,0,0.0,0.0,1,,,1,True,True,True,469.0873107910156,376.4897910161284,92.59751977488725,True,True,0,ML-Robust-MPC,137.49894164570807,238.99084937042028,120.08175387678438
419.0,136.77571404292271,236.39627573774365,1,0.0,0.0,0.0,45.828010219333635,0.0,0.15,0.0,0.0,False,0.004257312000845559,0,0,193,0,0.0,0.0,1,,,1,True,True,True,461.53564453125,373.17198978066637,88.36365475058363,True,True,0,ML-Robust-MPC,136.77571404292271,236.39627573774365,115.44710881087926
437.5,138.31664705129836,234.9217279534007,1,0.0,0.0,0.0,64.26162499530096,0.0,0.15,0.0,0.0,False,0.00531472700095037,0,0,194,0,0.0,0.0,1,,,1,True,True,True,446.0170593261719,373.23837500469904,72.77868432147284,True,True,0,ML-Robust-MPC,138.31664705129836,234.9217279534007,123.5280727552994
422.5,141.04883551025017,234.38386477163732,1,0.0,0.0,0.0,47.06729971811251,0.0,0.15,0.0,0.0,False,0.004701060999650508,0,0,195,0,0.0,0.0,1,,,1,True,True,True,444.50518798828125,375.4327002818875,69.07248770639376,True,True,0,ML-Robust-MPC,141.04883551025017,234.38386477163732,127.72564592963256
446.0,143.18347434945343,233.1378257562581,1,0.0,0.0,0.0,69.67869989428846,0.0,0.15,0.0,0.0,False,0.004638101003365591,0,0,196,0,0.0,0.0,1,,,1,True,True,True,451.9104919433594,376.32130010571154,75.58919183764783,True,True,0,ML-Robust-MPC,143.18347434945343,233.1378257562581,129.8967656219861
421.0,141.92847327412468,232.16034493577777,1,0.0,0.0,0.0,46.911181790097544,0.0,0.15,0.0,0.0,False,0.004261442001734395,0,0,197,0,0.0,0.0,1,,,1,True,True,True,459.5350646972656,374.08881820990246,85.44624648736317,True,True,0,ML-Robust-MPC,141.92847327412468,232.16034493577777,132.76482390574782
445.5,141.56168340814224,232.35956346150763,1,0.0,0.0,0.0,71.57875313035015,0.0,0.15,0.0,0.0,False,0.004898029001196846,0,0,198,0,0.0,0.0,1,,,1,True,True,True,467.3014831542969,373.92124686964985,93.38023628464703,True,True,0,ML-Robust-MPC,141.56168340814224,232.35956346150763,137.82134680192826
442.5,144.05551857127003,230.26680473815625,1,0.0,0.0,0.0,68.17767669057372,0.0,0.15,0.0,0.0,False,0.004331769996497314,0,0,199,0,0.0,0.0,1,,,1,True,True,True,483.4438781738281,374.3223233094263,109.12155486440184,True,True,0,ML-Robust-MPC,144.05551857127003,230.26680473815625,139.06456909689055
422.5,138.3541407689003,230.26339271658216,1,0.0,0.0,0.0,53.882466514517546,0.0,0.15,0.0,0.0,False,0.004280039996956475,0,0,200,0,0.0,0.0,1,,,1,True,True,True,515.8958740234375,368.61753348548245,147.27834053795505,True,True,0,ML-Robust-MPC,138.3541407689003,230.26339271658216,133.10090068025048
411.0,138.5119241404203,228.914373969798,1,0.0,0.0,0.0,43.57370188978172,0.0,0.15,0.0,0.0,False,0.004291324999940116,0,0,201,0,0.0,0.0,1,,,1,True,True,True,526.3191528320312,367.4262981102183,158.89285472181297,True,True,0,ML-Robust-MPC,138.5119241404203,228.914373969798,126.4932124789055
427.0,133.93810393484117,229.9604254153484,1,0.0,0.0,0.0,63.10147064981044,0.0,0.15,0.0,0.0,False,0.0044445790044846945,0,0,202,0,0.0,0.0,1,,,1,True,True,True,529.1741333007812,363.89852935018956,165.2756039505917,True,True,0,ML-Robust-MPC,133.93810393484117,229.9604254153484,123.01739964150752
416.0,136.34191678730247,229.5911371237104,1,0.0,0.0,0.0,50.06694608898715,0.0,0.15,0.0,0.0,False,0.004587264003930613,0,0,203,0,0.0,0.0,1,,,1,True,True,True,576.7738647460938,365.93305391101285,210.8408108350809,True,True,0,ML-Robust-MPC,136.34191678730247,229.5911371237104,118.162136535854
421.5,133.27461425322704,231.5974926352633,1,0.0,0.0,0.0,56.62789311150965,0.0,0.15,0.0,0.0,False,0.00412985200091498,0,0,204,0,0.0,0.0,1,,,1,True,True,True,600.4593505859375,364.87210688849035,235.58724369744715,True,True,0,ML-Robust-MPC,133.27461425322704,231.5974926352633,126.79581209156449
402.5,132.17403986989095,233.4000621369881,1,0.0,0.0,0.0,36.92589799312094,0.0,0.15,0.0,0.0,False,0.004428490996360779,0,0,205,0,0.0,0.0,1,,,1,True,True,True,664.4100341796875,365.57410200687906,298.83593217280844,True,True,0,ML-Robust-MPC,132.17403986989095,233.4000621369881,136.2809938021762
453.0,137.2495638422432,234.47450627560644,1,0.0,0.0,0.0,81.27592988215036,0.0,0.15,0.0,0.0,False,0.004701516001659911,0,0,206,0,0.0,0.0,1,,,1,True,True,True,691.380859375,371.72407011784964,319.65678925715036,True,True,0,ML-Robust-MPC,137.2495638422432,234.47450627560644,145.83909128558616
462.5,135.22457973900782,235.9019691521016,1,0.0,0.0,0.0,91.37345110889055,0.0,0.15,0.0,0.0,False,0.004402961996675003,0,0,207,0,0.0,0.0,1,,,1,True,True,True,706.6262817382812,371.12654889110945,335.4997328471718,True,True,0,ML-Robust-MPC,135.22457973900782,235.9019691521016,140.15031650736563
425.0,139.21804310868242,233.4524097534671,1,0.0,0.0,0.0,52.329547137850454,0.0,0.15,0.0,0.0,False,0.004251918995578308,0,0,208,0,0.0,0.0,1,,,1,True,True,True,752.02197265625,372.67045286214955,379.35151979410045,True,True,0,ML-Robust-MPC,139.21804310868242,233.4524097534671,143.0278814826976
441.5,139.51870980133586,234.0812691400493,1,0.0,0.0,0.0,67.90002105861481,0.0,0.15,0.0,0.0,False,0.0043647790007526055,0,0,209,0,0.0,0.0,1,,,1,True,True,True,762.6935424804688,373.5999789413852,389.09356353908356,True,True,0,ML-Robust-MPC,139.51870980133586,234.0812691400493,145.8274990611883
480.5,136.04211281245432,234.82115697079013,1,0.0,0.0,0.0,109.63673021675555,0.0,0.15,0.0,0.0,False,0.004189808998489752,0,0,210,0,0.0,0.0,1,,,1,True,True,True,803.699951171875,370.86326978324445,432.83668138863055,True,True,0,ML-Robust-MPC,136.04211281245432,234.82115697079013,142.65388736268233
461.0,134.94257911517295,235.9193819959881,1,0.0,0.0,0.0,90.13803888883899,0.0,0.15,0.0,0.0,False,0.004303296998841688,0,0,211,0,0.0,0.0,1,,,1,True,True,True,846.7036743164062,370.861961111161,475.84171320524524,True,True,0,ML-Robust-MPC,134.94257911517295,235.9193819959881,135.29764945614488
472.5,132.81408083707117,235.2511915966364,1,0.0,0.0,0.0,104.4347275662924,0.0,0.15,0.0,0.0,False,0.0041403420036658645,0,0,212,0,0.0,0.0,1,,,1,True,True,True,872.202880859375,368.0652724337076,504.1376084256674,True,True,0,ML-Robust-MPC,132.81408083707117,235.2511915966364,130.09459656421637
525.5,135.2498158844364,233.02888589837832,1,0.0,0.0,0.0,157.22129821718528,0.0,0.15,0.0,0.0,False,0.003995617000327911,0,0,213,0,0.0,0.0,1,,,1,True,True,True,911.9317016601562,368.2787017828147,543.6529998773415,True,True,0,ML-Robust-MPC,135.2498158844364,233.02888589837832,127.49344798950838
529.5,138.41186514636752,233.9575891837296,1,0.0,0.0,0.0,157.13054566990286,0.0,0.15,0.0,0.0,False,0.004097766999620944,0,0,214,0,0.0,0.0,1,,,1,True,True,True,984.7285766601562,372.36945433009714,612.3591223300591,True,True,0,ML-Robust-MPC,138.41186514636752,233.9575891837296,118.87279303455226
535.5,138.5957297899704,232.51733531050093,1,0.0,0.0,0.0,164.38693489952868,0.0,0.15,0.0,0.0,False,0.004130982000788208,0,0,215,0,0.0,0.0,1,,,1,True,True,True,1044.711669921875,371.1130651004713,673.5986048214037,True,True,0,ML-Robust-MPC,138.5957297899704,232.51733531050093,126.9642266509914
546.5,139.31964504169028,233.60782745609416,1,0.0,0.0,0.0,173.57252750221556,0.0,0.15,0.0,0.0,False,0.003977813001256436,0,0,216,0,0.0,0.0,1,,,1,True,True,True,1088.6016845703125,372.92747249778444,715.674212072528,True,True,0,ML-Robust-MPC,139.31964504169028,233.60782745609416,120.25840023699756
587.5,140.242574538141,232.25191410132788,1,0.0,0.0,0.0,215.0055113605311,0.0,0.15,0.0,0.0,False,0.004002267000032589,0,0,217,0,0.0,0.0,1,,,1,True,True,True,1126.864013671875,372.4944886394689,754.369525032406,True,True,0,ML-Robust-MPC,140.242574538141,232.25191410132788,122.0914484881052
592.0,141.4400040388667,233.8736820454179,1,0.0,0.0,0.0,216.6863139157154,0.0,0.15,0.0,0.0,False,0.004079630001797341,0,0,218,0,0.0,0.0,1,,,1,True,True,True,1185.4228515625,375.3136860842846,810.1091654782153,True,True,0,ML-Robust-MPC,141.4400040388667,233.8736820454179,121.12577601688042
648.0,140.4543223432334,237.2350261663281,1,0.0,0.0,0.0,270.3106514904385,0.0,0.15,0.0,0.0,False,0.004025500995339826,0,0,219,0,0.0,0.0,1,,,1,True,True,True,1201.936767578125,377.6893485095615,824.2474190685634,True,True,0,ML-Robust-MPC,140.4543223432334,237.2350261663281,119.19391193027434
698.5,141.33115266169045,238.6269610319374,1,0.0,0.0,0.0,318.54188630637213,0.0,0.15,0.0,0.0,False,0.004017938998003956,0,0,220,0,0.0,0.0,1,,,1,True,True,True,1214.039794921875,379.95811369362787,834.0816812282471,True,True,0,ML-Robust-MPC,141.33115266169045,238.6269610319374,117.7823760296126
744.0,140.0598705168082,240.5766637447013,2,0.0,0.0,0.0,363.3634657384905,0.0,0.15,0.0,0.0,False,0.004263514005288016,1,0,221,0,0.0,0.0,1,,,2,True,True,False,1228.498046875,380.0598705168082,848.4381763581919,True,True,0,ML-Robust-MPC,140.0598705168082,240.5766637447013,118.86342537046131
819.5,139.12607237189883,238.81073845118044,1,0.0,0.0,0.0,441.56318917692073,0.0,0.15,0.0,0.0,False,0.003857454998069443,0,0,222,0,0.0,0.0,1,,,1,True,True,True,1247.659912109375,377.93681082307927,869.7231012862958,True,True,0,ML-Robust-MPC,139.12607237189883,238.81073845118044,114.22318130449918
879.5,138.8746782461984,240.9430792449456,2,0.0,0.0,0.0,499.682242508856,0.0,0.15,0.0,0.0,False,0.00435908799408935,1,0,223,0,0.0,0.0,1,,,2,True,True,False,1248.5350341796875,378.8746782461984,869.6603559334891,True,True,0,ML-Robust-MPC,138.8746782461984,240.9430792449456,126.41344666086904
914.0,139.07765595349036,241.02844641391684,2,0.0,0.0,0.0,533.8938976325928,0.0,0.15,0.0,0.0,False,0.008493829998769797,0,0,224,0,0.0,0.0,1,,,2,True,True,False,1246.1793212890625,379.07765595349036,867.1016653355721,True,True,0,ML-Robust-MPC,139.07765595349036,241.02844641391684,122.72491825338938
1010.5,141.16385888169583,241.1456164395545,2,0.0,0.0,0.0,628.1905246787496,0.0,0.15,0.0,0.0,False,0.008270717997220345,0,0,225,0,0.0,0.0,1,,,2,True,True,False,1242.734619140625,381.16385888169583,861.5707602589291,True,True,0,ML-Robust-MPC,141.16385888169583,241.1456164395545,124.72136243119598
1022.0,139.3949422170488,242.0449279001794,2,0.0,0.0,0.0,640.5601298827718,0.0,0.15,0.0,0.0,False,0.007951027997478377,0,0,226,0,0.0,0.0,1,,,2,True,True,False,1239.169921875,379.39494221704877,859.7749796579512,True,True,0,ML-Robust-MPC,139.3949422170488,242.0449279001794,125.86276395790432
1103.0,143.09580399643056,240.8637807706025,2,0.0,0.0,0.0,719.040415232967,0.0,0.15,0.0,0.0,False,0.009006615000544116,0,0,227,0,0.0,0.0,1,,,2,True,True,False,1222.539794921875,383.09580399643056,839.4439909254445,True,True,0,ML-Robust-MPC,143.09580399643056,240.8637807706025,128.3521290244155
1189.0,143.70037203357467,238.95890885210224,1,0.0,0.0,0.0,806.3407191143231,0.0,0.15,0.0,0.0,False,0.004057673999341205,0,0,228,0,0.0,0.0,1,,,1,True,True,True,1237.76416015625,382.65928088567694,855.1048792705731,True,True,0,ML-Robust-MPC,143.70037203357467,238.95890885210224,114.54738466258132
1248.0,141.78840667144385,238.4416628650424,1,0.0,0.0,0.0,867.7699304635138,0.0,0.15,0.0,0.0,False,0.003907471997081302,0,0,229,0,0.0,0.0,1,,,1,True,True,True,1250.85400390625,380.2300695364862,870.6239343697638,True,True,0,ML-Robust-MPC,141.78840667144385,238.4416628650424,103.59078507992376
1252.0,1143.5583371349576,208.4416628650424,1,-100.0,100.0,0.0,0.0,0.0,0.15099206349206348,0.0,100.0,False,0.003659059999336023,0,0,230,0,0.0,0.0,1,,,0,True,False,False,1271.310546875,1432.6592113801482,-161.34866450514824,True,True,0,ML-Robust-MPC,1192.6592113801482,798.9952163828643,500.0
1243.5,1074.8083371349608,238.4416628650424,1,-69.75000000000286,69.75000000000286,0.0,0.0,0.0,0.15168402777777779,30.249999999997144,69.75000000000286,False,0.005144570997799747,0,0,231,0,0.0,0.0,1,,,0,True,False,False,1252.0,1432.5251862713,-180.52518627130007,True,True,0,ML-Robust-MPC,1192.5251862713,797.4735413845083,500.0
1160.5,950.3501730724564,240.0,1,-29.850173072456414,29.850173072456414,0.0,0.0,0.0,0.1519801604471474,70.14982692754359,29.850173072456414,False,0.004740447999211028,0,0,232,0,0.0,0.0,1,,,0,True,False,False,1243.5,1429.969298894828,-186.46929889482794,True,True,0,ML-Robust-MPC,1189.969298894828,797.5116355616796,500.0
1104.0,1047.1225625521058,0.0,0,56.87743744789424,0.0,56.87743744789424,0.0,0.0,0.15135494128687949,100.0,0.0,False,0.005631641994114034,0,1,233,0,0.0,0.0,1,,,0,True,False,False,1160.5,1430.3545128461492,-269.8545128461492,True,True,0,ML-Robust-MPC,1190.3545128461492,798.4280272543699,500.0
1031.5,1045.277587890624,0.0,0,-13.777587890623977,13.777587890623977,0.0,0.0,0.0,0.15149162370642932,86.22241210937602,13.777587890623977,False,0.00455737799347844,0,0,234,0,0.0,0.0,1,,,0,True,False,False,1104.0,1428.8471131844012,-324.8471131844012,True,True,0,ML-Robust-MPC,1188.8471131844012,799.521303254327,499.33390471259577
991.0,966.6456829833986,0.0,0,24.354317016601414,0.0,24.354317016601414,0.0,0.0,0.15122391147611008,100.0,0.0,False,0.005771819996880367,0,0,235,0,0.0,0.0,1,,,0,True,False,False,1031.5,1429.2316039705884,-397.73160397058837,True,True,0,ML-Robust-MPC,1189.2316039705884,798.1398066428224,499.1485614911146
910.0,949.6316528320317,0.0,0,-39.63165283203166,39.63165283203166,0.0,0.0,0.0,0.15161708263515802,60.36834716796834,39.63165283203166,False,0.003936836998036597,0,0,236,0,0.0,0.0,1,,,0,True,False,False,991.0,1430.6514115741338,-439.6514115741338,True,True,0,ML-Robust-MPC,1190.6514115741338,798.6193307187482,497.261351258584
861.5,842.5169181823726,0.0,0,18.983081817627465,0.0,18.983081817627465,0.0,0.0,0.1514084131344586,100.0,0.0,False,0.004681066995544825,0,0,237,0,0.0,0.0,1,,,0,True,False,False,910.0,1434.1616903722868,-524.1616903722868,True,True,0,ML-Robust-MPC,1194.1616903722868,797.7885369886299,498.9030111927445
817.5,814.6452636718752,0.0,0,2.854736328124744,0.0,2.854736328124744,0.0,0.0,0.15137703275007522,100.0,0.0,False,0.004808295998373069,0,0,238,0,0.0,0.0,1,,,0,True,False,False,861.5,1432.541736699296,-571.041736699296,True,True,0,ML-Robust-MPC,1192.541736699296,797.6004874689002,499.3859137346636
755.5,772.9891967773442,0.0,0,-17.489196777344205,17.489196777344205,0.0,0.0,0.0,0.1515505366863584,82.5108032226558,17.489196777344205,False,0.004428875996381976,0,0,239,0,0.0,0.0,1,,,0,True,False,False,817.5,1429.5680787944973,-612.0680787944973,True,True,0,ML-Robust-MPC,1189.5680787944973,796.2114482508327,498.6711978593253
723.0,702.4808314514156,0.0,0,20.51916854858436,0.0,20.51916854858436,0.0,0.0,0.1513249819162249,100.0,0.0,False,0.004225957993185148,0,0,240,0,0.0,0.0,1,,,0,True,False,False,759.453125,1426.3540086524406,-666.9008836524406,True,True,0,ML-Robust-MPC,1186.3540086524406,792.5284578847447,498.3298840666373
684.5,688.034057617188,0.0,0,-3.534057617187912,3.534057617187912,0.0,0.0,0.0,0.1513600420116335,96.46594238281209,3.534057617187912,False,0.003982150999945588,0,0,241,0,0.0,0.0,1,,,0,True,False,False,723.0,1426.3555924883497,-703.3555924883497,True,True,0,ML-Robust-MPC,1186.3555924883497,791.5997697499818,497.8498800797316
670.0,646.5375637817392,0.0,0,23.46243621826075,0.0,23.46243621826075,0.0,0.0,0.15110213368579412,100.0,0.0,False,0.004451093998795841,0,0,242,0,0.0,0.0,1,,,0,True,False,False,684.5,1425.815318763676,-741.315318763676,True,True,0,ML-Robust-MPC,1185.815318763676,792.2003692644942,497.5079011550754
648.5,652.080627441406,0.0,0,-3.58062744140598,3.58062744140598,0.0,0.0,0.0,0.1511376557834271,96.41937255859402,3.58062744140598,False,0.003608803999668453,0,0,243,0,0.0,0.0,1,,,0,True,False,False,670.0,1426.5934600080343,-756.5934600080343,True,True,0,ML-Robust-MPC,1186.5934600080343,792.9591739115845,496.2734071728962
588.0,628.0349021911621,0.0,0,-40.03490219116216,40.03490219116216,0.0,0.0,0.0,0.15153482743214897,59.96509780883784,40.03490219116216,False,0.0038576929946430027,0,0,244,0,0.0,0.0,1,,,0,True,False,False,648.5,1425.6137085969333,-777.1137085969333,True,True,0,ML-Robust-MPC,1185.6137085969333,792.9008980192885,496.0522921614784
572.0,542.35274378395,0.0,0,29.64725621605001,0.0,29.64725621605001,0.0,0.0,0.15120893313262768,100.0,0.0,False,0.004918002996419091,0,0,245,0,0.0,0.0,1,,,0,True,False,False,589.3067016601562,1425.8101387341806,-836.5034370740243,True,True,0,ML-Robust-MPC,1185.8101387341806,794.472986816831,495.0159605022277
525.0,554.1849365234383,0.0,0,-29.18493652343828,29.18493652343828,0.0,0.0,0.0,0.1514984662330586,70.81506347656172,29.18493652343828,False,0.003987722004239913,0,0,246,0,0.0,0.0,1,,,0,True,False,False,572.0,1426.854852618423,-854.8548526184229,True,True,0,ML-Robust-MPC,1186.854852618423,791.8338330482637,495.7094322987636
522.5,489.6579702758802,0.0,0,32.84202972411981,0.0,32.84202972411981,0.0,0.0,0.15113745372674764,100.0,0.0,False,0.004778775000886526,0,0,247,0,0.0,0.0,1,,,0,True,False,False,538.14794921875,1427.930291455013,-889.782342236263,True,True,0,ML-Robust-MPC,1187.930291455013,792.1018131714684,496.23118640868194
478.0,515.1868896484383,0.0,0,-37.18688964843827,37.18688964843827,0.0,0.0,0.0,0.15150637128278374,62.81311035156173,37.18688964843827,False,0.003923125994333532,0,0,248,0,0.0,0.0,1,,,0,True,False,False,524.49267578125,1427.5432444729956,-903.0505686917456,True,True,0,ML-Robust-MPC,1187.5432444729956,794.3145541679567,496.34060112521496
474.0,445.5053909301751,0.0,0,28.49460906982489,0.0,28.49460906982489,0.0,0.0,0.15119314733398823,100.0,0.0,False,0.0037306070007616654,0,0,249,0,0.0,0.0,1,,,0,True,False,False,490.3600769042969,1429.6845629991049,-939.324486094808,True,True,0,ML-Robust-MPC,1189.6845629991049,796.2475283382955,497.532293788613
452.0,466.0939636230477,0.0,0,-14.093963623047728,14.093963623047728,0.0,0.0,0.0,0.1513329684016772,85.90603637695227,14.093963623047728,False,0.003993646998424083,0,0,250,0,0.0,0.0,1,,,0,True,False,False,474.7239990234375,1436.0221825313777,-961.2981835079402,True,True,0,ML-Robust-MPC,1196.0221825313777,798.9813632149821,495.3216638878261
420.5,433.8551795196521,0.0,0,-13.355179519652069,13.355179519652069,0.0,0.0,0.0,0.1514654602619912,86.64482048034793,13.355179519652069,False,0.004142038997088093,0,0,251,0,0.0,0.0,1,,,0,True,False,False,453.169189453125,1437.6518449792495,-984.4826555261245,True,True,0,ML-Robust-MPC,1197.6518449792495,800.6157689004759,493.3699611810002
431.0,397.6841490461358,0.0,0,33.315850953864185,0.0,33.315850953864185,0.0,0.0,0.15109923932638614,100.0,0.0,False,0.003856018003716599,0,0,252,0,0.0,0.0,1,,,0,True,False,False,432.51678466796875,1436.7933171812065,-1004.2765325132377,True,True,0,ML-Robust-MPC,1196.7933171812065,800.4766728887383,493.0779988005648
387.5,433.29504394531244,0.0,0,-45.79504394531244,45.79504394531244,0.0,0.0,0.0,0.15155355523854203,54.20495605468756,45.79504394531244,False,0.004223447998811025,0,0,253,0,0.0,0.0,1,,,0,True,False,False,431.0,1435.9765330477967,-1004.9765330477967,True,True,0,ML-Robust-MPC,1195.9765330477967,798.2252753876462,492.2257958663064
408.0,368.79655975341683,0.0,0,39.20344024658317,0.0,39.20344024658317,0.0,0.0,0.1511226156060553,100.0,0.0,False,0.004610661002516281,0,0,254,0,0.0,0.0,1,,,0,True,False,False,411.3711242675781,1437.9860673372727,-1026.6149430696946,True,True,0,ML-Robust-MPC,1197.9860673372727,797.2723286474026,492.13518252616615
406.5,413.0557556152331,0.0,0,-6.55575561523311,6.55575561523311,0.0,0.0,0.0,0.15118765286414293,93.44424438476689,6.55575561523311,False,0.004136357005336322,0,0,255,0,0.0,0.0,1,,,0,True,False,False,423.8815002441406,1434.407358235757,-1010.5258579916165,True,True,0,ML-Robust-MPC,1194.407358235757,795.1706031447459,494.1359738086854
384.0,405.21294715881396,0.0,0,-21.21294715881396,21.21294715881396,0.0,0.0,0.0,0.15139809876849625,78.78705284118604,21.21294715881396,False,0.00380303699785145,0,0,256,0,0.0,0.0,1,,,0,True,False,False,440.54937744140625,1433.1586767662357,-992.6092993248294,True,True,0,ML-Robust-MPC,1193.1586767662357,792.9747212776497,493.02925828765547
426.0,398.8121588323589,0.0,0,27.187841167641125,0.0,27.187841167641125,0.0,0.0,0.15109923932638614,100.0,0.0,False,0.004690633999416605,0,0,257,0,0.0,0.0,1,,,0,True,False,False,435.70465087890625,1434.8435322526525,-999.1388813737462,True,True,0,ML-Robust-MPC,1194.8435322526525,794.8555858288607,492.3187104381701
414.0,425.26834106445295,0.0,0,-11.268341064452954,11.268341064452954,0.0,0.0,0.0,0.15121102842424777,88.73165893554705,11.268341064452954,False,0.0036759340000571683,0,0,258,0,0.0,0.0,1,,,0,True,False,False,460.3948974609375,1436.400193382945,-976.0052959220075,True,True,0,ML-Robust-MPC,1196.400193382945,794.1264501878454,492.5495054583041
405.5,411.6808470916749,0.0,0,-6.180847091674849,6.180847091674849,0.0,0.0,0.0,0.15127234635174455,93.81915290832515,6.180847091674849,False,0.003856921997794416,0,0,259,0,0.0,0.0,1,,,0,True,False,False,472.1448974609375,1432.8166567111516,-960.6717592502141,True,True,0,ML-Robust-MPC,1192.8166567111516,794.2081149064632,492.3357929060719
409.0,401.812379905891,0.0,0,7.187620094108979,0.0,7.187620094108979,0.0,0.0,0.15119333720503889,100.0,0.0,False,0.004801406001206487,0,0,260,0,0.0,0.0,1,,,0,True,False,False,489.5411682128906,1433.729691709041,-944.1885234961503,True,True,0,ML-Robust-MPC,1193.729691709041,795.5373651404739,492.0403680356357
387.0,411.58505249023324,0.0,0,-24.585052490233238,24.585052490233238,0.0,0.0,0.0,0.15143723653529914,75.41494750976676,24.585052490233238,False,0.004879056999925524,0,0,261,0,0.0,0.0,1,,,0,True,False,False,507.4085693359375,1431.6233626922738,-924.2147933563363,True,True,0,ML-Robust-MPC,1191.6233626922738,795.1791640776016,492.24204277729496
377.5,379.5575345611567,0.0,0,-2.0575345611566718,2.0575345611566718,0.0,0.0,0.0,0.15145764858451696,97.94246543884333,2.0575345611566718,False,0.0040881539971451275,0,0,262,0,0.0,0.0,1,,,0,True,False,False,508.418212890625,1433.6007252517174,-925.1825123610924,True,True,0,ML-Robust-MPC,1193.6007252517174,794.9298282092941,492.3887215023761
404.5,372.0292534185411,0.0,0,32.47074658145888,0.0,32.47074658145888,0.0,0.0,0.15110071736852237,100.0,0.0,False,0.004100213998754043,0,0,263,0,0.0,0.0,1,,,0,True,False,False,516.7140502929688,1438.028373985636,-921.3143236926674,True,True,0,ML-Robust-MPC,1198.028373985636,793.9116667855304,493.6226952959802
410.5,416.10345458984455,0.0,0,-5.603454589844546,5.603454589844546,0.0,0.0,0.0,0.15115630719580259,94.39654541015545,5.603454589844546,False,0.004947948997141793,0,0,264,0,0.0,0.0,1,,,0,True,False,False,537.0963134765625,1439.8523305164615,-902.756017039899,True,True,0,ML-Robust-MPC,1199.8523305164615,794.7719316845938,495.23557737492513
386.5,418.0943714904779,0.0,0,-31.594371490477897,31.594371490477897,0.0,0.0,0.0,0.15146974342090652,68.4056285095221,31.594371490477897,False,0.004814845000510104,0,0,265,0,0.0,0.0,1,,,0,True,False,False,551.8208618164062,1437.823091338351,-886.0022295219449,True,True,0,ML-Robust-MPC,1197.823091338351,793.9125719480076,495.0833448469581
426.0,392.29450151329144,0.0,0,33.705498486708564,0.0,33.705498486708564,0.0,0.0,0.15109923932638614,100.0,0.0,False,0.004622685999493115,0,0,266,0,0.0,0.0,1,,,0,True,False,False,563.2211303710938,1439.938136743678,-876.7170063725841,True,True,0,ML-Robust-MPC,1199.938136743678,792.7518531649044,494.1852415443346
416.0,435.49450683593744,0.0,0,-19.494506835937443,19.494506835937443,0.0,0.0,0.0,0.1512926372116633,80.50549316406256,19.494506835937443,False,0.004245195006660651,0,0,267,0,0.0,0.0,1,,,0,True,False,False,615.5150146484375,1440.4702433146772,-824.9552286662397,True,True,0,ML-Robust-MPC,1200.4702433146772,796.2735532834051,493.6375794511853
423.5,418.0905337524403,0.0,0,5.409466247559692,0.0,5.409466247559692,0.0,0.0,0.15123317423132254,100.0,0.0,False,0.004927011999825481,0,0,268,0,0.0,0.0,1,,,0,True,False,False,642.25439453125,1442.445538772217,-800.1911442409671,True,True,0,ML-Robust-MPC,1202.445538772217,796.846675541324,494.1893132895642
448.0,435.81567382812517,0.0,0,12.18432617187483,0.0,12.18432617187483,0.0,0.0,0.15109923932638614,100.0,0.0,False,0.004241710004862398,0,0,269,0,0.0,0.0,1,,,0,True,False,False,657.1935424804688,1440.994660653676,-783.8011181732072,True,True,0,ML-Robust-MPC,1200.994660653676,794.6045450522939,494.6627602593664
433.5,462.6995239257812,0.0,0,-29.199523925781193,29.199523925781193,0.0,0.0,0.0,0.15138891714311015,70.8004760742188,29.199523925781193,False,0.0037368550038081594,0,0,270,0,0.0,0.0,1,,,0,True,False,False,706.65625,1444.458809240521,-737.8025592405211,True,True,0,ML-Robust-MPC,1204.458809240521,794.946375412528,494.4526380028602
465.5,439.1474296569833,0.0,0,26.35257034301668,0.0,26.35257034301668,0.0,0.0,0.15109923932638614,100.0,0.0,False,0.005825327003549319,0,0,271,0,0.0,0.0,1,,,0,True,False,False,724.1441040039062,1442.3897175686905,-718.2456135647842,True,True,0,ML-Robust-MPC,1202.3897175686905,791.7155132856002,493.4473856644
464.0,483.39984130859364,0.0,0,-19.399841308593636,19.399841308593636,0.0,0.0,0.0,0.15129169806952694,80.60015869140636,19.399841308593636,False,0.003883115998178255,0,0,272,0,0.0,0.0,1,,,0,True,False,False,783.0542602539062,1444.9452649802456,-661.8910047263394,True,True,0,ML-Robust-MPC,1204.9452649802456,790.1988575876396,494.6869010085563
518.0,500.49164321899457,0.0,0,17.508356781005432,0.0,17.508356781005432,0.0,0.0,0.15109923932638614,100.0,0.0,False,0.004288192001695279,0,0,273,0,0.0,0.0,1,,,0,True,False,False,799.4652099609375,1444.426723195759,-644.9615132348215,True,True,0,ML-Robust-MPC,1204.426723195759,792.4375155572639,495.1976615953274
531.0,530.9999999999999,0.0,0,1.1368683772161603e-13,0.0,1.1368683772161603e-13,0.0,0.0,0.15109923932638614,100.0,0.0,False,0.00414982000074815,0,0,274,0,0.0,0.0,1,,,0,True,False,False,869.1536254882812,1443.8534733253052,-574.699847837024,True,True,0,ML-Robust-MPC,1203.8534733253052,788.9405788826705,495.5857640204592
536.0,548.9831542968749,0.0,0,-12.983154296874886,12.983154296874886,0.0,0.0,0.0,0.1512280404602837,87.01684570312511,12.983154296874886,False,0.004026479000458494,0,0,275,0,0.0,0.0,1,,,0,True,False,False,933.8607788085938,1442.6329649052548,-508.772186096661,True,True,0,ML-Robust-MPC,1202.6329649052548,786.4842703891646,496.050001890717
543.0,554.4493292236325,0.0,0,-11.449329223632517,11.449329223632517,0.0,0.0,0.0,0.15134162507559754,88.55067077636748,11.449329223632517,False,0.005494953999004792,0,0,276,0,0.0,0.0,1,,,0,True,False,False,971.0419921875,1441.6360849087928,-470.5940927212928,True,True,0,ML-Robust-MPC,1201.6360849087928,790.5306903195731,496.2273944059488
567.0,559.635840849303,0.0,0,7.364159150697006,0.0,7.364159150697006,0.0,0.0,0.1512606753421554,100.0,0.0,False,0.003728037998371292,0,0,277,0,0.0,0.0,1,,,0,True,False,False,1043.73388671875,1446.2913520679597,-402.5574653492097,True,True,0,ML-Robust-MPC,1206.2913520679597,788.4543888710347,497.1884426632966
558.5,605.5476068067587,0.0,0,-47.04760680675872,47.04760680675872,0.0,0.0,0.0,0.15172741747317484,52.95239319324128,47.04760680675872,False,0.003768297996430192,0,0,278,0,0.0,0.0,1,,,0,True,False,False,1087.8387451171875,1443.8801275682424,-356.0413824510549,True,True,0,ML-Robust-MPC,1203.8801275682424,785.287221885064,498.4496189564487
639.5,629.4468860119863,0.0,0,10.05311398801372,0.0,10.05311398801372,0.0,0.0,0.15161690969069216,100.0,0.0,False,0.005907452999963425,0,0,279,0,0.0,0.0,1,,,0,True,False,False,1118.03515625,1440.3808568527263,-322.3457006027263,True,True,0,ML-Robust-MPC,1200.3808568527263,782.1996467371982,498.6219878381515
616.5,716.5,0.0,0,-100.0,100.0,0.0,0.0,0.0,0.15260897318275565,0.0,100.0,False,0.0039715619932394475,0,0,280,0,0.0,0.0,1,,,0,True,False,False,1187.8482666015625,1440.489112102614,-252.64084550105144,True,True,0,ML-Robust-MPC,1200.489112102614,779.655381035154,498.637553922876
653.5,753.5,0.0,0,-100.0,100.0,0.0,0.0,0.0,0.15360103667481914,0.0,100.0,False,0.004299256004742347,0,0,281,0,0.0,0.0,1,,,0,True,False,False,1193.6295166015625,1441.6963950360291,-248.06687843446662,True,True,0,ML-Robust-MPC,1201.6963950360291,781.6087514217077,497.98684849041774
719.0,819.0,0.0,0,-100.0,100.0,0.0,0.0,0.0,0.15459310016688263,0.0,100.0,False,0.004614305995346513,0,0,282,0,0.0,0.0,1,,,0,True,False,False,1209.401611328125,1442.0305115617618,-232.62890023363684,True,True,0,ML-Robust-MPC,1202.0305115617618,783.3972742411335,497.0026963526612
753.0,842.9769912092963,0.0,0,-89.9769912092963,89.9769912092963,0.0,0.0,0.0,0.15548572904792723,10.023008790703699,89.9769912092963,False,0.005422754999017343,0,0,283,0,0.0,0.0,1,,,0,True,False,False,1200.9423828125,1443.4434928552494,-242.50111004274936,True,True,0,ML-Robust-MPC,1203.4434928552494,781.7043194765564,496.9400129941424
792.0,892.0,0.0,0,-100.0,100.0,0.0,0.0,0.0,0.15647779253999072,0.0,100.0,False,0.0041215450037270784,0,0,284,0,0.0,0.0,1,,,0,True,False,False,1225.0078125,1442.4774787999386,-217.46966629993858,True,True,0,ML-Robust-MPC,1202.4774787999386,781.2060033731264,496.2331661063434
808.0,908.0,0.0,0,-100.0,100.0,0.0,0.0,0.0,0.1574698560320542,0.0,100.0,False,0.0041956280037993565,0,0,285,0,0.0,0.0,1,,,0,True,False,False,1229.352294921875,1438.7876113003667,-209.43531637849173,True,True,0,ML-Robust-MPC,1198.7876113003667,781.7867928747525,496.7006069441526
865.5,965.5,0.0,0,-100.0,100.0,0.0,0.0,0.0,0.1584619195241177,0.0,100.0,False,0.004242465998686384,0,0,286,0,0.0,0.0,1,,,0,True,False,False,1208.386474609375,1440.7410383063216,-232.35456369694657,True,True,0,ML-Robust-MPC,1200.7410383063216,781.9704690442546,497.3306405378368
939.0,1039.0,0.0,0,-100.0,100.0,0.0,0.0,0.0,0.1594539830161812,0.0,100.0,False,0.004268226999556646,0,0,287,0,0.0,0.0,1,,,0,True,False,False,1219.948974609375,1441.2475088134083,-221.29853420403333,True,True,0,ML-Robust-MPC,1201.2475088134083,782.2777434643544,498.4018464931201
1004.0,1104.0,0.0,0,-100.0,100.0,0.0,0.0,0.0,0.16044604650824468,0.0,100.0,False,0.004224175005219877,0,0,288,0,0.0,0.0,1,,,0,True,False,False,1211.802001953125,1444.156562718105,-232.35456076498008,True,True,0,ML-Robust-MPC,1204.156562718105,780.8077653414848,499.8485275029535
1028.5,857.400259336914,0.0,0,171.09974066308598,0.0,171.09974066308598,0.0,0.0,0.15856525087153134,100.0,0.0,False,0.004329554001742508,0,0,289,0,0.0,0.0,1,,,0,True,False,False,1213.6390380859375,1447.7196026819656,-234.08056459602813,True,True,0,ML-Robust-MPC,1207.7196026819656,783.6198871713849,498.4716597201692
1112.5,1207.2747152912698,0.0,0,-94.77471529126979,94.77471529126979,0.0,0.0,0.0,0.15950547622164313,0.0,94.77471529126979,False,0.004149749998759944,0,0,290,0,0.0,0.0,1,,,0,True,False,False,1196.1123046875,1447.2747152912698,-251.16241060376979,True,True,0,ML-Robust-MPC,1207.2747152912698,784.7857077342663,498.1489440617482
1142.5,1206.846583198837,0.0,0,-64.34658319883692,64.34658319883692,0.0,0.0,0.0,0.16014383518194905,0.0,64.34658319883692,False,0.0037499900063266978,0,0,291,0,0.0,0.0,1,,,0,True,False,False,1200.43505859375,1446.846583198837,-246.41152460508692,True,True,0,ML-Robust-MPC,1206.846583198837,785.2544553592547,497.7405687049028
1233.0,878.1399999999996,0.0,0,354.86000000000035,0.0,354.86000000000035,0.0,0.0,0.1562430745083352,100.0,0.0,False,0.00372424500528723,0,0,292,0,0.0,0.0,1,,,0,True,False,False,1182.478515625,1443.9539353339728,-261.4754197089728,True,True,0,ML-Robust-MPC,1203.9539353339728,785.6443769953783,497.10682310146
1238.5,1199.0615873870197,0.0,0,39.43841261298041,0.0,39.43841261298041,0.0,0.0,0.15580955196719087,0.0,0.0,False,0.004059252001752611,0,0,293,0,0.0,0.0,1,,,0,True,False,False,1233.0,1439.0615873870197,-206.0615873870197,True,True,0,ML-Robust-MPC,1199.0615873870197,786.82938071658,498.79874462042176
1204.5,1199.6927500895115,0.0,0,4.807249910488606,0.0,4.807249910488606,0.0,0.0,0.15575670878565712,0.0,0.0,False,0.004042266002215911,0,0,294,0,0.0,0.0,1,,,0,True,False,False,1238.5,1439.6927500895115,-201.1927500895115,True,True,0,ML-Robust-MPC,1199.6927500895115,786.3528048069084,497.62251302870845
1137.0,1198.5871646076296,0.0,0,-61.587164607629575,61.587164607629575,0.0,0.0,0.0,0.15636769256152647,0.0,61.587164607629575,False,0.004248466000717599,0,0,295,0,0.0,0.0,1,,,0,True,False,False,1204.5,1438.5871646076296,-234.08716460762957,True,True,0,ML-Robust-MPC,1198.5871646076296,787.1825263266416,497.7862480464233
1039.5,1139.5,0.0,0,-100.0,100.0,0.0,0.0,0.0,0.15735975605358996,0.0,100.0,False,0.004196801004582085,0,0,296,0,0.0,0.0,1,,,0,True,False,False,1137.0,1440.2964375886668,-303.2964375886668,True,True,0,ML-Robust-MPC,1200.2964375886668,787.7495393031428,499.2519638069556
966.5,1066.5,0.0,0,-100.0,100.0,0.0,0.0,0.0,0.15835181954565344,0.0,100.0,False,0.00374842100427486,0,0,297,0,0.0,0.0,1,,,0,True,False,False,1039.5,1443.1934349196308,-403.6934349196308,True,True,0,ML-Robust-MPC,1203.1934349196308,789.2994023393405,499.4146365317405
952.5,1052.5,0.0,0,-100.0,100.0,0.0,0.0,0.0,0.15934388303771693,0.0,100.0,False,0.004065295004693326,0,0,298,0,0.0,0.0,1,,,0,True,False,False,966.5,1442.4121259829856,-475.9121259829856,True,True,0,ML-Robust-MPC,1202.4121259829856,790.3383325706409,500.0
846.5,946.5,0.0,0,-100.0,100.0,0.0,0.0,0.0,0.16033594652978042,0.0,100.0,False,0.003872499000863172,0,0,299,0,0.0,0.0,1,,,0,True,False,False,952.5,1443.4717860250848,-490.97178602508484,True,True,0,ML-Robust-MPC,1203.4717860250848,791.1396639361182,500.0
843.0,488.13999999999965,0.0,0,354.86000000000035,0.0,354.86000000000035,0.0,0.0,0.15643518585616656,100.0,0.0,False,0.0043130819976795465,0,0,300,0,0.0,0.0,1,,,0,True,False,False,846.5,1443.0393827518114,-596.5393827518114,True,True,0,ML-Robust-MPC,1203.0393827518114,789.4298007749044,500.0
793.5,893.5,0.0,0,-100.0,100.0,0.0,0.0,0.0,0.15742724934823005,0.0,100.0,False,0.004137468000408262,0,0,301,0,0.0,0.0,1,,,0,True,False,False,843.0,1445.4516735274278,-602.4516735274278,True,True,0,ML-Robust-MPC,1205.4516735274278,790.2184697759712,500.0
728.0,828.0,0.0,0,-100.0,100.0,0.0,0.0,0.0,0.15841931284029354,0.0,100.0,False,0.003970254001615103,0,0,302,0,0.0,0.0,1,,,0,True,False,False,793.5,1445.204255802662,-651.7042558026619,True,True,0,ML-Robust-MPC,1205.204255802662,792.891375423124,500.0
697.0,797.0,0.0,0,-100.0,100.0,0.0,0.0,0.0,0.15941137633235702,0.0,100.0,False,0.004756091002491303,0,0,303,0,0.0,0.0,1,,,0,True,False,False,735.0404663085938,1446.1484785330472,-711.1080122244534,True,True,0,ML-Robust-MPC,1206.1484785330472,792.4504875167943,500.0
634.0,734.0,0.0,0,-100.0,100.0,0.0,0.0,0.0,0.1604034398244205,0.0,100.0,False,0.004262721995473839,0,0,304,0,0.0,0.0,1,,,0,True,False,False,702.4559326171875,1444.881099485343,-742.4251668681554,True,True,0,ML-Robust-MPC,1204.881099485343,793.1999758344459,500.0
604.5,275.03111328124965,0.0,0,329.46888671875035,0.0,329.46888671875035,0.0,0.0,0.15678178825340142,100.0,0.0,False,0.004498975002206862,0,0,305,0,0.0,0.0,1,,,0,True,False,False,647.328369140625,1446.2299739106436,-798.9016047700186,True,True,0,ML-Robust-MPC,1206.2299739106436,792.166049826601,500.0
599.5,699.5,0.0,0,-100.0,100.0,0.0,0.0,0.0,0.1577738517454649,0.0,100.0,False,0.004027035000035539,0,0,306,0,0.0,0.0,1,,,0,True,False,False,608.3719482421875,1444.10425849738,-835.7323102551925,True,True,0,ML-Robust-MPC,1204.10425849738,794.0493954891198,500.0
602.0,702.0,0.0,0,-100.0,100.0,0.0,0.0,0.0,0.1587659152375284,0.0,100.0,False,0.004010509997897316,0,0,307,0,0.0,0.0,1,,,0,True,False,False,599.5,1444.4735957548776,-844.9735957548776,True,True,0,ML-Robust-MPC,1204.4735957548776,793.6721623541004,500.0
510.0,610.0,0.0,0,-100.0,100.0,0.0,0.0,0.0,0.15975797872959188,0.0,100.0,False,0.004193902997940313,0,0,308,0,0.0,0.0,1,,,0,True,False,False,602.0,1445.362353107431,-843.3623531074311,True,True,0,ML-Robust-MPC,1205.362353107431,795.5269402281335,500.0
518.0,618.0,0.0,0,-100.0,100.0,0.0,0.0,0.0,0.16075004222165537,0.0,100.0,False,0.004330423005740158,0,0,309,0,0.0,0.0,1,,,0,True,False,False,534.59521484375,1446.228584159923,-911.633369316173,True,True,0,ML-Robust-MPC,1206.228584159923,796.2213268904713,500.0
531.5,176.63999999999965,0.0,0,354.86000000000035,0.0,354.86000000000035,0.0,0.0,0.1568492815480415,100.0,0.0,False,0.0038958139994065277,0,0,310,0,0.0,0.0,1,,,0,True,False,False,522.418701171875,1447.984755570655,-925.5660543987799,True,True,0,ML-Robust-MPC,1207.984755570655,797.3054108146763,500.0
486.0,586.0,0.0,0,-100.0,100.0,0.0,0.0,0.0,0.157841345040105,0.0,100.0,False,0.0042149319997406565,0,0,311,0,0.0,0.0,1,,,0,True,False,False,531.5,1448.921301352161,-917.421301352161,True,True,0,ML-Robust-MPC,1208.921301352161,796.4082021805589,500.0
495.5,595.5,0.0,0,-100.0,100.0,0.0,0.0,0.0,0.15883340853216849,0.0,100.0,False,0.004698435994214378,0,0,312,0,0.0,0.0,1,,,0,True,False,False,499.2814025878906,1446.1725871702029,-946.8911845823122,True,True,0,ML-Robust-MPC,1206.1725871702029,797.6090968707188,500.0
491.0,591.0,0.0,0,-100.0,100.0,0.0,0.0,0.0,0.15982547202423197,0.0,100.0,False,0.004059763996338006,0,0,313,0,0.0,0.0,1,,,0,True,False,False,495.5,1440.7716281186022,-945.2716281186022,True,True,0,ML-Robust-MPC,1200.7716281186022,800.1650958612703,500.0
455.0,555.0,0.0,0,-100.0,100.0,0.0,0.0,0.0,0.16081753551629546,0.0,100.0,False,0.0039371940001728944,0,0,314,0,0.0,0.0,1,,,0,True,False,False,491.0,1440.25158265606,-949.25158265606,True,True,0,ML-Robust-MPC,1200.25158265606,800.6899364742087,500.0
472.0,117.13999999999965,0.0,0,354.86000000000035,0.0,354.86000000000035,0.0,0.0,0.1569167748426816,100.0,0.0,False,0.004016445003799163,0,0,315,0,0.0,0.0,1,,,0,True,False,False,467.29736328125,1440.364477067336,-973.0671137860861,True,True,0,ML-Robust-MPC,1200.364477067336,801.9165173052497,500.0
447.5,547.5,0.0,0,-100.0,100.0,0.0,0.0,0.0,0.1579088383347451,0.0,100.0,False,0.0036448159953579307,0,0,316,0,0.0,0.0,1,,,0,True,False,False,472.0,1440.845998499386,-968.845998499386,True,True,0,ML-Robust-MPC,1200.845998499386,801.3647150979974,500.0
441.5,541.5,0.0,0,-100.0,100.0,0.0,0.0,0.0,0.15890090182680858,0.0,100.0,False,0.004176993999863043,0,0,317,0,0.0,0.0,1,,,0,True,False,False,461.5082092285156,1439.8421210003437,-978.3339117718281,True,True,0,ML-Robust-MPC,1199.8421210003437,799.1671126059485,500.0
462.5,550.6832434082022,0.0,0,-88.1832434082022,88.1832434082022,0.0,0.0,0.0,0.15977573559077884,11.816756591797798,88.1832434082022,False,0.0040977609969559126,0,0,318,0,0.0,0.0,1,,,0,True,False,False,456.112060546875,1439.64193637189,-983.5298758250151,True,True,0,ML-Robust-MPC,1199.64193637189,798.0856435262381,500.0
419.0,519.0,0.0,0,-100.0,100.0,0.0,0.0,0.0,0.16076779908284233,0.0,100.0,False,0.004353828997409437,0,0,319,0,0.0,0.0,1,,,0,True,False,False,462.5,1433.202693431325,-970.7026934313251,True,True,0,ML-Robust-MPC,1193.202693431325,798.1237845235695,499.3602224222562
410.0,100.0,0.0,0,310.0,0.0,310.0,0.0,0.0,0.1573601571710453,100.0,0.0,False,0.004293013997084927,0,0,320,0,0.0,0.0,1,,,0,True,False,False,456.7711486816406,1433.9375907779288,-977.1664420962882,True,True,0,ML-Robust-MPC,1193.9375907779288,801.4944254057064,498.4639399220757
398.5,489.028580322265,0.0,0,-90.52858032226499,90.52858032226499,0.0,0.0,0.0,0.15825825816630584,9.471419677735014,90.52858032226499,False,0.003772859003220219,0,0,321,0,0.0,0.0,1,,,0,True,False,False,444.2363586425781,1433.1309446084488,-988.8945859658706,True,True,0,ML-Robust-MPC,1193.1309446084488,802.7322049056024,496.74483062523103
405.0,473.7038427734369,0.0,0,-68.70384277343692,68.70384277343692,0.0,0.0,0.0,0.1589398439081058,31.296157226563082,68.70384277343692,False,0.004283142996428069,0,0,322,0,0.0,0.0,1,,,0,True,False,False,444.1247863769531,1432.374348785827,-988.2495624088738,True,True,0,ML-Robust-MPC,1192.374348785827,802.6121537423118,497.2222044501927
391.0,475.3275915527338,0.0,0,-84.3275915527338,84.3275915527338,0.0,0.0,0.0,0.1597764271576369,15.672408447266207,84.3275915527338,False,0.004225484000926372,0,0,323,0,0.0,0.0,1,,,0,True,False,False,444.8384094238281,1432.1193863742103,-987.2809769503822,True,True,0,ML-Robust-MPC,1192.1193863742103,801.9788277097932,494.9211108320189
463.0,513.4592138671883,0.0,0,-50.45921386718828,50.45921386718828,0.0,0.0,0.0,0.16027701459679553,49.54078613281172,50.45921386718828,False,0.004129837005166337,0,0,324,0,0.0,0.0,1,,,0,True,False,False,452.716064453125,1432.047353097958,-979.331288644833,True,True,0,ML-Robust-MPC,1192.047353097958,801.5574607814716,491.95002584209067
417.0,100.0,0.0,0,317.0,0.0,317.0,0.0,0.0,0.15679242593215145,100.0,0.0,False,0.0039013109999359585,0,0,325,0,0.0,0.0,1,,,0,True,False,False,508.8290710449219,1429.0028307992784,-920.1737597543565,True,True,0,ML-Robust-MPC,1189.0028307992784,801.3133293736897,492.2495771128737
416.0,498.13002075195254,0.0,0,-82.13002075195254,82.13002075195254,0.0,0.0,0.0,0.15760720788405574,17.869979248047457,82.13002075195254,False,0.0041362570045748726,0,0,326,0,0.0,0.0,1,,,0,True,False,False,494.7295227050781,1429.3414337309534,-934.6119110258753,True,True,0,ML-Robust-MPC,1189.3414337309534,801.0832121133195,493.952508513014
445.0,519.4839331054728,0.0,0,-74.48393310547283,74.48393310547283,0.0,0.0,0.0,0.15834613579184814,25.51606689452717,74.48393310547283,False,0.004169576997810509,0,0,327,0,0.0,0.0,1,,,0,True,False,False,528.5328369140625,1425.6018206479337,-897.0689837338712,True,True,0,ML-Robust-MPC,1185.6018206479337,801.3156859293507,494.19931236208606
419.5,519.5,0.0,0,-100.0,100.0,0.0,0.0,0.0,0.15933819928391163,0.0,100.0,False,0.004016550999949686,0,0,328,0,0.0,0.0,1,,,0,True,False,False,552.6181640625,1426.249022805423,-873.630858742923,True,True,0,ML-Robust-MPC,1186.249022805423,801.3868521057702,493.92257979927473
431.5,521.7929235839833,0.0,0,-90.29292358398334,90.29292358398334,0.0,0.0,0.0,0.1602339624147051,9.707076416016662,90.29292358398334,False,0.005901828997593839,0,0,329,0,0.0,0.0,1,,,0,True,False,False,581.0675048828125,1426.0979913798665,-845.030486497054,True,True,0,ML-Robust-MPC,1186.0979913798665,802.9268326139114,493.7306485692234
403.0,100.0,0.0,0,303.0,0.0,303.0,0.0,0.0,0.1569032672557551,100.0,0.0,False,0.004182581003988162,0,0,330,0,0.0,0.0,1,,,0,True,False,False,641.5761108398438,1425.7540028716762,-784.1778920318325,True,True,0,ML-Robust-MPC,1185.7540028716762,804.5549507590474,492.7382404044336
447.0,531.7553259277324,0.0,0,-84.75532592773243,84.75532592773243,0.0,0.0,0.0,0.15774409390186356,15.244674072267571,84.75532592773243,False,0.0041696779953781515,0,0,331,0,0.0,0.0,1,,,0,True,False,False,667.3463134765625,1425.5297375951843,-758.1834241186218,True,True,0,ML-Robust-MPC,1185.5297375951843,803.8937531197668,493.2294548936153
418.5,518.5,0.0,0,-100.0,100.0,0.0,0.0,0.0,0.15873615739392705,0.0,100.0,False,0.004115720999834593,0,0,332,0,0.0,0.0,1,,,0,True,False,False,694.8135375976562,1423.92879407773,-729.1152564800736,True,True,0,ML-Robust-MPC,1183.92879407773,802.7272477404625,493.0556570061567
420.0,520.0,0.0,0,-100.0,100.0,0.0,0.0,0.0,0.15972822088599054,0.0,100.0,False,0.0059329529976821505,0,0,333,0,0.0,0.0,1,,,0,True,False,False,735.5619506835938,1427.6831789344917,-692.121228250898,True,True,0,ML-Robust-MPC,1187.6831789344917,801.8404593811474,492.35917276198353
471.5,571.5,0.0,0,-100.0,100.0,0.0,0.0,0.0,0.16072028437805402,0.0,100.0,False,0.003937547997338697,0,0,334,0,0.0,0.0,1,,,0,True,False,False,739.3702392578125,1427.74900574816,-688.3787664903475,True,True,0,ML-Robust-MPC,1187.74900574816,802.0214627995399,492.3827869703007
433.0,121.57496704101527,0.0,0,311.42503295898473,0.0,311.42503295898473,0.0,0.0,0.15729697794355788,100.0,0.0,False,0.004564875998767093,0,0,335,0,0.0,0.0,1,,,0,True,False,False,809.572509765625,1431.8257071957637,-622.2531974301387,True,True,0,ML-Robust-MPC,1191.8257071957637,800.784558249939,490.4136714645846
458.0,558.0,0.0,0,-100.0,100.0,0.0,0.0,0.0,0.15828904143562136,0.0,100.0,False,0.004719466996903066,0,0,336,0,0.0,0.0,1,,,0,True,False,False,802.3134155273438,1431.947212047168,-629.6337965198243,True,True,0,ML-Robust-MPC,1191.947212047168,799.8586567973857,490.2443831739207
462.5,562.5,0.0,0,-100.0,100.0,0.0,0.0,0.0,0.15928110492768485,0.0,100.0,False,0.004515282002103049,0,0,337,0,0.0,0.0,1,,,0,True,False,False,845.2174072265625,1431.7271048861764,-586.509697659614,True,True,0,ML-Robust-MPC,1191.7271048861764,800.5638187942262,490.5291748929744
478.0,578.0,0.0,0,-100.0,100.0,0.0,0.0,0.0,0.16027316841974834,0.0,100.0,False,0.003918902002624236,0,0,338,0,0.0,0.0,1,,,0,True,False,False,886.22119140625,1430.9143898209352,-544.6931984146852,True,True,0,ML-Robust-MPC,1190.9143898209352,797.664045841014,491.42198695411184
497.0,157.46141113281215,0.0,0,339.53858886718785,0.0,339.53858886718785,0.0,0.0,0.15654082672266365,100.0,0.0,False,0.0042825749987969175,0,0,339,0,0.0,0.0,1,,,0,True,False,False,938.9180908203125,1429.136537988676,-490.2184471683636,True,True,0,ML-Robust-MPC,1189.136537988676,796.8940215199118,492.5239998064927
507.0,607.0,0.0,0,-100.0,100.0,0.0,0.0,0.0,0.15753289021472713,0.0,100.0,False,0.004296935003367253,0,0,340,0,0.0,0.0,1,,,0,True,False,False,985.87353515625,1429.3512694600345,-443.4777343037845,True,True,0,ML-Robust-MPC,1189.3512694600345,798.6008091468581,491.31296295392127
566.5,666.5,0.0,0,-100.0,100.0,0.0,0.0,0.0,0.15852495370679062,0.0,100.0,False,0.004244225005095359,0,0,341,0,0.0,0.0,1,,,0,True,False,False,1040.2325439453125,1428.9840102328585,-388.751466287546,True,True,0,ML-Robust-MPC,1188.9840102328585,799.0165231821484,491.8345492602536
592.0,692.0,0.0,0,-100.0,100.0,0.0,0.0,0.0,0.1595170171988541,0.0,100.0,False,0.004264333998435177,0,0,342,0,0.0,0.0,1,,,0,True,False,False,1112.670654296875,1431.5778723494625,-318.9072180525875,True,True,0,ML-Robust-MPC,1191.5778723494625,797.7590325324785,493.50743844313456
764.0,864.0,0.0,0,-100.0,100.0,0.0,0.0,0.0,0.1605090806909176,0.0,100.0,False,0.004257689004589338,0,0,343,0,0.0,0.0,1,,,0,True,False,False,1173.2882080078125,1428.7749076565578,-255.48669964874534,True,True,0,ML-Robust-MPC,1188.7749076565578,798.952192409455,494.01665283298286
789.5,434.63999999999965,0.0,0,354.86000000000035,0.0,354.86000000000035,0.0,0.0,0.15660832001730374,100.0,0.0,False,0.004257831002178136,0,0,344,0,0.0,0.0,1,,,0,True,False,False,1236.2381591796875,1432.9885293640614,-196.75037018437388,True,True,0,ML-Robust-MPC,1192.9885293640614,798.694619400556,495.2114246951907
796.5,896.5,0.0,0,-100.0,100.0,0.0,0.0,0.0,0.15760038350936723,0.0,100.0,False,0.003970423997088801,0,0,345,0,0.0,0.0,1,,,0,True,False,False,1241.98046875,1437.4532965651324,-195.4728278151324,True,True,0,ML-Robust-MPC,1197.4532965651324,799.2185355896145,496.3472275314624
815.5,915.5,0.0,0,-100.0,100.0,0.0,0.0,0.0,0.15859244700143071,0.0,100.0,False,0.003900603005604353,0,0,346,0,0.0,0.0,1,,,0,True,False,False,1234.568603515625,1436.050690254919,-201.4820867392939,True,True,0,ML-Robust-MPC,1196.050690254919,799.2286070920815,495.02786910868303
822.5,922.5,0.0,0,-100.0,100.0,0.0,0.0,0.0,0.1595845104934942,0.0,100.0,False,0.004315104000852443,0,0,347,0,0.0,0.0,1,,,0,True,False,False,1242.644775390625,1437.1677573807956,-194.5229819901706,True,True,0,ML-Robust-MPC,1197.1677573807956,798.7253226059483,496.5995498425372
808.5,908.5,0.0,0,-100.0,100.0,0.0,0.0,0.0,0.1605765739855577,0.0,100.0,False,0.003780670005653519,0,0,348,0,0.0,0.0,1,,,0,True,False,False,1202.6181640625,1437.318600906429,-234.70043684392908,True,True,0,ML-Robust-MPC,1197.318600906429,799.5085900666043,499.25339176346296
806.0,488.4891821289059,0.0,0,317.5108178710941,0.0,317.5108178710941,0.0,0.0,0.15708637020998836,100.0,0.0,False,0.0041084409967879765,0,0,349,0,0.0,0.0,1,,,0,True,False,False,1125.0191650390625,1432.7847198614782,-307.76555482241565,True,True,0,ML-Robust-MPC,1192.7847198614782,799.686839529198,498.8859387905004
817.5,917.5,0.0,0,-100.0,100.0,0.0,0.0,0.0,0.15807843370205185,0.0,100.0,False,0.0041698610002640635,0,0,350,0,0.0,0.0,1,,,0,True,False,False,1043.196533203125,1432.7607998426329,-389.5642666395079,True,True,0,ML-Robust-MPC,1192.7607998426329,797.9974693253467,500.0
781.0,881.0,0.0,0,-100.0,100.0,0.0,0.0,0.0,0.15907049719411534,0.0,100.0,False,0.00408417599828681,0,0,351,0,0.0,0.0,1,,,0,True,False,False,1040.81591796875,1433.3855141818767,-392.5695962131267,True,True,0,ML-Robust-MPC,1193.3855141818767,797.8215091326442,498.7774658013045
797.0,897.0,0.0,0,-100.0,100.0,0.0,0.0,0.0,0.16006256068617883,0.0,100.0,False,0.0036560549997375347,0,0,352,0,0.0,0.0,1,,,0,True,False,False,910.4168701171875,1430.117246708794,-519.7003765916065,True,True,0,ML-Robust-MPC,1190.117246708794,797.2734714114307,498.3767502985378
785.5,467.6448217773434,0.0,0,317.8551782226566,0.0,317.8551782226566,0.0,0.0,0.15656857156620063,100.0,0.0,False,0.004235011001583189,0,0,353,0,0.0,0.0,1,,,0,True,False,False,913.2216186523438,1428.332597182654,-515.1109785303101,True,True,0,ML-Robust-MPC,1188.332597182654,798.7371111505809,497.4211851762621
774.5,874.5,0.0,0,-100.0,100.0,0.0,0.0,0.0,0.15756063505826412,0.0,100.0,False,0.004164609999861568,0,0,354,0,0.0,0.0,1,,,0,True,False,False,865.633544921875,1428.001474395759,-562.367929473884,True,True,0,ML-Robust-MPC,1188.001474395759,795.2945791671534,498.0700309224884
786.5,886.5,0.0,0,-100.0,100.0,0.0,0.0,0.0,0.1585526985503276,0.0,100.0,False,0.00443137799447868,0,0,355,0,0.0,0.0,1,,,0,True,False,False,835.74462890625,1430.1309654362158,-594.3863365299658,True,True,0,ML-Robust-MPC,1190.1309654362158,797.8604594725122,498.69160042284017
784.0,884.0,0.0,0,-100.0,100.0,0.0,0.0,0.0,0.1595447620423911,0.0,100.0,False,0.004078591999132186,0,0,356,0,0.0,0.0,1,,,0,True,False,False,826.3800659179688,1432.761774209098,-606.3817082911291,True,True,0,ML-Robust-MPC,1192.761774209098,798.499834164384,498.53858382496935
799.5,899.5,0.0,0,-100.0,100.0,0.0,0.0,0.0,0.16053682553445459,0.0,100.0,False,0.004147619001741987,0,0,357,0,0.0,0.0,1,,,0,True,False,False,821.0579223632812,1431.5738735796658,-610.5159512163846,True,True,0,ML-Robust-MPC,1191.5738735796658,799.9277550245799,498.3389864285435
775.0,457.2633520507809,0.0,0,317.7366479492191,0.0,317.7366479492191,0.0,0.0,0.15704413934585568,100.0,0.0,False,0.004311733006034046,0,0,358,0,0.0,0.0,1,,,0,True,False,False,822.3580322265625,1427.4993877718127,-605.1413555452502,True,True,0,ML-Robust-MPC,1187.4993877718127,798.7322487636977,497.8406825194536
797.0,897.0,0.0,0,-100.0,100.0,0.0,0.0,0.0,0.15803620283791917,0.0,100.0,False,0.004268326003511902,0,0,359,0,0.0,0.0,1,,,0,True,False,False,803.4043579101562,1424.836607539809,-621.4322496296527,True,True,0,ML-Robust-MPC,1184.836607539809,797.6985774651159,497.3520017851259
