load_kw,grid_kw,generator_kw,generator_units_on,storage_kw,charge_kw,discharge_kw,unserved_kw,spill_kw,soc,grid_headroom_storage_preservation_kw,grid_headroom_storage_charge_kw,v15_generator_first_guard_active,decision_seconds,generator_startup_units,generator_shutdown_units,step,risk_level,risk_reserve_kw,applied_risk_reserve_kw,forecast_scenario_count,cvar_alpha,cvar_weight,minimum_committed_generator_units,low_soc_commitment_guard_evaluated,low_soc_commitment_guard_triggered,low_soc_commitment_reachability_truncated,low_soc_commitment_forecast_peak_kw,low_soc_single_unit_firm_supply_kw,low_soc_commitment_deficit_kw,generator_before_storage,supervisory_protection_active,supervisory_safe_exit_counter,selected_controller,grid_available_capacity_kw,generator_available_capacity_kw,storage_available_power_kw
1251.0,136.44698305807958,245.3863527861596,2,115.36704958983856,0.0,115.36704958983856,753.7996145659223,0.0,0.23203978182389992,0.0,0.0,False,0.006007772004522849,0,0,0,0,0.0,0.0,1,,,2,True,True,False,1318.2158203125,376.4469830580796,941.7688372544204,True,True,0,ML-Robust-MPC,136.44698305807958,245.3863527861596,115.36704958983856
1265.5,137.42667557151424,246.02606400335915,2,111.17133995435968,0.0,111.17133995435968,770.8759204707669,0.0,0.23081774273545116,0.0,0.0,False,0.007873498994740658,0,0,1,0,0.0,0.0,1,,,2,True,True,False,1291.2847900390625,377.42667557151424,913.8581144675483,True,True,0,ML-Robust-MPC,137.42667557151424,246.02606400335915,111.17133995435968
1252.0,141.53724148508357,244.7905106577753,2,109.56012533372628,0.0,109.56012533372628,756.1121225234149,0.0,0.2296134147517449,0.0,0.0,False,0.005453263998788316,0,0,2,0,0.0,0.0,1,,,2,True,True,False,1276.1109619140625,381.53724148508354,894.573720428979,True,True,0,ML-Robust-MPC,141.53724148508357,244.7905106577753,109.56012533372628
1257.0,140.2895454190503,244.13654119097504,2,115.00120584600022,0.0,115.00120584600022,757.5727075439745,0.0,0.2283492762712674,0.0,0.0,False,0.005313610003213398,0,0,3,0,0.0,0.0,1,,,2,True,True,False,1252.0,380.28954541905034,871.7104545809497,True,True,0,ML-Robust-MPC,140.2895454190503,244.13654119097504,115.00120584600022
1254.0,140.41612406789767,244.1669144710203,2,113.35823378914483,0.0,113.35823378914483,756.0587276719372,0.0,0.22710319798576037,0.0,0.0,False,0.005108966994157527,0,0,4,0,0.0,0.0,1,,,2,True,True,False,1257.0,380.41612406789767,876.5838759321023,True,True,0,ML-Robust-MPC,140.41612406789767,244.1669144710203,113.35823378914483
1189.0,142.15203619012848,243.90630200757207,2,107.63314479346865,0.0,107.63314479346865,695.3085170088308,0.0,0.2259200521299644,0.0,0.0,False,0.008335286998772062,0,0,5,0,0.0,0.0,1,,,2,True,True,False,1254.0,382.15203619012846,871.8479638098715,True,True,0,ML-Robust-MPC,142.15203619012848,243.90630200757207,107.63314479346865
1111.0,143.87638852829042,243.6074052980564,2,104.32798022439393,0.0,104.32798022439393,619.1882259492593,0.0,0.2247732379429135,0.0,0.0,False,0.005089582999062259,0,0,6,0,0.0,0.0,1,,,2,True,True,False,1189.0,383.8763885282904,805.1236114717096,True,True,0,ML-Robust-MPC,143.87638852829042,243.6074052980564,104.32798022439393
1069.5,143.0054939174993,244.26198255331684,2,91.33125525850085,0.0,91.33125525850085,590.901268270683,0.0,0.22376928886782996,0.0,0.0,False,0.005143952999787871,0,0,7,0,0.0,0.0,1,,,2,True,True,False,1111.0,383.0054939174993,727.9945060825007,True,True,0,ML-Robust-MPC,143.0054939174993,244.26198255331684,91.33125525850085
1019.0,141.697700757335,243.4497317629489,2,89.07993961339861,0.0,89.07993961339861,544.7726278663174,0.0,0.22279008713967846,0.0,0.0,False,0.005133534003107343,0,0,8,0,0.0,0.0,1,,,2,True,True,False,1069.5,381.69770075733504,687.802299242665,True,True,0,ML-Robust-MPC,141.697700757335,243.4497317629489,89.07993961339861
932.5,142.41612131506457,242.5533629938258,2,79.19429256723645,0.0,79.19429256723645,468.33622312387314,0.0,0.2219195523315261,0.0,0.0,False,0.009086871999897994,0,0,9,0,0.0,0.0,1,,,2,True,True,False,1019.0,382.4161213150646,636.5838786849354,True,True,0,ML-Robust-MPC,142.41612131506457,242.5533629938258,79.19429256723645
873.0,143.97460494920588,242.325616100552,2,84.71896350888993,0.0,84.71896350888993,401.9808154413522,0.0,0.22098828816772967,0.0,0.0,False,0.009188973999698646,0,0,10,0,0.0,0.0,1,,,2,True,True,False,932.5,383.97460494920585,548.5253950507941,True,True,0,ML-Robust-MPC,143.97460494920588,242.325616100552,84.71896350888993
802.0,140.40476564403846,239.93360714188552,1,91.66166726998948,0.0,91.66166726998948,329.9999599440865,0.0,0.21998070707387674,0.0,0.0,False,0.004086567998456303,0,0,11,0,0.0,0.0,1,,,1,True,True,True,873.0,380.338372785924,492.661627214076,True,True,0,ML-Robust-MPC,140.40476564403846,239.93360714188552,91.66166726998948
790.5,136.86411266182824,239.2542884982367,1,90.49088624141156,0.0,90.49088624141156,323.8907125985235,0.0,0.2189859956655158,0.0,0.0,False,0.004031857999507338,0,0,12,0,0.0,0.0,1,,,1,True,True,True,802.0,376.11840116006493,425.88159883993507,True,True,0,ML-Robust-MPC,136.86411266182824,239.2542884982367,90.49088624141156
727.5,135.54833683622454,239.10562537136,1,89.00990197914476,0.0,89.00990197914476,263.83613581327074,0.0,0.21800756381858327,0.0,0.0,False,0.00410006500169402,0,0,13,0,0.0,0.0,1,,,1,True,True,True,790.5,374.6539622075845,415.8460377924155,True,True,0,ML-Robust-MPC,135.54833683622454,239.10562537136,89.00990197914476
723.5,137.7247554435576,239.6037156148588,1,87.09604075991413,0.0,87.09604075991413,259.07548818166947,0.0,0.217050169886825,0.0,0.0,False,0.004029784999147523,0,0,14,0,0.0,0.0,1,,,1,True,True,True,727.5,377.3284710584164,350.1715289415836,True,True,0,ML-Robust-MPC,137.7247554435576,239.6037156148588,87.09604075991413
646.0,135.43118366921976,239.6828528924189,1,85.372596263085,0.0,85.372596263085,185.51336717527633,0.0,0.2161117207347443,0.0,0.0,False,0.0039909920014906675,0,0,15,0,0.0,0.0,1,,,1,True,True,True,723.5,375.11403656163867,348.38596343836133,True,True,0,ML-Robust-MPC,135.43118366921976,239.6828528924189,85.372596263085
650.0,136.2990508798403,238.50730744181448,1,78.32901147340023,0.0,78.32901147340023,196.864630204945,0.0,0.21525069743665917,0.0,0.0,False,0.0039892099957796745,0,0,16,0,0.0,0.0,1,,,1,True,True,True,648.9779052734375,374.8063583216548,274.1715469517827,True,True,0,ML-Robust-MPC,136.2990508798403,238.50730744181448,78.32901147340023
603.5,141.74412996231402,237.44888469954617,1,80.22725467581853,0.0,80.22725467581853,144.0797306623213,0.0,0.21436880790278262,0.0,0.0,False,0.0040558900000178255,0,0,17,0,0.0,0.0,1,,,1,True,True,True,650.0,379.19301466186016,270.80698533813984,True,True,0,ML-Robust-MPC,141.74412996231402,237.44888469954617,80.22725467581853
587.0,141.8499981739634,234.1803376897273,1,77.03118840012404,0.0,77.03118840012404,133.93847573618524,0.0,0.21352205078630584,0.0,0.0,False,0.004008705996966455,0,0,18,0,0.0,0.0,1,,,1,True,True,True,603.5,376.0303358636907,227.4696641363093,True,True,0,ML-Robust-MPC,141.8499981739634,234.1803376897273,77.03118840012404
548.0,144.8840860942162,232.85625062480503,1,72.10401041972001,0.0,72.10401041972001,98.15565286125876,0.0,0.21272945514787073,0.0,0.0,False,0.003995168997789733,0,0,19,0,0.0,0.0,1,,,1,True,True,True,587.0,377.74033671902123,209.25966328097877,True,True,0,ML-Robust-MPC,144.8840860942162,232.85625062480503,72.10401041972001
542.5,147.30752241939263,232.01366357410043,1,75.65156890043832,0.0,75.65156890043832,87.52724510606865,0.0,0.211897863351489,0.0,0.0,False,0.004001603003416676,0,0,20,0,0.0,0.0,1,,,1,True,True,True,553.015380859375,379.32118599349303,173.69419486588197,True,True,0,ML-Robust-MPC,147.30752241939263,232.01366357410043,75.65156890043832
497.0,143.98668889157025,234.18008730238225,1,70.57093816520054,0.0,70.57093816520054,48.262285640846954,0.0,0.21112211984617746,0.0,0.0,False,0.003990701996372081,0,0,21,0,0.0,0.0,1,,,1,True,True,True,542.5,378.1667761939525,164.3332238060475,True,True,0,ML-Robust-MPC,143.98668889157025,234.18008730238225,70.57093816520054
467.5,147.0267486767485,232.5357194928513,1,81.74207023577641,0.0,81.74207023577641,6.195461594623779,0.0,0.21022357886394363,0.0,0.0,False,0.0041388239988009445,0,0,22,0,0.0,0.0,1,,,1,True,True,True,511.8248596191406,379.5624681695998,132.26239144954081,True,True,0,ML-Robust-MPC,147.0267486767485,232.5357194928513,81.74207023577641
478.5,148.6918772485875,233.7825356611769,1,84.9128319799645,0.0,84.9128319799645,11.11275511027111,0.0,0.20929018362167168,0.0,0.0,False,0.004011718003312126,0,0,23,0,0.0,0.0,1,,,1,True,True,True,490.3876953125,382.4744129097644,107.9132824027356,True,True,0,ML-Robust-MPC,148.6918772485875,233.7825356611769,84.9128319799645
476.5,150.59792793640398,231.816775155642,1,84.29462714886824,0.0,84.29462714886824,9.790669759085745,0.0,0.20836358393002075,0.0,0.0,False,0.004154410999035463,0,0,24,0,0.0,0.0,1,,,1,True,True,True,480.6424255371094,382.414703092046,98.22772244506336,True,True,0,ML-Robust-MPC,150.59792793640398,231.816775155642,84.29462714886824
441.5,149.84284114203956,233.26115595388205,1,58.396002904078415,0.0,58.396002904078415,0.0,0.0,0.20772167210106152,0.0,0.0,False,0.004629832001228351,0,0,25,0,0.0,0.0,1,,,1,True,True,True,477.2115478515625,383.1039970959216,94.10755075564089,True,True,0,ML-Robust-MPC,149.84284114203956,233.26115595388205,85.2236884980438
444.5,152.2620248135285,232.12429572867072,1,60.1136794578008,0.0,60.1136794578008,0.0,0.0,0.20706087889592367,0.0,0.0,False,0.004942413004755508,0,0,26,0,0.0,0.0,1,,,1,True,True,True,459.75152587890625,384.3863205421992,75.36520533670705,True,True,0,ML-Robust-MPC,152.2620248135285,232.12429572867072,91.91857027088174
438.0,150.93389398061424,231.01994796510425,1,56.04615805428145,0.0,56.04615805428145,0.0,0.0,0.20644479748566247,0.0,0.0,False,0.004034694000438321,0,0,27,0,0.0,0.0,1,,,1,True,True,True,452.8680725097656,381.9538419457185,70.9142305640471,True,True,0,ML-Robust-MPC,150.93389398061424,231.01994796510425,97.5694144073844
447.5,149.78239673408962,230.0052776256344,1,67.71232564027599,0.0,67.71232564027599,0.0,0.0,0.2057004769734139,0.0,0.0,False,0.004010343000118155,0,0,28,0,0.0,0.0,1,,,1,True,True,True,460.44866943359375,379.787674359724,80.66099507386974,True,True,0,ML-Robust-MPC,149.78239673408962,230.0052776256344,96.87291320324783
457.0,154.53354639878938,230.69663038789,1,71.76982321332059,0.0,71.76982321332059,0.0,0.0,0.20491155485217527,0.0,0.0,False,0.0040798720001475886,0,0,29,0,0.0,0.0,1,,,1,True,True,True,469.2557373046875,385.2301767866794,84.02556051800809,True,True,0,ML-Robust-MPC,154.53354639878938,230.69663038789,93.75021674212816
406.0,154.187725771009,229.1053174854754,1,22.706956743515548,0.0,22.706956743515548,0.0,0.0,0.20466195105382506,0.0,0.0,False,0.004103621999092866,0,0,30,0,0.0,0.0,1,,,1,True,True,True,484.183837890625,383.29304325648445,100.89079463414055,True,True,0,ML-Robust-MPC,154.187725771009,229.1053174854754,86.2236056600746
412.0,154.5057407271992,228.5257741430608,1,28.968485129739975,0.0,28.968485129739975,0.0,0.0,0.20434351807302065,0.0,0.0,False,0.005806912995467428,0,0,31,0,0.0,0.0,1,,,1,True,True,True,481.73748779296875,383.03151487026,98.70597292270872,True,True,0,ML-Robust-MPC,154.5057407271992,228.5257741430608,94.172519090409
441.0,153.5270578167171,228.83759720815584,1,58.635344975127055,0.0,58.635344975127055,0.0,0.0,0.20369897530189188,0.0,0.0,False,0.004630691997590475,0,0,32,0,0.0,0.0,1,,,1,True,True,True,483.0273132324219,382.36465502487295,100.66265820754893,True,True,0,ML-Robust-MPC,153.5270578167171,228.83759720815584,92.62550141945104
438.0,152.7360213409344,231.32124013686857,1,53.94273852219703,0.0,53.94273852219703,0.0,0.0,0.20310601550632623,0.0,0.0,False,0.004313427001761738,0,0,33,0,0.0,0.0,1,,,1,True,True,True,496.9556579589844,384.05726147780297,112.89839648118141,True,True,0,ML-Robust-MPC,152.7360213409344,231.32124013686857,91.0500253836403
387.0,148.57529112454452,234.1684633606957,1,4.256245514759769,0.0,4.256245514759769,0.0,0.0,0.20305922918180044,0.0,0.0,False,0.004210257997328881,0,0,34,0,0.0,0.0,1,,,1,True,True,True,520.5187377929688,382.74375448524023,137.77498330772852,True,True,0,ML-Robust-MPC,148.57529112454452,234.1684633606957,96.34700166974332
459.0,150.34775554410717,235.82087119987744,1,72.83137325601535,0.0,72.83137325601535,0.0,0.0,0.20225863808502326,0.0,0.0,False,0.004227593999530654,0,0,35,0,0.0,0.0,1,,,1,True,True,True,520.7392578125,386.16862674398465,134.57063106851535,True,True,0,ML-Robust-MPC,150.34775554410717,235.82087119987744,93.04102463347344
430.5,150.23329003228488,237.00644579532587,1,43.26026417238927,0.0,43.26026417238927,0.0,0.0,0.20178310424854182,0.0,0.0,False,0.004196847999992315,0,0,36,0,0.0,0.0,1,,,1,True,True,True,546.8890991210938,387.23973582761073,159.64936329348302,True,True,0,ML-Robust-MPC,150.23329003228488,237.00644579532587,91.90056956902303
448.5,152.38752087808703,236.65075484166505,1,59.46172428024795,0.0,59.46172428024795,0.0,0.0,0.20112947759110603,0.0,0.0,False,0.004061560000991449,0,0,37,0,0.0,0.0,1,,,1,True,True,True,567.9349975585938,389.03827571975205,178.8967218388417,True,True,0,ML-Robust-MPC,152.38752087808703,236.65075484166505,92.22958440403843
464.0,151.69245814186172,238.4689975334648,1,73.83854432467348,0.0,73.83854432467348,0.0,0.0,0.20031781527385814,0.0,0.0,False,0.003701913999975659,0,0,38,0,0.0,0.0,1,,,1,True,True,True,594.943359375,390.1614556753265,204.78190369967348,True,True,0,ML-Robust-MPC,151.69245814186172,238.4689975334648,88.87987389512935
441.0,152.16594874392433,240.10960164704,2,48.72444960903567,0.0,48.72444960903567,0.0,0.0,0.19978221696219042,0.0,0.0,False,0.004263908005668782,1,0,39,0,0.0,0.0,1,,,2,True,True,False,626.3811645507812,392.16594874392433,234.21521580685692,True,True,0,ML-Robust-MPC,152.16594874392433,240.10960164704,82.83729184909451
457.5,154.55611409182308,240.9266317385853,2,62.01725416959164,0.0,62.01725416959164,0.0,0.0,0.19910049891521342,0.0,0.0,False,0.0042142129968851805,0,0,40,0,0.0,0.0,1,,,2,True,True,False,652.8115234375,394.5561140918231,258.2554093456769,True,True,0,ML-Robust-MPC,154.55611409182308,240.9266317385853,84.49811488576788
491.5,156.27587322904722,242.2056723401716,2,81.39459415813302,0.0,81.39459415813302,11.623860272648145,0.0,0.19820577752667481,0.0,0.0,False,0.00428689500404289,0,0,41,0,0.0,0.0,1,,,2,True,True,False,662.9595336914062,396.2758732290472,266.68366046235906,True,True,0,ML-Robust-MPC,156.27587322904722,242.2056723401716,81.39459415813302
479.5,155.4684449553885,242.3605254195536,2,78.5506022027557,0.0,78.5506022027557,3.1204274223022423,0.0,0.197342318416149,0.0,0.0,False,0.005630365005345084,0,0,42,0,0.0,0.0,1,,,2,True,True,False,708.3931884765625,395.46844495538846,312.92474352117404,True,True,0,ML-Robust-MPC,155.4684449553885,242.3605254195536,78.5506022027557
470.0,153.6848139457419,242.95366478122992,2,73.36152127302819,0.0,73.36152127302819,0.0,0.0,0.19653589972388072,0.0,0.0,False,0.005684334995748941,0,0,43,0,0.0,0.0,1,,,2,True,True,False,741.4348754882812,393.6848139457419,347.75006154253936,True,True,0,ML-Robust-MPC,153.6848139457419,242.95366478122992,76.62706348369817
503.5,154.88285541738657,242.9698976439093,2,70.54259368972224,0.0,70.54259368972224,35.104653248981904,0.0,0.1957604677921905,0.0,0.0,False,0.005677231005392969,0,0,44,0,0.0,0.0,1,,,2,True,True,False,770.278076171875,394.88285541738657,375.39522075448843,True,True,0,ML-Robust-MPC,154.88285541738657,242.9698976439093,70.54259368972224
516.5,152.97498681255425,242.3749944096244,2,71.31652800625301,0.0,71.31652800625301,49.833490771568336,0.0,0.19497652847013258,0.0,0.0,False,0.009160679997876287,0,0,45,0,0.0,0.0,1,,,2,True,True,False,794.5387573242188,392.9749868125542,401.56377051166453,True,True,0,ML-Robust-MPC,152.97498681255425,242.3749944096244,71.31652800625301
541.0,152.44172658768986,246.0804897359804,2,64.98941929762134,0.0,64.98941929762134,77.48836437870841,0.0,0.19426213921522315,0.0,0.0,False,0.00780507099989336,0,0,46,0,0.0,0.0,1,,,2,True,True,False,848.4227905273438,392.44172658768986,455.9810639396539,True,True,0,ML-Robust-MPC,152.44172658768986,246.0804897359804,64.98941929762134
562.5,154.4197550581407,245.27542486657725,2,66.38063256071523,0.0,66.38063256071523,96.42418751456678,0.0,0.19353245719701187,0.0,0.0,False,0.00874609899619827,0,0,47,0,0.0,0.0,1,,,2,True,True,False,918.657470703125,394.4197550581407,524.2377156449843,True,True,0,ML-Robust-MPC,154.4197550581407,245.27542486657725,66.38063256071523
584.5,153.93955607399286,245.81464273008808,2,68.48748805293901,0.0,68.48748805293901,116.25831314298004,0.0,0.19277961579467995,0.0,0.0,False,0.008482482000545133,0,0,48,0,0.0,0.0,1,,,2,True,True,False,977.5767211914062,393.9395560739929,583.6371651174134,True,True,0,ML-Robust-MPC,153.93955607399286,245.81464273008808,68.48748805293901
574.0,155.28208575940485,244.7777931223021,2,69.57996697873826,0.0,69.57996697873826,104.36015413955481,0.0,0.19201476543436316,0.0,0.0,False,0.00857209999958286,0,0,49,0,0.0,0.0,1,,,2,True,True,False,1036.93603515625,395.2820857594048,641.6539493968452,True,True,0,ML-Robust-MPC,155.28208575940485,244.7777931223021,69.57996697873826
596.5,154.7310277349838,244.54260180792983,2,67.64526904837783,0.0,67.64526904837783,129.58110140870855,0.0,0.19127118203454369,0.0,0.0,False,0.008522290001565125,0,0,50,0,0.0,0.0,1,,,2,True,True,False,1085.63134765625,394.7310277349838,690.9003199212661,True,True,0,ML-Robust-MPC,154.7310277349838,244.54260180792983,67.64526904837783
648.0,151.871001870625,242.955458493712,2,75.99193835868692,0.0,75.99193835868692,177.1816012769761,0.0,0.1904358487632219,0.0,0.0,False,0.00899591399502242,0,0,51,0,0.0,0.0,1,,,2,True,True,False,1115.7646484375,391.87100187062504,723.893646566875,True,True,0,ML-Robust-MPC,151.871001870625,242.955458493712,75.99193835868692
686.0,151.36667185140183,242.77854599390585,2,82.31755794582752,0.0,82.31755794582752,209.5372242088648,0.0,0.18953098179376066,0.0,0.0,False,0.008787157996266615,0,0,52,0,0.0,0.0,1,,,2,True,True,False,1211.061279296875,391.36667185140186,819.6946074454731,True,True,0,ML-Robust-MPC,151.36667185140183,242.77854599390585,82.31755794582752
718.5,153.17128881874876,241.2318708238984,2,90.86286804896687,0.0,90.86286804896687,233.23397230838597,0.0,0.18853218141508407,0.0,0.0,False,0.008988839996163733,0,0,53,0,0.0,0.0,1,,,2,True,True,False,1263.6279296875,393.17128881874874,870.4566408687513,True,True,0,ML-Robust-MPC,153.17128881874876,241.2318708238984,90.86286804896687
721.5,153.83920375773732,241.7799873103751,2,97.17250753141484,0.0,97.17250753141484,228.70830140047275,0.0,0.18746402299786322,0.0,0.0,False,0.009267474997614045,0,0,54,0,0.0,0.0,1,,,2,True,True,False,1291.148193359375,393.8392037577373,897.3089896016377,True,True,0,ML-Robust-MPC,153.83920375773732,241.7799873103751,97.17250753141484
742.5,156.39897110769286,242.77472206937784,2,102.61415343149623,0.0,102.61415343149623,240.71215339143305,0.0,0.186336047868906,0.0,0.0,False,0.008874170998751651,0,0,55,0,0.0,0.0,1,,,2,True,True,False,1302.4755859375,396.3989711076929,906.0766148298071,True,True,0,ML-Robust-MPC,156.39897110769286,242.77472206937784,102.61415343149623
818.0,154.62305581338185,243.71535981752007,2,102.84433785052929,0.0,102.84433785052929,316.8172465185688,0.0,0.18520554246229157,0.0,0.0,False,0.005285993996949401,0,0,56,0,0.0,0.0,1,,,2,True,True,False,1337.7333984375,394.6230558133818,943.1103426241182,True,True,0,ML-Robust-MPC,154.62305581338185,243.71535981752007,102.84433785052929
850.5,154.30899418062654,242.904343021297,2,101.79649396960323,0.0,101.79649396960323,351.4901688284732,0.0,0.1840865553676954,0.0,0.0,False,0.008827505000226665,0,0,57,0,0.0,0.0,1,,,2,True,True,False,1319.7816162109375,394.30899418062654,925.472622030311,True,True,0,ML-Robust-MPC,154.30899418062654,242.904343021297,101.79649396960323
905.5,153.9813069008459,241.57085022565724,2,95.76763170394736,0.0,95.76763170394736,414.18021116954947,0.0,0.18303383989805697,0.0,0.0,False,0.009263186999305617,0,0,58,0,0.0,0.0,1,,,2,True,True,False,1312.923583984375,393.9813069008459,918.9422770835291,True,True,0,ML-Robust-MPC,153.9813069008459,241.57085022565724,95.76763170394736
966.0,151.45411389805776,242.5318610985571,2,99.47091861798526,0.0,99.47091861798526,472.5431063853998,0.0,0.18194041644229053,0.0,0.0,False,0.009492465993389487,0,0,59,0,0.0,0.0,1,,,2,True,True,False,1296.373779296875,391.45411389805776,904.9196653988172,True,True,0,ML-Robust-MPC,151.45411389805776,242.5318610985571,99.47091861798526
1018.0,151.41435397025197,240.7733418387364,2,96.64619975322958,0.0,96.64619975322958,529.1661044377821,0.0,0.18087804340714533,0.0,0.0,False,0.009513493998383638,0,0,60,0,0.0,0.0,1,,,2,True,True,False,1304.43115234375,391.41435397025197,913.016798373498,True,True,0,ML-Robust-MPC,151.41435397025197,240.7733418387364,96.64619975322958
1068.0,149.5534876348043,240.69508757509,2,92.02985106513027,0.0,92.02985106513027,585.7215737249754,0.0,0.17986641509222281,0.0,0.0,False,0.009507073998975102,0,0,61,0,0.0,0.0,1,,,2,True,True,False,1314.7265625,389.5534876348043,925.1730748651958,True,True,0,ML-Robust-MPC,149.5534876348043,240.69508757509,92.02985106513027
1130.0,155.61894332723463,241.54113624733537,2,95.23777574076492,0.0,95.23777574076492,637.6021446846651,0.0,0.1788195240077049,0.0,0.0,False,0.009554096002830192,0,0,62,0,0.0,0.0,1,,,2,True,True,False,1318.02587890625,395.61894332723466,922.4069355790153,True,True,0,ML-Robust-MPC,155.61894332723463,241.54113624733537,95.23777574076492
1154.0,154.62273083137043,242.4505767993638,2,96.4820921799837,0.0,96.4820921799837,660.444600189282,0.0,0.1777589549075424,0.0,0.0,False,0.009679777998826467,0,0,63,0,0.0,0.0,1,,,2,True,True,False,1302.0023193359375,394.6227308313704,907.3795885045671,True,True,0,ML-Robust-MPC,154.62273083137043,242.4505767993638,96.4820921799837
1237.5,157.70866618619038,241.5147591959044,2,88.69223096287698,0.0,88.69223096287698,749.5843436550283,0.0,0.17678401502534924,0.0,0.0,False,0.009610209999664221,0,0,64,0,0.0,0.0,1,,,2,True,True,False,1279.0084228515625,397.7086661861904,881.2997566653721,True,True,0,ML-Robust-MPC,157.70866618619038,241.5147591959044,88.69223096287698
1257.5,154.65646084356197,241.05408596969332,2,88.09511906892546,0.0,88.09511906892546,773.6943341178193,0.0,0.17581563883191692,0.0,0.0,False,0.009465702998568304,0,0,65,0,0.0,0.0,1,,,2,True,True,False,1292.6650390625,394.65646084356194,898.008578218938,True,True,0,ML-Robust-MPC,154.65646084356197,241.05408596969332,88.09511906892546
1263.0,152.74412593901474,240.3120966853994,2,80.79025383066008,0.0,80.79025383066008,789.1535235449257,0.0,0.17492756058992312,0.0,0.0,False,0.009474249993218109,0,0,66,0,0.0,0.0,1,,,2,True,True,False,1280.410400390625,392.74412593901474,887.6662744516102,True,True,0,ML-Robust-MPC,152.74412593901474,240.3120966853994,80.79025383066008
1245.0,150.76089971049973,240.606072368622,2,85.8718605833442,0.0,85.8718605833442,767.7611673375341,0.0,0.17398362332809153,0.0,0.0,False,0.009446675998333376,0,0,67,0,0.0,0.0,1,,,2,True,True,False,1264.4320068359375,390.76089971049976,873.6711071254377,True,True,0,ML-Robust-MPC,150.76089971049973,240.606072368622,85.8718605833442
1254.5,152.86123976650023,237.97611787754417,1,86.24783355238662,0.0,86.24783355238662,777.4148088035689,0.0,0.17303555322352762,0.0,0.0,False,0.004224928001349326,0,0,68,0,0.0,0.0,1,,,1,True,True,True,1245.0,390.8373576440444,854.1626423559555,True,True,0,ML-Robust-MPC,152.86123976650023,237.97611787754417,86.24783355238662
1222.5,151.07845118386706,237.7141900609026,1,77.04309042328399,0.0,77.04309042328399,756.6642683319463,0.0,0.17218866527533164,0.0,0.0,False,0.004104902996914461,0,0,69,0,0.0,0.0,1,,,1,True,True,True,1254.5,388.7926412447697,865.7073587552303,True,True,0,ML-Robust-MPC,151.07845118386706,237.7141900609026,77.04309042328399
1183.5,150.89804202246427,237.01347898591305,1,73.40775026151448,0.0,73.40775026151448,722.1807287301082,0.0,0.17138173841584176,0.0,0.0,False,0.004057676000229549,0,0,70,0,0.0,0.0,1,,,1,True,True,True,1222.5,387.91152100837735,834.5884789916227,True,True,0,ML-Robust-MPC,150.89804202246427,237.01347898591305,73.40775026151448
1106.5,149.0167208226633,238.3922800464523,1,68.05237596679034,0.0,68.05237596679034,651.038623164094,0.0,0.17063367993667464,0.0,0.0,False,0.004041576001327485,0,0,71,0,0.0,0.0,1,,,1,True,True,True,1183.5,387.40900086911563,796.0909991308844,True,True,0,ML-Robust-MPC,149.0167208226633,238.3922800464523,68.05237596679034
1038.0,150.33930100251848,234.0868466258399,1,69.99794960776606,0.0,69.99794960776606,583.5759027638755,0.0,0.16986423494692213,0.0,0.0,False,0.004011356002592947,0,0,72,0,0.0,0.0,1,,,1,True,True,True,1106.5,384.4261476283584,722.0738523716416,True,True,0,ML-Robust-MPC,150.33930100251848,234.0868466258399,69.99794960776606
976.0,149.1162676626255,232.6134173914152,1,70.8496735754156,0.0,70.8496735754156,523.4206413705436,0.0,0.16908542747236494,0.0,0.0,False,0.004149143998802174,0,0,73,0,0.0,0.0,1,,,1,True,True,True,1038.0,381.7296850540407,656.2703149459593,True,True,0,ML-Robust-MPC,149.1162676626255,232.6134173914152,70.8496735754156
932.5,150.39839539320408,234.772189095114,1,64.51021125119452,0.0,64.51021125119452,482.81920426048737,0.0,0.16837630586075703,0.0,0.0,False,0.0041594549984438345,0,0,74,0,0.0,0.0,1,,,1,True,True,True,976.0,385.17058448831807,590.8294155116819,True,True,0,ML-Robust-MPC,150.39839539320408,234.772189095114,64.51021125119452
854.0,150.35064324961934,232.80042321447405,1,68.80092316453626,0.0,68.80092316453626,402.04801037137037,0.0,0.16762001905641574,0.0,0.0,False,0.004150813001615461,0,0,75,0,0.0,0.0,1,,,1,True,True,True,932.5,383.1510664640934,549.3489335359066,True,True,0,ML-Robust-MPC,150.35064324961934,232.80042321447405,68.80092316453626
806.5,152.92865702719826,234.7087599328595,1,75.35633695725599,0.0,75.35633695725599,343.5062460826863,0.0,0.16679167256565752,0.0,0.0,False,0.0039903169963508844,0,0,76,0,0.0,0.0,1,,,1,True,True,True,854.0,387.63741696005775,466.36258303994225,True,True,0,ML-Robust-MPC,152.92865702719826,234.7087599328595,75.35633695725599
773.5,154.31080607815136,236.01610568492416,1,78.63679806921235,0.0,78.63679806921235,304.5362901677122,0.0,0.1659272659562699,0.0,0.0,False,0.004019355998025276,0,0,77,0,0.0,0.0,1,,,1,True,True,True,806.5,390.3269117630755,416.1730882369245,True,True,0,ML-Robust-MPC,154.31080607815136,236.01610568492416,78.63679806921235
758.5,153.80509176839027,237.58082914183936,1,85.4129417773576,0.0,85.4129417773576,281.70113731241275,0.0,0.16498837331042987,0.0,0.0,False,0.0040956699958769605,0,0,78,0,0.0,0.0,1,,,1,True,True,True,773.5,391.38592091022963,382.11407908977037,True,True,0,ML-Robust-MPC,153.80509176839027,237.58082914183936,85.4129417773576
699.0,155.66784978268126,237.2790238287724,1,93.33898816458488,0.0,93.33898816458488,212.71413822396147,0.0,0.16396235444567384,0.0,0.0,False,0.0041219650011043996,0,0,79,0,0.0,0.0,1,,,1,True,True,True,758.5,392.94687361145367,365.55312638854633,True,True,0,ML-Robust-MPC,155.66784978268126,237.2790238287724,93.33898816458488
647.5,157.6734471276333,237.9846139915637,1,97.91672851420316,0.0,97.91672851420316,153.92521036659986,0.0,0.16288601525873497,0.0,0.0,False,0.004070426999533083,0,0,80,0,0.0,0.0,1,,,1,True,True,True,699.0,395.658061119197,303.341938880803,True,True,0,ML-Robust-MPC,157.6734471276333,237.9846139915637,97.91672851420316
615.5,155.7289289188034,237.1461536599375,1,98.16120868178608,0.0,98.16120868178608,124.46370873947298,0.0,0.16180698864964882,0.0,0.0,False,0.0040729660031502135,0,0,81,0,0.0,0.0,1,,,1,True,True,True,647.5,392.87508257874094,254.62491742125906,True,True,0,ML-Robust-MPC,155.7289289188034,237.1461536599375,98.16120868178608
645.5,157.13125293482184,235.31021757150825,1,97.36590742171155,0.0,97.36590742171155,155.69262207195834,0.0,0.16073670430477666,0.0,0.0,False,0.004015350001282059,0,0,82,0,0.0,0.0,1,,,1,True,True,True,615.5,392.4414705063301,223.05852949366988,True,True,0,ML-Robust-MPC,157.13125293482184,235.31021757150825,97.36590742171155
622.0,155.13316417156912,234.42050509747136,1,100.22909056071352,0.0,100.22909056071352,132.217240170246,0.0,0.15963494672485412,0.0,0.0,False,0.004174360998149496,0,0,83,0,0.0,0.0,1,,,1,True,True,True,645.5,389.5536692690405,255.94633073095952,True,True,0,ML-Robust-MPC,155.13316417156912,234.42050509747136,100.22909056071352
599.5,157.74849491266446,235.13279560962712,1,92.64340258517328,0.0,92.64340258517328,113.97530689253514,0.0,0.15861657401033566,0.0,0.0,False,0.0055429979984182864,0,0,84,0,0.0,0.0,1,,,1,True,True,True,622.0,392.8812905222916,229.11870947770842,True,True,0,ML-Robust-MPC,157.74849491266446,235.13279560962712,92.64340258517328
547.5,158.06248468557763,235.5263699089357,1,94.75155764229171,0.0,94.75155764229171,59.159587763194935,0.0,0.15757502762636816,0.0,0.0,False,0.004814132997125853,0,0,85,0,0.0,0.0,1,,,1,True,True,True,599.5,393.58885459451335,205.91114540548665,True,True,0,ML-Robust-MPC,158.06248468557763,235.5263699089357,94.75155764229171
572.5,157.12341571526906,234.5303303393044,1,95.8637054174157,0.0,95.8637054174157,84.9825485280108,0.0,0.15652125607668896,0.0,0.0,False,0.0042926290043396875,0,0,86,0,0.0,0.0,1,,,1,True,True,True,563.2086181640625,391.6537460545735,171.554872109489,True,True,0,ML-Robust-MPC,157.12341571526906,234.5303303393044,95.8637054174157
580.5,157.68876949078717,233.9662867639396,1,100.72804417838164,0.0,100.72804417838164,88.11689956689158,0.0,0.15541401380238057,0.0,0.0,False,0.004452836001291871,0,0,87,0,0.0,0.0,1,,,1,True,True,True,572.5,391.6550562547268,180.8449437452732,True,True,0,ML-Robust-MPC,157.68876949078717,233.9662867639396,100.72804417838164
514.0,159.19267769866056,235.41956323065017,1,96.91418409368188,0.0,96.91418409368188,22.473574977007416,0.0,0.15434869497797654,0.0,0.0,False,0.004067285997734871,0,0,88,0,0.0,0.0,1,,,1,True,True,True,580.5,394.6122409293107,185.8877590706893,True,True,0,ML-Robust-MPC,159.19267769866056,235.41956323065017,96.91418409368188
523.0,158.79790901630548,238.18650768790607,1,94.50581561047248,0.0,94.50581561047248,31.509767685315964,0.0,0.15330984988706425,0.0,0.0,False,0.0046260489980340935,0,0,89,0,0.0,0.0,1,,,1,True,True,True,542.435302734375,396.9844167042115,145.45088603016347,True,True,0,ML-Robust-MPC,158.79790901630548,238.18650768790607,94.50581561047248
525.5,160.09222300371422,239.50015137194129,1,101.1181137117574,0.0,101.1181137117574,24.78951191258713,0.0,0.15219831981504475,0.0,0.0,False,0.004919254999549594,0,0,90,0,0.0,0.0,1,,,1,True,True,True,529.9819946289062,399.5923743756555,130.38962025325077,True,True,0,ML-Robust-MPC,160.09222300371422,239.50015137194129,101.1181137117574
470.5,162.51258546375715,239.41902693303527,1,68.5683876032076,0.0,68.5683876032076,0.0,0.0,0.1514445891330414,0.0,0.0,False,0.0048194010014412925,0,0,91,0,0.0,0.0,1,,,1,True,True,True,525.5,401.9316123967924,123.56838760320761,True,True,0,ML-Robust-MPC,162.51258546375715,239.41902693303527,101.89967032009328
508.0,155.3862854927026,238.6912723379836,1,103.48572086000578,0.0,103.48572086000578,10.436721309308012,0.0,0.15030703339215404,0.0,0.0,False,0.006432049995055422,0,0,92,0,0.0,0.0,1,,,1,True,True,True,499.7492370605469,394.0775578306862,105.67167922986067,True,True,0,ML-Robust-MPC,155.3862854927026,238.6912723379836,103.48572086000578
510.5,150.6270621161997,235.8583583460926,1,27.931441751037653,0.0,27.931441751037653,96.08313778667008,0.0,0.15,0.0,0.0,False,0.004562261994578876,0,0,93,0,0.0,0.0,1,,,1,True,True,True,508.0,386.48542046229227,121.51457953770773,True,True,0,ML-Robust-MPC,150.6270621161997,235.8583583460926,114.28423161574212
513.0,150.4023732529392,237.94804819126367,1,0.0,0.0,0.0,124.64957855579712,0.0,0.15,0.0,0.0,False,0.004763751996506471,0,0,94,0,0.0,0.0,1,,,1,True,True,True,510.5,388.3504214442029,122.14957855579712,True,True,0,ML-Robust-MPC,150.4023732529392,237.94804819126367,112.94314576395676
470.5,144.9034957700532,238.967695708542,1,0.0,0.0,0.0,86.62880852140478,0.0,0.15,0.0,0.0,False,0.004328909999458119,0,0,95,0,0.0,0.0,1,,,1,True,True,True,513.0,383.8711914785952,129.12880852140478,True,True,0,ML-Robust-MPC,144.9034957700532,238.967695708542,109.32851130854034
469.0,146.33912344838183,238.2041854737752,1,0.0,0.0,0.0,84.45669107784295,0.0,0.15,0.0,0.0,False,0.0045232390039018355,0,0,96,0,0.0,0.0,1,,,1,True,True,True,485.4698181152344,384.54330892215705,100.92650919307732,True,True,0,ML-Robust-MPC,146.33912344838183,238.2041854737752,108.0249057642631
458.0,144.55562723621787,240.41980036405155,2,0.0,0.0,0.0,73.02457239973057,0.0,0.15,0.0,0.0,False,0.004609084004187025,1,0,97,0,0.0,0.0,1,,,2,True,True,False,482.5413818359375,384.5556272362179,97.9857545997196,True,True,0,ML-Robust-MPC,144.55562723621787,240.41980036405155,106.3030656193342
465.5,143.5434868484731,241.66720287346087,2,0.0,0.0,0.0,80.28931027806607,0.0,0.15,0.0,0.0,False,0.004669796006055549,0,0,98,0,0.0,0.0,1,,,2,True,True,False,491.52142333984375,383.5434868484731,107.97793649137066,True,True,0,ML-Robust-MPC,143.5434868484731,241.66720287346087,107.00733524217816
503.0,144.9837495925789,244.7982048885116,2,0.0,0.0,0.0,113.21804551890949,0.0,0.15,0.0,0.0,False,0.004532999999355525,0,0,99,0,0.0,0.0,1,,,2,True,True,False,500.58056640625,384.9837495925789,115.59681681367113,True,True,0,ML-Robust-MPC,144.9837495925789,244.7982048885116,110.3843003896378
450.5,144.37212783122592,245.4876317490684,2,0.0,0.0,0.0,60.64024041970566,0.0,0.15,0.0,0.0,False,0.004829377998248674,0,0,100,0,0.0,0.0,1,,,2,True,True,False,522.9800415039062,384.37212783122595,138.6079136726803,True,True,0,ML-Robust-MPC,144.37212783122592,245.4876317490684,109.37854817331812
443.5,140.45201676434613,247.5529960835312,2,0.0,0.0,0.0,55.49498715212269,0.0,0.15,0.0,0.0,False,0.004688086002715863,0,0,101,0,0.0,0.0,1,,,2,True,True,False,531.1130981445312,380.4520167643461,150.66108138018512,True,True,0,ML-Robust-MPC,140.45201676434613,247.5529960835312,114.04761938274002
418.0,141.84203109381892,247.8347306923604,2,0.0,0.0,0.0,28.323238213820673,0.0,0.15,0.0,0.0,False,0.004469696003070567,0,0,102,0,0.0,0.0,1,,,2,True,True,False,540.3974609375,381.84203109381895,158.55542984368105,True,True,0,ML-Robust-MPC,141.84203109381892,247.8347306923604,112.56746411152746
441.0,146.17566644220508,248.09100941917137,2,0.0,0.0,0.0,46.733324138623516,0.0,0.15,0.0,0.0,False,0.004552364996925462,0,0,103,0,0.0,0.0,1,,,2,True,True,False,540.767578125,386.17566644220506,154.59191168279494,True,True,0,ML-Robust-MPC,146.17566644220508,248.09100941917137,121.28564601856507
454.0,142.45543844616947,248.4736267994056,2,0.0,0.0,0.0,63.07093475442491,0.0,0.15,0.0,0.0,False,0.004617433995008469,0,0,104,0,0.0,0.0,1,,,2,True,True,False,557.1845092773438,382.45543844616947,174.72907083117428,True,True,0,ML-Robust-MPC,142.45543844616947,248.4736267994056,128.23171724488816
469.5,141.79097503084623,249.23831732170683,2,0.0,0.0,0.0,78.47070764744694,0.0,0.15,0.0,0.0,False,0.004483657998207491,0,0,105,0,0.0,0.0,1,,,2,True,True,False,593.975830078125,381.7909750308462,212.1848550472788,True,True,0,ML-Robust-MPC,141.79097503084623,249.23831732170683,113.1932599411324
459.0,142.63345541282965,250.38393095384515,2,0.0,0.0,0.0,65.98261363332517,0.0,0.15,0.0,0.0,False,0.004353910997451749,0,0,106,0,0.0,0.0,1,,,2,True,True,False,629.8023071289062,382.6334554128297,247.16885171607657,True,True,0,ML-Robust-MPC,142.63345541282965,250.38393095384515,112.02205519585654
450.5,143.9970318189251,252.25443779643928,2,0.0,0.0,0.0,54.248530384635615,0.0,0.15,0.0,0.0,False,0.007357743997999933,0,0,107,0,0.0,0.0,1,,,2,True,True,False,650.6005249023438,383.9970318189251,266.60349308341864,True,True,0,ML-Robust-MPC,143.9970318189251,252.25443779643928,111.2358433108792
481.0,143.74610569818927,254.296614253053,2,0.0,0.0,0.0,82.95728004875775,0.0,0.15,0.0,0.0,False,0.009387589001562446,0,0,108,0,0.0,0.0,1,,,2,True,True,False,686.1470336914062,383.74610569818924,302.400927993217,True,True,0,ML-Robust-MPC,143.74610569818927,254.296614253053,106.59240591165472
471.0,143.98863590854063,251.9150243949649,2,0.0,0.0,0.0,75.09633969649451,0.0,0.15,0.0,0.0,False,0.008054524005274288,0,0,109,0,0.0,0.0,1,,,2,True,True,False,723.5322875976562,383.98863590854063,339.5436516891156,True,True,0,ML-Robust-MPC,143.98863590854063,251.9150243949649,96.19565479212446
489.0,143.7315933244222,248.6736679088185,2,0.0,0.0,0.0,96.59473876675929,0.0,0.15,0.0,0.0,False,0.007783099994412623,0,0,110,0,0.0,0.0,1,,,2,True,True,False,769.4302368164062,383.7315933244222,385.69864349198406,True,True,0,ML-Robust-MPC,143.7315933244222,248.6736679088185,89.15496240239827
506.0,144.25703783930302,250.39508662394297,2,0.0,0.0,0.0,111.34787553675403,0.0,0.15,0.0,0.0,False,0.00774421299865935,0,0,111,0,0.0,0.0,1,,,2,True,True,False,814.0108032226562,384.25703783930305,429.7537653833532,True,True,0,ML-Robust-MPC,144.25703783930302,250.39508662394297,96.25080732654672
471.5,142.07617158250355,249.1751781904131,2,0.0,0.0,0.0,80.24865022708332,0.0,0.15,0.0,0.0,False,0.007752072000585031,0,0,112,0,0.0,0.0,1,,,2,True,True,False,864.655517578125,382.07617158250355,482.57934599562145,True,True,0,ML-Robust-MPC,142.07617158250355,249.1751781904131,111.8778030044266
562.0,140.98906108614852,249.02518380980663,2,0.0,0.0,0.0,171.98575510404487,0.0,0.15,0.0,0.0,False,0.0077212039977894165,0,0,113,0,0.0,0.0,1,,,2,True,True,False,882.4190063476562,380.9890610861485,501.4299452615077,True,True,0,ML-Robust-MPC,140.98906108614852,249.02518380980663,108.26489627617948
519.5,142.5475529104181,250.44755177555567,2,0.0,0.0,0.0,126.50489531402627,0.0,0.15,0.0,0.0,False,0.00788564400136238,0,0,114,0,0.0,0.0,1,,,2,True,True,False,1000.0289916992188,382.54755291041806,617.4814387888007,True,True,0,ML-Robust-MPC,142.5475529104181,250.44755177555567,113.09490150245806
580.5,141.95400959362215,251.2320685221248,2,0.0,0.0,0.0,187.3139218842531,0.0,0.15,0.0,0.0,False,0.007741687004454434,0,0,115,0,0.0,0.0,1,,,2,True,True,False,1002.2210083007812,381.9540095936221,620.2669987071591,True,True,0,ML-Robust-MPC,141.95400959362215,251.2320685221248,106.70825537014107
592.5,140.64293623593937,253.1497927999436,2,0.0,0.0,0.0,198.70727096411701,0.0,0.15,0.0,0.0,False,0.007823920001101214,0,0,116,0,0.0,0.0,1,,,2,True,True,False,1104.4534912109375,380.6429362359394,723.8105549749981,True,True,0,ML-Robust-MPC,140.64293623593937,253.1497927999436,98.15133111864203
639.0,143.65792304079568,253.52425441231225,2,0.0,0.0,0.0,241.8178225468921,0.0,0.15,0.0,0.0,False,0.007781460000842344,0,0,117,0,0.0,0.0,1,,,2,True,True,False,1145.1903076171875,383.6579230407957,761.5323845763918,True,True,0,ML-Robust-MPC,143.65792304079568,253.52425441231225,100.46716921086023
672.0,141.2874869361441,252.8703078807455,2,0.0,0.0,0.0,277.8422051831104,0.0,0.15,0.0,0.0,False,0.007663955999305472,0,0,118,0,0.0,0.0,1,,,2,True,True,False,1227.488525390625,381.2874869361441,846.2010384544809,True,True,0,ML-Robust-MPC,141.2874869361441,252.8703078807455,98.85484846608324
731.0,140.46587387198915,253.72443098751165,2,0.0,0.0,0.0,336.80969514049923,0.0,0.15,0.0,0.0,False,0.007714694998867344,0,0,119,0,0.0,0.0,1,,,2,True,True,False,1305.212890625,380.4658738719892,924.7470167530108,True,True,0,ML-Robust-MPC,140.46587387198915,253.72443098751165,93.96002399053016
697.0,140.81497278442407,252.3244956273321,2,0.0,0.0,0.0,303.8605315882438,0.0,0.15,0.0,0.0,False,0.007900067997979932,0,0,120,0,0.0,0.0,1,,,2,True,True,False,1340.962158203125,380.81497278442407,960.1471854187009,True,True,0,ML-Robust-MPC,140.81497278442407,252.3244956273321,95.6565191720287
773.5,144.73761641923372,252.4891364597609,2,0.0,0.0,0.0,376.2732471210054,0.0,0.15,0.0,0.0,False,0.007799660001182929,0,0,121,0,0.0,0.0,1,,,2,True,True,False,1362.858642578125,384.73761641923375,978.1210261588913,True,True,0,ML-Robust-MPC,144.73761641923372,252.4891364597609,104.82175995736242
802.5,143.61961654216665,251.5311694145024,2,0.0,0.0,0.0,407.34921404333096,0.0,0.15,0.0,0.0,False,0.008032007994188461,0,0,122,0,0.0,0.0,1,,,2,True,True,False,1358.3731689453125,383.6196165421667,974.7535524031458,True,True,0,ML-Robust-MPC,143.61961654216665,251.5311694145024,103.78033907392236
878.5,144.8683126353646,253.507978000034,2,0.0,0.0,0.0,480.1237093646014,0.0,0.15,0.0,0.0,False,0.0077912429987918586,0,0,123,0,0.0,0.0,1,,,2,True,True,False,1373.71484375,384.8683126353646,988.8465311146354,True,True,0,ML-Robust-MPC,144.8683126353646,253.507978000034,99.21892732638874
896.5,144.2905172030171,252.9075239759157,2,0.0,0.0,0.0,499.3019588210672,0.0,0.15,0.0,0.0,False,0.007740116998320445,0,0,124,0,0.0,0.0,1,,,2,True,True,False,1348.5015869140625,384.2905172030171,964.2110697110454,True,True,0,ML-Robust-MPC,144.2905172030171,252.9075239759157,102.36108787226036
980.0,147.30094213278514,253.3415411979338,2,0.0,0.0,0.0,579.357516669281,0.0,0.15,0.0,0.0,False,0.007692702994972933,0,0,125,0,0.0,0.0,1,,,2,True,True,False,1346.917724609375,387.30094213278517,959.6167824765898,True,True,0,ML-Robust-MPC,147.30094213278514,253.3415411979338,108.71531645219738
1028.0,148.90713632572096,254.64018939251056,2,0.0,0.0,0.0,624.4526742817685,0.0,0.15,0.0,0.0,False,0.008016107996809296,0,0,126,0,0.0,0.0,1,,,2,True,True,False,1337.69775390625,388.90713632572096,948.790617580529,True,True,0,ML-Robust-MPC,148.90713632572096,254.64018939251056,116.74282420657848
1048.0,150.44524741363946,253.97923957469607,2,0.0,0.0,0.0,643.5755130116645,0.0,0.15,0.0,0.0,False,0.007826770000974648,0,0,127,0,0.0,0.0,1,,,2,True,True,False,1352.72314453125,390.44524741363944,962.2778971176106,True,True,0,ML-Robust-MPC,150.44524741363946,253.97923957469607,108.16934074018346
1112.0,149.478730045666,253.71025138006024,2,0.0,0.0,0.0,708.8110185742737,0.0,0.15,0.0,0.0,False,0.00799392799672205,0,0,128,0,0.0,0.0,1,,,2,True,True,False,1326.9215087890625,389.478730045666,937.4427787433965,True,True,0,ML-Robust-MPC,149.478730045666,253.71025138006024,100.88081821519948
1195.0,150.64815074858552,251.3865431261635,2,0.0,0.0,0.0,792.965306125251,0.0,0.15,0.0,0.0,False,0.00807141899713315,0,0,129,0,0.0,0.0,1,,,2,True,True,False,1322.795166015625,390.6481507485855,932.1470152670395,True,True,0,ML-Robust-MPC,150.64815074858552,251.3865431261635,98.03878284302478
1258.5,149.04051759437257,252.400708447914,2,0.0,0.0,0.0,857.0587739577134,0.0,0.15,0.0,0.0,False,0.007754142003250308,0,0,130,0,0.0,0.0,1,,,2,True,True,False,1314.68603515625,389.04051759437255,925.6455175618775,True,True,0,ML-Robust-MPC,149.04051759437257,252.400708447914,100.05459001838148
1246.0,149.71395853404934,252.8779244848789,2,0.0,0.0,0.0,843.4081169810718,0.0,0.15,0.0,0.0,False,0.007751222001388669,0,0,131,0,0.0,0.0,1,,,2,True,True,False,1323.526123046875,389.7139585340493,933.8121645128257,True,True,0,ML-Robust-MPC,149.71395853404934,252.8779244848789,98.49759047729168
1254.5,149.9688051529607,251.78640416315167,2,0.0,0.0,0.0,852.7447906838877,0.0,0.15,0.0,0.0,False,0.00762838499940699,0,0,132,0,0.0,0.0,1,,,2,True,True,False,1273.801513671875,389.9688051529607,883.8327085189143,True,True,0,ML-Robust-MPC,149.9688051529607,251.78640416315167,105.64185040789636
1249.0,154.39550069256285,249.3313435748727,2,0.0,0.0,0.0,845.2731557325644,0.0,0.15,0.0,0.0,False,0.00781115500285523,0,0,133,0,0.0,0.0,1,,,2,True,True,False,1256.4351806640625,394.39550069256285,862.0396799714997,True,True,0,ML-Robust-MPC,154.39550069256285,249.3313435748727,105.24273049390548
1261.5,153.25196255906778,247.8647908912848,2,0.0,0.0,0.0,860.3832465496474,0.0,0.15,0.0,0.0,False,0.00784245399700012,0,0,134,0,0.0,0.0,1,,,2,True,True,False,1249.0,393.2519625590678,855.7480374409322,True,True,0,ML-Robust-MPC,153.25196255906778,247.8647908912848,104.72608572561604
1231.5,152.35803914473072,247.87871432498304,2,0.0,0.0,0.0,831.2632465302862,0.0,0.15,0.0,0.0,False,0.007756344995868858,0,0,135,0,0.0,0.0,1,,,2,True,True,False,1261.5,392.3580391447307,869.1419608552693,True,True,0,ML-Robust-MPC,152.35803914473072,247.87871432498304,100.59050268023256
1174.0,150.83320770869054,247.4010167650786,2,0.0,0.0,0.0,775.7657755262309,0.0,0.15,0.0,0.0,False,0.00766023900359869,0,0,136,0,0.0,0.0,1,,,2,True,True,False,1231.5,390.83320770869057,840.6667922913094,True,True,0,ML-Robust-MPC,150.83320770869054,247.4010167650786,90.94197243003217
1101.0,150.73742270540097,244.93700300159765,2,0.0,0.0,0.0,705.3255742930014,0.0,0.15,0.0,0.0,False,0.007953496999107301,0,0,137,0,0.0,0.0,1,,,2,True,True,False,1174.0,390.73742270540095,783.262577294599,True,True,0,ML-Robust-MPC,150.73742270540097,244.93700300159765,93.61689131499436
1058.5,149.73571893086103,243.90870748454253,2,0.0,0.0,0.0,664.8555735845964,0.0,0.15,0.0,0.0,False,0.007739829001366161,0,0,138,0,0.0,0.0,1,,,2,True,True,False,1101.0,389.735718930861,711.264281069139,True,True,0,ML-Robust-MPC,149.73571893086103,243.90870748454253,92.29959780290396
997.0,148.57677317236727,241.8881314479912,2,0.0,0.0,0.0,606.5350953796415,0.0,0.15,0.0,0.0,False,0.0101442470040638,0,0,139,0,0.0,0.0,1,,,2,True,True,False,1058.5,388.57677317236727,669.9232268276328,True,True,0,ML-Robust-MPC,148.57677317236727,241.8881314479912,100.05941136802612
955.5,146.81600480402798,242.42967823271528,2,0.0,0.0,0.0,566.2543169632568,0.0,0.15,0.0,0.0,False,0.010078548002638854,0,0,140,0,0.0,0.0,1,,,2,True,True,False,997.0,386.816004804028,610.183995195972,True,True,0,ML-Robust-MPC,146.81600480402798,242.42967823271528,94.75670031900133
882.0,147.80853640357128,240.9739339473592,2,0.0,0.0,0.0,493.21752964906955,0.0,0.15,0.0,0.0,False,0.010143503997824155,0,0,141,0,0.0,0.0,1,,,2,True,True,False,955.5,387.8085364035713,567.6914635964288,True,True,0,ML-Robust-MPC,147.80853640357128,240.9739339473592,90.28727628631567
807.5,144.15891319140192,239.64105972565275,1,0.0,0.0,0.0,423.7000270829453,0.0,0.15,0.0,0.0,False,0.004455431997484993,0,0,142,0,0.0,0.0,1,,,1,True,True,True,882.0,383.7999729170547,498.2000270829453,True,True,0,ML-Robust-MPC,144.15891319140192,239.64105972565275,95.01017520845087
785.0,147.495509893326,238.735136610462,1,0.0,0.0,0.0,398.76935349621203,0.0,0.15,0.0,0.0,False,0.004211958002997562,0,0,143,0,0.0,0.0,1,,,1,True,True,True,807.5,386.23064650378797,421.26935349621203,True,True,0,ML-Robust-MPC,147.495509893326,238.735136610462,84.66328853821898
727.5,148.95153453654302,239.9199414422886,1,0.0,0.0,0.0,338.62852402116835,0.0,0.15,0.0,0.0,False,0.004300694999983534,0,0,144,0,0.0,0.0,1,,,1,True,True,True,785.0,388.87147597883165,396.12852402116835,True,True,0,ML-Robust-MPC,148.95153453654302,239.9199414422886,85.14856947992054
697.0,149.76556996122196,239.8951273830888,1,0.0,0.0,0.0,307.33930265568927,0.0,0.15,0.0,0.0,False,0.004208842998195905,0,0,145,0,0.0,0.0,1,,,1,True,True,True,727.5,389.66069734431073,337.83930265568927,True,True,0,ML-Robust-MPC,149.76556996122196,239.8951273830888,94.74241560058547
644.5,150.69174935882108,242.5953794409834,2,0.0,0.0,0.0,251.21287120019554,0.0,0.15,0.0,0.0,False,0.004368679001345299,1,0,146,0,0.0,0.0,1,,,2,True,True,False,697.0,390.6917493588211,306.3082506411789,True,True,0,ML-Robust-MPC,150.69174935882108,242.5953794409834,98.35679955748716
670.5,149.90178557221503,241.18924938510588,2,0.0,0.0,0.0,279.4089650426791,0.0,0.15,0.0,0.0,False,0.006335747995763086,0,0,147,0,0.0,0.0,1,,,2,True,True,False,644.5,389.90178557221503,254.59821442778497,True,True,0,ML-Robust-MPC,149.90178557221503,241.18924938510588,107.58921513760448
628.0,143.32328430773532,241.6626336422329,2,0.0,0.0,0.0,243.0140820500318,0.0,0.15,0.0,0.0,False,0.006061849999241531,0,0,148,0,0.0,0.0,1,,,2,True,True,False,670.5,383.3232843077353,287.1767156922647,True,True,0,ML-Robust-MPC,143.32328430773532,241.6626336422329,111.53100315819422
592.0,142.97012162127646,241.59189916604072,2,0.0,0.0,0.0,207.43797921268282,0.0,0.15,0.0,0.0,False,0.010123537998879328,0,0,149,0,0.0,0.0,1,,,2,True,True,False,628.0,382.97012162127646,245.02987837872354,True,True,0,ML-Robust-MPC,142.97012162127646,241.59189916604072,115.6349487622136
534.0,143.84950646268248,240.5806337959032,2,0.0,0.0,0.0,149.56985974141435,0.0,0.15,0.0,0.0,False,0.004543344002740923,0,0,150,0,0.0,0.0,1,,,2,True,True,False,592.0,383.8495064626825,208.15049353731752,True,True,0,ML-Robust-MPC,143.84950646268248,240.5806337959032,114.48663770422542
493.0,141.77826772023778,241.0223313251093,2,0.0,0.0,0.0,110.1994009546529,0.0,0.15,0.0,0.0,False,0.0046304290008265525,0,0,151,0,0.0,0.0,1,,,2,True,True,False,549.5224609375,381.77826772023775,167.74419321726225,True,True,0,ML-Robust-MPC,141.77826772023778,241.0223313251093,111.20993963791298
489.0,140.34548587469013,240.17244264362992,2,0.0,0.0,0.0,108.48207148167995,0.0,0.15,0.0,0.0,False,0.004664084000978619,0,0,152,0,0.0,0.0,1,,,2,True,True,False,514.1259155273438,380.3454858746901,133.78042965265365,True,True,0,ML-Robust-MPC,140.34548587469013,240.17244264362992,110.90909922931024
464.0,141.39944723499264,240.03863193150343,2,0.0,0.0,0.0,82.5619208335039,0.0,0.15,0.0,0.0,False,0.0047062349985935725,0,0,153,0,0.0,0.0,1,,,2,True,True,False,489.78424072265625,381.39944723499264,108.38479348766361,True,True,0,ML-Robust-MPC,141.39944723499264,240.03863193150343,109.78309671999229
510.5,142.93379964590738,238.654496935254,1,0.0,0.0,0.0,128.9117034188386,0.0,0.15,0.0,0.0,False,0.005243890002020635,0,0,154,0,0.0,0.0,1,,,1,True,True,True,478.203857421875,381.5882965811614,96.61556084071361,True,True,0,ML-Robust-MPC,142.93379964590738,238.654496935254,116.326843109426
450.5,142.44408765025597,237.9138247541646,1,0.0,0.0,0.0,70.14208759557943,0.0,0.15,0.0,0.0,False,0.004998787000658922,0,0,155,0,0.0,0.0,1,,,1,True,True,True,510.5,380.3579124044206,130.14208759557943,True,True,0,ML-Robust-MPC,142.44408765025597,237.9138247541646,120.2357960694674
473.0,143.3586055214813,236.5832086946812,1,0.0,0.0,0.0,93.05818578383753,0.0,0.15,0.0,0.0,False,0.006618662999244407,0,0,156,0,0.0,0.0,1,,,1,True,True,True,476.2740478515625,379.94181421616247,96.33223363540003,True,True,0,ML-Robust-MPC,143.3586055214813,236.5832086946812,115.2637903468013
427.5,141.21652119085562,237.63299167758808,1,0.0,0.0,0.0,48.650487131556304,0.0,0.15,0.0,0.0,False,0.004733424000733066,0,0,157,0,0.0,0.0,1,,,1,True,True,True,473.0,378.8495128684437,94.1504871315563,True,True,0,ML-Robust-MPC,141.21652119085562,237.63299167758808,116.3706950040865
450.0,141.7457133158198,239.55233707371264,1,0.0,0.0,0.0,68.70194961046752,0.0,0.15,0.0,0.0,False,0.004774549997819122,0,0,158,0,0.0,0.0,1,,,1,True,True,True,464.65447998046875,381.2980503895325,83.35642959093627,True,True,0,ML-Robust-MPC,141.7457133158198,239.55233707371264,119.874577032058
437.5,141.3241278600838,240.6239022249677,2,0.0,0.0,0.0,55.55196991494847,0.0,0.15,0.0,0.0,False,0.004598959996656049,1,0,159,0,0.0,0.0,1,,,2,True,True,False,475.253662109375,381.32412786008376,93.92953424929124,True,True,0,ML-Robust-MPC,141.3241278600838,240.6239022249677,117.50271044297811
447.0,140.1612758360219,240.0564372704968,2,0.0,0.0,0.0,66.78228689348134,0.0,0.15,0.0,0.0,False,0.004580002998409327,0,0,160,0,0.0,0.0,1,,,2,True,True,False,477.97979736328125,380.1612758360219,97.81852152725935,True,True,0,ML-Robust-MPC,140.1612758360219,240.0564372704968,120.21661186008647
449.0,139.98369855049944,239.1364097228765,1,0.0,0.0,0.0,69.87989172662407,0.0,0.15,0.0,0.0,False,0.0030820050014881417,0,0,161,0,0.0,0.0,1,,,1,True,True,True,483.4375915527344,379.12010827337593,104.31748327935844,True,True,0,ML-Robust-MPC,139.98369855049944,239.1364097228765,119.83085263797484
434.0,137.43680188584156,239.41578241831863,1,0.0,0.0,0.0,57.14741569583981,0.0,0.15,0.0,0.0,False,0.004297065002901945,0,0,162,0,0.0,0.0,1,,,1,True,True,True,492.16497802734375,376.8525843041602,115.31239372318356,True,True,0,ML-Robust-MPC,137.43680188584156,239.41578241831863,131.35559970944797
442.0,134.4457449889923,241.68661544293343,2,0.0,0.0,0.0,65.86763956807431,0.0,0.15,0.0,0.0,False,0.0035128759991494007,1,0,163,0,0.0,0.0,1,,,2,True,True,False,496.5386962890625,374.44574498899226,122.09295130007024,True,True,0,ML-Robust-MPC,134.4457449889923,241.68661544293343,125.1367959265849
449.0,130.72562133534475,242.3058852096819,2,0.0,0.0,0.0,75.96849345497333,0.0,0.15,0.0,0.0,False,0.004646949993912131,0,0,164,0,0.0,0.0,1,,,2,True,True,False,511.75689697265625,370.7256213353447,141.03127563731152,True,True,0,ML-Robust-MPC,130.72562133534475,242.3058852096819,115.22159795482438
466.0,131.70971242115914,240.72954802405465,2,0.0,0.0,0.0,93.56073955478621,0.0,0.15,0.0,0.0,False,0.004534783001872711,0,0,165,0,0.0,0.0,1,,,2,True,True,False,522.568115234375,371.7097124211591,150.8584028132159,True,True,0,ML-Robust-MPC,131.70971242115914,240.72954802405465,125.0653381905052
408.5,129.53630669186725,240.36644717207395,2,0.0,0.0,0.0,38.5972461360588,0.0,0.15,0.0,0.0,False,0.004450041000382043,0,0,166,0,0.0,0.0,1,,,2,True,True,False,546.5553588867188,369.53630669186725,177.0190521948515,True,True,0,ML-Robust-MPC,129.53630669186725,240.36644717207395,122.41696369898852
434.0,130.57567934484314,239.83272387390912,1,0.0,0.0,0.0,63.591596781247745,0.0,0.15,0.0,0.0,False,0.004518601999734528,0,0,167,0,0.0,0.0,1,,,1,True,True,True,549.8616943359375,370.40840321875226,179.45329111718524,True,True,0,ML-Robust-MPC,130.57567934484314,239.83272387390912,115.36946295013468
460.0,131.2526789311912,238.12968146624172,1,0.0,0.0,0.0,90.61763960256707,0.0,0.15,0.0,0.0,False,0.005347951999283396,0,0,168,0,0.0,0.0,1,,,1,True,True,True,568.4321899414062,369.38236039743293,199.04982954397332,True,True,0,ML-Robust-MPC,131.2526789311912,238.12968146624172,110.37167936842174
437.0,133.0832669107175,237.5636163495957,1,0.0,0.0,0.0,66.35311673968681,0.0,0.15,0.0,0.0,False,0.004432382003869861,0,0,169,0,0.0,0.0,1,,,1,True,True,True,587.15625,370.6468832603132,216.5093667396868,True,True,0,ML-Robust-MPC,133.0832669107175,237.5636163495957,109.78140873751666
426.0,129.67768496923384,237.39915429114689,1,0.0,0.0,0.0,58.92316073961928,0.0,0.15,0.0,0.0,False,0.004393679999338929,0,0,170,0,0.0,0.0,1,,,1,True,True,True,621.3245849609375,367.0768392603807,254.24774570055678,True,True,0,ML-Robust-MPC,129.67768496923384,237.39915429114689,109.22116840643662
486.0,128.57957676476963,235.74418950868665,1,0.0,0.0,0.0,121.67623372654373,0.0,0.15,0.0,0.0,False,0.004343175001849886,0,0,171,0,0.0,0.0,1,,,1,True,True,True,625.3384399414062,364.3237662734563,261.01467366795,True,True,0,ML-Robust-MPC,128.57957676476963,235.74418950868665,108.04210597963792
462.5,129.79670873388054,237.7089824238305,1,0.0,0.0,0.0,94.994308842289,0.0,0.15,0.0,0.0,False,0.004222529001708608,0,0,172,0,0.0,0.0,1,,,1,True,True,True,658.3134155273438,367.505691157711,290.80772436963275,True,True,0,ML-Robust-MPC,129.79670873388054,237.7089824238305,110.58897991276112
494.5,134.18555878844555,237.1795836690481,1,0.0,0.0,0.0,123.13485754250632,0.0,0.15,0.0,0.0,False,0.004355354998551775,0,0,173,0,0.0,0.0,1,,,1,True,True,True,688.5170288085938,371.3651424574937,317.1518863511001,True,True,0,ML-Robust-MPC,134.18555878844555,237.1795836690481,116.18001724564088
473.0,129.72284627519593,238.6443084271644,1,0.0,0.0,0.0,104.63284529763968,0.0,0.15,0.0,0.0,False,0.004176022004685365,0,0,174,0,0.0,0.0,1,,,1,True,True,True,722.1339111328125,368.3671547023603,353.7667564304522,True,True,0,ML-Robust-MPC,129.72284627519593,238.6443084271644,117.5477601446226
478.5,128.8676802544157,241.22583966810265,2,0.0,0.0,0.0,108.40648007748166,0.0,0.15,0.0,0.0,False,0.004539483001281042,1,0,175,0,0.0,0.0,1,,,2,True,True,False,757.1093139648438,368.8676802544157,388.24163371042806,True,True,0,ML-Robust-MPC,128.8676802544157,241.22583966810265,118.70321194612082
467.5,130.65273638228382,242.74380994994883,2,0.0,0.0,0.0,94.10345366776733,0.0,0.15,0.0,0.0,False,0.00637404499866534,0,0,176,0,0.0,0.0,1,,,2,True,True,False,777.1611938476562,370.6527363822838,406.50845746537243,True,True,0,ML-Robust-MPC,130.65273638228382,242.74380994994883,117.10506595055163
503.5,132.6321768590791,242.52876248121504,2,0.0,0.0,0.0,128.33906065970586,0.0,0.15,0.0,0.0,False,0.006918612998561002,0,0,177,0,0.0,0.0,1,,,2,True,True,False,786.0257568359375,372.6321768590791,413.3935799768584,True,True,0,ML-Robust-MPC,132.6321768590791,242.52876248121504,124.39997079759242
518.0,135.5154729507396,241.21233244642087,2,0.0,0.0,0.0,141.27219460283953,0.0,0.15,0.0,0.0,False,0.006697054996038787,0,0,178,0,0.0,0.0,1,,,2,True,True,False,838.194580078125,375.5154729507396,462.6791071273854,True,True,0,ML-Robust-MPC,135.5154729507396,241.21233244642087,122.59467741250086
504.5,134.7310884148236,242.05395238883185,2,0.0,0.0,0.0,127.71495919634458,0.0,0.15,0.0,0.0,False,0.006146796004031785,0,0,179,0,0.0,0.0,1,,,2,True,True,False,886.6491088867188,374.7310884148236,511.91802047189515,True,True,0,ML-Robust-MPC,134.7310884148236,242.05395238883185,120.82217678039348
544.5,134.5438722459698,240.04872227632333,2,0.0,0.0,0.0,169.9074054777069,0.0,0.15,0.0,0.0,False,0.010476898001797963,0,0,180,0,0.0,0.0,1,,,2,True,True,False,915.4190673828125,374.5438722459698,540.8751951368426,True,True,0,ML-Robust-MPC,134.5438722459698,240.04872227632333,113.01594743592771
579.0,133.10911954744586,240.46318857835664,2,0.0,0.0,0.0,205.42769187419754,0.0,0.15,0.0,0.0,False,0.009689370002888609,0,0,181,0,0.0,0.0,1,,,2,True,True,False,957.2669067382812,373.10911954744586,584.1577871908354,True,True,0,ML-Robust-MPC,133.10911954744586,240.46318857835664,116.44092767740143
558.0,133.11770059710267,238.67181325801693,1,0.0,0.0,0.0,186.2104861448804,0.0,0.15,0.0,0.0,False,0.0046826230027363636,0,0,182,0,0.0,0.0,1,,,1,True,True,True,1035.6536865234375,371.7895138551196,663.8641726683179,True,True,0,ML-Robust-MPC,133.11770059710267,238.67181325801693,122.9264994686349
610.5,132.42525789608982,238.3215170951111,1,0.0,0.0,0.0,239.75322500879906,0.0,0.15,0.0,0.0,False,0.0043625799953588285,0,0,183,0,0.0,0.0,1,,,1,True,True,True,1069.396728515625,370.74677499120094,698.6499535244241,True,True,0,ML-Robust-MPC,132.42525789608982,238.3215170951111,112.88696845444072
627.5,132.44015214784477,239.09352004910937,1,0.0,0.0,0.0,255.96632780304583,0.0,0.15,0.0,0.0,False,0.004401855003379751,0,0,184,0,0.0,0.0,1,,,1,True,True,True,1134.369873046875,371.53367219695417,762.8362008499208,True,True,0,ML-Robust-MPC,132.44015214784477,239.09352004910937,117.83675685306557
665.0,132.52868280980522,241.9422211359466,2,0.0,0.0,0.0,290.52909605424816,0.0,0.15,0.0,0.0,False,0.0047786770010134205,1,0,185,0,0.0,0.0,1,,,2,True,True,False,1192.94677734375,372.5286828098052,820.4180945339448,True,True,0,ML-Robust-MPC,132.52868280980522,241.9422211359466,120.65477756081938
708.5,133.57753263575268,242.66380780669883,2,0.0,0.0,0.0,332.2586595575485,0.0,0.15,0.0,0.0,False,0.006341054002405144,0,0,186,0,0.0,0.0,1,,,2,True,True,False,1245.229736328125,373.5775326357527,871.6522036923723,True,True,0,ML-Robust-MPC,133.57753263575268,242.66380780669883,121.5296584399701
768.0,137.1155767458699,243.3520366044001,2,0.0,0.0,0.0,387.53238664973003,0.0,0.15,0.0,0.0,False,0.0064616529998602346,0,0,187,0,0.0,0.0,1,,,2,True,True,False,1311.320556640625,377.11557674586993,934.2049798947551,True,True,0,ML-Robust-MPC,137.1155767458699,243.3520366044001,114.66058542580453
793.5,134.05878579981874,243.58993698071004,2,0.0,0.0,0.0,415.8512772194712,0.0,0.15,0.0,0.0,False,0.010097500999108888,0,0,188,0,0.0,0.0,1,,,2,True,True,False,1334.440673828125,374.05878579981874,960.3818880283063,True,True,0,ML-Robust-MPC,134.05878579981874,243.58993698071004,122.0998660092186
855.0,138.0203112316977,244.6790941718188,2,0.0,0.0,0.0,472.3005945964835,0.0,0.15,0.0,0.0,False,0.006157867996080313,0,0,189,0,0.0,0.0,1,,,2,True,True,False,1346.2645263671875,378.0203112316977,968.2442151354899,True,True,0,ML-Robust-MPC,138.0203112316977,244.6790941718188,117.02316082002544
913.5,140.0895046071033,244.0470764305585,2,0.0,0.0,0.0,529.3634189623382,0.0,0.15,0.0,0.0,False,0.010220807998848613,0,0,190,0,0.0,0.0,1,,,2,True,True,False,1315.0235595703125,380.0895046071033,934.9340549632092,True,True,0,ML-Robust-MPC,140.0895046071033,244.0470764305585,106.24593353999713
889.5,138.75431235827585,244.0928750229324,2,0.0,0.0,0.0,506.65281261879176,0.0,0.15,0.0,0.0,False,0.009557659999700263,0,0,191,0,0.0,0.0,1,,,2,True,True,False,1300.88232421875,378.75431235827585,922.1280118604741,True,True,0,ML-Robust-MPC,138.75431235827585,244.0928750229324,111.5761085780986
990.0,138.53261057246016,243.66533012371977,2,0.0,0.0,0.0,607.8020593038201,0.0,0.15,0.0,0.0,False,0.009476104001805652,0,0,192,0,0.0,0.0,1,,,2,True,True,False,1317.62060546875,378.53261057246016,939.0879948962898,True,True,0,ML-Robust-MPC,138.53261057246016,243.66533012371977,116.48925195454744
1059.0,135.3913256444839,242.8191611556016,2,0.0,0.0,0.0,680.7895131999145,0.0,0.15,0.0,0.0,False,0.009519239996734541,0,0,193,0,0.0,0.0,1,,,2,True,True,False,1316.62353515625,375.3913256444839,941.2322095117661,True,True,0,ML-Robust-MPC,135.3913256444839,242.8191611556016,117.66880683266491
1097.5,139.44399871760157,243.22620675147363,2,0.0,0.0,0.0,714.8297945309248,0.0,0.15,0.0,0.0,False,0.009092364001844544,0,0,194,0,0.0,0.0,1,,,2,True,True,False,1327.486083984375,379.4439987176016,948.0420852667735,True,True,0,ML-Robust-MPC,139.44399871760157,243.22620675147363,126.09623192019644
1195.5,137.68494315865593,241.3200185433452,2,0.0,0.0,0.0,816.4950382979989,0.0,0.15,0.0,0.0,False,0.010059326996270102,0,0,195,0,0.0,0.0,1,,,2,True,True,False,1333.109619140625,377.6849431586559,955.4246759819691,True,True,0,ML-Robust-MPC,137.68494315865593,241.3200185433452,123.19375270318544
1232.0,137.8148188028261,241.2387284291844,2,0.0,0.0,0.0,852.9464527679895,0.0,0.15,0.0,0.0,False,0.00934972600225592,0,0,196,0,0.0,0.0,1,,,2,True,True,False,1332.13134765625,377.8148188028261,954.316528853424,True,True,0,ML-Robust-MPC,137.8148188028261,241.2387284291844,119.37465271140124
1248.5,139.0382236709948,240.46120416543704,2,0.0,0.0,0.0,869.0005721635682,0.0,0.15,0.0,0.0,False,0.010193964997597504,0,0,197,0,0.0,0.0,1,,,2,True,True,False,1315.4765625,379.0382236709948,936.4383388290053,True,True,0,ML-Robust-MPC,139.0382236709948,240.46120416543704,123.35776258376067
1260.5,136.4981333219498,242.24169640186184,2,0.0,0.0,0.0,881.7601702761883,0.0,0.15,0.0,0.0,False,0.01010346099792514,0,0,198,0,0.0,0.0,1,,,2,True,True,False,1286.1767578125,376.4981333219498,909.6786244905502,True,True,0,ML-Robust-MPC,136.4981333219498,242.24169640186184,122.16488757153031
1260.5,138.92166451196198,242.19507574560183,2,0.0,0.0,0.0,879.3832597424362,0.0,0.15,0.0,0.0,False,0.009973038999305572,0,0,199,0,0.0,0.0,1,,,2,True,True,False,1267.8118896484375,378.921664511962,888.8902251364755,True,True,0,ML-Robust-MPC,138.92166451196198,242.19507574560183,122.57237959323253
1248.5,139.09279043467757,242.54848329982067,2,0.0,0.0,0.0,866.8587262655018,0.0,0.15,0.0,0.0,False,0.00997549899329897,0,0,200,0,0.0,0.0,1,,,2,True,True,False,1260.5,379.09279043467757,881.4072095653224,True,True,0,ML-Robust-MPC,139.09279043467757,242.54848329982067,124.10368008427255
1145.0,140.1018389328539,240.59531942063217,2,0.0,0.0,0.0,764.3028416465139,0.0,0.15,0.0,0.0,False,0.010164264000195544,0,0,201,0,0.0,0.0,1,,,2,True,True,False,1248.5,380.10183893285387,868.3981610671461,True,True,0,ML-Robust-MPC,140.1018389328539,240.59531942063217,128.64924043735363
1089.5,142.71251861104926,241.1822557129108,2,0.0,0.0,0.0,705.6052256760399,0.0,0.15,0.0,0.0,False,0.009179931003018282,0,0,202,0,0.0,0.0,1,,,2,True,True,False,1145.0,382.7125186110493,762.2874813889507,True,True,0,ML-Robust-MPC,142.71251861104926,241.1822557129108,129.8305195916147
1026.0,143.8104446255127,242.9095736263401,2,0.0,0.0,0.0,639.2799817481472,0.0,0.15,0.0,0.0,False,0.010068530005810317,0,0,203,0,0.0,0.0,1,,,2,True,True,False,1089.5,383.8104446255127,705.6895553744873,True,True,0,ML-Robust-MPC,143.8104446255127,242.9095736263401,132.98486628945253
989.5,145.05101066079743,242.38537525434288,2,0.0,0.0,0.0,602.0636140848596,0.0,0.15,0.0,0.0,False,0.010170347006351221,0,0,204,0,0.0,0.0,1,,,2,True,True,False,1026.0,385.05101066079743,640.9489893392026,True,True,0,ML-Robust-MPC,145.05101066079743,242.38537525434288,134.16446450591408
921.0,144.86394252917435,245.42388881589767,2,0.0,0.0,0.0,530.712168654928,0.0,0.15,0.0,0.0,False,0.008004527997400146,0,0,205,0,0.0,0.0,1,,,2,True,True,False,989.5,384.8639425291743,604.6360574708257,True,True,0,ML-Robust-MPC,144.86394252917435,245.42388881589767,129.27107000689546
886.5,144.71225396765044,246.2386876886562,2,0.0,0.0,0.0,495.54905834369333,0.0,0.15,0.0,0.0,False,0.007843355997465551,0,0,206,0,0.0,0.0,1,,,2,True,True,False,921.0,384.71225396765044,536.2877460323496,True,True,0,ML-Robust-MPC,144.71225396765044,246.2386876886562,132.6000855212505
798.5,143.99509257469373,247.9222999912202,2,0.0,0.0,0.0,406.58260743408607,0.0,0.15,0.0,0.0,False,0.00816749400109984,0,0,207,0,0.0,0.0,1,,,2,True,True,False,886.5,383.99509257469373,502.50490742530627,True,True,0,ML-Robust-MPC,143.99509257469373,247.9222999912202,131.76599687002863
796.0,146.2293105509711,247.5542687565028,2,0.0,0.0,0.0,402.21642069252607,0.0,0.15,0.0,0.0,False,0.008194510002795141,0,0,208,0,0.0,0.0,1,,,2,True,True,False,798.5,386.2293105509711,412.2706894490289,True,True,0,ML-Robust-MPC,146.2293105509711,247.5542687565028,139.5220452466782
767.0,148.08292129355343,245.0915017707905,2,0.0,0.0,0.0,373.82557693565604,0.0,0.15,0.0,0.0,False,0.007894923001003917,0,0,209,0,0.0,0.0,1,,,2,True,True,False,796.0,388.08292129355345,407.91707870644655,True,True,0,ML-Robust-MPC,148.08292129355343,245.0915017707905,143.07520648158084
736.5,151.19501615514514,244.4850196998642,2,0.0,0.0,0.0,340.81996414499065,0.0,0.15,0.0,0.0,False,0.007800706000125501,0,0,210,0,0.0,0.0,1,,,2,True,True,False,767.0,391.19501615514514,375.80498384485486,True,True,0,ML-Robust-MPC,151.19501615514514,244.4850196998642,143.59046895440378
653.5,151.05143917558772,242.9117407578359,2,0.0,0.0,0.0,259.5368200665764,0.0,0.15,0.0,0.0,False,0.010207077000814024,0,0,211,0,0.0,0.0,1,,,2,True,True,False,736.5,391.0514391755877,345.4485608244123,True,True,0,ML-Robust-MPC,151.05143917558772,242.9117407578359,142.8936517364847
631.5,153.39397903734522,241.88768830956883,2,0.0,0.0,0.0,236.21833265308595,0.0,0.15,0.0,0.0,False,0.008106394998321775,0,0,212,0,0.0,0.0,1,,,2,True,True,False,662.3717041015625,393.3939790373452,268.9777250642173,True,True,0,ML-Robust-MPC,153.39397903734522,241.88768830956883,142.9060846977017
636.5,153.01195487917323,239.9241798729354,1,0.0,0.0,0.0,243.56386524789139,0.0,0.15,0.0,0.0,False,0.004411214002175257,0,0,213,0,0.0,0.0,1,,,1,True,True,True,631.5,392.9361347521086,238.56386524789139,True,True,0,ML-Robust-MPC,153.01195487917323,239.9241798729354,135.9692876765363
588.5,147.3065735866932,238.8918223379416,1,0.0,0.0,0.0,202.30160407536522,0.0,0.15,0.0,0.0,False,0.004453200999705587,0,0,214,0,0.0,0.0,1,,,1,True,True,True,636.5,386.1983959246348,250.30160407536522,True,True,0,ML-Robust-MPC,147.3065735866932,238.8918223379416,139.64594907076489
578.5,148.05861023620744,238.38586811747209,1,0.0,0.0,0.0,192.05552164632047,0.0,0.15,0.0,0.0,False,0.004278985994460527,0,0,215,0,0.0,0.0,1,,,1,True,True,True,588.5,386.44447835367953,202.05552164632047,True,True,0,ML-Robust-MPC,148.05861023620744,238.38586811747209,139.4682994217459
561.5,145.43129114636056,239.3230750654365,1,0.0,0.0,0.0,176.7456337882029,0.0,0.15,0.0,0.0,False,0.004464354999072384,0,0,216,0,0.0,0.0,1,,,1,True,True,True,578.5,384.7543662117971,193.7456337882029,True,True,0,ML-Robust-MPC,145.43129114636056,239.3230750654365,142.92119194084088
580.5,143.78115969492535,236.67495627587024,1,0.0,0.0,0.0,200.04388402920438,0.0,0.15,0.0,0.0,False,0.004332708995207213,0,0,217,0,0.0,0.0,1,,,1,True,True,True,561.5,380.4561159707956,181.04388402920438,True,True,0,ML-Robust-MPC,143.78115969492535,236.67495627587024,134.39496917707766
499.5,145.81354346594824,236.7350579938661,1,0.0,0.0,0.0,116.95139854018566,0.0,0.15,0.0,0.0,False,0.004557431995635852,0,0,218,0,0.0,0.0,1,,,1,True,True,True,580.5,382.54860145981434,197.95139854018566,True,True,0,ML-Robust-MPC,145.81354346594824,236.7350579938661,145.6757965056435
510.0,149.41756133669818,237.9592489068844,1,0.0,0.0,0.0,122.62318975641745,0.0,0.15,0.0,0.0,False,0.0045257230012794025,0,0,219,0,0.0,0.0,1,,,1,True,True,True,523.5225830078125,387.37681024358255,136.14577276422995,True,True,0,ML-Robust-MPC,149.41756133669818,237.9592489068844,149.30835580692946
502.5,153.40746131586147,237.3215420866086,1,0.0,0.0,0.0,111.77099659752992,0.0,0.15,0.0,0.0,False,0.004504826996708289,0,0,220,0,0.0,0.0,1,,,1,True,True,True,513.3687744140625,390.7290034024701,122.63977101159242,True,True,0,ML-Robust-MPC,153.40746131586147,237.3215420866086,146.27497480881618
457.5,154.58506271113336,238.19627074656947,1,0.0,0.0,0.0,64.71866654229717,0.0,0.15,0.0,0.0,False,0.004666986998927314,0,0,221,0,0.0,0.0,1,,,1,True,True,True,507.830810546875,392.78133345770283,115.04947708917217,True,True,0,ML-Robust-MPC,154.58506271113336,238.19627074656947,150.10893921745236
495.5,156.10382490663773,238.7948746632225,1,0.0,0.0,0.0,100.60130043013976,0.0,0.15,0.0,0.0,False,0.004683037994254846,0,0,222,0,0.0,0.0,1,,,1,True,True,True,482.3222351074219,394.89869956986024,87.42353553756163,True,True,0,ML-Robust-MPC,156.10382490663773,238.7948746632225,144.61580809440466
464.0,156.73262415375595,239.45272738944536,1,0.0,0.0,0.0,67.8146484567987,0.0,0.15,0.0,0.0,False,0.004152344998146873,0,0,223,0,0.0,0.0,1,,,1,True,True,True,495.5,396.1853515432013,99.3146484567987,True,True,0,ML-Robust-MPC,156.73262415375595,239.45272738944536,137.08470066842784
484.5,153.0200320756549,239.34123549816607,1,0.0,0.0,0.0,92.13873242617899,0.0,0.15,0.0,0.0,False,0.004596936996676959,0,0,224,0,0.0,0.0,1,,,1,True,True,True,481.8688049316406,392.361267573821,89.50753735781961,True,True,0,ML-Robust-MPC,153.0200320756549,239.34123549816607,139.16692751443838
454.5,153.32268378596095,239.4459882955661,1,0.0,0.0,0.0,61.73132791847297,0.0,0.15,0.0,0.0,False,0.004530697995505761,0,0,225,0,0.0,0.0,1,,,1,True,True,True,484.5,392.76867208152703,91.73132791847297,True,True,0,ML-Robust-MPC,153.32268378596095,239.4459882955661,138.81230786096268
448.0,154.16042665527848,237.4896882932246,1,0.0,0.0,0.0,56.349885051496926,0.0,0.15,0.0,0.0,False,0.004786757999681868,0,0,226,0,0.0,0.0,1,,,1,True,True,True,469.51129150390625,391.6501149485031,77.86117655540318,True,True,0,ML-Robust-MPC,154.16042665527848,237.4896882932246,139.46889119135366
466.0,151.75934007494394,237.90223349553204,1,0.0,0.0,0.0,76.33842642952402,0.0,0.15,0.0,0.0,False,0.004347838999819942,0,0,227,0,0.0,0.0,1,,,1,True,True,True,466.36431884765625,389.661573570476,76.70274527718027,True,True,0,ML-Robust-MPC,151.75934007494394,237.90223349553204,141.2960445589106
440.5,151.30487675485355,237.46214626520387,1,0.0,0.0,0.0,51.73297697994258,0.0,0.15,0.0,0.0,False,0.005120713998621795,0,0,228,0,0.0,0.0,1,,,1,True,True,True,487.40411376953125,388.7670230200574,98.63709074947383,True,True,0,ML-Robust-MPC,151.30487675485355,237.46214626520387,144.26226611981454
435.5,149.0121684976787,239.2270275349213,1,0.0,0.0,0.0,47.26080396740002,0.0,0.15,0.0,0.0,False,0.00601223800185835,0,0,229,0,0.0,0.0,1,,,1,True,True,True,483.0008850097656,388.2391960326,94.76168897716565,True,True,0,ML-Robust-MPC,149.0121684976787,239.2270275349213,134.6313177094441
442.5,145.25439639213636,241.2008509848334,2,0.0,0.0,0.0,56.04475262303026,0.0,0.15,0.0,0.0,False,0.0046290910031530075,1,0,230,0,0.0,0.0,1,,,2,True,True,False,490.2718811035156,385.25439639213636,105.01748471137927,True,True,0,ML-Robust-MPC,145.25439639213636,241.2008509848334,142.95892925088717
419.0,145.6216801376948,239.2056273262272,1,0.0,0.0,0.0,34.17269253607799,0.0,0.15,0.0,0.0,False,0.004831368998566177,0,0,231,0,0.0,0.0,1,,,1,True,True,True,501.0253601074219,384.827307463922,116.19805264349986,True,True,0,ML-Robust-MPC,145.6216801376948,239.2056273262272,145.26340666700136
453.5,147.82085232829635,240.0208245699425,2,0.0,0.0,0.0,65.65832310176114,0.0,0.15,0.0,0.0,False,0.0032319489982910454,1,0,232,0,0.0,0.0,1,,,2,True,True,False,516.3016357421875,387.8208523282964,128.48078341389112,True,True,0,ML-Robust-MPC,147.82085232829635,240.0208245699425,139.266128160699
426.5,143.16324943903814,241.684392799837,2,0.0,0.0,0.0,41.65235776112485,0.0,0.15,0.0,0.0,False,0.004339720995631069,0,0,233,0,0.0,0.0,1,,,2,True,True,False,532.4962158203125,383.16324943903817,149.33296638127433,True,True,0,ML-Robust-MPC,143.16324943903814,241.684392799837,145.3564697318644
405.0,141.96651397660105,243.52798683899755,2,0.0,0.0,0.0,19.5054991844014,0.0,0.15,0.0,0.0,False,0.004053511001984589,0,0,234,0,0.0,0.0,1,,,2,True,True,False,552.3858032226562,381.96651397660105,170.4192892460552,True,True,0,ML-Robust-MPC,141.96651397660105,243.52798683899755,141.90272820454047
432.5,140.0124193856226,243.8297994013897,2,0.0,0.0,0.0,48.65778121298774,0.0,0.15,0.0,0.0,False,0.004340151004726067,0,0,235,0,0.0,0.0,1,,,2,True,True,False,559.0657958984375,380.0124193856226,179.0533765128149,True,True,0,ML-Robust-MPC,140.0124193856226,243.8297994013897,146.23504473376337
454.0,143.64905244841538,242.9025253625699,2,0.0,0.0,0.0,67.44842218901476,0.0,0.15,0.0,0.0,False,0.00447830500343116,0,0,236,0,0.0,0.0,1,,,2,True,True,False,591.7628784179688,383.6490524484154,208.11382596955337,True,True,0,ML-Robust-MPC,143.64905244841538,242.9025253625699,146.21838894492484
450.5,147.14887476504845,241.5682400523785,2,0.0,0.0,0.0,61.78288518257307,0.0,0.15,0.0,0.0,False,0.005158207997737918,0,0,237,0,0.0,0.0,1,,,2,True,True,False,618.5755004882812,387.14887476504845,231.4266257232328,True,True,0,ML-Robust-MPC,147.14887476504845,241.5682400523785,159.1229476393031
438.5,145.43955324217256,240.7993006215058,2,0.0,0.0,0.0,52.2611461363216,0.0,0.15,0.0,0.0,False,0.004404758001328446,0,0,238,0,0.0,0.0,1,,,2,True,True,False,667.1621704101562,385.43955324217256,281.7226171679837,True,True,0,ML-Robust-MPC,145.43955324217256,240.7993006215058,166.70626668483757
439.0,147.0877043624821,242.26311401241347,2,0.0,0.0,0.0,49.64918162510446,0.0,0.15,0.0,0.0,False,0.004335361998528242,0,0,239,0,0.0,0.0,1,,,2,True,True,False,674.6802978515625,387.0877043624821,287.5925934890804,True,True,0,ML-Robust-MPC,147.0877043624821,242.26311401241347,167.6321285859954
446.5,144.99022099976744,241.8114829097765,2,0.0,0.0,0.0,59.6982960904561,0.0,0.15,0.0,0.0,False,0.004369479996967129,0,0,240,0,0.0,0.0,1,,,2,True,True,False,699.7799682617188,384.9902209997674,314.78974726195133,True,True,0,ML-Robust-MPC,144.99022099976744,241.8114829097765,165.72703125830648
457.0,145.6960784212372,242.9642618526356,2,0.0,0.0,0.0,68.33965972612725,0.0,0.15,0.0,0.0,False,0.0046385919995373115,0,0,241,0,0.0,0.0,1,,,2,True,True,False,719.269287109375,385.6960784212372,333.5732086881378,True,True,0,ML-Robust-MPC,145.6960784212372,242.9642618526356,164.94924003965872
462.5,147.153259547244,242.0403263443162,2,0.0,0.0,0.0,73.30641410843975,0.0,0.15,0.0,0.0,False,0.00702556600299431,0,0,242,0,0.0,0.0,1,,,2,True,True,False,757.5090942382812,387.15325954724403,370.3558346910372,True,True,0,ML-Robust-MPC,147.153259547244,242.0403263443162,164.97767876323917
500.0,149.78260283824065,242.4570014563551,2,0.0,0.0,0.0,107.76039570540422,0.0,0.15,0.0,0.0,False,0.009202958004607353,0,0,243,0,0.0,0.0,1,,,2,True,True,False,794.4227905273438,389.7826028382407,404.6401876891031,True,True,0,ML-Robust-MPC,149.78260283824065,242.4570014563551,165.13955381682368
499.5,150.4373740408941,240.3203396812032,2,0.0,0.0,0.0,108.74228627790274,0.0,0.15,0.0,0.0,False,0.006458814998040907,0,0,244,0,0.0,0.0,1,,,2,True,True,False,850.1704711914062,390.4373740408941,459.73309715051215,True,True,0,ML-Robust-MPC,150.4373740408941,240.3203396812032,161.35219653971785
558.5,151.44399829670476,239.2960212344369,1,0.0,0.0,0.0,167.75998046885832,0.0,0.15,0.0,0.0,False,0.0043449239965411834,0,0,245,0,0.0,0.0,1,,,1,True,True,True,900.0247802734375,390.7400195311417,509.2847607422958,True,True,0,ML-Robust-MPC,151.44399829670476,239.2960212344369,167.08898553308177
544.5,149.39981901002685,241.68508767167927,2,0.0,0.0,0.0,153.41509331829388,0.0,0.15,0.0,0.0,False,0.00436654200166231,1,0,246,0,0.0,0.0,1,,,2,True,True,False,987.6359252929688,389.3998190100268,598.2361062829419,True,True,0,ML-Robust-MPC,149.39981901002685,241.68508767167927,162.29009393949738
573.0,148.0914044647576,242.34170795137845,2,0.0,0.0,0.0,182.56688758386395,0.0,0.15,0.0,0.0,False,0.006115506999776699,0,0,247,0,0.0,0.0,1,,,2,True,True,False,1050.3951416015625,388.0914044647576,662.3037371368049,True,True,0,ML-Robust-MPC,148.0914044647576,242.34170795137845,161.77808779169672
594.0,150.5043701487224,243.5831738408436,2,0.0,0.0,0.0,199.91245601043397,0.0,0.15,0.0,0.0,False,0.006463721998443361,0,0,248,0,0.0,0.0,1,,,2,True,True,False,1102.6015625,390.5043701487224,712.0971923512776,True,True,0,ML-Robust-MPC,150.5043701487224,243.5831738408436,155.61103688544253
634.5,150.96623123079038,242.7893037811443,2,0.0,0.0,0.0,240.74446498806532,0.0,0.15,0.0,0.0,False,0.006189739993715193,0,0,249,0,0.0,0.0,1,,,2,True,True,False,1182.1253662109375,390.9662312307904,791.1591349801471,True,True,0,ML-Robust-MPC,150.96623123079038,242.7893037811443,150.47984115731046
699.0,150.78435848402282,242.04233938865207,2,0.0,0.0,0.0,306.1733021273251,0.0,0.15,0.0,0.0,False,0.006210008999914862,0,0,250,0,0.0,0.0,1,,,2,True,True,False,1234.835693359375,390.78435848402285,844.0513348753522,True,True,0,ML-Robust-MPC,150.78435848402282,242.04233938865207,144.26207783247705
696.0,153.42128846244646,245.4644254724008,2,0.0,0.0,0.0,297.1142860651528,0.0,0.15,0.0,0.0,False,0.009991177001211327,0,0,251,0,0.0,0.0,1,,,2,True,True,False,1293.1533203125,393.42128846244646,899.7320318500535,True,True,0,ML-Robust-MPC,153.42128846244646,245.4644254724008,143.3854123093916
732.0,152.03796861042423,248.57557682355,2,0.0,0.0,0.0,331.3864545660258,0.0,0.15,0.0,0.0,False,0.007888430998718832,0,0,252,0,0.0,0.0,1,,,2,True,True,False,1299.610107421875,392.03796861042423,907.5721388114507,True,True,0,ML-Robust-MPC,152.03796861042423,248.57557682355,136.9851906701087
780.0,151.82888342620157,249.38236700917207,2,0.0,0.0,0.0,378.78874956462636,0.0,0.15,0.0,0.0,False,0.008078265003859997,0,0,253,0,0.0,0.0,1,,,2,True,True,False,1318.77294921875,391.82888342620157,926.9440657925484,True,True,0,ML-Robust-MPC,151.82888342620157,249.38236700917207,136.64336167033986
817.5,153.37296499223234,249.17303350454264,2,0.0,0.0,0.0,414.954001503225,0.0,0.15,0.0,0.0,False,0.008084343993687071,0,0,254,0,0.0,0.0,1,,,2,True,True,False,1303.248291015625,393.37296499223237,909.8753260233926,True,True,0,ML-Robust-MPC,153.37296499223234,249.17303350454264,132.59350279384026
882.5,152.93802562276068,250.49126415680607,2,0.0,0.0,0.0,479.0707102204333,0.0,0.15,0.0,0.0,False,0.00799983100296231,0,0,255,0,0.0,0.0,1,,,2,True,True,False,1316.89697265625,392.9380256227607,923.9589470334893,True,True,0,ML-Robust-MPC,152.93802562276068,250.49126415680607,137.7398138236244
893.0,154.66062665904371,250.0886818816545,2,0.0,0.0,0.0,488.2506914593018,0.0,0.15,0.0,0.0,False,0.007875073999457527,0,0,256,0,0.0,0.0,1,,,2,True,True,False,1294.9814453125,394.6606266590437,900.3208186534563,True,True,0,ML-Robust-MPC,154.66062665904371,250.0886818816545,137.3023320335163
991.5,159.74385388178334,248.14289929889577,2,0.0,0.0,0.0,583.6132468193209,0.0,0.15,0.0,0.0,False,0.008055783997406252,0,0,257,0,0.0,0.0,1,,,2,True,True,False,1308.869140625,399.74385388178337,909.1252867432166,True,True,0,ML-Robust-MPC,159.74385388178334,248.14289929889577,142.82283349229598
1060.5,159.57539725321263,245.77206705012708,2,0.0,0.0,0.0,655.1525356966603,0.0,0.15,0.0,0.0,False,0.007874506001826376,0,0,258,0,0.0,0.0,1,,,2,True,True,False,1304.6727294921875,399.5753972532126,905.0973322389749,True,True,0,ML-Robust-MPC,159.57539725321263,245.77206705012708,132.2850262738763
1112.0,159.65299709850518,245.46873180827137,2,0.0,0.0,0.0,706.8782710932235,0.0,0.15,0.0,0.0,False,0.007802858999639284,0,0,259,0,0.0,0.0,1,,,2,True,True,False,1304.16015625,399.6529970985052,904.5071591514948,True,True,0,ML-Robust-MPC,159.65299709850518,245.46873180827137,130.01511498804626
1190.5,159.70898118237534,246.8143204706305,2,0.0,0.0,0.0,783.9766983469942,0.0,0.15,0.0,0.0,False,0.007962513001984917,0,0,260,0,0.0,0.0,1,,,2,True,True,False,1295.2891845703125,399.70898118237534,895.5802033879372,True,True,0,ML-Robust-MPC,159.70898118237534,246.8143204706305,127.69224452188836
1198.0,156.26436789638328,246.49140872803864,2,0.0,0.0,0.0,795.244223375578,0.0,0.15,0.0,0.0,False,0.008002837996173184,0,0,261,0,0.0,0.0,1,,,2,True,True,False,1292.0347900390625,396.2643678963833,895.7704221426792,True,True,0,ML-Robust-MPC,156.26436789638328,246.49140872803864,130.14364704986468
1246.5,155.14714625191766,243.57760139869296,2,0.0,0.0,0.0,847.7752523493893,0.0,0.15,0.0,0.0,False,0.010120325998286717,0,0,262,0,0.0,0.0,1,,,2,True,True,False,1256.8658447265625,395.14714625191766,861.7186984746448,True,True,0,ML-Robust-MPC,155.14714625191766,243.57760139869296,130.8839350881185
1254.0,156.3126483940055,245.28236390420096,2,0.0,0.0,0.0,852.4049877017935,0.0,0.15,0.0,0.0,False,0.00799181399634108,0,0,263,0,0.0,0.0,1,,,2,True,True,False,1269.353271484375,396.31264839400546,873.0406230903695,True,True,0,ML-Robust-MPC,156.3126483940055,245.28236390420096,130.0043581827511
1253.5,153.64535042397978,246.6340059012737,2,0.0,0.0,0.0,853.2206436747465,0.0,0.15,0.0,0.0,False,0.007826266999472864,0,0,264,0,0.0,0.0,1,,,2,True,True,False,1254.0,393.6453504239798,860.3546495760202,True,True,0,ML-Robust-MPC,153.64535042397978,246.6340059012737,126.50065685886224
1255.5,154.69355107909308,244.8782274499677,2,0.0,0.0,0.0,855.9282214709392,0.0,0.15,0.0,0.0,False,0.007943971999338828,0,0,265,0,0.0,0.0,1,,,2,True,True,False,1253.5,394.6935510790931,858.8064489209069,True,True,0,ML-Robust-MPC,154.69355107909308,244.8782274499677,124.68406487971949
1232.5,156.26322959048775,243.77446214878853,2,0.0,0.0,0.0,832.4623082607237,0.0,0.15,0.0,0.0,False,0.00807869100390235,0,0,266,0,0.0,0.0,1,,,2,True,True,False,1255.5,396.26322959048775,859.2367704095122,True,True,0,ML-Robust-MPC,156.26322959048775,243.77446214878853,125.53028211953956
1170.5,160.52981122243108,241.71165266222,2,0.0,0.0,0.0,768.258536115349,0.0,0.15,0.0,0.0,False,0.010226780002994929,0,0,267,0,0.0,0.0,1,,,2,True,True,False,1232.5,400.5298112224311,831.9701887775689,True,True,0,ML-Robust-MPC,160.52981122243108,241.71165266222,127.47868925722824
1080.0,158.29576498135626,244.39633094360352,2,0.0,0.0,0.0,677.3079040750403,0.0,0.15,0.0,0.0,False,0.007974447995366063,0,0,268,0,0.0,0.0,1,,,2,True,True,False,1170.5,398.2957649813562,772.2042350186438,True,True,0,ML-Robust-MPC,158.29576498135626,244.39633094360352,125.8352570342762
1054.0,156.7864566188174,243.7751469315353,2,0.0,0.0,0.0,653.4383964496474,0.0,0.15,0.0,0.0,False,0.008043838999583386,0,0,269,0,0.0,0.0,1,,,2,True,True,False,1080.0,396.7864566188174,683.2135433811826,True,True,0,ML-Robust-MPC,156.7864566188174,243.7751469315353,117.31686461612306
926.0,157.48255438822315,243.1623980826328,2,0.0,0.0,0.0,525.355047529144,0.0,0.15,0.0,0.0,False,0.010199492004176136,0,0,270,0,0.0,0.0,1,,,2,True,True,False,1054.0,397.48255438822315,656.5174456117768,True,True,0,ML-Robust-MPC,157.48255438822315,243.1623980826328,120.16904573734664
914.5,156.48380580110506,240.95164050287585,2,0.0,0.0,0.0,517.0645536960191,0.0,0.15,0.0,0.0,False,0.010364791000029072,0,0,271,0,0.0,0.0,1,,,2,True,True,False,926.0,396.48380580110506,529.5161941988949,True,True,0,ML-Robust-MPC,156.48380580110506,240.95164050287585,114.41365276992912
861.0,157.6280093353198,238.7842382084248,1,0.0,0.0,0.0,464.58775245625543,0.0,0.15,0.0,0.0,False,0.004418563003127929,0,0,272,0,0.0,0.0,1,,,1,True,True,True,914.5,396.41224754374457,518.0877524562554,True,True,0,ML-Robust-MPC,157.6280093353198,238.7842382084248,119.03752589400813
790.0,157.07831991928353,237.9120953528835,1,0.0,0.0,0.0,395.00958472783293,0.0,0.15,0.0,0.0,False,0.004279765002138447,0,0,273,0,0.0,0.0,1,,,1,True,True,True,861.0,394.99041527216707,466.00958472783293,True,True,0,ML-Robust-MPC,157.07831991928353,237.9120953528835,122.56417984996438
756.5,157.73178005963712,238.28289931118968,1,0.0,0.0,0.0,360.4853206291732,0.0,0.15,0.0,0.0,False,0.004391546004626434,0,0,274,0,0.0,0.0,1,,,1,True,True,True,790.0,396.0146793708268,393.9853206291732,True,True,0,ML-Robust-MPC,157.73178005963712,238.28289931118968,128.6176368160451
710.0,157.14898872176454,237.895626165216,1,0.0,0.0,0.0,314.9553851130195,0.0,0.15,0.0,0.0,False,0.00423158999910811,0,0,275,0,0.0,0.0,1,,,1,True,True,True,756.5,395.0446148869805,361.4553851130195,True,True,0,ML-Robust-MPC,157.14898872176454,237.895626165216,129.7808282562693
674.5,157.1022334857592,237.75276797428228,1,0.0,0.0,0.0,279.6449985399585,0.0,0.15,0.0,0.0,False,0.004252785998687614,0,0,276,0,0.0,0.0,1,,,1,True,True,True,710.0,394.8550014600415,315.1449985399585,True,True,0,ML-Robust-MPC,157.1022334857592,237.75276797428228,123.44488859826474
665.5,156.93630951431723,238.93388611609328,1,0.0,0.0,0.0,269.62980436958946,0.0,0.15,0.0,0.0,False,0.0045604240003740415,0,0,277,0,0.0,0.0,1,,,1,True,True,True,674.5,395.87019563041054,278.62980436958946,True,True,0,ML-Robust-MPC,156.93630951431723,238.93388611609328,113.65485253005784
620.0,157.2454085907626,236.3342771196492,1,0.0,0.0,0.0,226.4203142895882,0.0,0.15,0.0,0.0,False,0.0042169139996985905,0,0,278,0,0.0,0.0,1,,,1,True,True,True,665.5,393.5796857104118,271.9203142895882,True,True,0,ML-Robust-MPC,157.2454085907626,236.3342771196492,113.96050484687612
573.5,155.07441808567896,237.0478077959766,1,0.0,0.0,0.0,181.3777741183444,0.0,0.15,0.0,0.0,False,0.004245745003572665,0,0,279,0,0.0,0.0,1,,,1,True,True,True,620.0,392.1222258816556,227.8777741183444,True,True,0,ML-Robust-MPC,155.07441808567896,237.0478077959766,118.7024157296132
573.5,153.40038723772014,236.5903274761528,1,0.0,0.0,0.0,183.50928528612707,0.0,0.15,0.0,0.0,False,0.004608137001923751,0,0,280,0,0.0,0.0,1,,,1,True,True,True,574.6512451171875,389.99071471387293,184.66053040331457,True,True,0,ML-Robust-MPC,153.40038723772014,236.5903274761528,127.9277552020342
543.0,151.64685939633944,236.64738457167968,1,0.0,0.0,0.0,154.70575603198085,0.0,0.15,0.0,0.0,False,0.0044068129936931655,0,0,281,0,0.0,0.0,1,,,1,True,True,True,573.5,388.29424396801915,185.20575603198085,True,True,0,ML-Robust-MPC,151.64685939633944,236.64738457167968,125.88245517215016
524.5,151.75936253028163,236.72205671286503,1,0.0,0.0,0.0,136.01858075685334,0.0,0.15,0.0,0.0,False,0.004477706002944615,0,0,282,0,0.0,0.0,1,,,1,True,True,True,543.0,388.48141924314666,154.51858075685334,True,True,0,ML-Robust-MPC,151.75936253028163,236.72205671286503,129.34726033609772
508.0,149.84342412971822,235.76450364633385,1,0.0,0.0,0.0,122.39207222394793,0.0,0.15,0.0,0.0,False,0.004571866003971081,0,0,283,0,0.0,0.0,1,,,1,True,True,True,524.5,385.60792777605207,138.89207222394793,True,True,0,ML-Robust-MPC,149.84342412971822,235.76450364633385,132.24594436055523
502.0,146.5830833653583,239.4381209690579,1,0.0,0.0,0.0,115.97879566558379,0.0,0.15,0.0,0.0,False,0.0045904729995527305,0,0,284,0,0.0,0.0,1,,,1,True,True,True,511.0376281738281,386.0212043344162,125.01642383941191,True,True,0,ML-Robust-MPC,146.5830833653583,239.4381209690579,140.00932762332928
523.5,623.5,0.0,0,-100.0,100.0,0.0,0.0,0.0,0.15099206349206348,0.0,100.0,False,0.006624355002713855,0,1,285,0,0.0,0.0,1,,,0,True,False,False,502.0,1438.5760999148822,-936.5760999148822,True,True,0,ML-Robust-MPC,1198.5760999148822,800.1448593231244,500.0
454.0,521.6273193359378,0.0,0,-67.62731933593783,67.62731933593783,0.0,0.0,0.0,0.1516629694378565,32.37268066406217,67.62731933593783,False,0.0047607679953216575,0,0,286,0,0.0,0.0,1,,,0,True,False,False,523.5,1439.400007478644,-915.900007478644,True,True,0,ML-Robust-MPC,1199.400007478644,801.0124136772122,500.0
468.5,418.4675039672859,0.0,0,50.03249603271411,0.0,50.03249603271411,0.0,0.0,0.15111299256549232,100.0,0.0,False,0.004274794002412818,0,0,287,0,0.0,0.0,1,,,0,True,False,False,485.7843017578125,1440.9418451537083,-955.1575433958958,True,True,0,ML-Robust-MPC,1200.9418451537083,800.5791396444546,500.0
454.5,470.39947509765716,0.0,0,-15.89947509765716,15.89947509765716,0.0,0.0,0.0,0.1512707254533659,84.10052490234284,15.89947509765716,False,0.0049274910052190535,0,0,288,0,0.0,0.0,1,,,0,True,False,False,476.1377258300781,1440.0070725199637,-963.8693466898856,True,True,0,ML-Robust-MPC,1200.0070725199637,800.7933358856664,500.0
457.5,446.56210067749106,0.0,0,10.93789932250894,0.0,10.93789932250894,0.0,0.0,0.15115049176253234,100.0,0.0,False,0.004284524002287071,0,0,289,0,0.0,0.0,1,,,0,True,False,False,470.1808776855469,1439.1254664207934,-968.9445887352465,True,True,0,ML-Robust-MPC,1199.1254664207934,801.6342554002367,500.0
438.0,456.34695434570426,0.0,0,-18.346954345704262,18.346954345704262,0.0,0.0,0.0,0.15133250519850164,81.65304565429574,18.346954345704262,False,0.003925562996300869,0,0,290,0,0.0,0.0,1,,,0,True,False,False,469.2886962890625,1434.4250692022565,-965.136372913194,True,True,0,ML-Robust-MPC,1194.4250692022565,800.8034907394092,500.0
419.5,425.9231969451898,0.0,0,-6.423196945189773,6.423196945189773,0.0,0.0,0.0,0.1513962273904182,93.57680305481023,6.423196945189773,False,0.004504648000875022,0,0,291,0,0.0,0.0,1,,,0,True,False,False,467.0605773925781,1430.9780193168322,-963.917441924254,True,True,0,ML-Robust-MPC,1190.9780193168322,800.4037167000319,500.0
487.5,460.4824018388758,0.0,0,27.017598161124226,0.0,27.017598161124226,0.0,0.0,0.15109923932638614,100.0,0.0,False,0.005123734001244884,0,0,292,0,0.0,0.0,1,,,0,True,False,False,466.5628356933594,1431.101019150967,-964.5381834576076,True,True,0,ML-Robust-MPC,1191.101019150967,800.5981024413842,500.0
449.5,477.46832275390614,0.0,0,-27.968322753906136,27.968322753906136,0.0,0.0,0.0,0.15137670284577012,72.03167724609386,27.968322753906136,False,0.004325959998823237,0,0,293,0,0.0,0.0,1,,,0,True,False,False,490.67962646484375,1434.2408925435925,-943.5612660787488,True,True,0,ML-Robust-MPC,1194.2408925435925,798.8392050333697,500.0
427.5,432.7400035095218,0.0,0,-5.240003509521813,5.240003509521813,0.0,0.0,0.0,0.15142868700757092,94.75999649047819,5.240003509521813,False,0.0041403919967706315,0,0,294,0,0.0,0.0,1,,,0,True,False,False,495.84100341796875,1435.6283191604791,-939.7873157425104,True,True,0,ML-Robust-MPC,1195.6283191604791,798.6895531348353,500.0
454.5,424.5294855472576,0.0,0,29.970514452742407,0.0,29.970514452742407,0.0,0.0,0.15109923932638614,100.0,0.0,False,0.003983540002082009,0,0,295,0,0.0,0.0,1,,,0,True,False,False,495.5245361328125,1434.9311530722669,-939.4066169394544,True,True,0,ML-Robust-MPC,1194.9311530722669,798.628430369496,499.867970900908
464.5,464.49999999999994,0.0,0,5.684341886080802e-14,0.0,5.684341886080802e-14,0.0,0.0,0.15109923932638614,100.0,0.0,False,0.005114433006383479,0,0,296,0,0.0,0.0,1,,,0,True,False,False,512.9675903320312,1439.5598342741605,-926.5922439421292,True,True,0,ML-Robust-MPC,1199.5598342741605,800.3411108993843,500.0
449.5,464.98800659179676,0.0,0,-15.488006591796761,15.488006591796761,0.0,0.0,0.0,0.15125289018543173,84.51199340820324,15.488006591796761,False,0.003930608996597584,0,0,297,0,0.0,0.0,1,,,0,True,False,False,535.4695434570312,1440.1620383594536,-904.6924949024224,True,True,0,ML-Robust-MPC,1200.1620383594536,800.0464495028588,499.752983970689
473.0,459.0220740509045,0.0,0,13.977925949095493,0.0,13.977925949095493,0.0,0.0,0.15109923932638614,100.0,0.0,False,0.004388771005324088,0,0,298,0,0.0,0.0,1,,,0,True,False,False,549.7467041015625,1438.1985873732308,-888.4518832716683,True,True,0,ML-Robust-MPC,1198.1985873732308,799.339569549139,498.59150363845606
475.5,475.4999999999999,0.0,0,1.1368683772161603e-13,0.0,1.1368683772161603e-13,0.0,0.0,0.15109923932638614,100.0,0.0,False,0.00436881300265668,0,0,299,0,0.0,0.0,1,,,0,True,False,False,571.2833251953125,1439.6340249522746,-868.3506997569621,True,True,0,ML-Robust-MPC,1199.6340249522746,798.834662360356,498.42747729682605
437.5,477.60772705078114,0.0,0,-40.107727050781136,40.107727050781136,0.0,0.0,0.0,0.1514971334439534,59.892272949218864,40.107727050781136,False,0.0046435599942924455,0,0,300,0,0.0,0.0,1,,,0,True,False,False,592.37744140625,1438.822137054523,-846.444695648273,True,True,0,ML-Robust-MPC,1198.822137054523,799.3210711101241,497.9884653545092
440.5,425.83131027221697,0.0,0,14.668689727783033,0.0,14.668689727783033,0.0,0.0,0.15133588943780005,100.0,0.0,False,0.00397982400318142,0,0,301,0,0.0,0.0,1,,,0,True,False,False,603.6923828125,1440.7690809678008,-837.0766981553008,True,True,0,ML-Robust-MPC,1200.7690809678008,799.1758267112389,497.267050542161
472.0,450.4714660644536,0.0,0,21.528533935546406,0.0,21.528533935546406,0.0,0.0,0.15109923932638614,100.0,0.0,False,0.004533223996986635,0,0,302,0,0.0,0.0,1,,,0,True,False,False,609.11767578125,1437.5742632123008,-828.4565874310508,True,True,0,ML-Robust-MPC,1197.5742632123008,800.457285335459,497.55735597841465
498.0,497.9999999999999,0.0,0,1.1368683772161603e-13,0.0,1.1368683772161603e-13,0.0,0.0,0.15109923932638614,100.0,0.0,False,0.004332953998527955,0,0,303,0,0.0,0.0,1,,,0,True,False,False,645.5838623046875,1440.1790928456967,-794.5952305410092,True,True,0,ML-Robust-MPC,1200.1790928456967,800.4175678730353,498.0281557973744
499.0,500.97064208984364,0.0,0,-1.9706420898436363,1.9706420898436363,0.0,0.0,0.0,0.15111878934711873,98.02935791015636,1.9706420898436363,False,0.004477152004255913,0,0,304,0,0.0,0.0,1,,,0,True,False,False,682.7864990234375,1442.7172801079505,-759.930781084513,True,True,0,ML-Robust-MPC,1202.7172801079505,800.6038762373017,498.2682710019739
468.0,505.05901992797726,0.0,0,-37.05901992797726,37.05901992797726,0.0,0.0,0.0,0.15148643835434072,62.94098007202274,37.05901992797726,False,0.004218405003484804,0,0,305,0,0.0,0.0,1,,,0,True,False,False,717.3945922851562,1440.7878680321212,-723.393275746965,True,True,0,ML-Robust-MPC,1200.7878680321212,802.4691843402504,497.5839421386677
489.5,458.69324101524325,0.0,0,30.806758984756755,0.0,30.806758984756755,0.0,0.0,0.1511477983443953,100.0,0.0,False,0.004580581000482198,0,0,306,0,0.0,0.0,1,,,0,True,False,False,733.399658203125,1439.6030253755378,-706.2033671724128,True,True,0,ML-Robust-MPC,1199.6030253755378,804.2452931587313,496.7729218596505
507.5,503.0824890136712,0.0,0,4.417510986328807,0.0,4.417510986328807,0.0,0.0,0.15109923932638614,100.0,0.0,False,0.004269268996722531,0,0,307,0,0.0,0.0,1,,,0,True,False,False,758.3643798828125,1440.0816497650328,-681.7172698822203,True,True,0,ML-Robust-MPC,1200.0816497650328,802.2535139023255,497.5617948200146
493.0,523.4707031249999,0.0,0,-30.470703124999886,30.470703124999886,0.0,0.0,0.0,0.1514015280478643,69.52929687500011,30.470703124999886,False,0.0038981039979262277,0,0,308,0,0.0,0.0,1,,,0,True,False,False,806.1611938476562,1439.6426535802243,-633.481459732568,True,True,0,ML-Robust-MPC,1199.6426535802243,805.8013613835099,497.27871867114936
504.0,496.94000976562563,0.0,0,7.059990234374382,0.0,7.059990234374382,0.0,0.0,0.15132392185876903,100.0,0.0,False,0.004451781998795923,0,0,309,0,0.0,0.0,1,,,0,True,False,False,833.93115234375,1439.5614801243094,-605.6303277805594,True,True,0,ML-Robust-MPC,1199.5614801243094,808.3803528125037,497.40057685502944
486.0,514.4616088867198,0.0,0,-28.46160888671973,28.46160888671973,0.0,0.0,0.0,0.15160627908978808,71.53839111328027,28.46160888671973,False,0.0048237840019282885,0,0,310,0,0.0,0.0,1,,,0,True,False,False,866.6435546875,1441.6196836010938,-574.9761289135938,True,True,0,ML-Robust-MPC,1201.6196836010938,805.9224312892675,497.4187648613133
565.5,519.3735786437986,0.0,0,46.12642135620138,0.0,46.12642135620138,0.0,0.0,0.15109923932638614,100.0,0.0,False,0.0042055090016219765,0,0,311,0,0.0,0.0,1,,,0,True,False,False,880.5192260742188,1440.1199470845825,-559.6007210103637,True,True,0,ML-Robust-MPC,1200.1199470845825,805.2589143958003,500.0
580.0,580.2631225585936,0.0,0,-0.2631225585936363,0.2631225585936363,0.0,0.0,0.0,0.15110184966922932,99.73687744140636,0.2631225585936363,False,0.004682803999457974,0,0,312,0,0.0,0.0,1,,,0,True,False,False,961.6693725585938,1441.1504199831645,-479.48104742457076,True,True,0,ML-Robust-MPC,1201.1504199831645,802.3394245606021,498.9502160720428
561.5,606.061421051026,0.0,0,-44.56142105102596,44.56142105102596,0.0,0.0,0.0,0.15154392725902124,55.43857894897404,44.56142105102596,False,0.004420592995302286,0,0,313,0,0.0,0.0,1,,,0,True,False,False,1041.0517578125,1438.3378537900105,-397.2860959775105,True,True,0,ML-Robust-MPC,1198.3378537900105,802.0986273313583,499.0167992591097
580.0,569.5561032985689,0.0,0,10.443896701431072,0.0,10.443896701431072,0.0,0.0,0.15142912383927196,100.0,0.0,False,0.004156477996730246,0,0,314,0,0.0,0.0,1,,,0,True,False,False,1069.6629638671875,1441.326415329038,-371.6634514618504,True,True,0,ML-Robust-MPC,1201.326415329038,802.0599600678739,499.0145318753989
602.5,610.3955193723734,0.0,0,-7.895519372373485,7.895519372373485,0.0,0.0,0.0,0.15150745240447408,92.10448062762651,7.895519372373485,False,0.004539916000794619,0,0,315,0,0.0,0.0,1,,,0,True,False,False,1116.6942138671875,1442.2038458620016,-325.5096319948141,True,True,0,ML-Robust-MPC,1202.2038458620016,801.0640804317562,498.79546233029214
636.5,697.05097695638,0.0,0,-60.55097695638005,60.55097695638005,0.0,0.0,0.0,0.15210815654094612,39.44902304361995,60.55097695638005,False,0.005404023002483882,0,0,316,0,0.0,0.0,1,,,0,True,False,False,1157.321533203125,1441.2212592351043,-283.8997260319793,True,True,0,ML-Robust-MPC,1201.2212592351043,800.9734878668352,500.0
663.0,763.0,0.0,0,-100.0,100.0,0.0,0.0,0.0,0.1531002200330096,0.0,100.0,False,0.004478310998820234,0,0,317,0,0.0,0.0,1,,,0,True,False,False,1211.4903564453125,1440.4658929669397,-228.9755365216272,True,True,0,ML-Robust-MPC,1200.4658929669397,799.8465373136866,499.47707476243255
683.0,783.0,0.0,0,-100.0,100.0,0.0,0.0,0.0,0.1540922835250731,0.0,100.0,False,0.004672363000281621,0,0,318,0,0.0,0.0,1,,,0,True,False,False,1261.1695556640625,1440.3580645301229,-179.18850886606037,True,True,0,ML-Robust-MPC,1200.3580645301229,801.2075304752958,498.4108265915575
778.0,878.0,0.0,0,-100.0,100.0,0.0,0.0,0.0,0.15508434701713658,0.0,100.0,False,0.005229882001003716,0,0,319,0,0.0,0.0,1,,,0,True,False,False,1308.0186767578125,1435.855635782248,-127.8369590244356,True,True,0,ML-Robust-MPC,1195.855635782248,800.8073916727432,499.1102595361896
778.5,878.5,0.0,0,-100.0,100.0,0.0,0.0,0.0,0.15607641050920007,0.0,100.0,False,0.004372792005597148,0,0,320,0,0.0,0.0,1,,,0,True,False,False,1307.61572265625,1437.1255086691262,-129.50978601287625,True,True,0,ML-Robust-MPC,1197.1255086691262,798.5191869090944,498.7526501380064
832.0,932.0,0.0,0,-100.0,100.0,0.0,0.0,0.0,0.15706847400126356,0.0,100.0,False,0.0041963260009652,0,0,321,0,0.0,0.0,1,,,0,True,False,False,1314.5062255859375,1435.4142193088917,-120.90799372295419,True,True,0,ML-Robust-MPC,1195.4142193088917,795.512752475534,499.0694701756927
907.0,1007.0,0.0,0,-100.0,100.0,0.0,0.0,0.0,0.15806053749332705,0.0,100.0,False,0.004239765999955125,0,0,322,0,0.0,0.0,1,,,0,True,False,False,1303.1029052734375,1434.7120632496117,-131.60915797617417,True,True,0,ML-Robust-MPC,1194.7120632496117,795.7932948166097,500.0
957.0,1106.8043698279835,0.0,0,-149.80436982798352,149.80436982798352,0.0,0.0,0.0,0.15954669195590626,0.0,100.0,False,0.004436753995832987,0,0,323,0,0.0,0.0,1,,,0,True,False,False,1278.6353759765625,1435.070740742358,-156.4353647657956,True,True,0,ML-Robust-MPC,1195.070740742358,794.9944980091485,500.0
997.0,1097.0,0.0,0,-100.0,100.0,0.0,0.0,0.0,0.16053875544796975,0.0,100.0,False,0.004298821004340425,0,0,324,0,0.0,0.0,1,,,0,True,False,False,1289.4066162109375,1436.1472926480342,-146.74067643709668,True,True,0,ML-Robust-MPC,1196.1472926480342,796.4196533511175,498.9992334817526
1077.0,1177.0,0.0,0,-100.0,100.0,0.0,0.0,0.0,0.16153081894003324,0.0,100.0,False,0.004493587999604642,0,0,325,0,0.0,0.0,1,,,0,True,False,False,1309.805908203125,1435.8481071809574,-126.04219897783241,True,True,0,ML-Robust-MPC,1195.8481071809574,797.9607785620284,498.91141458208665
1160.5,1196.1362133324806,0.0,0,-35.636213332480565,35.636213332480565,0.0,0.0,0.0,0.16188435280245864,0.0,35.636213332480565,False,0.004452500004845206,0,0,326,0,0.0,0.0,1,,,0,True,False,False,1307.69921875,1436.1362133324806,-128.43699458248057,True,True,0,ML-Robust-MPC,1196.1362133324806,795.5236157961151,498.9134858119365
1173.5,1194.5931492290358,0.0,0,-21.093149229035816,21.093149229035816,0.0,0.0,0.0,0.16209361023528637,0.0,21.093149229035816,False,0.00434967899491312,0,0,327,0,0.0,0.0,1,,,0,True,False,False,1307.43017578125,1434.5931492290358,-127.16297344778582,True,True,0,ML-Robust-MPC,1194.5931492290358,796.9779662383271,498.028527137333
1241.5,1193.3853089078978,0.0,0,48.11469109210225,0.0,48.11469109210225,0.0,0.0,0.16156471462903277,0.0,0.0,False,0.004563133996271063,0,0,328,0,0.0,0.0,1,,,0,True,False,False,1271.220703125,1433.3853089078978,-162.16460578289775,True,True,0,ML-Robust-MPC,1193.3853089078978,796.4933633866345,498.9491978235157
1259.5,1199.375770273587,0.0,0,60.12422972641298,0.0,60.12422972641298,0.0,0.0,0.1609038054511933,0.0,0.0,False,0.004007333998742979,0,0,329,0,0.0,0.0,1,,,0,True,False,False,1287.92529296875,1439.375770273587,-151.45047730483702,True,True,0,ML-Robust-MPC,1199.375770273587,797.5991635148857,498.18564146722696
1245.0,1035.2486080126773,0.0,0,209.75139198732268,0.0,209.75139198732268,0.0,0.0,0.1585981356628263,100.0,0.0,False,0.004461099000764079,0,0,330,0,0.0,0.0,1,,,0,True,False,False,1286.569580078125,1437.7538363916078,-151.18425631348282,True,True,0,ML-Robust-MPC,1197.7538363916078,797.5527926092104,498.131840148382
1214.5,1195.6996650099193,0.0,0,18.800334990080763,0.0,18.800334990080763,0.0,0.0,0.158391474987123,0.0,0.0,False,0.004571721001411788,0,0,331,0,0.0,0.0,1,,,0,True,False,False,1245.0,1435.6996650099193,-190.69966500991927,True,True,0,ML-Robust-MPC,1195.6996650099193,797.3053347874576,497.06031628591904
1158.0,1195.390350719264,0.0,0,-37.390350719264006,37.390350719264006,0.0,0.0,0.0,0.1587624110061633,0.0,37.390350719264006,False,0.004095880998647772,0,0,332,0,0.0,0.0,1,,,0,True,False,False,1214.5,1435.390350719264,-220.890350719264,True,True,0,ML-Robust-MPC,1195.390350719264,797.2506005811857,496.7198252670791
1117.0,1195.4862221720502,0.0,0,-78.48622217205025,78.48622217205025,0.0,0.0,0.0,0.15954104416263207,0.0,78.48622217205025,False,0.00444918100401992,0,0,333,0,0.0,0.0,1,,,0,True,False,False,1158.0,1435.4862221720502,-277.48622217205025,True,True,0,ML-Robust-MPC,1195.4862221720502,797.127433126238,496.157859753693
991.0,1091.0,0.0,0,-100.0,100.0,0.0,0.0,0.0,0.16053310765469556,0.0,100.0,False,0.00453154699789593,0,0,334,0,0.0,0.0,1,,,0,True,False,False,1117.0,1437.1540866831313,-320.15408668313125,True,True,0,ML-Robust-MPC,1197.1540866831313,796.3386252001408,495.5960288477916
974.5,619.6399999999996,0.0,0,354.86000000000035,0.0,354.86000000000035,0.0,0.0,0.1566323469810817,100.0,0.0,False,0.00401030699867988,0,0,335,0,0.0,0.0,1,,,0,True,False,False,991.0,1435.3133090818103,-444.3133090818103,True,True,0,ML-Robust-MPC,1195.3133090818103,797.9232366794893,497.24508608263886
952.5,1052.5,0.0,0,-100.0,100.0,0.0,0.0,0.0,0.15762441047314518,0.0,100.0,False,0.004442264995304868,0,0,336,0,0.0,0.0,1,,,0,True,False,False,974.5,1434.6268602674352,-460.1268602674352,True,True,0,ML-Robust-MPC,1194.6268602674352,799.8766467166264,497.8341260821214
888.5,988.5,0.0,0,-100.0,100.0,0.0,0.0,0.0,0.15861647396520867,0.0,100.0,False,0.0039007300001685508,0,0,337,0,0.0,0.0,1,,,0,True,False,False,952.5,1437.5231778840605,-485.0231778840605,True,True,0,ML-Robust-MPC,1197.5231778840605,799.4944251740834,496.8144019041539
831.0,931.0,0.0,0,-100.0,100.0,0.0,0.0,0.0,0.15960853745727216,0.0,100.0,False,0.0044421499987947755,0,0,338,0,0.0,0.0,1,,,0,True,False,False,888.5,1434.537780984467,-546.037780984467,True,True,0,ML-Robust-MPC,1194.537780984467,799.5168343373815,498.2482135042041
792.0,892.0,0.0,0,-100.0,100.0,0.0,0.0,0.0,0.16060060094933565,0.0,100.0,False,0.0045821989988326095,0,0,339,0,0.0,0.0,1,,,0,True,False,False,831.0,1432.9514465360546,-601.9514465360546,True,True,0,ML-Robust-MPC,1192.9514465360546,800.3619456714831,496.8979043172102
785.5,430.63999999999965,0.0,0,354.86000000000035,0.0,354.86000000000035,0.0,0.0,0.15669984027572179,100.0,0.0,False,0.004561515997920651,0,0,340,0,0.0,0.0,1,,,0,True,False,False,792.0,1432.4746627788822,-640.4746627788822,True,True,0,ML-Robust-MPC,1192.4746627788822,800.257630843715,497.76300481760745
730.0,830.0,0.0,0,-100.0,100.0,0.0,0.0,0.0,0.15769190376778527,0.0,100.0,False,0.004340462997788563,0,0,341,0,0.0,0.0,1,,,0,True,False,False,785.5,1432.770442240737,-647.2704422407371,True,True,0,ML-Robust-MPC,1192.770442240737,799.0672074151354,496.4409197209664
696.5,796.5,0.0,0,-100.0,100.0,0.0,0.0,0.0,0.15868396725984876,0.0,100.0,False,0.004477763002796564,0,0,342,0,0.0,0.0,1,,,0,True,False,False,730.0,1430.7690311846193,-700.7690311846193,True,True,0,ML-Robust-MPC,1190.7690311846193,798.2053939835312,497.4397142012201
653.0,753.0,0.0,0,-100.0,100.0,0.0,0.0,0.0,0.15967603075191225,0.0,100.0,False,0.004421309997269418,0,0,343,0,0.0,0.0,1,,,0,True,False,False,696.5,1428.185049286306,-731.6850492863059,True,True,0,ML-Robust-MPC,1188.185049286306,801.3942374060562,496.991858812947
633.0,733.0,0.0,0,-100.0,100.0,0.0,0.0,0.0,0.16066809424397574,0.0,100.0,False,0.0045413269981509075,0,0,344,0,0.0,0.0,1,,,0,True,False,False,653.0,1426.0440543442091,-773.0440543442091,True,True,0,ML-Robust-MPC,1186.0440543442091,799.3576021846677,496.3152762173396
615.5,268.0209204101559,0.0,0,347.4790795898441,0.0,347.4790795898441,0.0,0.0,0.15684846755015958,100.0,0.0,False,0.004331695003202185,0,0,345,0,0.0,0.0,1,,,0,True,False,False,633.0,1428.8046172659654,-795.8046172659654,True,True,0,ML-Robust-MPC,1188.8046172659654,800.3409501662098,497.5554631923829
614.5,714.5,0.0,0,-100.0,100.0,0.0,0.0,0.0,0.15784053104222306,0.0,100.0,False,0.004564160997688305,0,0,346,0,0.0,0.0,1,,,0,True,False,False,615.5,1429.161861110456,-813.6618611104559,True,True,0,ML-Robust-MPC,1189.161861110456,798.0379263464788,497.6538425102429
550.5,650.5,0.0,0,-100.0,100.0,0.0,0.0,0.0,0.15883259453428655,0.0,100.0,False,0.00421505299891578,0,0,347,0,0.0,0.0,1,,,0,True,False,False,614.5,1430.165606042011,-815.665606042011,True,True,0,ML-Robust-MPC,1190.165606042011,796.3086760288029,498.4637475046568
522.5,622.5,0.0,0,-100.0,100.0,0.0,0.0,0.0,0.15982465802635004,0.0,100.0,False,0.004421313999046106,0,0,348,0,0.0,0.0,1,,,0,True,False,False,564.7088623046875,1430.032046260301,-865.3231839556136,True,True,0,ML-Robust-MPC,1190.032046260301,797.3822944514757,497.7912315052407
528.5,628.5,0.0,0,-100.0,100.0,0.0,0.0,0.0,0.16081672151841353,0.0,100.0,False,0.004466157995921094,0,0,349,0,0.0,0.0,1,,,0,True,False,False,529.376953125,1426.3698839520732,-896.9929308270732,True,True,0,ML-Robust-MPC,1186.3698839520732,797.4095267220079,497.6488958426157
510.0,166.05198730468715,0.0,0,343.94801269531285,0.0,343.94801269531285,0.0,0.0,0.15703590970054304,100.0,0.0,False,0.004843517999688629,0,0,350,0,0.0,0.0,1,,,0,True,False,False,528.5,1427.032662993979,-898.5326629939791,True,True,0,ML-Robust-MPC,1187.032662993979,798.9404964424049,497.8861057838882
524.5,624.5,0.0,0,-100.0,100.0,0.0,0.0,0.0,0.15802797319260653,0.0,100.0,False,0.004091350005182903,0,0,351,0,0.0,0.0,1,,,0,True,False,False,510.62139892578125,1423.395605710442,-912.7742067846607,True,True,0,ML-Robust-MPC,1183.395605710442,797.0669566372949,498.7825483183959
464.0,564.0,0.0,0,-100.0,100.0,0.0,0.0,0.0,0.15902003668467002,0.0,100.0,False,0.003846076004265342,0,0,352,0,0.0,0.0,1,,,0,True,False,False,524.5,1423.7600128594802,-899.2600128594802,True,True,0,ML-Robust-MPC,1183.7600128594802,798.4258752796616,498.5640663007524
467.5,567.5,0.0,0,-100.0,100.0,0.0,0.0,0.0,0.1600121001767335,0.0,100.0,False,0.004196525995212141,0,0,353,0,0.0,0.0,1,,,0,True,False,False,491.5913391113281,1424.2744347933822,-932.683095682054,True,True,0,ML-Robust-MPC,1184.2744347933822,799.0834292637738,499.1203569708479
733.0,378.13999999999965,0.0,0,354.86000000000035,0.0,354.86000000000035,0.0,0.0,0.15611133950311964,100.0,0.0,False,0.004513972999120597,0,0,354,0,0.0,0.0,1,,,0,True,False,False,476.192138671875,1422.325135688506,-946.132997016631,True,True,0,ML-Robust-MPC,1182.325135688506,799.6243833184208,500.0
741.5,841.5,0.0,0,-100.0,100.0,0.0,0.0,0.0,0.15710340299518313,0.0,100.0,False,0.004402161001053173,0,0,355,0,0.0,0.0,1,,,0,True,False,False,733.0,1421.214874352114,-688.2148743521141,True,True,0,ML-Robust-MPC,1181.214874352114,799.3578568771438,500.0
753.0,853.0,0.0,0,-100.0,100.0,0.0,0.0,0.0,0.15809546648724662,0.0,100.0,False,0.004369768998003565,0,0,356,0,0.0,0.0,1,,,0,True,False,False,764.2879028320312,1421.4970997342712,-657.2091969022399,True,True,0,ML-Robust-MPC,1181.4970997342712,798.63143391941,499.169297832784
776.0,876.0,0.0,0,-100.0,100.0,0.0,0.0,0.0,0.1590875299793101,0.0,100.0,False,0.00446529799955897,0,0,357,0,0.0,0.0,1,,,0,True,False,False,824.1490478515625,1422.7259172193274,-598.5768693677649,True,True,0,ML-Robust-MPC,1182.7259172193274,797.7267826986148,500.0
765.0,865.0,0.0,0,-100.0,100.0,0.0,0.0,0.0,0.1600795934713736,0.0,100.0,False,0.004705485996964853,0,0,358,0,0.0,0.0,1,,,0,True,False,False,828.2534790039062,1428.0664983626093,-599.8130193587031,True,True,0,ML-Robust-MPC,1188.0664983626093,794.6901802977627,500.0
778.0,423.13999999999965,0.0,0,354.86000000000035,0.0,354.86000000000035,0.0,0.0,0.15617883279775974,100.0,0.0,False,0.004438629002834205,0,0,359,0,0.0,0.0,1,,,0,True,False,False,870.5028076171875,1428.09415712196,-557.5913495047726,True,True,0,ML-Robust-MPC,1188.09415712196,793.7605245741518,500.0
