load_kw,grid_kw,generator_kw,generator_units_on,storage_kw,charge_kw,discharge_kw,unserved_kw,spill_kw,soc,grid_headroom_storage_preservation_kw,grid_headroom_storage_charge_kw,v15_generator_first_guard_active,decision_seconds,generator_startup_units,generator_shutdown_units,step,risk_level,risk_reserve_kw,applied_risk_reserve_kw,forecast_scenario_count,cvar_alpha,cvar_weight,minimum_committed_generator_units,low_soc_commitment_guard_evaluated,low_soc_commitment_guard_triggered,low_soc_commitment_reachability_truncated,low_soc_commitment_forecast_peak_kw,low_soc_single_unit_firm_supply_kw,low_soc_commitment_deficit_kw,generator_before_storage,supervisory_protection_active,supervisory_safe_exit_counter,selected_controller,grid_available_capacity_kw,generator_available_capacity_kw,storage_available_power_kw
1169.5,1149.5,120.0,1,-100.0,100.0,0.0,0.0,0.0,0.2648108506160134,0.0,100.0,False,0.003916010995453689,0,0,0,0,0.0,0.0,1,,,0,True,False,False,1169.5572509765625,1437.5118465284013,-267.9545955518388,True,True,0,ML-Robust-MPC,1197.5118465284013,800.1919694268475,500.0
1140.0,1203.98378120274,0.0,0,-63.98378120273992,63.98378120273992,0.0,0.0,0.0,0.26544561035016756,0.0,63.98378120273992,False,0.003872784996929113,0,1,1,0,0.0,0.0,1,,,0,True,False,False,1169.5,1443.98378120274,-274.4837812027399,True,True,0,ML-Robust-MPC,1203.98378120274,799.3161048548498,500.0
1098.5,771.9169775390624,0.0,0,326.5830224609377,0.0,326.5830224609377,0.0,0.0,0.26185568133397646,100.0,0.0,False,0.0037636619963450357,0,0,2,0,0.0,0.0,1,,,0,True,False,False,1173.665771484375,1444.0813488740143,-270.41557738963934,True,True,0,ML-Robust-MPC,1204.0813488740143,800.2599930345732,500.0
1076.5,741.0584570312499,0.0,0,335.4415429687502,0.0,335.4415429687502,0.0,0.0,0.2581683759766275,100.0,0.0,False,0.003899003000697121,0,0,3,0,0.0,0.0,1,,,0,True,False,False,1165.83154296875,1442.707353783352,-276.8758108146019,True,True,0,ML-Robust-MPC,1202.707353783352,799.7779827901163,500.0
1100.5,745.6399999999996,0.0,0,354.86000000000035,0.0,354.86000000000035,0.0,0.0,0.2542676153030136,100.0,0.0,False,0.0037901329997112043,0,0,4,0,0.0,0.0,1,,,0,True,False,False,1166.3524169921875,1442.8360873608292,-276.4836703686417,True,True,0,ML-Robust-MPC,1202.8360873608292,800.4617269368131,500.0
1097.0,764.3372656249999,0.0,0,332.6627343750002,0.0,332.6627343750002,0.0,0.0,0.25061085570253216,100.0,0.0,False,0.004105763997358736,0,0,5,0,0.0,0.0,1,,,0,True,False,False,1178.80322265625,1441.6498824083608,-262.8466597521108,True,True,0,ML-Robust-MPC,1201.6498824083608,801.2104441439692,500.0
1110.0,799.9570808733661,0.0,0,310.042919126634,0.0,310.042919126634,0.0,0.0,0.24720274200681663,100.0,0.0,False,0.003971379002905451,0,0,6,0,0.0,0.0,1,,,0,True,False,False,1189.61767578125,1439.6694913922588,-250.0518156110088,True,True,0,ML-Robust-MPC,1199.6694913922588,801.7358807905196,500.0
1149.5,805.2521826171871,0.0,0,344.24781738281285,0.0,344.24781738281285,0.0,0.0,0.24341863461791882,100.0,0.0,False,0.0037332740030251443,0,0,7,0,0.0,0.0,1,,,0,True,False,False,1185.1728515625,1443.0421697465447,-257.8693181840447,True,True,0,ML-Robust-MPC,1203.0421697465447,801.7396516775904,500.0
1153.5,819.7963720703121,0.0,0,333.70362792968785,0.0,333.70362792968785,0.0,0.0,0.23975043310613842,100.0,0.0,False,0.003903994002030231,0,0,8,0,0.0,0.0,1,,,0,True,False,False,1181.251220703125,1442.9972173453025,-261.7459966421775,True,True,0,ML-Robust-MPC,1202.9972173453025,802.0877167263008,500.0
1192.0,837.1399999999996,0.0,0,354.86000000000035,0.0,354.86000000000035,0.0,0.0,0.23584967243252455,100.0,0.0,False,0.0036536990010063164,0,0,9,0,0.0,0.0,1,,,0,True,False,False,1178.819580078125,1443.113760100656,-264.294180022531,True,True,0,ML-Robust-MPC,1203.113760100656,803.0138161399625,500.0
1164.5,822.6685644531246,0.0,0,341.83143554687535,0.0,341.83143554687535,0.0,0.0,0.232092126863043,100.0,0.0,False,0.0038456690017483197,0,0,10,0,0.0,0.0,1,,,0,True,False,False,1192.0,1441.5195692911225,-249.51956929112248,True,True,0,ML-Robust-MPC,1201.5195692911225,805.6066110383096,500.0
1121.0,794.6232763671871,0.0,0,326.37672363281285,0.0,326.37672363281285,0.0,0.0,0.22850446556470053,100.0,0.0,False,0.003675109001051169,0,0,11,0,0.0,0.0,1,,,0,True,False,False,1187.6165771484375,1438.8487745806594,-251.23219743222194,True,True,0,ML-Robust-MPC,1198.8487745806594,804.3390751666726,500.0
1129.5,778.2043288342907,0.0,0,351.29567116570934,0.0,351.29567116570934,0.0,0.0,0.2246428853953549,100.0,0.0,False,0.003704579001350794,0,0,12,0,0.0,0.0,1,,,0,True,False,False,1185.330078125,1438.0112326891465,-252.68115456414648,True,True,0,ML-Robust-MPC,1198.0112326891465,803.2942984383151,500.0
1115.0,798.2354039141449,0.0,0,316.76459608585515,0.0,316.76459608585515,0.0,0.0,0.22116088438311096,100.0,0.0,False,0.0037770589988213032,0,0,13,0,0.0,0.0,1,,,0,True,False,False,1199.081787109375,1436.8179596640211,-237.73617255464615,True,True,0,ML-Robust-MPC,1196.8179596640211,802.8479505264185,500.0
1098.0,816.0243696123266,0.0,0,281.97563038767345,0.0,281.97563038767345,0.0,0.0,0.21806129736306443,100.0,0.0,False,0.003754835001018364,0,0,14,0,0.0,0.0,1,,,0,True,False,False,1192.0655517578125,1433.0709608195746,-241.00540906176207,True,True,0,ML-Robust-MPC,1193.0709608195746,801.7066026397669,500.0
1148.0,829.7670849151566,0.0,0,318.2329150848434,0.0,318.2329150848434,0.0,0.0,0.2145631560109468,100.0,0.0,False,0.0037214999974821694,0,0,15,0,0.0,0.0,1,,,0,True,False,False,1199.4930419921875,1433.4210485954295,-233.928006603242,True,True,0,ML-Robust-MPC,1193.4210485954295,802.4073273203393,500.0
1179.5,830.2871507746997,0.0,0,349.21284922530026,0.0,349.21284922530026,0.0,0.0,0.21072447103946876,100.0,0.0,False,0.003696692998346407,0,0,16,0,0.0,0.0,1,,,0,True,False,False,1186.392822265625,1435.431551565775,-249.03872930014995,True,True,0,ML-Robust-MPC,1195.431551565775,802.1113762817566,500.0
1178.0,840.8491064453121,0.0,0,337.15089355468785,0.0,337.15089355468785,0.0,0.0,0.20701837582825336,100.0,0.0,False,0.0037127719988347962,0,0,17,0,0.0,0.0,1,,,0,True,False,False,1192.117431640625,1437.839208717893,-245.72177707726792,True,True,0,ML-Robust-MPC,1197.839208717893,799.2294815810188,500.0
1164.5,828.6894384765621,0.0,0,335.81056152343785,0.0,335.81056152343785,0.0,0.0,0.2033270140738296,100.0,0.0,False,0.003926914003386628,0,0,18,0,0.0,0.0,1,,,0,True,False,False,1182.97509765625,1440.8166367513795,-257.8415390951295,True,True,0,ML-Robust-MPC,1200.8166367513795,801.8584678068024,500.0
1163.5,808.6399999999996,0.0,0,354.86000000000035,0.0,354.86000000000035,0.0,0.0,0.19942625340021575,100.0,0.0,False,0.003858998999930918,0,0,19,0,0.0,0.0,1,,,0,True,False,False,1183.1402587890625,1440.6350392890515,-257.494780499989,True,True,0,ML-Robust-MPC,1200.6350392890515,799.9897334440758,500.0
1104.5,793.3998876953121,0.0,0,311.10011230468785,0.0,311.10011230468785,0.0,0.0,0.19600651862133117,100.0,0.0,False,0.003928810998331755,0,0,20,0,0.0,0.0,1,,,0,True,False,False,1186.1826171875,1442.8295105471243,-256.6468933596243,True,True,0,ML-Robust-MPC,1202.8295105471243,800.4087189365387,498.3498401505344
1103.0,754.8629181359288,0.0,0,348.1370818640712,0.0,348.1370818640712,0.0,0.0,0.19217965890774819,100.0,0.0,False,0.0042829140002140775,0,0,21,0,0.0,0.0,1,,,0,True,False,False,1185.67138671875,1442.5192693640709,-256.84788264532085,True,True,0,ML-Robust-MPC,1202.5192693640709,802.0711760591948,499.21667180515743
1111.0,756.1399999999996,0.0,0,354.86000000000035,0.0,354.86000000000035,0.0,0.0,0.18827889823413432,100.0,0.0,False,0.004024318004667293,0,0,22,0,0.0,0.0,1,,,0,True,False,False,1180.0777587890625,1448.2000972598864,-268.12233847082393,True,True,0,ML-Robust-MPC,1208.2000972598864,801.9106696003076,499.4982351689888
1108.5,780.7316600217302,0.0,0,327.76833997826975,0.0,327.76833997826975,0.0,0.0,0.18467593974165014,100.0,0.0,False,0.00403374400048051,0,0,23,0,0.0,0.0,1,,,0,True,False,False,1187.5709228515625,1447.0216212282694,-259.4506983767069,True,True,0,ML-Robust-MPC,1207.0216212282694,801.0662253156171,499.0647288451688
1138.5,797.8746191406246,0.0,0,340.62538085937535,0.0,340.62538085937535,0.0,0.0,0.18093165159959132,100.0,0.0,False,0.004055337005411275,0,0,24,0,0.0,0.0,1,,,0,True,False,False,1187.18603515625,1449.1081671537718,-261.9221319975218,True,True,0,ML-Robust-MPC,1209.1081671537718,800.9982797182994,499.6741242786441
1189.5,1211.8100003847687,0.0,0,-22.310000384768728,22.310000384768728,0.0,0.0,0.0,0.18115298096848784,0.0,22.310000384768728,False,0.004200041003059596,0,0,25,0,0.0,0.0,1,,,0,True,False,False,1184.2657470703125,1451.8100003847687,-267.5442533144562,True,True,0,ML-Robust-MPC,1211.8100003847687,803.6812777745383,498.90721854321765
1211.0,1210.9725966712683,0.0,0,0.02740332873167972,0.0,0.02740332873167972,0.0,0.0,0.18115267974032168,0.0,0.0,False,0.0043859330035047606,0,0,26,0,0.0,0.0,1,,,0,True,False,False,1193.72265625,1450.9725966712683,-257.2499404212683,True,True,0,ML-Robust-MPC,1210.9725966712683,805.11285632448,499.90646687033706
1181.5,1212.82703277391,0.0,0,-31.327032773910105,31.327032773910105,0.0,0.0,0.0,0.1814634637956184,0.0,31.327032773910105,False,0.004224408003210556,0,0,27,0,0.0,0.0,1,,,0,True,False,False,1211.0,1452.82703277391,-241.8270327739101,True,True,0,ML-Robust-MPC,1212.82703277391,804.6240351439149,500.0
1178.5,1215.487216804398,0.0,0,-36.98721680439803,36.98721680439803,0.0,0.0,0.0,0.1818304004702652,0.0,36.98721680439803,False,0.0040652719981153496,0,0,28,0,0.0,0.0,1,,,0,True,False,False,1181.5,1455.487216804398,-273.98721680439803,True,True,0,ML-Robust-MPC,1215.487216804398,803.1366086334448,500.0
1132.0,1213.789737719715,0.0,0,-81.78973771971505,81.78973771971505,0.0,0.0,0.0,0.18264180659843696,0.0,81.78973771971505,False,0.004213776999677066,0,0,29,0,0.0,0.0,1,,,0,True,False,False,1178.5,1453.789737719715,-275.28973771971505,True,True,0,ML-Robust-MPC,1213.789737719715,803.7600870915005,499.3078707936838
1094.5,1194.5,0.0,0,-100.0,100.0,0.0,0.0,0.0,0.18363387009050045,0.0,100.0,False,0.004661746999772731,0,0,30,0,0.0,0.0,1,,,0,True,False,False,1141.004150390625,1455.0633349736822,-314.05918458305723,True,True,0,ML-Robust-MPC,1215.0633349736822,803.4475335402755,499.5999412130934
1084.0,745.4283300781246,0.0,0,338.57166992187535,0.0,338.57166992187535,0.0,0.0,0.1799121571467169,100.0,0.0,False,0.004478030001337174,0,0,31,0,0.0,0.0,1,,,0,True,False,False,1143.8419189453125,1456.3576125008826,-312.5156935555701,True,True,0,ML-Robust-MPC,1216.3576125008826,804.7405558875728,499.2484498351549
1109.0,1209.0,0.0,0,-100.0,100.0,0.0,0.0,0.0,0.1809042206387804,0.0,100.0,False,0.004122685000766069,0,0,32,0,0.0,0.0,1,,,0,True,False,False,1152.053955078125,1457.2527101743538,-305.19875509622875,True,True,0,ML-Robust-MPC,1217.2527101743538,803.5903590720729,498.50743288978566
1113.0,1213.0,0.0,0,-100.0,100.0,0.0,0.0,0.0,0.18189628413084388,0.0,100.0,False,0.004198829999950249,0,0,33,0,0.0,0.0,1,,,0,True,False,False,1196.359375,1454.7260759445326,-258.36670094453257,True,True,0,ML-Robust-MPC,1214.7260759445326,803.9863164641066,497.3957561083477
1128.5,1216.1868933711037,0.0,0,-87.68689337110368,87.68689337110368,0.0,0.0,0.0,0.18276619378730324,0.0,87.68689337110368,False,0.004277348998584785,0,0,34,0,0.0,0.0,1,,,0,True,False,False,1205.7406005859375,1456.1868933711037,-250.44629278516618,True,True,0,ML-Robust-MPC,1216.1868933711037,805.28768862482,497.18948005698167
1149.0,1214.399754105754,0.0,0,-65.39975410575403,65.39975410575403,0.0,0.0,0.0,0.18341500087168572,0.0,65.39975410575403,False,0.004173109999101143,0,0,35,0,0.0,0.0,1,,,0,True,False,False,1199.82568359375,1454.399754105754,-254.57407051200403,True,True,0,ML-Robust-MPC,1214.399754105754,806.6480202465573,497.3157251292423
1105.0,796.1575781249996,0.0,0,308.84242187500035,0.0,308.84242187500035,0.0,0.0,0.18002008351387233,100.0,0.0,False,0.004161356002441607,0,0,36,0,0.0,0.0,1,,,0,True,False,False,1189.5980224609375,1453.4946465424107,-263.8966240814732,True,True,0,ML-Robust-MPC,1213.4946465424107,805.7111190655637,497.7743189458304
1108.5,1208.5,0.0,0,-100.0,100.0,0.0,0.0,0.0,0.18101214700593582,0.0,100.0,False,0.004474487999686971,0,0,37,0,0.0,0.0,1,,,0,True,False,False,1188.8134765625,1451.3378886724768,-262.52441210997677,True,True,0,ML-Robust-MPC,1211.3378886724768,804.2369205266701,497.5142108652452
1074.0,1174.0,0.0,0,-100.0,100.0,0.0,0.0,0.0,0.1820042104979993,0.0,100.0,False,0.004342171996540856,0,0,38,0,0.0,0.0,1,,,0,True,False,False,1187.22119140625,1447.0290995932469,-259.8079081869969,True,True,0,ML-Robust-MPC,1207.0290995932469,804.0027343258206,497.9008588485518
1058.5,1158.5,0.0,0,-100.0,100.0,0.0,0.0,0.0,0.1829962739900628,0.0,100.0,False,0.004176489004748873,0,0,39,0,0.0,0.0,1,,,0,True,False,False,1189.2633056640625,1448.68075638725,-259.4174507231876,True,True,0,ML-Robust-MPC,1208.68075638725,807.6724452002983,497.4934486417688
1083.0,756.9901341045511,0.0,0,326.00986589544897,0.0,326.00986589544897,0.0,0.0,0.1794126453362413,100.0,0.0,False,0.00422919999982696,0,0,40,0,0.0,0.0,1,,,0,True,False,False,1191.8302001953125,1446.8432526066747,-255.0130524113622,True,True,0,ML-Robust-MPC,1206.8432526066747,807.0643547997822,498.0898328709442
1102.5,1202.5,0.0,0,-100.0,100.0,0.0,0.0,0.0,0.18040470882830478,0.0,100.0,False,0.004118461001780815,0,0,41,0,0.0,0.0,1,,,0,True,False,False,1216.0693359375,1446.5842138851096,-230.51487794760965,True,True,0,ML-Robust-MPC,1206.5842138851096,806.111336056662,498.86719039581976
1131.5,1208.5934131203126,0.0,0,-77.09341312031256,77.09341312031256,0.0,0.0,0.0,0.1811695244346571,0.0,77.09341312031256,False,0.0043307270025252365,0,0,42,0,0.0,0.0,1,,,0,True,False,False,1228.7479248046875,1448.5934131203126,-219.84548831562506,True,True,0,ML-Robust-MPC,1208.5934131203126,805.7059738567472,499.5064173191009
1162.0,1208.332535622435,0.0,0,-46.33253562243499,46.33253562243499,0.0,0.0,0.0,0.1816291726055146,0.0,46.33253562243499,False,0.004290792996471282,0,0,43,0,0.0,0.0,1,,,0,True,False,False,1229.8475341796875,1448.332535622435,-218.4850014427475,True,True,0,ML-Robust-MPC,1208.332535622435,807.2640768959618,499.00412863690536
1161.5,1206.8884926287787,0.0,0,-45.38849262877875,45.38849262877875,0.0,0.0,0.0,0.18207945527048264,0.0,45.38849262877875,False,0.004004047004855238,0,0,44,0,0.0,0.0,1,,,0,True,False,False,1218.3104248046875,1446.8884926287787,-228.57806782409125,True,True,0,ML-Robust-MPC,1206.8884926287787,807.878638250149,499.9347750851448
1167.0,1207.4977802077728,0.0,0,-40.49778020777285,40.49778020777285,0.0,0.0,0.0,0.18248121896302005,0.0,40.49778020777285,False,0.0038900580038898624,0,0,45,0,0.0,0.0,1,,,0,True,False,False,1217.17333984375,1447.4977802077728,-230.32444036402285,True,True,0,ML-Robust-MPC,1207.4977802077728,805.5188311488815,500.0
1172.0,1201.3987362500225,0.0,0,-29.398736250022466,29.398736250022466,0.0,0.0,0.0,0.18277287309248455,0.0,29.398736250022466,False,0.0041979540037573315,0,0,46,0,0.0,0.0,1,,,0,True,False,False,1211.4326171875,1441.3987362500225,-229.96611906252247,True,True,0,ML-Robust-MPC,1201.3987362500225,804.153710551173,500.0
1170.0,1200.003458653642,0.0,0,-30.00345865364193,30.00345865364193,0.0,0.0,0.0,0.1830705264521437,0.0,30.00345865364193,False,0.004012054996564984,0,0,47,0,0.0,0.0,1,,,0,True,False,False,1219.451171875,1440.003458653642,-220.55228677864193,True,True,0,ML-Robust-MPC,1200.003458653642,802.4284496201664,500.0
1126.0,869.2044591796405,0.0,0,256.79554082035946,0.0,256.79554082035946,0.0,0.0,0.18024772887904034,100.0,0.0,False,0.004130581000936218,0,0,48,0,0.0,0.0,1,,,0,True,False,False,1222.416748046875,1438.5592834635572,-216.14253541668222,True,True,0,ML-Robust-MPC,1198.5592834635572,802.7376218547927,500.0
1174.0,1200.5213448066938,0.0,0,-26.521344806693833,26.521344806693833,0.0,0.0,0.0,0.18051083745847182,0.0,26.521344806693833,False,0.0038424029989982955,0,0,49,0,0.0,0.0,1,,,0,True,False,False,1222.40478515625,1440.5213448066938,-218.11655965044383,True,True,0,ML-Robust-MPC,1200.5213448066938,804.0530266050663,500.0
1152.0,1200.722469965233,0.0,0,-48.722469965232904,48.722469965232904,0.0,0.0,0.0,0.1809941952954285,0.0,48.722469965232904,False,0.004109523004444782,0,0,50,0,0.0,0.0,1,,,0,True,False,False,1226.51416015625,1440.722469965233,-214.2083098089829,True,True,0,ML-Robust-MPC,1200.722469965233,802.9421323192357,500.0
1176.0,1195.9180726719633,0.0,0,-19.918072671963273,19.918072671963273,0.0,0.0,0.0,0.18119179522272974,0.0,19.918072671963273,False,0.004241437003656756,0,0,51,0,0.0,0.0,1,,,0,True,False,False,1222.125,1435.9180726719633,-213.79307267196327,True,True,0,ML-Robust-MPC,1195.9180726719633,801.7251691497091,500.0
1216.5,1195.8271398370257,0.0,0,20.672860162974303,0.0,20.672860162974303,0.0,0.0,0.18096455101392953,0.0,0.0,False,0.004226995995850302,0,0,52,0,0.0,0.0,1,,,0,True,False,False,1213.34912109375,1435.8271398370257,-222.4780187432757,True,True,0,ML-Robust-MPC,1195.8271398370257,803.5344207051091,500.0
1211.5,1193.1001036790706,0.0,0,18.39989632092943,0.0,18.39989632092943,0.0,0.0,0.1807622921175556,0.0,0.0,False,0.0040806429969961755,0,0,53,0,0.0,0.0,1,,,0,True,False,False,1217.306884765625,1433.1001036790706,-215.79321891344557,True,True,0,ML-Robust-MPC,1193.1001036790706,802.9462953427843,500.0
1228.5,1192.164380464713,0.0,0,36.335619535286924,0.0,36.335619535286924,0.0,0.0,0.18036287669813766,0.0,0.0,False,0.004122673999518156,0,0,54,0,0.0,0.0,1,,,0,True,False,False,1211.5,1432.164380464713,-220.66438046471308,True,True,0,ML-Robust-MPC,1192.164380464713,803.9496095639588,500.0
1182.5,1194.2137140061182,0.0,0,-11.713714006118153,11.713714006118153,0.0,0.0,0.0,0.1804790841783571,0.0,11.713714006118153,False,0.00416383699484868,0,0,55,0,0.0,0.0,1,,,0,True,False,False,1228.5,1434.2137140061182,-205.71371400611815,True,True,0,ML-Robust-MPC,1194.2137140061182,800.4484167293525,500.0
1167.0,1193.7662839247498,0.0,0,-26.766283924749814,26.766283924749814,0.0,0.0,0.0,0.1807446227093566,0.0,26.766283924749814,False,0.004195003995846491,0,0,56,0,0.0,0.0,1,,,0,True,False,False,1182.5,1433.7662839247498,-251.2662839247498,True,True,0,ML-Robust-MPC,1193.7662839247498,797.9604762002165,500.0
1109.0,1188.6331156986853,0.0,0,-79.63311569868529,79.63311569868529,0.0,0.0,0.0,0.18153463377779594,0.0,79.63311569868529,False,0.006121728001744486,0,0,57,0,0.0,0.0,1,,,0,True,False,False,1174.1976318359375,1428.6331156986853,-254.4354838627478,True,True,0,ML-Robust-MPC,1188.6331156986853,797.6844842433278,500.0
1084.0,1184.0,0.0,0,-100.0,100.0,0.0,0.0,0.0,0.18252669726985943,0.0,100.0,False,0.004215613000269514,0,0,58,0,0.0,0.0,1,,,0,True,False,False,1168.6513671875,1428.4055898249496,-259.75422263744963,True,True,0,ML-Robust-MPC,1188.4055898249496,796.5691876812934,500.0
1132.0,1187.7016041825575,0.0,0,-55.7016041825575,55.7016041825575,0.0,0.0,0.0,0.1830792925494483,0.0,55.7016041825575,False,0.005426073999842629,0,0,59,0,0.0,0.0,1,,,0,True,False,False,1162.30322265625,1427.7016041825575,-265.3983815263075,True,True,0,ML-Robust-MPC,1187.7016041825575,798.6620983504873,499.6120320479802
1167.5,821.0556416119912,0.0,0,346.4443583880088,0.0,346.4443583880088,0.0,0.0,0.17927103991800117,100.0,0.0,False,0.003985546994954348,0,0,60,0,0.0,0.0,1,,,0,True,False,False,1189.1683349609375,1430.9354326067585,-241.76709764582097,True,True,0,ML-Robust-MPC,1190.9354326067585,800.2029598225704,499.4924042431436
1180.0,1192.6495342834207,0.0,0,-12.649534283420735,12.649534283420735,0.0,0.0,0.0,0.17939653132954303,0.0,12.649534283420735,False,0.0039717740000924096,0,0,61,0,0.0,0.0,1,,,0,True,False,False,1198.3651123046875,1432.6495342834207,-234.28442197873323,True,True,0,ML-Robust-MPC,1192.6495342834207,799.9515536878674,499.7952026870583
1202.5,1195.1242269876336,0.0,0,7.3757730123663805,0.0,7.3757730123663805,0.0,0.0,0.17931545393196613,0.0,0.0,False,0.003972979000536725,0,0,62,0,0.0,0.0,1,,,0,True,False,False,1187.6368408203125,1435.1242269876336,-247.48738616732112,True,True,0,ML-Robust-MPC,1195.1242269876336,800.3462138505993,498.9768180651892
1174.0,1197.4939371644691,0.0,0,-23.493937164469116,23.493937164469116,0.0,0.0,0.0,0.17954852870542318,0.0,23.493937164469116,False,0.004309365998778958,0,0,63,0,0.0,0.0,1,,,0,True,False,False,1202.5,1437.4939371644691,-234.99393716446912,True,True,0,ML-Robust-MPC,1197.4939371644691,797.5634849045439,500.0
1139.5,1198.3070865961276,0.0,0,-58.80708659612765,58.80708659612765,0.0,0.0,0.0,0.18013193234228952,0.0,58.80708659612765,False,0.004101961996639147,0,0,64,0,0.0,0.0,1,,,0,True,False,False,1174.0,1438.3070865961276,-264.30708659612765,True,True,0,ML-Robust-MPC,1198.3070865961276,796.799409012195,499.23193123012703
1146.0,1199.3738634127667,0.0,0,-53.373863412766696,53.373863412766696,0.0,0.0,0.0,0.18066143495551143,0.0,53.373863412766696,False,0.004090356997039635,0,0,65,0,0.0,0.0,1,,,0,True,False,False,1166.06982421875,1439.3738634127667,-273.3040391940167,True,True,0,ML-Robust-MPC,1199.3738634127667,797.0201829024528,499.52603771861885
1095.0,1195.0,0.0,0,-100.0,100.0,0.0,0.0,0.0,0.18165349844757492,0.0,100.0,False,0.004272644000593573,0,0,66,0,0.0,0.0,1,,,0,True,False,False,1173.2899169921875,1438.633724965584,-265.34380797339645,True,True,0,ML-Robust-MPC,1198.633724965584,798.1686487412617,498.8379401320512
1110.0,1197.7201164668215,0.0,0,-87.72011646682154,87.72011646682154,0.0,0.0,0.0,0.18252373769823782,0.0,87.72011646682154,False,0.003989400000136811,0,0,67,0,0.0,0.0,1,,,0,True,False,False,1168.359375,1437.7201164668215,-269.36074146682154,True,True,0,ML-Robust-MPC,1197.7201164668215,800.1904985199095,499.7065535948266
1101.0,1194.942454506827,0.0,0,-93.94245450682706,93.94245450682706,0.0,0.0,0.0,0.1834557064929484,0.0,93.94245450682706,False,0.004102621001948137,0,0,68,0,0.0,0.0,1,,,0,True,False,False,1176.46533203125,1434.942454506827,-258.47712247557706,True,True,0,ML-Robust-MPC,1194.942454506827,802.1698063522583,499.3834680471292
1119.5,811.7954560463011,0.0,0,307.7045439536989,0.0,307.7045439536989,0.0,0.0,0.1800732971367322,100.0,0.0,False,0.0043014469993067905,0,0,69,0,0.0,0.0,1,,,0,True,False,False,1180.227294921875,1439.2763066490118,-259.04901172713676,True,True,0,ML-Robust-MPC,1199.2763066490118,801.275026156114,498.4552483665311
1155.0,1201.0267451320324,0.0,0,-46.026745132032374,46.026745132032374,0.0,0.0,0.0,0.1805299116717722,0.0,46.026745132032374,False,0.004388471999845933,0,0,70,0,0.0,0.0,1,,,0,True,False,False,1175.3253173828125,1441.0267451320324,-265.7014277492199,True,True,0,ML-Robust-MPC,1201.0267451320324,800.9448054404176,499.6886039286392
1165.0,1203.722938410547,0.0,0,-38.72293841054693,38.72293841054693,0.0,0.0,0.0,0.18091406780679747,0.0,38.72293841054693,False,0.004320109997934196,0,0,71,0,0.0,0.0,1,,,0,True,False,False,1177.57861328125,1443.722938410547,-266.14432512929693,True,True,0,ML-Robust-MPC,1203.722938410547,800.3545996892176,499.2005980799268
1160.0,1205.1282752810778,0.0,0,-45.12827528107778,45.12827528107778,0.0,0.0,0.0,0.18136176895045897,0.0,45.12827528107778,False,0.004145812003116589,0,0,72,0,0.0,0.0,1,,,0,True,False,False,1177.77880859375,1445.1282752810778,-267.3494666873278,True,True,0,ML-Robust-MPC,1205.1282752810778,798.8724055792327,497.470394614466
1124.5,1205.6672146633584,0.0,0,-81.16721466335844,81.16721466335844,0.0,0.0,0.0,0.18216699925465896,0.0,81.16721466335844,False,0.004320088999520522,0,0,73,0,0.0,0.0,1,,,0,True,False,False,1182.93701171875,1445.6672146633584,-262.73020294460844,True,True,0,ML-Robust-MPC,1205.6672146633584,797.4693777017847,497.7005899427953
1091.0,1191.0,0.0,0,-100.0,100.0,0.0,0.0,0.0,0.18315906274672245,0.0,100.0,False,0.004278603999409825,0,0,74,0,0.0,0.0,1,,,0,True,False,False,1180.3623046875,1445.4498145714874,-265.0875098839874,True,True,0,ML-Robust-MPC,1205.4498145714874,798.0914045830332,498.1125542275497
1071.0,749.6081402979505,0.0,0,321.39185970204943,0.0,321.39185970204943,0.0,0.0,0.17962619703307375,100.0,0.0,False,0.004037566999613773,0,0,75,0,0.0,0.0,1,,,0,True,False,False,1174.70947265625,1446.1878658861808,-271.4783932299308,True,True,0,ML-Robust-MPC,1206.1878658861808,795.9834288408788,497.1682642561872
1102.0,1202.0,0.0,0,-100.0,100.0,0.0,0.0,0.0,0.18061826052513724,0.0,100.0,False,0.00413495199609315,0,0,76,0,0.0,0.0,1,,,0,True,False,False,1177.5299072265625,1444.198483964592,-266.6685767380295,True,True,0,ML-Robust-MPC,1204.198483964592,800.2070609990171,497.9555302434232
1100.0,1200.0,0.0,0,-100.0,100.0,0.0,0.0,0.0,0.18161032401720073,0.0,100.0,False,0.004390605005028192,0,0,77,0,0.0,0.0,1,,,0,True,False,False,1190.4088134765625,1447.9039625703708,-257.4951490938083,True,True,0,ML-Robust-MPC,1207.9039625703708,799.1434865984094,496.9822800452345
1130.0,1212.5094665383715,0.0,0,-82.5094665383715,82.5094665383715,0.0,0.0,0.0,0.18242887031222427,0.0,82.5094665383715,False,0.0042438739983481355,0,0,78,0,0.0,0.0,1,,,0,True,False,False,1195.035888671875,1452.5094665383715,-257.4735778664965,True,True,0,ML-Robust-MPC,1212.5094665383715,801.5511567494674,498.2012011291048
1170.0,1214.7373046026598,0.0,0,-44.73730460265983,44.73730460265983,0.0,0.0,0.0,0.1828726927785205,0.0,44.73730460265983,False,0.004173474000708666,0,0,79,0,0.0,0.0,1,,,0,True,False,False,1186.667724609375,1454.7373046026598,-268.06957999328483,True,True,0,ML-Robust-MPC,1214.7373046026598,799.6736613072259,497.87099379061647
1198.0,1211.6693526614558,0.0,0,-13.669352661455832,13.669352661455832,0.0,0.0,0.0,0.1830083014358762,0.0,13.669352661455832,False,0.003856974006339442,0,0,80,0,0.0,0.0,1,,,0,True,False,False,1188.6107177734375,1451.6693526614558,-263.05863488801833,True,True,0,ML-Robust-MPC,1211.6693526614558,798.0437873724713,498.5559890721499
1201.5,846.6399999999996,0.0,0,354.86000000000035,0.0,354.86000000000035,0.0,0.0,0.17910754076226235,100.0,0.0,False,0.004284950999135617,0,0,81,0,0.0,0.0,1,,,0,True,False,False,1198.0,1450.7563337479348,-252.75633374793483,True,True,0,ML-Robust-MPC,1210.7563337479348,798.7086716891287,497.9455313516264
1168.0,1210.5042226972464,0.0,0,-42.504222697246405,42.504222697246405,0.0,0.0,0.0,0.1795292096382271,0.0,42.504222697246405,False,0.0040593339945189655,0,0,82,0,0.0,0.0,1,,,0,True,False,False,1201.5,1450.5042226972464,-249.0042226972464,True,True,0,ML-Robust-MPC,1210.5042226972464,799.8717610944,498.9234650801526
1163.5,1209.266706263305,0.0,0,-45.76670626330497,45.76670626330497,0.0,0.0,0.0,0.1799832444225853,0.0,45.76670626330497,False,0.00422429100581212,0,0,83,0,0.0,0.0,1,,,0,True,False,False,1182.4595947265625,1449.266706263305,-266.80711153674247,True,True,0,ML-Robust-MPC,1209.266706263305,797.9614713130528,498.16832323338406
1135.5,1205.8291400147612,0.0,0,-70.32914001476115,70.32914001476115,0.0,0.0,0.0,0.18068095414495394,0.0,70.32914001476115,False,0.004064813001605216,0,0,84,0,0.0,0.0,1,,,0,True,False,False,1189.5081787109375,1445.8291400147612,-256.32096130382365,True,True,0,ML-Robust-MPC,1205.8291400147612,796.9654158688575,496.5537449234964
1139.0,1207.7335251390246,0.0,0,-68.73352513902455,68.73352513902455,0.0,0.0,0.0,0.1813628343546665,0.0,68.73352513902455,False,0.00415921000239905,0,0,85,0,0.0,0.0,1,,,0,True,False,False,1188.992431640625,1447.7335251390246,-258.74109349839955,True,True,0,ML-Robust-MPC,1207.7335251390246,794.61433238973,498.327016589943
1137.0,1207.192355882352,0.0,0,-70.1923558823521,70.1923558823521,0.0,0.0,0.0,0.18205918709159458,0.0,70.1923558823521,False,0.0040962650018627755,0,0,86,0,0.0,0.0,1,,,0,True,False,False,1186.1455078125,1447.192355882352,-261.0468480698521,True,True,0,ML-Robust-MPC,1207.192355882352,798.3042862339443,498.1153616562013
1160.0,1206.1134278650866,0.0,0,-46.11342786508658,46.11342786508658,0.0,0.0,0.0,0.18251666157438312,0.0,46.11342786508658,False,0.00423181399673922,0,0,87,0,0.0,0.0,1,,,0,True,False,False,1186.291748046875,1446.1134278650866,-259.8216798182116,True,True,0,ML-Robust-MPC,1206.1134278650866,798.8380321984314,498.5851389126351
1169.0,1203.9754561828368,0.0,0,-34.97545618283675,34.97545618283675,0.0,0.0,0.0,0.1828636403063557,0.0,34.97545618283675,False,0.0041899100033333525,0,0,88,0,0.0,0.0,1,,,0,True,False,False,1184.823486328125,1443.9754561828368,-259.15196985471175,True,True,0,ML-Robust-MPC,1203.9754561828368,799.4201584340663,497.6290955294804
1210.0,1209.492181184262,0.0,0,0.5078188157378918,0.0,0.5078188157378918,0.0,0.0,0.18285805816222633,0.0,0.0,False,0.004049828996357974,0,0,89,0,0.0,0.0,1,,,0,True,False,False,1183.2056884765625,1449.492181184262,-266.2864927076996,True,True,0,ML-Robust-MPC,1209.492181184262,801.2939878122465,499.21413968506505
1160.5,1213.3222771455096,0.0,0,-52.82227714550959,52.82227714550959,0.0,0.0,0.0,0.18338208868946354,0.0,52.82227714550959,False,0.004165228005149402,0,0,90,0,0.0,0.0,1,,,0,True,False,False,1210.0,1453.3222771455096,-243.3222771455096,True,True,0,ML-Robust-MPC,1213.3222771455096,802.9537784245216,498.72758359688095
1159.0,804.1399999999996,0.0,0,354.86000000000035,0.0,354.86000000000035,0.0,0.0,0.17948132801584968,100.0,0.0,False,0.004348198999650776,0,0,91,0,0.0,0.0,1,,,0,True,False,False,1160.5,1456.1139890920506,-295.6139890920506,True,True,0,ML-Robust-MPC,1216.1139890920506,803.0310807453112,498.05856708113015
1111.0,1211.0,0.0,0,-100.0,100.0,0.0,0.0,0.0,0.18047339150791317,0.0,100.0,False,0.00419529100327054,0,0,92,0,0.0,0.0,1,,,0,True,False,False,1159.0,1456.300071798281,-297.3000717982809,True,True,0,ML-Robust-MPC,1216.300071798281,803.993831315657,497.69208112923513
1095.5,1195.5,0.0,0,-100.0,100.0,0.0,0.0,0.0,0.18146545499997666,0.0,100.0,False,0.0040599389976705424,0,0,93,0,0.0,0.0,1,,,0,True,False,False,1160.026123046875,1456.657607499458,-296.631484452583,True,True,0,ML-Robust-MPC,1216.657607499458,802.3708172019311,496.2520029365911
1064.5,1164.5,0.0,0,-100.0,100.0,0.0,0.0,0.0,0.18245751849204014,0.0,100.0,False,0.0037310670013539493,0,0,94,0,0.0,0.0,1,,,0,True,False,False,1172.1011962890625,1455.495600208324,-283.39440391926155,True,True,0,ML-Robust-MPC,1215.495600208324,803.7451786927012,497.81266089240734
1070.5,1170.5,0.0,0,-100.0,100.0,0.0,0.0,0.0,0.18344958198410363,0.0,100.0,False,0.004026788999908604,0,0,95,0,0.0,0.0,1,,,0,True,False,False,1196.855712890625,1457.745051171807,-260.88933828118206,True,True,0,ML-Robust-MPC,1217.745051171807,805.5870418557349,498.1402790628994
1090.5,849.3367227599681,0.0,0,241.16327724003196,0.0,241.16327724003196,0.0,0.0,0.18079862039987957,100.0,0.0,False,0.003928272002667654,0,0,96,0,0.0,0.0,1,,,0,True,False,False,1219.460693359375,1454.8907743622035,-235.4300810028285,True,True,0,ML-Robust-MPC,1214.8907743622035,802.6900043615847,499.7212569359216
1116.5,1211.7185532820502,0.0,0,-95.21855328205015,95.21855328205015,0.0,0.0,0.0,0.1817432489046618,0.0,95.21855328205015,False,0.003932296000130009,0,0,97,0,0.0,0.0,1,,,0,True,False,False,1209.21484375,1451.7185532820502,-242.50370953205015,True,True,0,ML-Robust-MPC,1211.7185532820502,801.4614630919539,500.0
1164.0,1208.68185175375,0.0,0,-44.681851753749925,44.681851753749925,0.0,0.0,0.0,0.1821865212434887,0.0,44.681851753749925,False,0.004008184994745534,0,0,98,0,0.0,0.0,1,,,0,True,False,False,1210.069091796875,1448.68185175375,-238.61275995687492,True,True,0,ML-Robust-MPC,1208.68185175375,800.8929306954063,500.0
1143.0,1211.1120522770186,0.0,0,-68.11205227701862,68.11205227701862,0.0,0.0,0.0,0.1828622360478242,0.0,68.11205227701862,False,0.004161531003774144,0,0,99,0,0.0,0.0,1,,,0,True,False,False,1210.33740234375,1451.1120522770186,-240.77464993326862,True,True,0,ML-Robust-MPC,1211.1120522770186,801.5508294455154,500.0
1133.5,1212.345225073454,0.0,0,-78.845225073454,78.845225073454,0.0,0.0,0.0,0.18364443074101322,0.0,78.845225073454,False,0.004398397999466397,0,0,100,0,0.0,0.0,1,,,0,True,False,False,1216.2666015625,1452.345225073454,-236.078623510954,True,True,0,ML-Robust-MPC,1212.345225073454,802.0280256929567,500.0
1123.0,833.1588851983133,0.0,0,289.84111480168673,0.0,289.84111480168673,0.0,0.0,0.18045838322307708,100.0,0.0,False,0.004007137998996768,0,0,101,0,0.0,0.0,1,,,0,True,False,False,1207.1356201171875,1451.0703244000415,-243.934704282854,True,True,0,ML-Robust-MPC,1211.0703244000415,799.3945473426884,500.0
1104.0,1204.0,0.0,0,-100.0,100.0,0.0,0.0,0.0,0.18145044671514057,0.0,100.0,False,0.004182850003417116,0,0,102,0,0.0,0.0,1,,,0,True,False,False,1211.751220703125,1451.0530886689564,-239.30186796583143,True,True,0,ML-Robust-MPC,1211.0530886689564,798.4382668940276,500.0
1096.0,1196.0,0.0,0,-100.0,100.0,0.0,0.0,0.0,0.18244251020720406,0.0,100.0,False,0.003920622002624441,0,0,103,0,0.0,0.0,1,,,0,True,False,False,1212.298583984375,1451.3814721882882,-239.08288820391317,True,True,0,ML-Robust-MPC,1211.3814721882882,800.3685800175076,500.0
1111.0,1211.0,0.0,0,-100.0,100.0,0.0,0.0,0.0,0.18343457369926755,0.0,100.0,False,0.004149714994127862,0,0,104,0,0.0,0.0,1,,,0,True,False,False,1203.85546875,1451.854980449309,-247.9995116993091,True,True,0,ML-Robust-MPC,1211.854980449309,798.5069305203142,500.0
1159.0,869.4323689266274,0.0,0,289.5676310733726,0.0,289.5676310733726,0.0,0.0,0.1802515324220243,100.0,0.0,False,0.004251885999110527,0,0,105,0,0.0,0.0,1,,,0,True,False,False,1205.26318359375,1451.0891485088323,-245.8259649150823,True,True,0,ML-Robust-MPC,1211.0891485088323,798.9110192301083,500.0
1215.5,1208.9967475236854,0.0,0,6.503252476314628,0.0,6.503252476314628,0.0,0.0,0.18018004611331045,0.0,0.0,False,0.004321580003306735,0,0,106,0,0.0,0.0,1,,,0,True,False,False,1207.9940185546875,1448.9967475236854,-241.00272896899787,True,True,0,ML-Robust-MPC,1208.9967475236854,798.8176900296148,500.0
1212.5,1209.5749613636278,0.0,0,2.9250386363721645,0.0,2.9250386363721645,0.0,0.0,0.18014789293830746,0.0,0.0,False,0.004014881000330206,0,0,107,0,0.0,0.0,1,,,0,True,False,False,1227.20068359375,1449.5749613636278,-222.37427776987784,True,True,0,ML-Robust-MPC,1209.5749613636278,797.9285483194343,500.0
1220.0,1213.6717700001377,0.0,0,6.3282299998622875,0.0,6.3282299998622875,0.0,0.0,0.1800783305454848,0.0,0.0,False,0.003995161001512315,0,0,108,0,0.0,0.0,1,,,0,True,False,False,1213.451904296875,1453.6717700001377,-240.2198657032627,True,True,0,ML-Robust-MPC,1213.6717700001377,799.9557128645747,500.0
1182.5,1214.194816849845,0.0,0,-31.694816849844983,31.694816849844983,0.0,0.0,0.0,0.1803927632523285,0.0,31.694816849844983,False,0.0038957799988565966,0,0,109,0,0.0,0.0,1,,,0,True,False,False,1220.0,1454.194816849845,-234.19481684984498,True,True,0,ML-Robust-MPC,1214.194816849845,800.0333036389313,500.0
1159.0,1213.2048408062606,0.0,0,-54.20484080626056,54.20484080626056,0.0,0.0,0.0,0.18093050968889854,0.0,54.20484080626056,False,0.004225799995765556,0,0,110,0,0.0,0.0,1,,,0,True,False,False,1187.67724609375,1453.2048408062606,-265.52759471251056,True,True,0,ML-Robust-MPC,1213.2048408062606,797.5035464273094,499.87717045980514
1141.0,1213.5251129988249,0.0,0,-72.52511299882485,72.52511299882485,0.0,0.0,0.0,0.18165000485753768,0.0,72.52511299882485,False,0.0041198740000254475,0,0,111,0,0.0,0.0,1,,,0,True,False,False,1189.8687744140625,1453.5251129988249,-263.65633858476235,True,True,0,ML-Robust-MPC,1213.5251129988249,800.317614631379,500.0
1112.0,1211.6909384008109,0.0,0,-99.69093840081086,99.69093840081086,0.0,0.0,0.0,0.18263900226230764,0.0,99.69093840081086,False,0.00410093400569167,0,0,112,0,0.0,0.0,1,,,0,True,False,False,1192.3402099609375,1451.6909384008109,-259.35072843987336,True,True,0,ML-Robust-MPC,1211.6909384008109,802.3201608766595,499.5225293918255
1117.5,1215.907317931482,0.0,0,-98.40731793148211,98.40731793148211,0.0,0.0,0.0,0.1836152653370247,0.0,98.40731793148211,False,0.003939725000236649,0,0,113,0,0.0,0.0,1,,,0,True,False,False,1190.819091796875,1455.907317931482,-265.0882261346071,True,True,0,ML-Robust-MPC,1215.907317931482,802.5620799859271,499.0313356014838
1163.0,808.4736181640621,0.0,0,354.52638183593785,0.0,354.52638183593785,0.0,0.0,0.17971817192547018,100.0,0.0,False,0.004316186001233291,0,0,114,0,0.0,0.0,1,,,0,True,False,False,1183.9765625,1454.989651432684,-271.013088932684,True,True,0,ML-Robust-MPC,1214.989651432684,802.478250693799,499.8684444875957
1180.5,1214.6008342827251,0.0,0,-34.100834282725145,34.100834282725145,0.0,0.0,0.0,0.18005647385287818,0.0,34.100834282725145,False,0.004178076997050084,0,0,115,0,0.0,0.0,1,,,0,True,False,False,1197.993896484375,1454.6008342827251,-256.60693779835015,True,True,0,ML-Robust-MPC,1214.6008342827251,801.8923970878373,499.8370728795608
1177.5,1213.2029832212183,0.0,0,-35.702983221218346,35.702983221218346,0.0,0.0,0.0,0.18041067011499345,0.0,35.702983221218346,False,0.004350741000962444,0,0,116,0,0.0,0.0,1,,,0,True,False,False,1193.5428466796875,1453.2029832212183,-259.66013654153085,True,True,0,ML-Robust-MPC,1213.2029832212183,802.5651003974459,500.0
1181.0,1214.6709648739068,0.0,0,-33.67096487390677,33.67096487390677,0.0,0.0,0.0,0.180744707464933,0.0,33.67096487390677,False,0.003953560000809375,0,0,117,0,0.0,0.0,1,,,0,True,False,False,1181.68505859375,1454.6709648739068,-272.98590628015677,True,True,0,ML-Robust-MPC,1214.6709648739068,803.9814034204326,500.0
1141.0,1214.4664317827628,0.0,0,-73.46643178276281,73.46643178276281,0.0,0.0,0.0,0.18147354111357153,0.0,73.46643178276281,False,0.004184113000519574,0,0,118,0,0.0,0.0,1,,,0,True,False,False,1181.0,1454.4664317827628,-273.4664317827628,True,True,0,ML-Robust-MPC,1214.4664317827628,804.8293073459893,500.0
1118.5,1211.2697461223247,0.0,0,-92.7697461223247,92.7697461223247,0.0,0.0,0.0,0.1823938758965311,0.0,92.7697461223247,False,0.004061223000462633,0,0,119,0,0.0,0.0,1,,,0,True,False,False,1160.961669921875,1451.2697461223247,-290.3080762004497,True,True,0,ML-Robust-MPC,1211.2697461223247,805.8524403759624,500.0
1109.0,1209.0,0.0,0,-100.0,100.0,0.0,0.0,0.0,0.1833859393885946,0.0,100.0,False,0.004236193999531679,0,0,120,0,0.0,0.0,1,,,0,True,False,False,1156.39453125,1453.49182554474,-297.0972942947401,True,True,0,ML-Robust-MPC,1213.49182554474,805.8695968897061,499.7811932692557
1084.0,757.3503271484371,0.0,0,326.64967285156285,0.0,326.64967285156285,0.0,0.0,0.17979527772509854,100.0,0.0,False,0.004166450002230704,0,0,121,0,0.0,0.0,1,,,0,True,False,False,1166.055908203125,1451.8422421519956,-285.7863339488706,True,True,0,ML-Robust-MPC,1211.8422421519956,806.601885560707,499.01417604504354
1118.0,1212.698090982332,0.0,0,-94.6980909823319,94.6980909823319,0.0,0.0,0.0,0.18073474291341532,0.0,94.6980909823319,False,0.0041992999977082945,0,0,122,0,0.0,0.0,1,,,0,True,False,False,1164.066162109375,1452.698090982332,-288.6319288729569,True,True,0,ML-Robust-MPC,1212.698090982332,805.316763063103,498.2872492089479
1121.0,1211.592596910352,0.0,0,-90.59259691035209,90.59259691035209,0.0,0.0,0.0,0.18163347899387516,0.0,90.59259691035209,False,0.004032093995192554,0,0,123,0,0.0,0.0,1,,,0,True,False,False,1175.803466796875,1451.592596910352,-275.7891301134771,True,True,0,ML-Robust-MPC,1211.592596910352,805.7650476586621,497.4351213311485
1155.0,1210.4651970359416,0.0,0,-55.46519703594163,55.46519703594163,0.0,0.0,0.0,0.18218372896446983,0.0,55.46519703594163,False,0.0038421270000981167,0,0,124,0,0.0,0.0,1,,,0,True,False,False,1159.7855224609375,1450.4651970359416,-290.6796745750041,True,True,0,ML-Robust-MPC,1210.4651970359416,805.615658110184,497.6691709253302
1162.0,1208.9293090824046,0.0,0,-46.92930908240464,46.92930908240464,0.0,0.0,0.0,0.182649297506954,0.0,46.92930908240464,False,0.004121368998312391,0,0,125,0,0.0,0.0,1,,,0,True,False,False,1163.8724365234375,1448.9293090824046,-285.05687255896714,True,True,0,ML-Robust-MPC,1208.9293090824046,807.6382654654808,497.70064160999647
1168.0,1207.210064983828,0.0,0,-39.21006498382803,39.21006498382803,0.0,0.0,0.0,0.18303828624687293,0.0,39.21006498382803,False,0.00412037599744508,0,0,126,0,0.0,0.0,1,,,0,True,False,False,1162.0,1447.210064983828,-285.21006498382803,True,True,0,ML-Robust-MPC,1207.210064983828,806.7320744711566,498.7794508610213
1135.5,797.9420019531246,0.0,0,337.55799804687535,0.0,337.55799804687535,0.0,0.0,0.17932771598297992,100.0,0.0,False,0.003998279004008509,0,0,127,0,0.0,0.0,1,,,0,True,False,False,1168.0,1449.527678626417,-281.5276786264169,True,True,0,ML-Robust-MPC,1209.527678626417,808.7775992166055,498.90900738862746
1099.5,1199.5,0.0,0,-100.0,100.0,0.0,0.0,0.0,0.1803197794750434,0.0,100.0,False,0.004348617003415711,0,0,128,0,0.0,0.0,1,,,0,True,False,False,1151.0047607421875,1448.2392683419464,-297.2345075997589,True,True,0,ML-Robust-MPC,1208.2392683419464,808.4528405266933,499.1212672885531
1062.0,1162.0,0.0,0,-100.0,100.0,0.0,0.0,0.0,0.1813118429671069,0.0,100.0,False,0.004005179995147046,0,0,129,0,0.0,0.0,1,,,0,True,False,False,1153.5186767578125,1448.5102379608074,-294.99156120299494,True,True,0,ML-Robust-MPC,1208.5102379608074,807.9046019466252,499.1455979131567
1048.5,1148.5,0.0,0,-100.0,100.0,0.0,0.0,0.0,0.18230390645917038,0.0,100.0,False,0.0041862850048346445,0,0,130,0,0.0,0.0,1,,,0,True,False,False,1162.9481201171875,1449.8539164934732,-286.9057963762857,True,True,0,ML-Robust-MPC,1209.8539164934732,807.1997895789788,497.8481703608944
1075.5,1175.5,0.0,0,-100.0,100.0,0.0,0.0,0.0,0.18329596995123387,0.0,100.0,False,0.004400680001708679,0,0,131,0,0.0,0.0,1,,,0,True,False,False,1204.2318115234375,1451.4657122859412,-247.2339007625037,True,True,0,ML-Robust-MPC,1211.4657122859412,804.9057915103765,497.4560739458079
1096.0,841.4083405583588,0.0,0,254.5916594416413,0.0,254.5916594416413,0.0,0.0,0.18049739830895228,100.0,0.0,False,0.004963092993421014,0,0,132,0,0.0,0.0,1,,,0,True,False,False,1214.1312255859375,1453.1730806973824,-239.04185511144487,True,True,0,ML-Robust-MPC,1213.1730806973824,803.1733852667052,499.7458819814684
1121.0,1208.872265515878,0.0,0,-87.8722655158781,87.8722655158781,0.0,0.0,0.0,0.1813691469747844,0.0,87.8722655158781,False,0.004338455000834074,0,0,133,0,0.0,0.0,1,,,0,True,False,False,1214.2664794921875,1448.872265515878,-234.6057860236906,True,True,0,ML-Robust-MPC,1208.872265515878,801.2509094934526,500.0
1124.5,1211.318652485016,0.0,0,-86.81865248501595,86.81865248501595,0.0,0.0,0.0,0.18223044313038972,0.0,86.81865248501595,False,0.004188651000731625,0,0,134,0,0.0,0.0,1,,,0,True,False,False,1209.139892578125,1451.318652485016,-242.17875990689095,True,True,0,ML-Robust-MPC,1211.318652485016,802.6683777656874,500.0
1152.5,1213.4737423265717,0.0,0,-60.97374232657171,60.97374232657171,0.0,0.0,0.0,0.1828353413677565,0.0,60.97374232657171,False,0.004061059000378009,0,0,135,0,0.0,0.0,1,,,0,True,False,False,1210.51025390625,1453.4737423265717,-242.9634884203217,True,True,0,ML-Robust-MPC,1213.4737423265717,801.9065768794625,499.1724153202515
1110.0,1209.46298810195,0.0,0,-99.46298810195003,99.46298810195003,0.0,0.0,0.0,0.1838220773608314,0.0,99.46298810195003,False,0.004070388997206464,0,0,136,0,0.0,0.0,1,,,0,True,False,False,1206.949462890625,1449.46298810195,-242.51352521132503,True,True,0,ML-Robust-MPC,1209.46298810195,801.1828737003467,498.1298691590629
1073.0,792.3760595376771,0.0,0,280.62394046232293,0.0,280.62394046232293,0.0,0.0,0.1807373486480151,100.0,0.0,False,0.0041263659950345755,0,0,137,0,0.0,0.0,1,,,0,True,False,False,1204.623046875,1449.495857758274,-244.87281088327404,True,True,0,ML-Robust-MPC,1209.495857758274,801.4826500293684,497.5439934236836
1119.5,1209.118638604912,0.0,0,-89.6186386049119,89.6186386049119,0.0,0.0,0.0,0.18162642244369875,0.0,89.6186386049119,False,0.0041542849940015,0,0,138,0,0.0,0.0,1,,,0,True,False,False,1207.2052001953125,1449.118638604912,-241.9134384095994,True,True,0,ML-Robust-MPC,1209.118638604912,798.8705454561921,497.0931050309896
1110.0,1209.212548342797,0.0,0,-99.21254834279694,99.21254834279694,0.0,0.0,0.0,0.1826106739153535,0.0,99.21254834279694,False,0.00479329999507172,0,0,139,0,0.0,0.0,1,,,0,True,False,False,1209.91796875,1449.212548342797,-239.29457959279694,True,True,0,ML-Robust-MPC,1209.212548342797,798.648740842405,496.1474369511695
1100.0,1200.0,0.0,0,-100.0,100.0,0.0,0.0,0.0,0.18360273740741698,0.0,100.0,False,0.004123388003790751,0,0,140,0,0.0,0.0,1,,,0,True,False,False,1209.5213623046875,1449.9660609397254,-240.44469863503787,True,True,0,ML-Robust-MPC,1209.9660609397254,798.9683080417124,497.2084201526642
1161.0,844.1964434163235,0.0,0,316.8035565836765,0.0,316.8035565836765,0.0,0.0,0.18012030812605923,100.0,0.0,False,0.004203150005196221,0,0,141,0,0.0,0.0,1,,,0,True,False,False,1204.4862060546875,1450.109961885588,-245.62375583090056,True,True,0,ML-Robust-MPC,1210.109961885588,800.4381673442793,496.9032171940111
1162.5,1212.7374565038197,0.0,0,-50.23745650381966,50.23745650381966,0.0,0.0,0.0,0.1806186955913749,0.0,50.23745650381966,False,0.004127834996324964,0,0,142,0,0.0,0.0,1,,,0,True,False,False,1206.4820556640625,1452.7374565038197,-246.25540083975716,True,True,0,ML-Robust-MPC,1212.7374565038197,798.2595669287116,498.3875827225586
1204.5,1214.9252835182394,0.0,0,-10.42528351823944,10.42528351823944,0.0,0.0,0.0,0.18072212102310345,0.0,10.42528351823944,False,0.00406465199921513,0,0,143,0,0.0,0.0,1,,,0,True,False,False,1198.6937255859375,1454.9252835182394,-256.23155793230194,True,True,0,ML-Robust-MPC,1214.9252835182394,797.9237494713523,498.712916655568
1179.0,1215.8384292468068,0.0,0,-36.838429246806754,36.838429246806754,0.0,0.0,0.0,0.18108758163071065,0.0,36.838429246806754,False,0.0037215379998087883,0,0,144,0,0.0,0.0,1,,,0,True,False,False,1204.5,1455.8384292468068,-251.33842924680675,True,True,0,ML-Robust-MPC,1215.8384292468068,797.2837499303812,497.696596409298
1181.0,1213.715224601316,0.0,0,-32.715224601316095,32.715224601316095,0.0,0.0,0.0,0.1814121374303269,0.0,32.715224601316095,False,0.004189593993942253,0,0,145,0,0.0,0.0,1,,,0,True,False,False,1179.0,1453.715224601316,-274.7152246013161,True,True,0,ML-Robust-MPC,1213.715224601316,795.6190907333544,497.06786083873857
1128.5,1217.3612085677405,0.0,0,-88.8612085677405,88.8612085677405,0.0,0.0,0.0,0.18229369703913384,0.0,88.8612085677405,False,0.004167037994193379,0,0,146,0,0.0,0.0,1,,,0,True,False,False,1181.0,1457.3612085677405,-276.3612085677405,True,True,0,ML-Robust-MPC,1217.3612085677405,795.3049239377515,495.2963387006041
1118.5,1218.5,0.0,0,-100.0,100.0,0.0,0.0,0.0,0.18328576053119733,0.0,100.0,False,0.004039014005684294,0,0,147,0,0.0,0.0,1,,,0,True,False,False,1147.8763427734375,1458.712731872827,-310.8363890993894,True,True,0,ML-Robust-MPC,1218.712731872827,795.526485086655,496.94133002481885
1096.0,765.0128027343746,0.0,0,330.98719726562535,0.0,330.98719726562535,0.0,0.0,0.1796474190935503,100.0,0.0,False,0.003921991999959573,0,0,148,0,0.0,0.0,1,,,0,True,False,False,1157.31982421875,1456.251126329012,-298.9313021102621,True,True,0,ML-Robust-MPC,1216.251126329012,795.9574596724492,496.7397124118243
1102.0,1202.0,0.0,0,-100.0,100.0,0.0,0.0,0.0,0.1806394825856138,0.0,100.0,False,0.004311784003220964,0,0,149,0,0.0,0.0,1,,,0,True,False,False,1162.1964111328125,1458.8265999638102,-296.63018883099767,True,True,0,ML-Robust-MPC,1218.8265999638102,797.3040989746103,496.5617540352378
1115.5,1215.5,0.0,0,-100.0,100.0,0.0,0.0,0.0,0.18163154607767729,0.0,100.0,False,0.004115966999961529,0,0,150,0,0.0,0.0,1,,,0,True,False,False,1203.4295654296875,1459.5216632809304,-256.0920978512429,True,True,0,ML-Robust-MPC,1219.5216632809304,797.0944473905939,497.4891781797106
1152.5,1216.001798342931,0.0,0,-63.5017983429309,63.5017983429309,0.0,0.0,0.0,0.18226152423584127,0.0,63.5017983429309,False,0.004151437999098562,0,0,151,0,0.0,0.0,1,,,0,True,False,False,1184.2967529296875,1456.001798342931,-271.7050454132434,True,True,0,ML-Robust-MPC,1216.001798342931,796.7045811480518,497.49981694228
1169.5,1213.8881311926646,0.0,0,-44.38813119266456,44.38813119266456,0.0,0.0,0.0,0.18270188268021295,0.0,44.38813119266456,False,0.003888063998601865,0,0,152,0,0.0,0.0,1,,,0,True,False,False,1174.685302734375,1453.8881311926646,-279.20282845828956,True,True,0,ML-Robust-MPC,1213.8881311926646,795.8173362867823,497.17381958999607
1131.5,1213.5039216259008,0.0,0,-82.00392162590083,82.00392162590083,0.0,0.0,0.0,0.18351541364872387,0.0,82.00392162590083,False,0.004254168001352809,0,0,153,0,0.0,0.0,1,,,0,True,False,False,1174.7584228515625,1453.5039216259008,-278.74549877433833,True,True,0,ML-Robust-MPC,1213.5039216259008,794.1339269499247,497.7798338138728
1138.5,783.6399999999996,0.0,0,354.86000000000035,0.0,354.86000000000035,0.0,0.0,0.17961465297511,100.0,0.0,False,0.0042398660007165745,0,0,154,0,0.0,0.0,1,,,0,True,False,False,1169.1265869140625,1451.241844268835,-282.11525735477244,True,True,0,ML-Robust-MPC,1211.241844268835,794.0750502231282,497.22757389571086
1112.5,1210.4452930502955,0.0,0,-97.9452930502955,97.9452930502955,0.0,0.0,0.0,0.18058633246965658,0.0,97.9452930502955,False,0.004317599996284116,0,0,155,0,0.0,0.0,1,,,0,True,False,False,1188.825439453125,1450.4452930502955,-261.6198535971705,True,True,0,ML-Robust-MPC,1210.4452930502955,795.4734151633606,498.3749856346971
1062.5,1162.5,0.0,0,-100.0,100.0,0.0,0.0,0.0,0.18157839596172007,0.0,100.0,False,0.0040378560006502084,0,0,156,0,0.0,0.0,1,,,0,True,False,False,1188.14697265625,1447.4213719130933,-259.27439925684325,True,True,0,ML-Robust-MPC,1207.4213719130933,795.6832715268953,498.2845931274012
1089.0,1189.0,0.0,0,-100.0,100.0,0.0,0.0,0.0,0.18257045945378356,0.0,100.0,False,0.004290695003874134,0,0,157,0,0.0,0.0,1,,,0,True,False,False,1171.9832763671875,1446.1525042139292,-274.1692278467417,True,True,0,ML-Robust-MPC,1206.1525042139292,794.5469554658681,498.1268261508879
1082.0,1182.0,0.0,0,-100.0,100.0,0.0,0.0,0.0,0.18356252294584705,0.0,100.0,False,0.004295986000215635,0,0,158,0,0.0,0.0,1,,,0,True,False,False,1188.548828125,1449.9042615035803,-261.3554333785803,True,True,0,ML-Robust-MPC,1209.9042615035803,794.6040592757142,498.4135851201004
1133.0,801.1503429960098,0.0,0,331.8496570039901,0.0,331.8496570039901,0.0,0.0,0.17991470101158166,100.0,0.0,False,0.004019111001980491,0,0,159,0,0.0,0.0,1,,,0,True,False,False,1199.7454833984375,1447.4682946993034,-247.72281130086594,True,True,0,ML-Robust-MPC,1207.4682946993034,797.3365052843374,499.2462481327594
1166.0,1210.246716257441,0.0,0,-44.246716257440994,44.246716257440994,0.0,0.0,0.0,0.18035365653000865,0.0,44.246716257440994,False,0.004084474996489007,0,0,160,0,0.0,0.0,1,,,0,True,False,False,1192.45458984375,1450.246716257441,-257.792126413691,True,True,0,ML-Robust-MPC,1210.246716257441,795.08307312807,500.0
1209.5,1210.1891407950638,0.0,0,-0.6891407950638495,0.6891407950638495,0.0,0.0,0.0,0.18036049324424538,0.0,0.6891407950638495,False,0.004121217003557831,0,0,161,0,0.0,0.0,1,,,0,True,False,False,1186.095458984375,1450.1891407950638,-264.09368181068885,True,True,0,ML-Robust-MPC,1210.1891407950638,793.7332768147771,499.1184962790403
1198.0,1211.0260583139266,0.0,0,-13.026058313926569,13.026058313926569,0.0,0.0,0.0,0.18048972001323274,0.0,13.026058313926569,False,0.004328497001552023,0,0,162,0,0.0,0.0,1,,,0,True,False,False,1209.5,1451.0260583139266,-241.52605831392657,True,True,0,ML-Robust-MPC,1211.0260583139266,793.662287144215,497.6632798808859
1149.0,1211.4865734890486,0.0,0,-62.486573489048624,62.486573489048624,0.0,0.0,0.0,0.18110962649625903,0.0,62.486573489048624,False,0.004347207999671809,0,0,163,0,0.0,0.0,1,,,0,True,False,False,1198.0,1451.4865734890486,-253.48657348904862,True,True,0,ML-Robust-MPC,1211.4865734890486,793.6299852292456,497.4056093783096
1109.0,1209.0,0.0,0,-100.0,100.0,0.0,0.0,0.0,0.18210168998832252,0.0,100.0,False,0.0042959900019923225,0,0,164,0,0.0,0.0,1,,,0,True,False,False,1185.5419921875,1455.225490295572,-269.68349810807194,True,True,0,ML-Robust-MPC,1215.225490295572,794.0631283235746,496.69984306678174
1137.0,1211.189596028215,0.0,0,-74.18959602821496,74.18959602821496,0.0,0.0,0.0,0.18283769788542784,0.0,74.18959602821496,False,0.0038317250000545755,0,0,165,0,0.0,0.0,1,,,0,True,False,False,1181.667236328125,1451.189596028215,-269.52235970008996,True,True,0,ML-Robust-MPC,1211.189596028215,793.3467737113214,495.57854589288354
1097.5,793.1258329000309,0.0,0,304.37416709996904,0.0,304.37416709996904,0.0,0.0,0.17949189734130472,100.0,0.0,False,0.003877466995618306,0,0,166,0,0.0,0.0,1,,,0,True,False,False,1198.7764892578125,1448.8499790577969,-250.07348979998437,True,True,0,ML-Robust-MPC,1208.8499790577969,790.7827403648286,495.3327767772537
1133.5,1212.8965043410976,0.0,0,-79.39650434109763,79.39650434109763,0.0,0.0,0.0,0.18027956107484736,0.0,79.39650434109763,False,0.004064009997819085,0,0,167,0,0.0,0.0,1,,,0,True,False,False,1191.4228515625,1452.8965043410976,-261.4736527785976,True,True,0,ML-Robust-MPC,1212.8965043410976,791.3226766463627,495.6269772298955
1142.0,1215.6495484177235,0.0,0,-73.64954841772351,73.64954841772351,0.0,0.0,0.0,0.1810102113567692,0.0,73.64954841772351,False,0.004144201004237402,0,0,168,0,0.0,0.0,1,,,0,True,False,False,1199.50341796875,1455.6495484177235,-256.1461304489735,True,True,0,ML-Robust-MPC,1215.6495484177235,791.3563067926234,496.85103875846784
1150.5,1216.971163865942,0.0,0,-66.47116386594189,66.47116386594189,0.0,0.0,0.0,0.1816696475062329,0.0,66.47116386594189,False,0.004309609001211356,0,0,169,0,0.0,0.0,1,,,0,True,False,False,1187.10546875,1456.971163865942,-269.8656951159419,True,True,0,ML-Robust-MPC,1216.971163865942,792.0495928760292,495.7087701812008
1173.5,1214.3023049479518,0.0,0,-40.802304947951825,40.802304947951825,0.0,0.0,0.0,0.18207443227754194,0.0,40.802304947951825,False,0.004274771999916993,0,0,170,0,0.0,0.0,1,,,0,True,False,False,1180.2884521484375,1454.3023049479518,-274.0138527995143,True,True,0,ML-Robust-MPC,1214.3023049479518,792.0829396334473,494.95548823335537
1204.5,1216.1355803308422,0.0,0,-11.635580330842231,11.635580330842231,0.0,0.0,0.0,0.18218986462209394,0.0,11.635580330842231,False,0.004156922004767694,0,0,171,0,0.0,0.0,1,,,0,True,False,False,1180.164794921875,1456.1355803308422,-275.97078540896723,True,True,0,ML-Robust-MPC,1216.1355803308422,793.4572440885055,495.26478677395926
1141.0,1215.122544502209,0.0,0,-74.12254450220894,74.12254450220894,0.0,0.0,0.0,0.18292520732548886,0.0,74.12254450220894,False,0.004120051999052521,0,0,172,0,0.0,0.0,1,,,0,True,False,False,1204.5,1455.122544502209,-250.62254450220894,True,True,0,ML-Robust-MPC,1215.122544502209,792.2761633148282,496.8996683637643
1137.5,782.6399999999996,0.0,0,354.86000000000035,0.0,354.86000000000035,0.0,0.0,0.179024446651875,100.0,0.0,False,0.004037644001073204,0,0,173,0,0.0,0.0,1,,,0,True,False,False,1184.0906982421875,1455.2644823330904,-271.1737840909029,True,True,0,ML-Robust-MPC,1215.2644823330904,794.936325945677,497.6015178628068
1106.0,1206.0,0.0,0,-100.0,100.0,0.0,0.0,0.0,0.1800165101439385,0.0,100.0,False,0.004069969996635336,0,0,174,0,0.0,0.0,1,,,0,True,False,False,1184.616455078125,1453.5327459114517,-268.9162908333267,True,True,0,ML-Robust-MPC,1213.5327459114517,793.6469666970164,498.0793773096804
1085.5,1185.5,0.0,0,-100.0,100.0,0.0,0.0,0.0,0.18100857363600198,0.0,100.0,False,0.003987862000940368,0,0,175,0,0.0,0.0,1,,,0,True,False,False,1186.0982666015625,1455.3516142021326,-269.2533476005701,True,True,0,ML-Robust-MPC,1215.3516142021326,793.4231437201967,497.6213130456778
1132.5,1212.951872979188,0.0,0,-80.45187297918801,80.45187297918801,0.0,0.0,0.0,0.1818067072965098,0.0,80.45187297918801,False,0.0038544060007552616,0,0,176,0,0.0,0.0,1,,,0,True,False,False,1181.240478515625,1452.951872979188,-271.711394463563,True,True,0,ML-Robust-MPC,1212.951872979188,792.554458797967,497.17064011438737
1165.0,1215.7499116310166,0.0,0,-50.74991163101663,50.74991163101663,0.0,0.0,0.0,0.1823101786420556,0.0,50.74991163101663,False,0.0038528509976458736,0,0,177,0,0.0,0.0,1,,,0,True,False,False,1197.2330322265625,1455.7499116310166,-258.51687940445413,True,True,0,ML-Robust-MPC,1215.7499116310166,792.553315848837,499.2567216753477
1167.0,1211.3029079414737,0.0,0,-44.30290794147368,44.30290794147368,0.0,0.0,0.0,0.18274969161766544,0.0,44.30290794147368,False,0.004216181005176622,0,0,178,0,0.0,0.0,1,,,0,True,False,False,1197.0777587890625,1451.3029079414737,-254.22514915241118,True,True,0,ML-Robust-MPC,1211.3029079414737,793.1584520382006,498.0272091478061
1156.5,1212.961516197583,0.0,0,-56.46151619758302,56.46151619758302,0.0,0.0,0.0,0.18330982570692717,0.0,56.46151619758302,False,0.003979358996730298,0,0,179,0,0.0,0.0,1,,,0,True,False,False,1187.0111083984375,1452.961516197583,-265.9504077991455,True,True,0,ML-Robust-MPC,1212.961516197583,794.1424176596475,498.90865684579495
1162.5,810.1518408203121,0.0,0,352.34815917968785,0.0,352.34815917968785,0.0,0.0,0.17943667617542639,100.0,0.0,False,0.004209338003420271,0,0,180,0,0.0,0.0,1,,,0,True,False,False,1164.154296875,1451.4486302164678,-287.2943333414678,True,True,0,ML-Robust-MPC,1211.4486302164678,794.725122920008,497.9700171564085
1124.0,1209.350910311814,0.0,0,-85.350910311814,85.350910311814,0.0,0.0,0.0,0.18028341139677376,0.0,85.350910311814,False,0.004130068999074865,0,0,181,0,0.0,0.0,1,,,0,True,False,False,1162.5,1449.350910311814,-286.850910311814,True,True,0,ML-Robust-MPC,1209.350910311814,792.7974857438626,497.7640954164724
1069.5,1169.5,0.0,0,-100.0,100.0,0.0,0.0,0.0,0.18127547488883725,0.0,100.0,False,0.004178238996246364,0,0,182,0,0.0,0.0,1,,,0,True,False,False,1124.0,1450.709688103032,-326.709688103032,True,True,0,ML-Robust-MPC,1210.709688103032,793.321419963561,497.77825329329534
1052.5,1152.5,0.0,0,-100.0,100.0,0.0,0.0,0.0,0.18226753838090073,0.0,100.0,False,0.004314234996854793,0,0,183,0,0.0,0.0,1,,,0,True,False,False,1118.5341796875,1443.0425936996758,-324.50841401217576,True,True,0,ML-Robust-MPC,1203.0425936996758,792.8872291365329,497.0313468102564
1063.0,1163.0,0.0,0,-100.0,100.0,0.0,0.0,0.0,0.18325960187296422,0.0,100.0,False,0.004460849995666649,0,0,184,0,0.0,0.0,1,,,0,True,False,False,1130.1966552734375,1445.3094501047074,-315.11279483126987,True,True,0,ML-Robust-MPC,1205.3094501047074,793.229043104082,497.3870202986159
1077.0,737.9305273437496,0.0,0,339.06947265625035,0.0,339.06947265625035,0.0,0.0,0.1795324168857566,100.0,0.0,False,0.004229913996823598,0,0,185,0,0.0,0.0,1,,,0,True,False,False,1179.3387451171875,1442.520990743112,-263.18224562592445,True,True,0,ML-Robust-MPC,1202.520990743112,796.156523907549,497.3236106073772
1071.5,1171.5,0.0,0,-100.0,100.0,0.0,0.0,0.0,0.1805244803778201,0.0,100.0,False,0.003977886997745372,0,0,186,0,0.0,0.0,1,,,0,True,False,False,1193.3697509765625,1439.094667189407,-245.7249162128444,True,True,0,ML-Robust-MPC,1199.094667189407,796.8089271457078,496.98172903294375
1139.5,1201.086964375059,0.0,0,-61.5869643750591,61.5869643750591,0.0,0.0,0.0,0.1811354621672552,0.0,61.5869643750591,False,0.003994729995611124,0,0,187,0,0.0,0.0,1,,,0,True,False,False,1192.0826416015625,1441.086964375059,-249.0043227734966,True,True,0,ML-Robust-MPC,1201.086964375059,798.954371664305,496.6062099670261
1131.5,1202.9018244245365,0.0,0,-71.40182442453647,71.40182442453647,0.0,0.0,0.0,0.18184381360003832,0.0,71.40182442453647,False,0.004050805997394491,0,0,188,0,0.0,0.0,1,,,0,True,False,False,1192.7908935546875,1442.9018244245365,-250.11093086984897,True,True,0,ML-Robust-MPC,1202.9018244245365,800.663973465983,497.06967910624223
1124.0,1201.8445974188755,0.0,0,-77.84459741887554,77.84459741887554,0.0,0.0,0.0,0.1826160814315748,0.0,77.84459741887554,False,0.0040520760012441315,0,0,189,0,0.0,0.0,1,,,0,True,False,False,1182.4453125,1441.8445974188755,-259.39928491887554,True,True,0,ML-Robust-MPC,1201.8445974188755,800.1607508597701,498.1864973145948
1115.0,1205.3676253421088,0.0,0,-90.3676253421088,90.3676253421088,0.0,0.0,0.0,0.18351258565123857,0.0,90.3676253421088,False,0.004335712997999508,0,0,190,0,0.0,0.0,1,,,0,True,False,False,1190.580078125,1445.3676253421088,-254.7875472171088,True,True,0,ML-Robust-MPC,1205.3676253421088,798.8643531134103,497.8384155503133
1082.5,765.0379108886818,0.0,0,317.46208911131816,0.0,317.46208911131816,0.0,0.0,0.18002291752135993,100.0,0.0,False,0.004081316998053808,0,0,191,0,0.0,0.0,1,,,0,True,False,False,1193.385986328125,1446.0694771728458,-252.68349084472084,True,True,0,ML-Robust-MPC,1206.0694771728458,799.6612883268948,497.087958656712
1043.5,1143.5,0.0,0,-100.0,100.0,0.0,0.0,0.0,0.18101498101342342,0.0,100.0,False,0.004273256003216375,0,0,192,0,0.0,0.0,1,,,0,True,False,False,1195.253662109375,1448.6184225014758,-253.36476039210083,True,True,0,ML-Robust-MPC,1208.6184225014758,800.5668675164466,498.1136851693286
1050.5,1150.5,0.0,0,-100.0,100.0,0.0,0.0,0.0,0.1820070445054869,0.0,100.0,False,0.004012604993476998,0,0,193,0,0.0,0.0,1,,,0,True,False,False,1185.7679443359375,1447.4252360599671,-261.6572917240296,True,True,0,ML-Robust-MPC,1207.4252360599671,799.8768767154043,499.1224588997249
1077.0,1177.0,0.0,0,-100.0,100.0,0.0,0.0,0.0,0.1829991079975504,0.0,100.0,False,0.0037699210006394424,0,0,194,0,0.0,0.0,1,,,0,True,False,False,1188.3128662109375,1445.7493315457564,-257.4364653348189,True,True,0,ML-Robust-MPC,1205.7493315457564,800.2974962802929,499.46693496631633
1129.0,803.2839482883082,0.0,0,325.7160517116917,0.0,325.7160517116917,0.0,0.0,0.17941870906478327,100.0,0.0,False,0.004123402002733201,0,0,195,0,0.0,0.0,1,,,0,True,False,False,1213.337158203125,1446.9862297247976,-233.64907152167257,True,True,0,ML-Robust-MPC,1206.9862297247976,802.6892812094871,499.451571904336
1141.5,1204.8396613812736,0.0,0,-63.33966138127357,63.33966138127357,0.0,0.0,0.0,0.1800470787213435,0.0,63.33966138127357,False,0.004558874003123492,0,0,196,0,0.0,0.0,1,,,0,True,False,False,1204.4842529296875,1444.8396613812736,-240.35540845158607,True,True,0,ML-Robust-MPC,1204.8396613812736,803.9539854154195,500.0
1178.5,1205.0967183806015,0.0,0,-26.596718380601487,26.596718380601487,0.0,0.0,0.0,0.1803109350544844,0.0,26.596718380601487,False,0.004246265001711436,0,0,197,0,0.0,0.0,1,,,0,True,False,False,1190.24365234375,1445.0967183806015,-254.8530660368515,True,True,0,ML-Robust-MPC,1205.0967183806015,803.350734082515,500.0
1175.5,1198.093458946182,0.0,0,-22.593458946181954,22.593458946181954,0.0,0.0,0.0,0.18053507651228382,0.0,22.593458946181954,False,0.004090972994163167,0,0,198,0,0.0,0.0,1,,,0,True,False,False,1185.9658203125,1438.093458946182,-252.12763863368195,True,True,0,ML-Robust-MPC,1198.093458946182,805.9778829000287,500.0
1193.5,1199.1263027108478,0.0,0,-5.626302710847767,5.626302710847767,0.0,0.0,0.0,0.1805908930074311,0.0,5.626302710847767,False,0.004305206995923072,0,0,199,0,0.0,0.0,1,,,0,True,False,False,1186.59375,1439.1263027108478,-252.53255271084777,True,True,0,ML-Robust-MPC,1199.1263027108478,803.825486573638,499.96110929896446
1144.5,1198.5614287859778,0.0,0,-54.061428785977796,54.061428785977796,0.0,0.0,0.0,0.1811272167057047,0.0,54.061428785977796,False,0.003910362000169698,0,0,200,0,0.0,0.0,1,,,0,True,False,False,1200.0679931640625,1438.5614287859778,-238.4934356219153,True,True,0,ML-Robust-MPC,1198.5614287859778,803.0581249109484,497.591018946915
1135.0,1200.233436520269,0.0,0,-65.23343652026892,65.23343652026892,0.0,0.0,0.0,0.18177437381404069,0.0,65.23343652026892,False,0.004150952001509722,0,0,201,0,0.0,0.0,1,,,0,True,False,False,1196.9422607421875,1440.233436520269,-243.29117577808142,True,True,0,ML-Robust-MPC,1200.233436520269,803.5772270285013,498.29273094220406
1122.0,1197.8187917516998,0.0,0,-75.81879175169979,75.81879175169979,0.0,0.0,0.0,0.18252654436713295,0.0,75.81879175169979,False,0.003906458005076274,0,0,202,0,0.0,0.0,1,,,0,True,False,False,1198.48046875,1437.8187917516998,-239.3383230016998,True,True,0,ML-Robust-MPC,1197.8187917516998,802.0482424124829,498.3105786023894
1158.5,1198.5679608194762,0.0,0,-40.067960819476184,40.067960819476184,0.0,0.0,0.0,0.18292404397843728,0.0,40.067960819476184,False,0.004027531002066098,0,0,203,0,0.0,0.0,1,,,0,True,False,False,1194.15576171875,1438.5679608194762,-244.41219910072618,True,True,0,ML-Robust-MPC,1198.5679608194762,803.2146703659946,498.07191298467217
1153.0,866.7051590041044,0.0,0,286.2948409958955,0.0,286.2948409958955,0.0,0.0,0.17977697849679572,100.0,0.0,False,0.0038785090000601485,0,0,204,0,0.0,0.0,1,,,0,True,False,False,1203.974853515625,1436.526091204361,-232.5512376887359,True,True,0,ML-Robust-MPC,1196.526091204361,805.4750502787272,498.5604223675562
1190.0,1198.1254843002075,0.0,0,-8.125484300207518,8.125484300207518,0.0,0.0,0.0,0.17985758846009142,0.0,8.125484300207518,False,0.004270810000889469,0,0,205,0,0.0,0.0,1,,,0,True,False,False,1195.659423828125,1438.1254843002075,-242.46606047208252,True,True,0,ML-Robust-MPC,1198.1254843002075,805.8532467397071,499.2357085066152
1193.0,1194.885625442851,0.0,0,-1.885625442851051,1.885625442851051,0.0,0.0,0.0,0.17987629506170702,0.0,1.885625442851051,False,0.003918233000149485,0,0,206,0,0.0,0.0,1,,,0,True,False,False,1193.98095703125,1434.885625442851,-240.90466841160105,True,True,0,ML-Robust-MPC,1194.885625442851,806.6540211583127,499.7416398245056
1174.5,1196.5249907160694,0.0,0,-22.024990716069397,22.024990716069397,0.0,0.0,0.0,0.1800947969537315,0.0,22.024990716069397,False,0.0042410899986862205,0,0,207,0,0.0,0.0,1,,,0,True,False,False,1193.0,1436.5249907160694,-243.5249907160694,True,True,0,ML-Robust-MPC,1196.5249907160694,807.6170685778199,500.0
1156.5,1197.5449802500907,0.0,0,-41.0449802500907,41.0449802500907,0.0,0.0,0.0,0.18050198921811733,0.0,41.0449802500907,False,0.00428919900150504,0,0,208,0,0.0,0.0,1,,,0,True,False,False,1174.5,1437.5449802500907,-263.0449802500907,True,True,0,ML-Robust-MPC,1197.5449802500907,808.344255465574,499.8531023724977
1136.5,1195.2803806331185,0.0,0,-58.78038063311851,58.78038063311851,0.0,0.0,0.0,0.18108512791487447,0.0,58.78038063311851,False,0.004129889995965641,0,0,209,0,0.0,0.0,1,,,0,True,False,False,1161.2109375,1435.2803806331185,-274.0694431331185,True,True,0,ML-Robust-MPC,1195.2803806331185,806.1561610861204,499.7362909031153
1088.0,1188.0,0.0,0,-100.0,100.0,0.0,0.0,0.0,0.18207719140693795,0.0,100.0,False,0.004150382002990227,0,0,210,0,0.0,0.0,1,,,0,True,False,False,1170.5235595703125,1433.898908649248,-263.3753490789354,True,True,0,ML-Robust-MPC,1193.898908649248,807.2063696950023,499.7972674881037
1076.5,1176.5,0.0,0,-100.0,100.0,0.0,0.0,0.0,0.18306925489900144,0.0,100.0,False,0.0038751800020691007,0,0,211,0,0.0,0.0,1,,,0,True,False,False,1168.051025390625,1436.3678524177783,-268.3168270271533,True,True,0,ML-Robust-MPC,1196.3678524177783,807.2296196333849,499.6750224966638
1112.5,759.6547686706954,0.0,0,352.84523132930457,0.0,352.84523132930457,0.0,0.0,0.17919064135495158,100.0,0.0,False,0.00397065300057875,0,0,212,0,0.0,0.0,1,,,0,True,False,False,1168.4208984375,1434.8752459777418,-266.45434754024177,True,True,0,ML-Robust-MPC,1194.8752459777418,805.879051048414,499.0726560361548
1128.5,1196.5069298914289,0.0,0,-68.00692989142885,68.00692989142885,0.0,0.0,0.0,0.17986531327847766,0.0,68.00692989142885,False,0.00457988100242801,0,0,213,0,0.0,0.0,1,,,0,True,False,False,1181.15966796875,1436.5069298914289,-255.34726192267885,True,True,0,ML-Robust-MPC,1196.5069298914289,807.4684795769467,499.7278918003541
1126.5,1195.6888520779514,0.0,0,-69.18885207795142,69.18885207795142,0.0,0.0,0.0,0.18055171062052083,0.0,69.18885207795142,False,0.004085138003574684,0,0,214,0,0.0,0.0,1,,,0,True,False,False,1174.8121337890625,1435.6888520779514,-260.8767182888889,True,True,0,ML-Robust-MPC,1195.6888520779514,806.1760320703788,500.0
1164.0,1192.7306386324508,0.0,0,-28.73063863245079,28.73063863245079,0.0,0.0,0.0,0.18083673679743006,0.0,28.73063863245079,False,0.004085244996531401,0,0,215,0,0.0,0.0,1,,,0,True,False,False,1159.4366455078125,1432.7306386324508,-273.2939931246383,True,True,0,ML-Robust-MPC,1192.7306386324508,805.0943895301167,500.0
1169.0,1196.1931987099526,0.0,0,-27.19319870995264,27.19319870995264,0.0,0.0,0.0,0.18110651059415578,0.0,27.19319870995264,False,0.003845977997116279,0,0,216,0,0.0,0.0,1,,,0,True,False,False,1167.477294921875,1436.1931987099526,-268.71590378807764,True,True,0,ML-Robust-MPC,1196.1931987099526,807.5618875319332,500.0
1155.5,1196.377530834554,0.0,0,-40.87753083455391,40.87753083455391,0.0,0.0,0.0,0.18151204165402238,0.0,40.87753083455391,False,0.0042993460010620765,0,0,217,0,0.0,0.0,1,,,0,True,False,False,1169.0,1436.377530834554,-267.3775308345539,True,True,0,ML-Robust-MPC,1196.377530834554,807.9220999625666,500.0
1115.5,1197.9100835129802,0.0,0,-82.41008351298024,82.41008351298024,0.0,0.0,0.0,0.1823296020063337,0.0,82.41008351298024,False,0.004141081997659057,0,0,218,0,0.0,0.0,1,,,0,True,False,False,1172.462890625,1437.9100835129802,-265.44719288798024,True,True,0,ML-Robust-MPC,1197.9100835129802,810.2819128630013,500.0
1084.5,1184.5,0.0,0,-100.0,100.0,0.0,0.0,0.0,0.18332166549839718,0.0,100.0,False,0.004078560996276792,0,0,219,0,0.0,0.0,1,,,0,True,False,False,1168.483154296875,1439.1407234933547,-270.6575691964797,True,True,0,ML-Robust-MPC,1199.1407234933547,812.0872882751556,499.4357203636054
1088.5,743.0769385682624,0.0,0,345.42306143173755,0.0,345.42306143173755,0.0,0.0,0.17952463936473256,100.0,0.0,False,0.004200576993753202,0,0,220,0,0.0,0.0,1,,,0,True,False,False,1171.0299072265625,1435.9372069395497,-264.9072997129872,True,True,0,ML-Robust-MPC,1195.9372069395497,812.0683259358462,500.0
1119.5,1196.136950798424,0.0,0,-76.6369507984241,76.6369507984241,0.0,0.0,0.0,0.1802849265750344,0.0,76.6369507984241,False,0.004014340003777761,0,0,221,0,0.0,0.0,1,,,0,True,False,False,1169.27783203125,1436.136950798424,-266.8591187671741,True,True,0,ML-Robust-MPC,1196.136950798424,813.0850458139417,500.0
1142.5,1195.6038499789404,0.0,0,-53.10384997894039,53.10384997894039,0.0,0.0,0.0,0.18081175048355563,0.0,53.10384997894039,False,0.004229887003020849,0,0,222,0,0.0,0.0,1,,,0,True,False,False,1183.71337890625,1435.6038499789404,-251.8904710726904,True,True,0,ML-Robust-MPC,1195.6038499789404,811.865672656175,499.8172714234446
1149.0,1196.2683027496475,0.0,0,-47.268302749647546,47.268302749647546,0.0,0.0,0.0,0.18128068205845294,0.0,47.268302749647546,False,0.004336228994361591,0,0,223,0,0.0,0.0,1,,,0,True,False,False,1183.5572509765625,1436.2683027496475,-252.71105177308505,True,True,0,ML-Robust-MPC,1196.2683027496475,812.1740189994232,500.0
1163.0,1198.1103563001138,0.0,0,-35.110356300113835,35.110356300113835,0.0,0.0,0.0,0.18162899908523977,0.0,35.110356300113835,False,0.004011597004137002,0,0,224,0,0.0,0.0,1,,,0,True,False,False,1176.3267822265625,1438.1103563001138,-261.78357407355134,True,True,0,ML-Robust-MPC,1198.1103563001138,811.5953164439112,500.0
1151.5,1199.3549724311388,0.0,0,-47.854972431138776,47.854972431138776,0.0,0.0,0.0,0.18210375079586616,0.0,47.854972431138776,False,0.004143862999626435,0,0,225,0,0.0,0.0,1,,,0,True,False,False,1180.00244140625,1439.3549724311388,-259.3525310248888,True,True,0,ML-Robust-MPC,1199.3549724311388,809.7655384311901,500.0
1141.0,1199.886933331608,0.0,0,-58.886933331607906,58.886933331607906,0.0,0.0,0.0,0.18268794656304482,0.0,58.886933331607906,False,0.00420270899485331,0,0,226,0,0.0,0.0,1,,,0,True,False,False,1175.095703125,1439.886933331608,-264.7912302066079,True,True,0,ML-Robust-MPC,1199.886933331608,809.2649504942593,500.0
1112.5,1201.81775891773,0.0,0,-89.31775891773009,89.31775891773009,0.0,0.0,0.0,0.1835740354411969,0.0,89.31775891773009,False,0.004189700004644692,0,0,227,0,0.0,0.0,1,,,0,True,False,False,1176.36572265625,1441.81775891773,-265.4520362614801,True,True,0,ML-Robust-MPC,1201.81775891773,808.70996698706,500.0
1101.0,757.9770538593602,0.0,0,343.02294614063976,0.0,343.02294614063976,0.0,0.0,0.17980339231869064,100.0,0.0,False,0.00442057700274745,0,0,228,0,0.0,0.0,1,,,0,True,False,False,1176.00244140625,1439.054913914077,-263.0524725078269,True,True,0,ML-Robust-MPC,1199.054913914077,807.3596932303622,500.0
1119.0,1200.426143435299,0.0,0,-81.42614343529908,81.42614343529908,0.0,0.0,0.0,0.1806111913607075,0.0,81.42614343529908,False,0.0042288159966119565,0,0,229,0,0.0,0.0,1,,,0,True,False,False,1184.442626953125,1440.426143435299,-255.98351648217408,True,True,0,ML-Robust-MPC,1200.426143435299,807.4312797810549,500.0
1088.5,1188.5,0.0,0,-100.0,100.0,0.0,0.0,0.0,0.18160325485277098,0.0,100.0,False,0.004323417000705376,0,0,230,0,0.0,0.0,1,,,0,True,False,False,1195.5709228515625,1435.036438249329,-239.46551539776647,True,True,0,ML-Robust-MPC,1195.036438249329,808.404520727498,500.0
1140.5,1195.1284952721055,0.0,0,-54.62849527210551,54.62849527210551,0.0,0.0,0.0,0.18214520421062919,0.0,54.62849527210551,False,0.004063893000420649,0,0,231,0,0.0,0.0,1,,,0,True,False,False,1180.796875,1435.1284952721055,-254.3316202721055,True,True,0,ML-Robust-MPC,1195.1284952721055,808.004537214779,500.0
1141.5,1194.9067822093089,0.0,0,-53.40678220930886,53.40678220930886,0.0,0.0,0.0,0.1826750333992136,0.0,53.40678220930886,False,0.004306949995225295,0,0,232,0,0.0,0.0,1,,,0,True,False,False,1185.01904296875,1434.9067822093089,-249.88773924055886,True,True,0,ML-Robust-MPC,1194.9067822093089,806.1785104505328,500.0
1166.5,1193.567347896516,0.0,0,-27.067347896515912,27.067347896515912,0.0,0.0,0.0,0.18294355867596473,0.0,27.067347896515912,False,0.004156951006734744,0,0,233,0,0.0,0.0,1,,,0,True,False,False,1171.7884521484375,1433.567347896516,-261.7788957480784,True,True,0,ML-Robust-MPC,1193.567347896516,806.0891616818836,500.0
1181.0,1194.1887884395976,0.0,0,-13.188788439597602,13.188788439597602,0.0,0.0,0.0,0.18307439983111948,0.0,13.188788439597602,False,0.004352632000518497,0,0,234,0,0.0,0.0,1,,,0,True,False,False,1166.5,1434.1887884395976,-267.6887884395976,True,True,0,ML-Robust-MPC,1194.1887884395976,807.6005316984172,500.0
1145.5,814.9344335937496,0.0,0,330.56556640625035,0.0,330.56556640625035,0.0,0.0,0.1794406931256909,100.0,0.0,False,0.004077997997228522,0,0,235,0,0.0,0.0,1,,,0,True,False,False,1181.0,1429.582805651621,-248.5828056516209,True,True,0,ML-Robust-MPC,1189.582805651621,808.5601038933946,500.0
1173.5,1194.0786688984426,0.0,0,-20.57866889844263,20.57866889844263,0.0,0.0,0.0,0.17964484658698496,0.0,20.57866889844263,False,0.004212858002574649,0,0,236,0,0.0,0.0,1,,,0,True,False,False,1151.279541015625,1434.0786688984426,-282.79912788281763,True,True,0,ML-Robust-MPC,1194.0786688984426,808.2180977829111,500.0
1126.5,1198.1627498845282,0.0,0,-71.66274988452824,71.66274988452824,0.0,0.0,0.0,0.18035578656599813,0.0,71.66274988452824,False,0.004163231002166867,0,0,237,0,0.0,0.0,1,,,0,True,False,False,1173.5,1438.1627498845282,-264.66274988452824,True,True,0,ML-Robust-MPC,1198.1627498845282,809.9036123815858,500.0
1115.5,1196.9319895194192,0.0,0,-81.43198951941918,81.43198951941918,0.0,0.0,0.0,0.18116364360488124,0.0,81.43198951941918,False,0.004177482005616184,0,0,238,0,0.0,0.0,1,,,0,True,False,False,1167.7447509765625,1436.9319895194192,-269.1872385428567,True,True,0,ML-Robust-MPC,1196.9319895194192,806.1144737090233,500.0
1103.0,1200.0507757926282,0.0,0,-97.0507757926282,97.0507757926282,0.0,0.0,0.0,0.1821264489202843,0.0,97.0507757926282,False,0.004054628996527754,0,0,239,0,0.0,0.0,1,,,0,True,False,False,1171.66845703125,1440.0507757926282,-268.3823187613782,True,True,0,ML-Robust-MPC,1200.0507757926282,806.9690636187623,500.0
1138.0,1199.5133226149076,0.0,0,-61.513322614907565,61.513322614907565,0.0,0.0,0.0,0.182736700136702,0.0,61.513322614907565,False,0.004275430001143832,0,0,240,0,0.0,0.0,1,,,0,True,False,False,1159.0078125,1439.5133226149076,-280.50551011490757,True,True,0,ML-Robust-MPC,1199.5133226149076,807.9531942274581,500.0
1164.0,1201.4953751840585,0.0,0,-37.4953751840585,37.4953751840585,0.0,0.0,0.0,0.1831086780651153,0.0,37.4953751840585,False,0.004405364998092409,0,0,241,0,0.0,0.0,1,,,0,True,False,False,1166.584228515625,1441.4953751840585,-274.9111466684335,True,True,0,ML-Robust-MPC,1201.4953751840585,810.5603166131673,500.0
1144.5,751.9581055371888,240.0,2,152.54189446281123,0.0,152.54189446281123,0.0,0.0,0.18143187757196563,0.0,0.0,False,0.006361065003147814,2,0,242,0,0.0,0.0,1,,,2,True,True,False,1170.095703125,991.9581055371888,178.13759758781123,True,True,0,ML-Robust-MPC,751.9581055371888,510.2771429717122,500.0
1154.5,752.2240752228171,300.0,2,102.27592477718292,0.0,102.27592477718292,0.0,0.0,0.18030762038538972,0.0,0.0,False,0.004176426999038085,0,0,243,0,0.0,0.0,1,,,2,True,True,False,1151.738037109375,992.2240752228171,159.51396188655792,True,True,0,ML-Robust-MPC,752.2240752228171,509.3555585416955,500.0
1122.0,752.590323550731,360.0,2,9.409676449269,0.0,9.409676449269,0.0,0.0,0.18020418552137366,0.0,0.0,False,0.004481584001041483,0,0,244,0,0.0,0.0,1,,,2,True,True,False,1154.5,992.590323550731,161.909676449269,True,True,0,ML-Robust-MPC,752.590323550731,507.1922913463961,500.0
1097.0,752.3880328163549,358.0849896445825,2,-13.4730224609375,13.4730224609375,0.0,0.0,0.0,0.18033784645848613,0.0,13.4730224609375,False,0.005764518995420076,0,0,245,0,0.0,0.0,1,,,2,True,True,False,1151.248046875,992.3880328163549,158.8600140586451,True,True,0,ML-Robust-MPC,752.3880328163549,510.2844377399322,500.0
1074.5,750.6070725504961,340.5362379963789,2,-16.643310546875,16.643310546875,0.0,0.0,0.0,0.18050295866629243,0.0,16.643310546875,False,0.004508159996476024,0,0,246,0,0.0,0.0,1,,,2,True,True,False,1159.48095703125,990.6070725504961,168.87388448075387,True,True,0,ML-Robust-MPC,750.6070725504961,512.1798758435406,500.0
1062.0,747.7353368581099,335.6488184153276,2,-21.3841552734375,21.3841552734375,0.0,0.0,0.0,0.18071510306384636,0.0,21.3841552734375,False,0.00428895100048976,0,0,247,0,0.0,0.0,1,,,2,True,True,False,1162.0426025390625,987.7353368581099,174.30726568095258,True,True,0,ML-Robust-MPC,747.7353368581099,512.7606538335643,500.0
1069.5,743.2526589387404,355.3734396940721,2,-29.1260986328125,29.1260986328125,0.0,0.0,0.0,0.1810040524550449,0.0,29.1260986328125,False,0.0046941499967942946,0,0,248,0,0.0,0.0,1,,,2,True,True,False,1196.2471923828125,983.2526589387404,212.9945334440721,True,True,0,ML-Robust-MPC,743.2526589387404,514.1894479208015,500.0
1115.5,741.1323903514649,380.2677561329101,2,-5.900146484375,5.900146484375,0.0,0.0,0.0,0.18106258565429464,0.0,5.900146484375,False,0.004583889000059571,0,0,249,0,0.0,0.0,1,,,2,True,True,False,1213.86669921875,981.1323903514649,232.7343088672851,True,True,0,ML-Robust-MPC,741.1323903514649,514.7662689668908,499.9438510798557
1136.5,741.1221863653772,420.13587027524784,2,-24.758056640625,24.758056640625,0.0,0.0,0.0,0.18130820129557068,0.0,24.758056640625,False,0.0052829929991276,0,0,250,0,0.0,0.0,1,,,2,True,True,False,1209.3748779296875,981.1221863653772,228.25269156431034,True,True,0,ML-Robust-MPC,741.1221863653772,514.0481544096842,498.77431577468826
1142.0,742.4154084558276,431.00121752073494,2,-31.4166259765625,31.4166259765625,0.0,0.0,0.0,0.18161987417232228,0.0,31.4166259765625,False,0.00446711499535013,0,0,251,0,0.0,0.0,1,,,2,True,True,False,1219.0655517578125,982.4154084558276,236.65014330198494,True,True,0,ML-Robust-MPC,742.4154084558276,511.4113731691537,497.8426434852183
1153.5,743.1925970480564,417.3186334206936,2,-7.01123046875,7.01123046875,0.0,0.0,0.0,0.18168943003014718,0.0,7.01123046875,False,0.005067739999503829,0,0,252,0,0.0,0.0,1,,,2,True,True,False,1205.1624755859375,983.1925970480564,221.96987853788107,True,True,0,ML-Robust-MPC,743.1925970480564,510.9029078571125,497.0620239712615
1132.5,742.4864789586513,412.0144976038488,2,-22.0009765625,22.0009765625,0.0,0.0,0.0,0.18190769368652118,0.0,22.0009765625,False,0.008823338001093362,0,0,253,0,0.0,0.0,1,,,2,True,True,False,1206.9351806640625,982.4864789586513,224.44870170541117,True,True,0,ML-Robust-MPC,742.4864789586513,510.3208716968426,498.1928762897107
1133.5,742.6015305272796,390.8984694727204,2,0.0,0.0,0.0,0.0,0.0,0.18190769368652118,0.0,0.0,False,0.0045988220008439384,0,0,254,0,0.0,0.0,1,,,2,True,True,False,1207.0120849609375,982.6015305272796,224.41055443365792,True,True,0,ML-Robust-MPC,742.6015305272796,509.672913135082,496.52286654265737
1100.5,744.9630358502857,385.7905041887768,2,-30.2535400390625,30.2535400390625,0.0,0.0,0.0,0.18220782801230553,0.0,30.2535400390625,False,0.006411868998839054,0,0,255,0,0.0,0.0,1,,,2,True,True,False,1209.58740234375,984.9630358502857,224.62436649346432,True,True,0,ML-Robust-MPC,744.9630358502857,509.7327180129497,497.44878667638255
1143.0,743.1915733007917,399.80842669920844,2,0.0,0.0,0.0,0.0,0.0,0.18220782801230553,0.0,0.0,False,0.007665347999136429,0,0,256,0,0.0,0.0,1,,,2,True,True,False,1208.601318359375,983.1915733007917,225.40974505858333,True,True,0,ML-Robust-MPC,743.1915733007917,510.8433956196244,498.1514275039448
1121.5,745.2896837613974,418.6326795198527,2,-42.42236328125,42.42236328125,0.0,0.0,0.0,0.18262868479088937,0.0,42.42236328125,False,0.006567251999513246,0,0,257,0,0.0,0.0,1,,,2,True,True,False,1215.838623046875,985.2896837613974,230.54893928547756,True,True,0,ML-Robust-MPC,745.2896837613974,512.7491175051117,499.02376893884167
1163.5,747.0617523006767,430.19483949619826,2,-13.756591796875,13.756591796875,0.0,0.0,0.0,0.18276515891585837,0.0,13.756591796875,False,0.004405717001645826,0,0,258,0,0.0,0.0,1,,,2,True,True,False,1208.5784912109375,987.0617523006767,221.51673891026076,True,True,0,ML-Robust-MPC,747.0617523006767,512.7319706468347,498.7573911164984
1231.0,747.7623994280995,480.0,2,3.2376005719005434,0.0,3.2376005719005434,0.0,0.0,0.18272956993714073,0.0,0.0,False,0.005329052000888623,0,0,259,0,0.0,0.0,1,,,2,True,True,False,1208.111083984375,987.7623994280995,220.34868455627554,True,True,0,ML-Robust-MPC,747.7623994280995,516.1072119856424,499.4285788098645
1223.0,749.6183748620108,480.0,2,-6.618374862010796,6.618374862010796,0.0,0.0,0.0,0.18279522841791465,0.0,6.618374862010796,False,0.00495484300336102,0,0,260,0,0.0,0.0,1,,,2,True,True,False,1232.597900390625,989.6183748620108,242.9795255286142,True,True,0,ML-Robust-MPC,749.6183748620108,514.7441417658652,499.8450376367275
1211.5,745.6637181133369,475.3224879413506,2,-9.4862060546875,9.4862060546875,0.0,0.0,0.0,0.18288933760496512,0.0,9.4862060546875,False,0.004392266993818339,0,0,261,0,0.0,0.0,1,,,2,True,True,False,1223.0,985.6637181133369,237.33628188666307,True,True,0,ML-Robust-MPC,745.6637181133369,512.3826088248621,498.8372937521653
1193.5,747.9458954690892,451.39883109341076,2,-5.8447265625,5.8447265625,0.0,0.0,0.0,0.1829473210034026,0.0,5.8447265625,False,0.005654843000229448,0,0,262,0,0.0,0.0,1,,,2,True,True,False,1211.5,987.9458954690892,223.55410453091076,True,True,0,ML-Robust-MPC,747.9458954690892,509.7880138916605,498.5987951004342
1166.0,746.8807377824047,428.5030512800952,2,-9.3837890625,9.3837890625,0.0,0.0,0.0,0.1830404141488639,0.0,9.3837890625,False,0.007086283003445715,0,0,263,0,0.0,0.0,1,,,2,True,True,False,1193.5,986.8807377824047,206.6192622175953,True,True,0,ML-Robust-MPC,746.8807377824047,509.8209839114844,496.92463064195886
1131.0,749.5117096874214,403.08069753914106,2,-21.5924072265625,21.5924072265625,0.0,0.0,0.0,0.1832546245380163,0.0,21.5924072265625,False,0.006827186000009533,0,0,264,0,0.0,0.0,1,,,2,True,True,False,1173.8209228515625,989.5117096874214,184.30921316414106,True,True,0,ML-Robust-MPC,749.5117096874214,509.2003520194564,496.2144865011228
1127.0,753.8004008263897,380.1070698767353,2,-6.907470703125,6.907470703125,0.0,0.0,0.0,0.183323151033087,0.0,6.907470703125,False,0.004817335997358896,0,0,265,0,0.0,0.0,1,,,2,True,True,False,1173.3023681640625,993.8004008263897,179.5019673376728,True,True,0,ML-Robust-MPC,753.8004008263897,510.0256508210754,496.497523381868
1126.5,754.6601016824644,391.0952694112856,2,-19.25537109375,19.25537109375,0.0,0.0,0.0,0.18351417653996943,0.0,19.25537109375,False,0.004508316997089423,0,0,266,0,0.0,0.0,1,,,2,True,True,False,1185.3809814453125,994.6601016824644,190.72087976284809,True,True,0,ML-Robust-MPC,754.6601016824644,509.9526786712523,496.40464631711785
1132.5,757.3295350175579,403.9171690840046,2,-28.7467041015625,28.7467041015625,0.0,0.0,0.0,0.18379936209653255,0.0,28.7467041015625,False,0.004862028996285517,0,0,267,0,0.0,0.0,1,,,2,True,True,False,1181.214111328125,997.3295350175579,183.88457631056713,True,True,0,ML-Robust-MPC,757.3295350175579,510.1689029884199,496.2283346129474
1167.0,756.6566783702203,417.15057260634217,2,-6.8072509765625,6.8072509765625,0.0,0.0,0.0,0.18386689434828415,0.0,6.8072509765625,False,0.00665729400498094,0,0,268,0,0.0,0.0,1,,,2,True,True,False,1170.54296875,996.6566783702203,173.88629037977967,True,True,0,ML-Robust-MPC,756.6566783702203,509.5371502713299,495.4203565935023
1194.0,754.6217837126752,439.3782162873248,2,0.0,0.0,0.0,0.0,0.0,0.18386689434828415,0.0,0.0,False,0.007419760004268028,0,0,269,0,0.0,0.0,1,,,2,True,True,False,1176.54248046875,994.6217837126752,181.9206967560748,True,True,0,ML-Robust-MPC,754.6217837126752,507.2946946014189,497.3668427170094
1182.0,752.8953134783418,438.9578359357207,2,-9.8531494140625,9.8531494140625,0.0,0.0,0.0,0.18396464384643954,0.0,9.8531494140625,False,0.006281533002038486,0,0,270,0,0.0,0.0,1,,,2,True,True,False,1194.0,992.8953134783418,201.1046865216582,True,True,0,ML-Robust-MPC,752.8953134783418,505.4837180535538,496.8932269429332
1138.5,754.3373105748551,417.0815126673325,2,-32.9188232421875,32.9188232421875,0.0,0.0,0.0,0.1842912194738422,0.0,32.9188232421875,False,0.006818093002948444,0,0,271,0,0.0,0.0,1,,,2,True,True,False,1182.0,994.3373105748551,187.6626894251449,True,True,0,ML-Robust-MPC,754.3373105748551,504.5697856970467,497.8106059168355
1134.5,752.6102925936,381.8897074063999,2,0.0,0.0,0.0,0.0,0.0,0.1842912194738422,0.0,0.0,False,0.008158256998285651,0,0,272,0,0.0,0.0,1,,,2,True,True,False,1156.5167236328125,992.6102925936,163.90643103921252,True,True,0,ML-Robust-MPC,752.6102925936,505.7808750716412,497.7845371125476
1112.5,753.4134506854608,369.6495375957892,2,-10.56298828125,10.56298828125,0.0,0.0,0.0,0.18439601102425143,0.0,10.56298828125,False,0.006349189003231004,0,0,273,0,0.0,0.0,1,,,2,True,True,False,1164.412353515625,993.4134506854608,170.99890283016418,True,True,0,ML-Robust-MPC,753.4134506854608,504.4077715042138,497.8560215782933
1088.0,754.448726938974,360.534183217276,2,-26.98291015625,26.98291015625,0.0,0.0,0.0,0.1846636986250079,0.0,26.98291015625,False,0.008322816996951587,0,0,274,0,0.0,0.0,1,,,2,True,True,False,1166.232421875,994.448726938974,171.783694936026,True,True,0,ML-Robust-MPC,754.448726938974,504.5323293710103,499.09465696967897
1093.5,754.8150863822767,363.6207046333483,2,-24.935791015625,24.935791015625,0.0,0.0,0.0,0.18491107750413116,0.0,24.935791015625,False,0.006149931003164966,0,0,275,0,0.0,0.0,1,,,2,True,True,False,1165.6697998046875,994.8150863822767,170.85471342241078,True,True,0,ML-Robust-MPC,754.8150863822767,505.366778850156,499.814887096547
1129.5,754.5990009046512,385.09387018909877,2,-10.19287109375,10.19287109375,0.0,0.0,0.0,0.18501219725704535,0.0,10.19287109375,False,0.004631611998775043,0,0,276,0,0.0,0.0,1,,,2,True,True,False,1162.52392578125,994.5990009046512,167.92492487659877,True,True,0,ML-Robust-MPC,754.5990009046512,506.94007362196186,500.0
1150.0,752.0948799467751,416.3985282563499,2,-18.493408203125,18.493408203125,0.0,0.0,0.0,0.18519566360826684,0.0,18.493408203125,False,0.006420411002181936,0,0,277,0,0.0,0.0,1,,,2,True,True,False,1165.9664306640625,992.0948799467751,173.8715507172874,True,True,0,ML-Robust-MPC,752.0948799467751,507.6175865551515,500.0
1168.5,753.4862490003545,419.763140648083,2,-4.7493896484375,4.7493896484375,0.0,0.0,0.0,0.18524278056906482,0.0,4.7493896484375,False,0.009883096005069092,0,0,278,0,0.0,0.0,1,,,2,True,True,False,1165.612060546875,993.4862490003545,172.12581154652048,True,True,0,ML-Robust-MPC,753.4862490003545,509.1035421322195,500.0
1154.5,754.1653577692499,417.9780748479376,2,-17.6434326171875,17.6434326171875,0.0,0.0,0.0,0.18541781462280676,0.0,17.6434326171875,False,0.008437903001322411,0,0,279,0,0.0,0.0,1,,,2,True,True,False,1168.5,994.1653577692499,174.3346422307501,True,True,0,ML-Robust-MPC,754.1653577692499,509.643756032874,500.0
1154.5,756.8763773114379,397.62362268856214,2,0.0,0.0,0.0,0.0,0.0,0.18541781462280676,0.0,0.0,False,0.009459567998419516,0,0,280,0,0.0,0.0,1,,,2,True,True,False,1159.704345703125,996.8763773114379,162.82796839168714,True,True,0,ML-Robust-MPC,756.8763773114379,507.7012992510115,500.0
1083.5,758.7447496332998,378.14099255420024,2,-53.3857421875,53.3857421875,0.0,0.0,0.0,0.18594743508101608,0.0,53.3857421875,False,0.007995636005944107,0,0,281,0,0.0,0.0,1,,,2,True,True,False,1163.2052001953125,998.7447496332998,164.46045056201274,True,True,0,ML-Robust-MPC,758.7447496332998,507.83396108022765,500.0
1089.5,759.8372324949125,329.66276750508746,2,0.0,0.0,0.0,0.0,0.0,0.18594743508101608,0.0,0.0,False,0.008660981999128126,0,0,282,0,0.0,0.0,1,,,2,True,True,False,1157.0087890625,999.8372324949125,157.17155656758746,True,True,0,ML-Robust-MPC,759.8372324949125,506.7184846711404,500.0
1062.5,758.8236169818883,336.82848262748666,2,-33.152099609375,33.152099609375,0.0,0.0,0.0,0.1862763249580932,0.0,33.152099609375,False,0.004689943998528179,0,0,283,0,0.0,0.0,1,,,2,True,True,False,1163.79443359375,998.8236169818883,164.97081661186166,True,True,0,ML-Robust-MPC,758.8236169818883,508.1595801756739,500.0
1072.5,759.8839266102083,341.8232267101042,2,-29.2071533203125,29.2071533203125,0.0,0.0,0.0,0.18656607846325504,0.0,29.2071533203125,False,0.006593242993403692,0,0,284,0,0.0,0.0,1,,,2,True,True,False,1180.1845703125,999.8839266102083,180.30064370229172,True,True,0,ML-Robust-MPC,759.8839266102083,509.1545557459351,500.0
1138.5,760.1205593299314,378.37944067006856,2,0.0,0.0,0.0,0.0,0.0,0.18656607846325504,0.0,0.0,False,0.007288408000022173,0,0,285,0,0.0,0.0,1,,,2,True,True,False,1192.0682373046875,1000.1205593299314,191.94767797475606,True,True,0,ML-Robust-MPC,760.1205593299314,509.7036810549617,500.0
1174.0,756.6783790712766,420.2918357724734,2,-2.97021484375,2.97021484375,0.0,0.0,0.0,0.18659554488035573,0.0,2.97021484375,False,0.005458173000079114,0,0,286,0,0.0,0.0,1,,,2,True,True,False,1194.2882080078125,996.6783790712766,197.6098289365359,True,True,0,ML-Robust-MPC,756.6783790712766,513.2250778626161,500.0
1151.0,755.7370991936626,441.58174846258737,2,-46.31884765625,46.31884765625,0.0,0.0,0.0,0.1870550572578979,0.0,46.31884765625,False,0.005268949003948364,0,0,287,0,0.0,0.0,1,,,2,True,True,False,1200.8487548828125,995.7370991936626,205.11165568914987,True,True,0,ML-Robust-MPC,755.7370991936626,511.5618720061581,500.0
1158.5,759.7514874867737,408.2137224741638,2,-9.4652099609375,9.4652099609375,0.0,0.0,0.0,0.1871489581503675,0.0,9.4652099609375,False,0.0050998509977944195,0,0,288,0,0.0,0.0,1,,,2,True,True,False,1193.4915771484375,999.7514874867737,193.74008966166377,True,True,0,ML-Robust-MPC,759.7514874867737,511.1186124723712,500.0
1136.5,756.509370122928,402.20815917394714,2,-22.217529296875,22.217529296875,0.0,0.0,0.0,0.1873693701473603,0.0,22.217529296875,False,0.008756704999541398,0,0,289,0,0.0,0.0,1,,,2,True,True,False,1189.93701171875,996.509370122928,193.42764159582202,True,True,0,ML-Robust-MPC,756.509370122928,508.1166583985673,500.0
1141.0,756.9040517135935,384.0959482864065,2,0.0,0.0,0.0,0.0,0.0,0.1873693701473603,0.0,0.0,False,0.0047195859951898456,0,0,290,0,0.0,0.0,1,,,2,True,True,False,1190.6358642578125,996.9040517135935,193.731812544219,True,True,0,ML-Robust-MPC,756.9040517135935,507.6235001332942,500.0
1138.0,756.1236331710502,381.8763668289498,2,0.0,0.0,0.0,0.0,0.0,0.1873693701473603,0.0,0.0,False,0.005821632999868598,0,0,291,0,0.0,0.0,1,,,2,True,True,False,1189.248779296875,996.1236331710502,193.1251461258248,True,True,0,ML-Robust-MPC,756.1236331710502,507.6548946417881,500.0
1099.0,757.0172669006708,384.65790399776665,2,-42.6751708984375,42.6751708984375,0.0,0.0,0.0,0.1877927349380194,0.0,42.6751708984375,False,0.00930049499584129,0,0,292,0,0.0,0.0,1,,,2,True,True,False,1195.5048828125,997.0172669006708,198.48761591182915,True,True,0,ML-Robust-MPC,757.0172669006708,509.8454367180941,500.0
1105.5,757.2406506210472,382.78132203520283,2,-34.52197265625,34.52197265625,0.0,0.0,0.0,0.1881352148254822,0.0,34.52197265625,False,0.009974453998438548,0,0,293,0,0.0,0.0,1,,,2,True,True,False,1192.50390625,997.2406506210472,195.26325562895283,True,True,0,ML-Robust-MPC,757.2406506210472,508.6665889418993,500.0
1176.5,755.5342957429655,420.96570425703453,2,0.0,0.0,0.0,0.0,0.0,0.1881352148254822,0.0,0.0,False,0.004726913997728843,0,0,294,0,0.0,0.0,1,,,2,True,True,False,1188.9888916015625,995.5342957429655,193.45459585859703,True,True,0,ML-Robust-MPC,755.5342957429655,508.5458068043581,500.0
1184.5,760.8517660978937,444.2744546052313,2,-20.626220703125,20.626220703125,0.0,0.0,0.0,0.18833984003087034,0.0,20.626220703125,False,0.004729943000711501,0,0,295,0,0.0,0.0,1,,,2,True,True,False,1205.0552978515625,1000.8517660978937,204.2035317536688,True,True,0,ML-Robust-MPC,760.8517660978937,507.5653932857429,500.0
1218.0,761.778182189644,456.221817810356,2,0.0,0.0,0.0,0.0,0.0,0.18833984003087034,0.0,0.0,False,0.008207139006117359,0,0,296,0,0.0,0.0,1,,,2,True,True,False,1194.45263671875,1001.778182189644,192.67445452910601,True,True,0,ML-Robust-MPC,761.778182189644,509.7133995211736,500.0
1183.5,761.7825617535996,451.94424488702543,2,-30.226806640625,30.226806640625,0.0,0.0,0.0,0.18863970914436862,0.0,30.226806640625,False,0.006392408999090549,0,0,297,0,0.0,0.0,1,,,2,True,True,False,1218.0,1001.7825617535996,216.21743824640043,True,True,0,ML-Robust-MPC,761.7825617535996,509.8604925538118,500.0
1154.5,758.397644080918,414.21905513783213,2,-18.11669921875,18.11669921875,0.0,0.0,0.0,0.1888194383032848,0.0,18.11669921875,False,0.009364309997181408,0,0,298,0,0.0,0.0,1,,,2,True,True,False,1183.5,998.397644080918,185.10235591908202,True,True,0,ML-Robust-MPC,758.397644080918,510.74703502652807,500.0
1120.5,758.5576333796977,381.16575529217744,2,-19.223388671875,19.223388671875,0.0,0.0,0.0,0.18901014652423592,0.0,19.223388671875,False,0.008684660999279004,0,0,299,0,0.0,0.0,1,,,2,True,True,False,1154.5,998.5576333796977,155.94236662030232,True,True,0,ML-Robust-MPC,758.5576333796977,511.5590576131266,500.0
1103.5,757.0453454019074,354.0316809652801,2,-7.5770263671875,7.5770263671875,0.0,0.0,0.0,0.1890853154366088,0.0,7.5770263671875,False,0.00882408599863993,0,0,300,0,0.0,0.0,1,,,2,True,True,False,1145.030029296875,997.0453454019074,147.9846838949676,True,True,0,ML-Robust-MPC,757.0453454019074,509.64316510985526,500.0
1113.5,756.3410644314206,357.1589355685794,2,0.0,0.0,0.0,0.0,0.0,0.1890853154366088,0.0,0.0,False,0.006302661000518128,0,0,301,0,0.0,0.0,1,,,2,True,True,False,1151.2840576171875,996.3410644314206,154.9429931857669,True,True,0,ML-Robust-MPC,756.3410644314206,509.029584093672,500.0
1116.5,755.0722491404275,376.280411992385,2,-14.8526611328125,14.8526611328125,0.0,0.0,0.0,0.18923266326530735,0.0,14.8526611328125,False,0.006266534001042601,0,0,302,0,0.0,0.0,1,,,2,True,True,False,1184.9327392578125,995.0722491404275,189.86049011738498,True,True,0,ML-Robust-MPC,755.0722491404275,511.5454860873375,500.0
1109.0,756.0854405290409,397.87476454908415,2,-44.960205078125,44.960205078125,0.0,0.0,0.0,0.1896786970458443,0.0,44.960205078125,False,0.005057697002484929,0,0,303,0,0.0,0.0,1,,,2,True,True,False,1203.007568359375,996.0854405290409,206.92212783033415,True,True,0,ML-Robust-MPC,756.0854405290409,512.82989520795,500.0
1144.0,757.7788342910317,397.84543328709333,2,-11.624267578125,11.624267578125,0.0,0.0,0.0,0.18979401716070665,0.0,11.624267578125,False,0.007810301998688374,0,0,304,0,0.0,0.0,1,,,2,True,True,False,1193.2303466796875,997.7788342910317,195.45151238865583,True,True,0,ML-Robust-MPC,757.7788342910317,513.9653137350841,500.0
1150.0,759.6273479486939,410.9340534184935,2,-20.5614013671875,20.5614013671875,0.0,0.0,0.0,0.18999799931712716,0.0,20.5614013671875,False,0.007743294001556933,0,0,305,0,0.0,0.0,1,,,2,True,True,False,1192.092041015625,999.6273479486939,192.4646930669311,True,True,0,ML-Robust-MPC,759.6273479486939,511.450576681053,500.0
1149.0,760.2360571922628,397.4670678077373,2,-8.703125,8.703125,0.0,0.0,0.0,0.1900843398429208,0.0,8.703125,False,0.006772432003344875,0,0,306,0,0.0,0.0,1,,,2,True,True,False,1186.2032470703125,1000.2360571922628,185.96718987804968,True,True,0,ML-Robust-MPC,760.2360571922628,512.7737954182386,500.0
1089.5,758.4884126526495,385.73827191766304,2,-54.7266845703125,54.7266845703125,0.0,0.0,0.0,0.1906272633009596,0.0,54.7266845703125,False,0.005416786996647716,0,0,307,0,0.0,0.0,1,,,2,True,True,False,1188.90234375,998.4884126526495,190.41393109735054,True,True,0,ML-Robust-MPC,758.4884126526495,512.9901845302787,500.0
1115.5,759.5044163749455,355.99558362505445,2,0.0,0.0,0.0,0.0,0.0,0.1906272633009596,0.0,0.0,False,0.010646349997841753,0,0,308,0,0.0,0.0,1,,,2,True,True,False,1181.02197265625,999.5044163749455,181.51755628130445,True,True,0,ML-Robust-MPC,759.5044163749455,512.0480132324593,500.0
1094.5,760.4629100428454,349.23948253527965,2,-15.202392578125,15.202392578125,0.0,0.0,0.0,0.19077808068764734,0.0,15.202392578125,False,0.004430114000570029,0,0,309,0,0.0,0.0,1,,,2,True,True,False,1196.055419921875,1000.4629100428454,195.59250987902965,True,True,0,ML-Robust-MPC,760.4629100428454,511.57632659317926,500.0
1096.5,759.8415853004475,349.527677394865,2,-12.8692626953125,12.8692626953125,0.0,0.0,0.0,0.1909057519445453,0.0,12.8692626953125,False,0.006364200999087188,0,0,310,0,0.0,0.0,1,,,2,True,True,False,1194.50390625,999.8415853004475,194.6623209495525,True,True,0,ML-Robust-MPC,759.8415853004475,511.4283113882011,500.0
1114.0,760.6667988678751,373.68366499931244,2,-20.3504638671875,20.3504638671875,0.0,0.0,0.0,0.19110764146703724,0.0,20.3504638671875,False,0.006267745004151948,0,0,311,0,0.0,0.0,1,,,2,True,True,False,1200.306640625,1000.6667988678751,199.63984175712494,True,True,0,ML-Robust-MPC,760.6667988678751,511.5114586561681,500.0
1185.5,761.716327543147,423.78367245685297,2,0.0,0.0,0.0,0.0,0.0,0.19110764146703724,0.0,0.0,False,0.004735131995403208,0,0,312,0,0.0,0.0,1,,,2,True,True,False,1196.3756103515625,1001.716327543147,194.65928280841547,True,True,0,ML-Robust-MPC,761.716327543147,509.1462044799657,500.0
1183.5,760.4203285393532,457.05586774970925,2,-33.9761962890625,33.9761962890625,0.0,0.0,0.0,0.19144470690641285,0.0,33.9761962890625,False,0.004664207001042087,0,0,313,0,0.0,0.0,1,,,2,True,True,False,1224.9114990234375,1000.4203285393532,224.49117048408425,True,True,0,ML-Robust-MPC,760.4203285393532,509.1575834969706,499.8686664986292
1179.5,758.7764569070301,454.34170715546986,2,-33.6181640625,33.6181640625,0.0,0.0,0.0,0.19177822043877893,0.0,33.6181640625,False,0.006150271998194512,0,0,314,0,0.0,0.0,1,,,2,True,True,False,1207.7357177734375,998.7764569070301,208.95926086640736,True,True,0,ML-Robust-MPC,758.7764569070301,512.2597985452126,500.0
1198.5,757.2177861819849,441.28221381801507,2,0.0,0.0,0.0,0.0,0.0,0.19177822043877893,0.0,0.0,False,0.006699947000015527,0,0,315,0,0.0,0.0,1,,,2,True,True,False,1190.4281005859375,997.2177861819849,193.21031440395257,True,True,0,ML-Robust-MPC,757.2177861819849,513.7486677225684,500.0
1177.5,757.5722410923709,431.34230968887914,2,-11.41455078125,11.41455078125,0.0,0.0,0.0,0.19189146002986276,0.0,11.41455078125,False,0.005534934003662784,0,0,316,0,0.0,0.0,1,,,2,True,True,False,1198.5,997.5722410923709,200.92775890762914,True,True,0,ML-Robust-MPC,757.5722410923709,511.8995511225534,500.0
1146.5,749.9393263053157,415.3739061165593,2,-18.813232421875,18.813232421875,0.0,0.0,0.0,0.19207809924039723,0.0,18.813232421875,False,0.006404694002412725,0,0,317,0,0.0,0.0,1,,,2,True,True,False,1185.870849609375,989.9393263053157,195.93152330405928,True,True,0,ML-Robust-MPC,749.9393263053157,510.87913677980913,500.0
1157.5,752.0419744146785,405.4580255853215,2,0.0,0.0,0.0,0.0,0.0,0.19207809924039723,0.0,0.0,False,0.005078907997813076,0,0,318,0,0.0,0.0,1,,,2,True,True,False,1191.143798828125,992.0419744146785,199.10182441344648,True,True,0,ML-Robust-MPC,752.0419744146785,508.1216552101903,500.0
1166.0,753.4687931576726,412.5312068423274,2,0.0,0.0,0.0,0.0,0.0,0.19207809924039723,0.0,0.0,False,0.004783876000146847,0,0,319,0,0.0,0.0,1,,,2,True,True,False,1204.2740478515625,993.4687931576726,210.80525469388988,True,True,0,ML-Robust-MPC,753.4687931576726,508.3437973495125,500.0
1127.5,752.9899409643014,429.08073774663615,2,-54.5706787109375,54.5706787109375,0.0,0.0,0.0,0.1926194750212597,0.0,54.5706787109375,False,0.004462785000214353,0,0,320,0,0.0,0.0,1,,,2,True,True,False,1214.23193359375,992.9899409643014,221.24199262944865,True,True,0,ML-Robust-MPC,752.9899409643014,508.3708812917227,500.0
1197.0,746.7700781133726,450.2299218866274,2,0.0,0.0,0.0,0.0,0.0,0.1926194750212597,0.0,0.0,False,0.004621526000846643,0,0,321,0,0.0,0.0,1,,,2,True,True,False,1190.710205078125,986.7700781133726,203.94012696475238,True,True,0,ML-Robust-MPC,746.7700781133726,507.2615915993895,500.0
1202.0,746.7636746121937,469.34020722374385,2,-14.1038818359375,14.1038818359375,0.0,0.0,0.0,0.19275939448391782,0.0,14.1038818359375,False,0.007185062000644393,0,0,322,0,0.0,0.0,1,,,2,True,True,False,1213.0966796875,986.7636746121937,226.33300507530635,True,True,0,ML-Robust-MPC,746.7636746121937,510.8967379795458,500.0
1185.0,749.2983634485032,462.6097176061843,2,-26.9080810546875,26.9080810546875,0.0,0.0,0.0,0.19302633973247624,0.0,26.9080810546875,False,0.00554505200125277,0,0,323,0,0.0,0.0,1,,,2,True,True,False,1204.17919921875,989.2983634485032,214.8808357702468,True,True,0,ML-Robust-MPC,749.2983634485032,511.8048659576861,500.0
1182.5,751.6195776257248,436.4302270617753,2,-5.5498046875,5.5498046875,0.0,0.0,0.0,0.19308139731866175,0.0,5.5498046875,False,0.006108470995968673,0,0,324,0,0.0,0.0,1,,,2,True,True,False,1185.0,991.6195776257248,193.3804223742752,True,True,0,ML-Robust-MPC,751.6195776257248,512.332768557508,500.0
1141.0,751.2295485689851,422.21014869663975,2,-32.439697265625,32.439697265625,0.0,0.0,0.0,0.19340321971216995,0.0,32.439697265625,False,0.008236699002736714,0,0,325,0,0.0,0.0,1,,,2,True,True,False,1182.5,991.2295485689851,191.27045143101486,True,True,0,ML-Robust-MPC,751.2295485689851,511.5326690064471,500.0
1153.5,753.4596981839913,400.04030181600854,2,0.0,0.0,0.0,0.0,0.0,0.19340321971216995,0.0,0.0,False,0.008815762004815042,0,0,326,0,0.0,0.0,1,,,2,True,True,False,1172.3006591796875,993.4596981839913,178.84096099569615,True,True,0,ML-Robust-MPC,753.4596981839913,510.89786650997416,500.0
1105.0,754.6178115513017,388.47715915182334,2,-38.094970703125,38.094970703125,0.0,0.0,0.0,0.19378114600882793,0.0,38.094970703125,False,0.006390126996848267,0,0,327,0,0.0,0.0,1,,,2,True,True,False,1177.0313720703125,994.6178115513017,182.41356051901084,True,True,0,ML-Robust-MPC,754.6178115513017,512.2030253143123,500.0
1090.5,751.3138425150865,371.25952174272595,2,-32.0733642578125,32.0733642578125,0.0,0.0,0.0,0.19409933414630623,0.0,32.0733642578125,False,0.006375507000484504,0,0,328,0,0.0,0.0,1,,,2,True,True,False,1177.5201416015625,991.3138425150865,186.20629908647595,True,True,0,ML-Robust-MPC,751.3138425150865,512.4623898840919,500.0
1108.5,750.7513425716098,378.8157961002652,2,-21.067138671875,21.067138671875,0.0,0.0,0.0,0.19430833353789229,0.0,21.067138671875,False,0.004526703000010457,0,0,329,0,0.0,0.0,1,,,2,True,True,False,1170.420166015625,990.7513425716098,179.66882344401517,True,True,0,ML-Robust-MPC,750.7513425716098,508.4387879974536,500.0
1139.5,753.86381826331,404.54877939294,2,-18.91259765625,18.91259765625,0.0,0.0,0.0,0.1944959585146408,0.0,18.91259765625,False,0.004690143003244884,0,0,330,0,0.0,0.0,1,,,2,True,True,False,1172.1590576171875,993.86381826331,178.2952393538775,True,True,0,ML-Robust-MPC,753.86381826331,508.37968389232105,500.0
1181.0,751.4458050765464,429.55419492345357,2,0.0,0.0,0.0,0.0,0.0,0.1944959585146408,0.0,0.0,False,0.0047380769974552095,0,0,331,0,0.0,0.0,1,,,2,True,True,False,1170.85595703125,991.4458050765464,179.41015195470357,True,True,0,ML-Robust-MPC,751.4458050765464,510.7394397211247,500.0
1177.5,746.1973153918312,443.19453031129376,2,-11.891845703125,11.891845703125,0.0,0.0,0.0,0.19461393317439402,0.0,11.891845703125,False,0.0051072040005237795,0,0,332,0,0.0,0.0,1,,,2,True,True,False,1181.1944580078125,986.1973153918312,194.99714261598126,True,True,0,ML-Robust-MPC,746.1973153918312,509.49472307675234,500.0
1159.0,741.4564666288782,436.40449528518445,2,-18.8609619140625,18.8609619140625,0.0,0.0,0.0,0.19480104589179542,0.0,18.8609619140625,False,0.006421735000913031,0,0,333,0,0.0,0.0,1,,,2,True,True,False,1177.5,981.4564666288782,196.04353337112184,True,True,0,ML-Robust-MPC,741.4564666288782,511.0498798053045,500.0
1130.0,740.5469984561182,406.8734117001318,2,-17.42041015625,17.42041015625,0.0,0.0,0.0,0.1949738674211233,0.0,17.42041015625,False,0.00773994699557079,0,0,334,0,0.0,0.0,1,,,2,True,True,False,1159.0,980.5469984561182,178.45300154388178,True,True,0,ML-Robust-MPC,740.5469984561182,509.31397115098633,500.0
1138.5,740.3376563640682,398.16234363593185,2,0.0,0.0,0.0,0.0,0.0,0.1949738674211233,0.0,0.0,False,0.00839251800061902,0,0,335,0,0.0,0.0,1,,,2,True,True,False,1148.969482421875,980.3376563640682,168.63182605780685,True,True,0,ML-Robust-MPC,740.3376563640682,507.881206505664,500.0
1044.0,741.7298303216199,381.92690795963006,2,-79.65673828125,79.65673828125,0.0,0.0,0.0,0.19576411284058015,0.0,79.65673828125,False,0.009457025000301655,0,0,336,0,0.0,0.0,1,,,2,True,True,False,1151.3629150390625,981.7298303216199,169.63308471744256,True,True,0,ML-Robust-MPC,741.7298303216199,509.8118649443481,500.0
1088.5,741.4336492648379,347.06635073516213,2,0.0,0.0,0.0,0.0,0.0,0.19576411284058015,0.0,0.0,False,0.007138215005397797,0,0,337,0,0.0,0.0,1,,,2,True,True,False,1133.283447265625,981.4336492648379,151.84979800078713,True,True,0,ML-Robust-MPC,741.4336492648379,508.2453898288511,500.0
1066.0,742.0055338085691,375.7928060351809,2,-51.79833984375,51.79833984375,0.0,0.0,0.0,0.19627798525966497,0.0,51.79833984375,False,0.006461778997618239,0,0,338,0,0.0,0.0,1,,,2,True,True,False,1190.78076171875,982.0055338085691,208.7752279101809,True,True,0,ML-Robust-MPC,742.0055338085691,509.7468426882783,500.0
1108.5,743.073310569822,376.39666013330304,2,-10.969970703125,10.969970703125,0.0,0.0,0.0,0.19638681433410074,0.0,10.969970703125,False,0.00627896300284192,0,0,339,0,0.0,0.0,1,,,2,True,True,False,1196.3900146484375,983.073310569822,213.31670407861554,True,True,0,ML-Robust-MPC,743.073310569822,508.3254540659381,500.0
1115.5,745.923268674842,402.7426248798455,2,-33.1658935546875,33.1658935546875,0.0,0.0,0.0,0.19671584105587345,0.0,33.1658935546875,False,0.006646638998063281,0,0,340,0,0.0,0.0,1,,,2,True,True,False,1202.810791015625,985.923268674842,216.887522340783,True,True,0,ML-Robust-MPC,745.923268674842,508.3753869109114,500.0
1105.5,745.7924974848503,405.3934156010872,2,-45.6859130859375,45.6859130859375,0.0,0.0,0.0,0.1971690743206149,0.0,45.6859130859375,False,0.005902204000449274,0,0,341,0,0.0,0.0,1,,,2,True,True,False,1199.1490478515625,985.7924974848503,213.3565503667122,True,True,0,ML-Robust-MPC,745.7924974848503,505.7155667045327,500.0
1145.0,748.4894511006834,396.51054889931663,2,0.0,0.0,0.0,0.0,0.0,0.1971690743206149,0.0,0.0,False,0.004586653005389962,0,0,342,0,0.0,0.0,1,,,2,True,True,False,1194.6007080078125,988.4894511006834,206.11125690712913,True,True,0,ML-Robust-MPC,748.4894511006834,506.5765430051097,500.0
1101.0,745.8552388321775,394.0016947615725,2,-38.85693359375,38.85693359375,0.0,0.0,0.0,0.19755455977293385,0.0,38.85693359375,False,0.004765947996929754,0,0,343,0,0.0,0.0,1,,,2,True,True,False,1196.7705078125,985.8552388321775,210.91526898032248,True,True,0,ML-Robust-MPC,745.8552388321775,507.1140348535144,500.0
1085.0,742.7656733165084,360.26044973036664,2,-18.026123046875,18.026123046875,0.0,0.0,0.0,0.19773339035871634,0.0,18.026123046875,False,0.00467103099799715,0,0,344,0,0.0,0.0,1,,,2,True,True,False,1200.1826171875,982.7656733165084,217.41694387099164,True,True,0,ML-Robust-MPC,742.7656733165084,504.3503561799928,500.0
1092.0,743.5289058125763,348.47109418742366,2,0.0,0.0,0.0,0.0,0.0,0.19773339035871634,0.0,0.0,False,0.004898572995443828,0,0,345,0,0.0,0.0,1,,,2,True,True,False,1194.2137451171875,983.5289058125763,210.68483930461116,True,True,0,ML-Robust-MPC,743.5289058125763,505.1695990110807,500.0
1109.5,740.4649112252248,373.6642391654002,2,-4.629150390625,4.629150390625,0.0,0.0,0.0,0.19777931446973446,0.0,4.629150390625,False,0.005621108997729607,0,0,346,0,0.0,0.0,1,,,2,True,True,False,1203.084228515625,980.4649112252248,222.6193172904002,True,True,0,ML-Robust-MPC,740.4649112252248,506.6151511016882,500.0
1118.0,739.7204244502515,404.66055699506103,2,-26.3809814453125,26.3809814453125,0.0,0.0,0.0,0.19804103055550146,0.0,26.3809814453125,False,0.006652484000369441,0,0,347,0,0.0,0.0,1,,,2,True,True,False,1207.4764404296875,979.7204244502515,227.75601597943603,True,True,0,ML-Robust-MPC,739.7204244502515,503.7382687749344,500.0
1145.5,740.6252409869045,433.458865458408,2,-28.5841064453125,28.5841064453125,0.0,0.0,0.0,0.19832460304007796,0.0,28.5841064453125,False,0.005035207999753766,0,0,348,0,0.0,0.0,1,,,2,True,True,False,1205.3746337890625,980.6252409869045,224.749392802158,True,True,0,ML-Robust-MPC,740.6252409869045,504.2598108894561,500.0
1172.5,741.8389119938666,457.11799718582085,2,-26.4569091796875,26.4569091796875,0.0,0.0,0.0,0.19858707237717804,0.0,26.4569091796875,False,0.005969029996776953,0,0,349,0,0.0,0.0,1,,,2,True,True,False,1198.789794921875,981.8389119938666,216.95088292800835,True,True,0,ML-Robust-MPC,741.8389119938666,502.373836036194,500.0
1201.5,743.5736542830713,458.4455107559912,2,-0.5191650390625,0.5191650390625,0.0,0.0,0.0,0.19859222282399414,0.0,0.5191650390625,False,0.004558966000331566,0,0,350,0,0.0,0.0,1,,,2,True,True,False,1196.869873046875,983.5736542830713,213.29621876380372,True,True,0,ML-Robust-MPC,743.5736542830713,502.8486986102081,500.0
1187.0,742.5354012273045,463.53393471019547,2,-19.0693359375,19.0693359375,0.0,0.0,0.0,0.19878140274400902,0.0,19.0693359375,False,0.007536981000157539,0,0,351,0,0.0,0.0,1,,,2,True,True,False,1201.5,982.5354012273045,218.96459877269547,True,True,0,ML-Robust-MPC,742.5354012273045,504.88820335282577,500.0
1176.5,741.413534989854,442.17167008827096,2,-7.085205078125,7.085205078125,0.0,0.0,0.0,0.1988516924769269,0.0,7.085205078125,False,0.004605602996889502,0,0,352,0,0.0,0.0,1,,,2,True,True,False,1187.0,981.413534989854,205.58646501014596,True,True,0,ML-Robust-MPC,741.413534989854,502.5719457516249,500.0
1164.0,742.7224556589156,421.8500541067094,2,-0.572509765625,0.572509765625,0.0,0.0,0.0,0.19885737213730018,0.0,0.572509765625,False,0.00946891700004926,0,0,353,0,0.0,0.0,1,,,2,True,True,False,1176.5,982.7224556589156,193.77754434108442,True,True,0,ML-Robust-MPC,742.7224556589156,501.69486985466784,500.0
1141.5,742.5917741929711,415.4096906507789,2,-16.50146484375,16.50146484375,0.0,0.0,0.0,0.19902107714567072,0.0,16.50146484375,False,0.005252666000160389,0,0,354,0,0.0,0.0,1,,,2,True,True,False,1179.1768798828125,982.5917741929711,196.58510568984138,True,True,0,ML-Robust-MPC,742.5917741929711,505.7814885094303,500.0
1140.5,746.1308328177713,399.7204855416037,2,-5.351318359375,5.351318359375,0.0,0.0,0.0,0.19907416562145816,0.0,5.351318359375,False,0.004648763999284711,0,0,355,0,0.0,0.0,1,,,2,True,True,False,1175.256103515625,986.1308328177713,189.1252706978537,True,True,0,ML-Robust-MPC,746.1308328177713,504.3257193031041,500.0
1139.5,748.3926335694409,414.46332346180907,2,-23.35595703125,23.35595703125,0.0,0.0,0.0,0.19930587154438723,0.0,23.35595703125,False,0.004955809999955818,0,0,356,0,0.0,0.0,1,,,2,True,True,False,1178.7421875,988.3926335694409,190.34955393055907,True,True,0,ML-Robust-MPC,748.3926335694409,503.07077344321766,500.0
1153.5,747.1835903051762,425.11401711669885,2,-18.797607421875,18.797607421875,0.0,0.0,0.0,0.19949235574500107,0.0,18.797607421875,False,0.006238923997443635,0,0,357,0,0.0,0.0,1,,,2,True,True,False,1176.77490234375,987.1835903051762,189.59131203857385,True,True,0,ML-Robust-MPC,747.1835903051762,501.9443272841379,500.0
1175.5,746.8032699076533,435.8539566548467,2,-7.1572265625,7.1572265625,0.0,0.0,0.0,0.1995633599767719,0.0,7.1572265625,False,0.005775585996161681,0,0,358,0,0.0,0.0,1,,,2,True,True,False,1174.3067626953125,986.8032699076533,187.50349278765918,True,True,0,ML-Robust-MPC,746.8032699076533,500.81240268862666,500.0
1191.5,744.9501036376839,446.5498963623161,2,0.0,0.0,0.0,0.0,0.0,0.1995633599767719,0.0,0.0,False,0.004692715003329795,0,0,359,0,0.0,0.0,1,,,2,True,True,False,1179.8912353515625,984.9501036376839,194.94113171387858,True,True,0,ML-Robust-MPC,744.9501036376839,501.5125203029365,500.0
