load_kw,grid_kw,generator_kw,generator_units_on,storage_kw,charge_kw,discharge_kw,unserved_kw,spill_kw,soc,grid_headroom_storage_preservation_kw,grid_headroom_storage_charge_kw,v15_generator_first_guard_active,decision_seconds,generator_startup_units,generator_shutdown_units,step,risk_level,risk_reserve_kw,applied_risk_reserve_kw,forecast_scenario_count,cvar_alpha,cvar_weight,minimum_committed_generator_units,low_soc_commitment_guard_evaluated,low_soc_commitment_guard_triggered,low_soc_commitment_reachability_truncated,low_soc_commitment_forecast_peak_kw,low_soc_single_unit_firm_supply_kw,low_soc_commitment_deficit_kw,generator_before_storage,supervisory_protection_active,supervisory_safe_exit_counter,selected_controller,grid_available_capacity_kw,generator_available_capacity_kw,storage_available_power_kw
1179.0,1159.0,120.0,1,-100.0,100.0,0.0,0.0,0.0,0.2391982513751661,0.0,100.0,False,0.004605436995916534,0,0,0,0,0.0,0.0,1,,,0,True,False,False,1172.951904296875,1443.7044049684005,-270.75250067152547,True,True,0,ML-Robust-MPC,1203.7044049684005,802.9287374745886,500.0
1175.0,1155.0,120.0,1,-100.0,100.0,0.0,0.0,0.0,0.24019031486722958,0.0,100.0,False,0.004405670006235596,0,0,1,0,0.0,0.0,1,,,0,True,False,False,1195.255126953125,1445.43424075535,-250.17911380222495,True,True,0,ML-Robust-MPC,1205.43424075535,803.5765140486185,500.0
1172.5,1152.5,120.0,1,-100.0,100.0,0.0,0.0,0.0,0.24118237835929307,0.0,100.0,False,0.00397588199848542,0,0,2,0,0.0,0.0,1,,,0,True,False,False,1182.5206298828125,1444.498987912728,-261.9783580299154,True,True,0,ML-Robust-MPC,1204.498987912728,804.6172154095551,500.0
1144.0,1205.33709371193,0.0,0,-61.33709371193004,61.33709371193004,0.0,0.0,0.0,0.2417908812731019,0.0,61.33709371193004,False,0.003913221997208893,0,1,3,0,0.0,0.0,1,,,0,True,False,False,1172.5,1445.33709371193,-272.83709371193004,True,True,0,ML-Robust-MPC,1205.33709371193,802.0829466734838,500.0
1122.0,773.9011083984371,0.0,0,348.09889160156285,0.0,348.09889160156285,0.0,0.0,0.23796444136190326,100.0,0.0,False,0.003861874996800907,0,0,4,0,0.0,0.0,1,,,0,True,False,False,1169.271240234375,1444.920292240058,-275.64905200568296,True,True,0,ML-Robust-MPC,1204.920292240058,799.90301610676,499.58407993288085
1092.5,755.5480810546871,0.0,0,336.95191894531285,0.0,336.95191894531285,0.0,0.0,0.23426053335784364,100.0,0.0,False,0.003918512004020158,0,0,5,0,0.0,0.0,1,,,0,True,False,False,1160.4583740234375,1442.9604867645864,-282.50211274114895,True,True,0,ML-Robust-MPC,1202.9604867645864,798.0886842693675,500.0
1084.5,740.8392187499994,0.0,0,343.6607812500006,0.0,343.6607812500006,0.0,0.0,0.2304828789009778,100.0,0.0,False,0.003886067002895288,0,0,6,0,0.0,0.0,1,,,0,True,False,False,1163.3741455078125,1441.604205411376,-278.2300599035634,True,True,0,ML-Robust-MPC,1201.604205411376,799.4593027100904,500.0
1138.0,783.1399999999996,0.0,0,354.86000000000035,0.0,354.86000000000035,0.0,0.0,0.22658211822736393,100.0,0.0,False,0.0038355450014933012,0,0,7,0,0.0,0.0,1,,,0,True,False,False,1167.746337890625,1441.8114022563457,-274.0650643657207,True,True,0,ML-Robust-MPC,1201.8114022563457,799.3028790288911,500.0
1100.5,835.3052258394002,0.0,0,265.19477416059976,0.0,265.19477416059976,0.0,0.0,0.2236669929782697,100.0,0.0,False,0.003838224998617079,0,0,8,0,0.0,0.0,1,,,0,True,False,False,1194.16357421875,1442.0879193068622,-247.9243450881122,True,True,0,ML-Robust-MPC,1202.0879193068622,798.4932669220897,499.0849499083368
1138.0,845.5750604016837,0.0,0,292.42493959831637,0.0,292.42493959831637,0.0,0.0,0.2204525430420441,100.0,0.0,False,0.0038961160025792196,0,0,9,0,0.0,0.0,1,,,0,True,False,False,1179.561767578125,1442.258055736658,-262.696288158533,True,True,0,ML-Robust-MPC,1202.258055736658,797.1723177857866,498.96440238546
1138.5,834.0134000549958,0.0,0,304.4865999450042,0.0,304.4865999450042,0.0,0.0,0.21710550659187255,100.0,0.0,False,0.00376646999939112,0,0,10,0,0.0,0.0,1,,,0,True,False,False,1186.7982177734375,1440.4691227264082,-253.67090495297066,True,True,0,ML-Robust-MPC,1200.4691227264082,795.7494488016968,499.0934576316882
1122.0,800.7714620476813,0.0,0,321.22853795231873,0.0,321.22853795231873,0.0,0.0,0.21357443617512545,100.0,0.0,False,0.0039032860004226677,0,0,11,0,0.0,0.0,1,,,0,True,False,False,1177.832275390625,1442.9611893195058,-265.1289139288808,True,True,0,ML-Robust-MPC,1202.9611893195058,796.0831205656458,498.1513783147197
1131.0,776.1399999999996,0.0,0,354.86000000000035,0.0,354.86000000000035,0.0,0.0,0.20967367550151159,100.0,0.0,False,0.003783749998547137,0,0,12,0,0.0,0.0,1,,,0,True,False,False,1168.7537841796875,1441.814938500745,-273.06115432105753,True,True,0,ML-Robust-MPC,1201.814938500745,797.3453584564915,497.7731926370949
1079.5,766.754600318428,0.0,0,312.74539968157205,0.0,312.74539968157205,0.0,0.0,0.20623585507674824,100.0,0.0,False,0.003824549996352289,0,0,13,0,0.0,0.0,1,,,0,True,False,False,1177.7786865234375,1443.0801018300092,-265.3014153065717,True,True,0,ML-Robust-MPC,1203.0801018300092,798.1870566738211,497.6967594365356
1057.0,726.8033111639402,0.0,0,330.1966888360599,0.0,330.1966888360599,0.0,0.0,0.2026062032186374,100.0,0.0,False,0.0038483489988720976,0,0,14,0,0.0,0.0,1,,,0,True,False,False,1170.856689453125,1443.621774593811,-272.7650851406861,True,True,0,ML-Robust-MPC,1203.621774593811,799.1105979149921,499.1242792206968
1038.0,749.3237205297088,0.0,0,288.6762794702912,0.0,288.6762794702912,0.0,0.0,0.1994329600287516,100.0,0.0,False,0.004046984002343379,0,0,15,0,0.0,0.0,1,,,0,True,False,False,1182.1396484375,1440.2569157479095,-258.1172673104095,True,True,0,ML-Robust-MPC,1200.2569157479095,799.3943344097195,499.0444983982818
1065.5,759.1888605731241,0.0,0,306.3111394268759,0.0,306.3111394268759,0.0,0.0,0.1960658675230699,100.0,0.0,False,0.004141882003750652,0,0,16,0,0.0,0.0,1,,,0,True,False,False,1201.2943115234375,1441.1686687237498,-239.87435720031226,True,True,0,ML-Robust-MPC,1201.1686687237498,797.9089076389404,499.918352506516
1117.0,826.6775280708034,0.0,0,290.32247192919664,0.0,290.32247192919664,0.0,0.0,0.1928745287382878,100.0,0.0,False,0.004115101000934374,0,0,17,0,0.0,0.0,1,,,0,True,False,False,1201.270263671875,1444.4452862575667,-243.17502258569175,True,True,0,ML-Robust-MPC,1204.4452862575667,797.6754079706376,500.0
1122.0,913.3655009818792,0.0,0,208.63449901812078,0.0,208.63449901812078,0.0,0.0,0.19058113627667192,100.0,0.0,False,0.004000239998276811,0,0,18,0,0.0,0.0,1,,,0,True,False,False,1209.6849365234375,1445.6085895164565,-235.923652993019,True,True,0,ML-Robust-MPC,1205.6085895164565,796.0994194695016,500.0
1113.5,874.8941894529107,0.0,0,238.60581054708922,0.0,238.60581054708922,0.0,0.0,0.1879582873720959,100.0,0.0,False,0.004135645001952071,0,0,19,0,0.0,0.0,1,,,0,True,False,False,1205.4327392578125,1444.8217236328842,-239.3889843750717,True,True,0,ML-Robust-MPC,1204.8217236328842,795.641059488571,500.0
1121.5,835.9971073152116,0.0,0,285.50289268478843,0.0,285.50289268478843,0.0,0.0,0.1848199272977347,100.0,0.0,False,0.00407921399892075,0,0,20,0,0.0,0.0,1,,,0,True,False,False,1191.831298828125,1444.3783193714917,-252.54702054336667,True,True,0,ML-Robust-MPC,1204.3783193714917,795.197585160937,500.0
1118.0,784.3281822786462,0.0,0,333.6718177213538,0.0,333.6718177213538,0.0,0.0,0.1811520754562741,100.0,0.0,False,0.0042472269997233525,0,0,21,0,0.0,0.0,1,,,0,True,False,False,1185.497314453125,1446.573877610677,-261.0765631575521,True,True,0,ML-Robust-MPC,1206.573877610677,796.5038031247808,500.0
1128.0,1208.3723597503038,0.0,0,-80.37235975030376,80.37235975030376,0.0,0.0,0.0,0.1819494202950668,0.0,80.37235975030376,False,0.0038419100019382313,0,0,22,0,0.0,0.0,1,,,0,True,False,False,1195.082275390625,1448.3723597503038,-253.29008435967876,True,True,0,ML-Robust-MPC,1208.3723597503038,795.7182370149563,500.0
1128.5,1205.937799752505,0.0,0,-77.43779975250504,77.43779975250504,0.0,0.0,0.0,0.18271765243546864,0.0,77.43779975250504,False,0.004222065006615594,0,0,23,0,0.0,0.0,1,,,0,True,False,False,1195.684814453125,1445.937799752505,-250.25298529938004,True,True,0,ML-Robust-MPC,1205.937799752505,795.0430063140349,500.0
1126.0,1205.8419000513877,0.0,0,-79.84190005138771,79.84190005138771,0.0,0.0,0.0,0.18350973477724827,0.0,79.84190005138771,False,0.004113349998078775,0,0,24,0,0.0,0.0,1,,,0,True,False,False,1205.8570556640625,1445.8419000513877,-239.9848443873252,True,True,0,ML-Robust-MPC,1205.8419000513877,793.3916094026727,500.0
1151.5,824.7532771157564,0.0,0,326.74672288424364,0.0,326.74672288424364,0.0,0.0,0.17991800630162672,100.0,0.0,False,0.004211557003145572,0,0,25,0,0.0,0.0,1,,,0,True,False,False,1199.3946533203125,1446.074667719227,-246.6800143989144,True,True,0,ML-Robust-MPC,1206.074667719227,792.9117159753142,500.0
1134.5,1207.844919316572,0.0,0,-73.34491931657203,73.34491931657203,0.0,0.0,0.0,0.18064563446944984,0.0,73.34491931657203,False,0.004363380998256616,0,0,26,0,0.0,0.0,1,,,0,True,False,False,1205.0069580078125,1447.844919316572,-242.83796130875953,True,True,0,ML-Robust-MPC,1207.844919316572,794.0136306114557,499.5509445526756
1172.0,1208.0322423737982,0.0,0,-36.032242373798226,36.032242373798226,0.0,0.0,0.0,0.1810030971914121,0.0,36.032242373798226,False,0.004092603994649835,0,0,27,0,0.0,0.0,1,,,0,True,False,False,1182.216796875,1448.0322423737982,-265.8154454987982,True,True,0,ML-Robust-MPC,1208.0322423737982,793.7455591496436,500.0
1198.0,1207.6591605164065,0.0,0,-9.659160516406473,9.659160516406473,0.0,0.0,0.0,0.1810989221965352,0.0,9.659160516406473,False,0.005190580995986238,0,0,28,0,0.0,0.0,1,,,0,True,False,False,1192.4986572265625,1447.6591605164065,-255.16050328984397,True,True,0,ML-Robust-MPC,1207.6591605164065,791.0376951467517,499.9061802387357
1177.0,1210.153963551329,0.0,0,-33.15396355132907,33.15396355132907,0.0,0.0,0.0,0.18142783056509998,0.0,33.15396355132907,False,0.0037642349998350255,0,0,29,0,0.0,0.0,1,,,0,True,False,False,1198.0,1450.153963551329,-252.15396355132907,True,True,0,ML-Robust-MPC,1210.153963551329,792.3888821245156,500.0
1144.5,1209.2749881311636,0.0,0,-64.77498813116358,64.77498813116358,0.0,0.0,0.0,0.18207043957433772,0.0,64.77498813116358,False,0.003987032003351487,0,0,30,0,0.0,0.0,1,,,0,True,False,False,1177.0,1449.2749881311636,-272.2749881311636,True,True,0,ML-Robust-MPC,1209.2749881311636,793.6952460438342,500.0
1118.5,1210.196159645342,0.0,0,-91.69615964534205,91.69615964534205,0.0,0.0,0.0,0.18298012369780342,0.0,91.69615964534205,False,0.004245454001647886,0,0,31,0,0.0,0.0,1,,,0,True,False,False,1144.5,1450.196159645342,-305.69615964534205,True,True,0,ML-Robust-MPC,1210.196159645342,795.6251478111909,500.0
1105.5,755.6434179687496,0.0,0,349.85658203125035,0.0,349.85658203125035,0.0,0.0,0.17913436256216553,100.0,0.0,False,0.004205522003758233,0,0,32,0,0.0,0.0,1,,,0,True,False,False,1145.09716796875,1447.1410134404798,-302.0438454717298,True,True,0,ML-Robust-MPC,1207.1410134404798,795.6128360636916,500.0
1089.5,1189.5,0.0,0,-100.0,100.0,0.0,0.0,0.0,0.18012642605422902,0.0,100.0,False,0.004162612996879034,0,0,33,0,0.0,0.0,1,,,0,True,False,False,1154.280517578125,1445.1945586217291,-290.91404104360413,True,True,0,ML-Robust-MPC,1205.1945586217291,796.7837420998201,499.369725289566
1102.0,1202.0,0.0,0,-100.0,100.0,0.0,0.0,0.0,0.1811184895462925,0.0,100.0,False,0.004304080001020338,0,0,34,0,0.0,0.0,1,,,0,True,False,False,1185.01318359375,1444.306973575012,-259.2937899812621,True,True,0,ML-Robust-MPC,1204.306973575012,798.640822850228,499.53295168604814
1133.0,1205.8955028479231,0.0,0,-72.89550284792313,72.89550284792313,0.0,0.0,0.0,0.18184165921740286,0.0,72.89550284792313,False,0.004224679003527854,0,0,35,0,0.0,0.0,1,,,0,True,False,False,1205.302978515625,1445.8955028479231,-240.59252433229813,True,True,0,ML-Robust-MPC,1205.8955028479231,798.6794653335022,498.629601974298
1137.0,1203.3337065684432,0.0,0,-66.33370656844318,66.33370656844318,0.0,0.0,0.0,0.1824997317032009,0.0,66.33370656844318,False,0.004367661000287626,0,0,36,0,0.0,0.0,1,,,0,True,False,False,1201.041748046875,1443.3337065684432,-242.29195852156818,True,True,0,ML-Robust-MPC,1203.3337065684432,798.2362716736982,499.2316130290944
1166.5,1201.0167442474583,0.0,0,-34.51674424745829,34.51674424745829,0.0,0.0,0.0,0.18284215972152887,0.0,34.51674424745829,False,0.0039834169947425835,0,0,37,0,0.0,0.0,1,,,0,True,False,False,1212.8328857421875,1441.0167442474583,-228.1838585052708,True,True,0,ML-Robust-MPC,1201.0167442474583,796.6188427737499,499.15194904508303
1105.5,1199.4776688154618,0.0,0,-93.97766881546181,93.97766881546181,0.0,0.0,0.0,0.1837744778645394,0.0,93.97766881546181,False,0.0041534240008331835,0,0,38,0,0.0,0.0,1,,,0,True,False,False,1211.1776123046875,1439.4776688154618,-228.3000565107743,True,True,0,ML-Robust-MPC,1199.4776688154618,799.0456965765177,498.4307846711332
1127.0,782.2882015516905,0.0,0,344.7117984483095,0.0,344.7117984483095,0.0,0.0,0.17998527021330266,100.0,0.0,False,0.004352799005573615,0,0,39,0,0.0,0.0,1,,,0,True,False,False,1212.826416015625,1441.5670125054037,-228.74059648977868,True,True,0,ML-Robust-MPC,1201.5670125054037,796.8727687214254,499.1710679964412
1074.0,1174.0,0.0,0,-100.0,100.0,0.0,0.0,0.0,0.18097733370536614,0.0,100.0,False,0.004043926004669629,0,0,40,0,0.0,0.0,1,,,0,True,False,False,1206.08447265625,1438.094280245073,-232.00980758882292,True,True,0,ML-Robust-MPC,1198.094280245073,797.9386194608035,499.2192099485512
1064.5,1164.5,0.0,0,-100.0,100.0,0.0,0.0,0.0,0.18196939719742963,0.0,100.0,False,0.004137074000027496,0,0,41,0,0.0,0.0,1,,,0,True,False,False,1195.0654296875,1441.2523152275066,-246.18688554000664,True,True,0,ML-Robust-MPC,1201.2523152275066,800.3620208534244,500.0
1101.0,1200.6860724831042,0.0,0,-99.68607248310423,99.68607248310423,0.0,0.0,0.0,0.18295834632920646,0.0,99.68607248310423,False,0.004328659997554496,0,0,42,0,0.0,0.0,1,,,0,True,False,False,1200.664794921875,1440.6860724831042,-240.02127756122923,True,True,0,ML-Robust-MPC,1200.6860724831042,802.3376757895066,500.0
1126.5,1194.2510610576949,0.0,0,-67.75106105769487,67.75106105769487,0.0,0.0,0.0,0.18363047987144548,0.0,67.75106105769487,False,0.003964676994655747,0,0,43,0,0.0,0.0,1,,,0,True,False,False,1201.921630859375,1434.2510610576949,-232.32943019831987,True,True,0,ML-Robust-MPC,1194.2510610576949,804.153835936363,500.0
1157.0,909.7813961219181,0.0,0,247.21860387808186,0.0,247.21860387808186,0.0,0.0,0.18091295575547484,100.0,0.0,False,0.004383124003652483,0,0,44,0,0.0,0.0,1,,,0,True,False,False,1211.766357421875,1431.906828197491,-220.140470775616,True,True,0,ML-Robust-MPC,1191.906828197491,803.9414482925225,500.0
1180.5,1192.514422176811,0.0,0,-12.014422176810967,12.014422176810967,0.0,0.0,0.0,0.18103214645167337,0.0,12.014422176810967,False,0.0059627669979818165,0,0,45,0,0.0,0.0,1,,,0,True,False,False,1214.8699951171875,1432.514422176811,-217.64442705962347,True,True,0,ML-Robust-MPC,1192.514422176811,805.5979044675486,500.0
1187.5,1193.2267596302363,0.0,0,-5.726759630236302,5.726759630236302,0.0,0.0,0.0,0.18108895954324317,0.0,5.726759630236302,False,0.0041872840010910295,0,0,46,0,0.0,0.0,1,,,0,True,False,False,1203.8111572265625,1433.2267596302363,-229.4156024036738,True,True,0,ML-Robust-MPC,1193.2267596302363,804.7162531742622,500.0
1198.0,1192.0198941288206,0.0,0,5.980105871179376,0.0,5.980105871179376,0.0,0.0,0.18102322386774763,0.0,0.0,False,0.004302656001527794,0,0,47,0,0.0,0.0,1,,,0,True,False,False,1198.6181640625,1432.0198941288206,-233.40173006632062,True,True,0,ML-Robust-MPC,1192.0198941288206,803.9948590583701,500.0
1176.5,1191.0855334544171,0.0,0,-14.585533454417146,14.585533454417146,0.0,0.0,0.0,0.18116792162027162,0.0,14.585533454417146,False,0.00457032400299795,0,0,48,0,0.0,0.0,1,,,0,True,False,False,1198.0,1431.0855334544171,-233.08553345441715,True,True,0,ML-Robust-MPC,1191.0855334544171,806.6638767470135,500.0
1132.0,1189.8389247949656,0.0,0,-57.83892479496558,57.83892479496558,0.0,0.0,0.0,0.18174172047736453,0.0,57.83892479496558,False,0.004120411002077162,0,0,49,0,0.0,0.0,1,,,0,True,False,False,1196.3206787109375,1429.8389247949656,-233.51824608402808,True,True,0,ML-Robust-MPC,1189.8389247949656,805.3848147179694,500.0
1117.0,1185.9704210601385,0.0,0,-68.9704210601385,68.9704210601385,0.0,0.0,0.0,0.18242595084502464,0.0,68.9704210601385,False,0.003920088995073456,0,0,50,0,0.0,0.0,1,,,0,True,False,False,1191.7149658203125,1425.9704210601385,-234.255455239826,True,True,0,ML-Robust-MPC,1185.9704210601385,806.0823791832061,500.0
1126.0,1185.661423379075,0.0,0,-59.661423379074904,59.661423379074904,0.0,0.0,0.0,0.18301783004521388,0.0,59.661423379074904,False,0.004219064001517836,0,0,51,0,0.0,0.0,1,,,0,True,False,False,1190.295654296875,1425.661423379075,-235.3657690821999,True,True,0,ML-Robust-MPC,1185.661423379075,807.7011174435788,500.0
1104.0,818.5879385080839,0.0,0,285.4120614919162,0.0,285.4120614919162,0.0,0.0,0.17988046842304534,100.0,0.0,False,0.004240704998665024,0,0,52,0,0.0,0.0,1,,,0,True,False,False,1187.299072265625,1427.1321406144928,-239.83306834886776,True,True,0,ML-Robust-MPC,1187.1321406144928,805.0159909057361,500.0
1140.5,1187.1200510292006,0.0,0,-46.62005102920057,46.62005102920057,0.0,0.0,0.0,0.18034296892928742,0.0,46.62005102920057,False,0.004347721005615313,0,0,53,0,0.0,0.0,1,,,0,True,False,False,1179.074951171875,1427.1200510292006,-248.04509985732557,True,True,0,ML-Robust-MPC,1187.1200510292006,805.9365613353438,500.0
1173.5,1184.269722284876,0.0,0,-10.769722284876025,10.769722284876025,0.0,0.0,0.0,0.1804498114122723,0.0,10.769722284876025,False,0.0041027460028999485,0,0,54,0,0.0,0.0,1,,,0,True,False,False,1177.424072265625,1424.269722284876,-246.84565001925102,True,True,0,ML-Robust-MPC,1184.269722284876,809.6240431180747,500.0
1179.0,1183.5286501962285,0.0,0,-4.528650196228455,4.528650196228455,0.0,0.0,0.0,0.18049473849755232,0.0,4.528650196228455,False,0.004098935998626985,0,0,55,0,0.0,0.0,1,,,0,True,False,False,1182.57763671875,1423.5286501962285,-240.95101347747845,True,True,0,ML-Robust-MPC,1183.5286501962285,807.9301839623284,500.0
1165.0,1184.098241869695,0.0,0,-19.098241869694903,19.098241869694903,0.0,0.0,0.0,0.18068420518276754,0.0,19.098241869694903,False,0.004260931003955193,0,0,56,0,0.0,0.0,1,,,0,True,False,False,1179.0,1424.098241869695,-245.0982418696949,True,True,0,ML-Robust-MPC,1184.098241869695,808.3365372381073,500.0
1154.5,1185.320453581106,0.0,0,-30.820453581105994,30.820453581105994,0.0,0.0,0.0,0.18098996365083406,0.0,30.820453581105994,False,0.004039078994537704,0,0,57,0,0.0,0.0,1,,,0,True,False,False,1166.130126953125,1425.320453581106,-259.190326627981,True,True,0,ML-Robust-MPC,1185.320453581106,806.8433110798851,500.0
1108.5,1185.434790928526,0.0,0,-76.9347909285259,76.9347909285259,0.0,0.0,0.0,0.18175320562433134,0.0,76.9347909285259,False,0.0038724119949620217,0,0,58,0,0.0,0.0,1,,,0,True,False,False,1173.324462890625,1425.434790928526,-252.1103280379009,True,True,0,ML-Robust-MPC,1185.434790928526,808.0769527341658,500.0
1104.0,1186.045702135594,0.0,0,-82.04570213559396,82.04570213559396,0.0,0.0,0.0,0.18256715108202573,0.0,82.04570213559396,False,0.004161864999332465,0,0,59,0,0.0,0.0,1,,,0,True,False,False,1166.7578125,1426.045702135594,-259.28788963559396,True,True,0,ML-Robust-MPC,1186.045702135594,808.3486419623515,500.0
1100.0,1188.2314484891713,0.0,0,-88.23144848917127,88.23144848917127,0.0,0.0,0.0,0.1834424630710056,0.0,88.23144848917127,False,0.0041249010027968325,0,0,60,0,0.0,0.0,1,,,0,True,False,False,1171.700439453125,1428.2314484891713,-256.53100903604627,True,True,0,ML-Robust-MPC,1188.2314484891713,808.7890497833544,500.0
1113.0,766.0499121093746,0.0,0,346.95008789062535,0.0,346.95008789062535,0.0,0.0,0.17962865126198055,100.0,0.0,False,0.004069723996508401,0,0,61,0,0.0,0.0,1,,,0,True,False,False,1166.17431640625,1432.8203358115811,-266.6460194053311,True,True,0,ML-Robust-MPC,1192.8203358115811,807.1689163598173,500.0
1144.0,1189.5997416449536,0.0,0,-45.59974164495361,45.59974164495361,0.0,0.0,0.0,0.1800810296513154,0.0,45.59974164495361,False,0.004242246999638155,0,0,62,0,0.0,0.0,1,,,0,True,False,False,1174.142333984375,1429.5997416449536,-255.4574076605786,True,True,0,ML-Robust-MPC,1189.5997416449536,806.3724265520102,500.0
1150.5,1185.534116338831,0.0,0,-35.03411633883093,35.03411633883093,0.0,0.0,0.0,0.18042859032928,0.0,35.03411633883093,False,0.004107968001335394,0,0,63,0,0.0,0.0,1,,,0,True,False,False,1177.8721923828125,1425.534116338831,-247.66192395601843,True,True,0,ML-Robust-MPC,1185.534116338831,808.880364327981,500.0
1166.0,1184.17335374984,0.0,0,-18.17335374984009,18.17335374984009,0.0,0.0,0.0,0.1806088815371157,0.0,18.17335374984009,False,0.004275767998478841,0,0,64,0,0.0,0.0,1,,,0,True,False,False,1167.105712890625,1424.17335374984,-257.0676408592151,True,True,0,ML-Robust-MPC,1184.17335374984,807.0181672105238,499.5774480373897
1137.0,1186.3561425849448,0.0,0,-49.35614258494479,49.35614258494479,0.0,0.0,0.0,0.18109852580879174,0.0,49.35614258494479,False,0.004214154003420845,0,0,65,0,0.0,0.0,1,,,0,True,False,False,1166.0,1426.3561425849448,-260.3561425849448,True,True,0,ML-Robust-MPC,1186.3561425849448,806.5793974858192,500.0
1135.5,1186.8388938224743,0.0,0,-51.33889382247435,51.33889382247435,0.0,0.0,0.0,0.18160784023163373,0.0,51.33889382247435,False,0.004177041002549231,0,0,66,0,0.0,0.0,1,,,0,True,False,False,1137.0,1426.8388938224743,-289.83889382247435,True,True,0,ML-Robust-MPC,1186.8388938224743,807.2551066752011,500.0
1111.0,1187.866586623551,0.0,0,-76.86658662355103,76.86658662355103,0.0,0.0,0.0,0.18237040557512135,0.0,76.86658662355103,False,0.004436372000782285,0,0,67,0,0.0,0.0,1,,,0,True,False,False,1135.5,1427.866586623551,-292.36658662355103,True,True,0,ML-Robust-MPC,1187.866586623551,808.1874153010207,500.0
1094.0,1185.7239739949775,0.0,0,-91.72397399497754,91.72397399497754,0.0,0.0,0.0,0.18328036563459535,0.0,91.72397399497754,False,0.004125265004404355,0,0,68,0,0.0,0.0,1,,,0,True,False,False,1128.5159912109375,1425.7239739949775,-297.20798278404004,True,True,0,ML-Robust-MPC,1185.7239739949775,806.2824756354561,500.0
1065.0,735.7075048828121,0.0,0,329.29249511718785,0.0,329.29249511718785,0.0,0.0,0.17966065302942905,100.0,0.0,False,0.0042287690012017265,0,0,69,0,0.0,0.0,1,,,0,True,False,False,1149.690673828125,1422.24188587738,-272.5512120492549,True,True,0,ML-Robust-MPC,1182.24188587738,805.2143776362911,499.65713669537786
1087.0,1183.7756733118165,0.0,0,-96.77567331181649,96.77567331181649,0.0,0.0,0.0,0.1806207291535542,0.0,96.77567331181649,False,0.004586798000673298,0,0,70,0,0.0,0.0,1,,,0,True,False,False,1185.852783203125,1423.7756733118165,-237.9228901086915,True,True,0,ML-Robust-MPC,1183.7756733118165,806.7252989359795,497.7116696703212
1077.5,1177.5,0.0,0,-100.0,100.0,0.0,0.0,0.0,0.1816127926456177,0.0,100.0,False,0.00415241999871796,0,0,71,0,0.0,0.0,1,,,0,True,False,False,1210.000244140625,1425.500183040362,-215.4999388997369,True,True,0,ML-Robust-MPC,1185.500183040362,807.8414817271586,497.1022240700571
1119.0,1190.7043702945043,0.0,0,-71.70437029450432,71.70437029450432,0.0,0.0,0.0,0.18232414552552348,0.0,71.70437029450432,False,0.004115159994398709,0,0,72,0,0.0,0.0,1,,,0,True,False,False,1204.469970703125,1430.7043702945043,-226.23439959137932,True,True,0,ML-Robust-MPC,1190.7043702945043,808.0045993457425,496.1722962464553
1122.5,1194.2655803132225,0.0,0,-71.76558031322247,71.76558031322247,0.0,0.0,0.0,0.18303610564767847,0.0,71.76558031322247,False,0.004243780997057911,0,0,73,0,0.0,0.0,1,,,0,True,False,False,1205.5191650390625,1434.2655803132225,-228.74641527415997,True,True,0,ML-Robust-MPC,1194.2655803132225,808.5348165914627,496.5329322671129
1122.0,857.1816172020144,0.0,0,264.8183827979855,0.0,264.8183827979855,0.0,0.0,0.18012511784046323,100.0,0.0,False,0.004162545003055129,0,0,74,0,0.0,0.0,1,,,0,True,False,False,1201.069091796875,1430.9742758752775,-229.9051840784025,True,True,0,ML-Robust-MPC,1190.9742758752775,808.7917181154885,496.7990546776699
1116.0,1194.0502850721643,0.0,0,-78.05028507216434,78.05028507216434,0.0,0.0,0.0,0.18089942622411564,0.0,78.05028507216434,False,0.004290450000553392,0,0,75,0,0.0,0.0,1,,,0,True,False,False,1208.1822509765625,1434.0502850721643,-225.86803409560184,True,True,0,ML-Robust-MPC,1194.0502850721643,809.3610325650908,496.5612354525729
1106.5,1196.2579422779309,0.0,0,-89.75794227793085,89.75794227793085,0.0,0.0,0.0,0.1817898820006824,0.0,89.75794227793085,False,0.004346230998635292,0,0,76,0,0.0,0.0,1,,,0,True,False,False,1221.9285888671875,1436.2579422779309,-214.32935341074335,True,True,0,ML-Robust-MPC,1196.2579422779309,808.2983806065998,496.4753917554993
1064.0,1164.0,0.0,0,-100.0,100.0,0.0,0.0,0.0,0.1827819454927459,0.0,100.0,False,0.003819921999820508,0,0,77,0,0.0,0.0,1,,,0,True,False,False,1227.416748046875,1434.7587424952542,-207.34199444837918,True,True,0,ML-Robust-MPC,1194.7587424952542,809.8631960980657,496.46475000973135
1068.0,949.6770868864467,0.0,0,118.3229131135534,0.0,118.3229131135534,0.0,0.0,0.181481293499676,100.0,0.0,False,0.004190567997284234,0,0,78,0,0.0,0.0,1,,,0,True,False,False,1217.45068359375,1431.440214458648,-213.98953086489792,True,True,0,ML-Robust-MPC,1191.440214458648,809.4967758950382,494.89981563815616
1111.5,1193.2043723941267,0.0,0,-81.70437239412672,81.70437239412672,0.0,0.0,0.0,0.18229185274961773,0.0,81.70437239412672,False,0.004194561006443109,0,0,79,0,0.0,0.0,1,,,0,True,False,False,1206.8193359375,1433.2043723941267,-226.38503645662672,True,True,0,ML-Robust-MPC,1193.2043723941267,808.7271865755962,494.3011059801349
1159.0,1191.4583378285304,0.0,0,-32.458337828530375,32.458337828530375,0.0,0.0,0.0,0.1826138600693452,0.0,32.458337828530375,False,0.0043549730035010725,0,0,80,0,0.0,0.0,1,,,0,True,False,False,1212.7894287109375,1431.4583378285304,-218.66890911759288,True,True,0,ML-Robust-MPC,1191.4583378285304,809.5409524459873,493.6288681872341
1174.0,942.4840390229542,0.0,0,231.51596097704572,0.0,231.51596097704572,0.0,0.0,0.18006894557942474,100.0,0.0,False,0.004687563996412791,0,0,81,0,0.0,0.0,1,,,0,True,False,False,1220.8560791015625,1433.256698906411,-212.40061980484847,True,True,0,ML-Robust-MPC,1193.256698906411,812.1878850163075,493.6275758742081
1214.5,1195.19809939032,0.0,0,19.301900609679933,0.0,19.301900609679933,0.0,0.0,0.17985677149718318,0.0,0.0,False,0.004163514000538271,0,0,82,0,0.0,0.0,1,,,0,True,False,False,1204.392822265625,1435.19809939032,-230.80527712469507,True,True,0,ML-Robust-MPC,1195.19809939032,810.0899919538525,492.8540151897854
1216.5,1194.8545930674688,0.0,0,21.64540693253116,0.0,21.64540693253116,0.0,0.0,0.1796188366718245,0.0,0.0,False,0.004490590996283572,0,0,83,0,0.0,0.0,1,,,0,True,False,False,1214.5,1434.8545930674688,-220.35459306746884,True,True,0,ML-Robust-MPC,1194.8545930674688,808.9220883913008,492.8624950414454
1208.0,1191.9492992902883,0.0,0,16.05070070971169,0.0,16.05070070971169,0.0,0.0,0.17944240105746279,0.0,0.0,False,0.004135684997891076,0,0,84,0,0.0,0.0,1,,,0,True,False,False,1216.5,1431.9492992902883,-215.4492992902883,True,True,0,ML-Robust-MPC,1191.9492992902883,809.239635707824,493.7473457480759
1144.0,1195.2798659680457,0.0,0,-51.27986596804567,51.27986596804567,0.0,0.0,0.0,0.17995112988651085,0.0,51.27986596804567,False,0.0038658440025756136,0,0,85,0,0.0,0.0,1,,,0,True,False,False,1208.0,1435.2798659680457,-227.27986596804567,True,True,0,ML-Robust-MPC,1195.2798659680457,808.3465543667406,495.1810266086917
1138.5,1196.2056184517105,0.0,0,-57.70561845171051,57.70561845171051,0.0,0.0,0.0,0.18052360626003972,0.0,57.70561845171051,False,0.004326889000367373,0,0,86,0,0.0,0.0,1,,,0,True,False,False,1183.2742919921875,1436.2056184517105,-252.931326459523,True,True,0,ML-Robust-MPC,1196.2056184517105,806.8100109732031,494.6714727910617
1106.0,1195.9801832001287,0.0,0,-89.98018320012875,89.98018320012875,0.0,0.0,0.0,0.18141626680766004,0.0,89.98018320012875,False,0.004227525998430792,0,0,87,0,0.0,0.0,1,,,0,True,False,False,1185.1002197265625,1435.9801832001287,-250.87996347356625,True,True,0,ML-Robust-MPC,1195.9801832001287,809.8987331087285,493.2785543904772
1115.0,1196.996904590511,0.0,0,-81.9969045905109,81.9969045905109,0.0,0.0,0.0,0.18222972816272465,0.0,81.9969045905109,False,0.004308235002099536,0,0,88,0,0.0,0.0,1,,,0,True,False,False,1171.246337890625,1436.996904590511,-265.7505666998859,True,True,0,ML-Robust-MPC,1196.996904590511,810.6680957441743,491.5058152994474
1115.0,1195.8152682640612,0.0,0,-80.81526826406116,80.81526826406116,0.0,0.0,0.0,0.18303146693518557,0.0,80.81526826406116,False,0.0040111349953804165,0,0,89,0,0.0,0.0,1,,,0,True,False,False,1175.1610107421875,1435.8152682640612,-260.65425752187366,True,True,0,ML-Robust-MPC,1195.8152682640612,810.6436333833443,491.0884746682533
1148.0,804.8097998046871,0.0,0,343.19020019531285,0.0,343.19020019531285,0.0,0.0,0.17925898529033538,100.0,0.0,False,0.00414086900127586,0,0,90,0,0.0,0.0,1,,,0,True,False,False,1166.03125,1437.2807451099434,-271.2494951099434,True,True,0,ML-Robust-MPC,1197.2807451099434,808.5781642471791,490.47327285208615
1159.5,1196.37796359535,0.0,0,-36.87796359534991,36.87796359534991,0.0,0.0,0.0,0.1796248381037813,0.0,36.87796359534991,False,0.004490204999456182,0,0,91,0,0.0,0.0,1,,,0,True,False,False,1166.958251953125,1436.37796359535,-269.4197116422249,True,True,0,ML-Robust-MPC,1196.37796359535,811.1460830713283,490.9684659154118
1170.0,1199.41193831006,0.0,0,-29.411938310059895,29.411938310059895,0.0,0.0,0.0,0.17991662320606364,0.0,29.411938310059895,False,0.003841735997411888,0,0,92,0,0.0,0.0,1,,,0,True,False,False,1170.5701904296875,1439.41193831006,-268.8417478803724,True,True,0,ML-Robust-MPC,1199.41193831006,810.6191034318549,491.4660476297792
1133.0,1198.2921693108535,0.0,0,-65.29216931085352,65.29216931085352,0.0,0.0,0.0,0.1805643629809729,0.0,65.29216931085352,False,0.004296849001548253,0,0,93,0,0.0,0.0,1,,,0,True,False,False,1172.8148193359375,1438.2921693108535,-265.477349974916,True,True,0,ML-Robust-MPC,1198.2921693108535,809.9299660587346,493.16050686238674
1100.5,1199.783730812287,0.0,0,-99.2837308122871,99.2837308122871,0.0,0.0,0.0,0.18154932062792017,0.0,99.2837308122871,False,0.004025371003081091,0,0,94,0,0.0,0.0,1,,,0,True,False,False,1174.6339111328125,1439.783730812287,-265.1498196794746,True,True,0,ML-Robust-MPC,1199.783730812287,810.1387405730605,494.7982744775748
1075.0,1175.0,0.0,0,-100.0,100.0,0.0,0.0,0.0,0.18254138411998366,0.0,100.0,False,0.0041805419969023205,0,0,95,0,0.0,0.0,1,,,0,True,False,False,1180.9129638671875,1439.0567663444367,-258.1438024772492,True,True,0,ML-Robust-MPC,1199.0567663444367,810.4486619466306,495.1887109057515
1066.5,1166.5,0.0,0,-100.0,100.0,0.0,0.0,0.0,0.18353344761204715,0.0,100.0,False,0.0039128739954321645,0,0,96,0,0.0,0.0,1,,,0,True,False,False,1180.6312255859375,1440.4762139031368,-259.8449883171993,True,True,0,ML-Robust-MPC,1200.4762139031368,810.4803897631103,494.98065193852887
1092.5,750.9652474193811,0.0,0,341.5347525806189,0.0,341.5347525806189,0.0,0.0,0.17977916329840538,100.0,0.0,False,0.003988975004176609,0,0,97,0,0.0,0.0,1,,,0,True,False,False,1174.8076171875,1439.5440413293718,-264.7364241418718,True,True,0,ML-Robust-MPC,1199.5440413293718,807.4713412813725,495.0384154579476
1127.0,1197.6879268690348,0.0,0,-70.68792686903475,70.68792686903475,0.0,0.0,0.0,0.1804804324141696,0.0,70.68792686903475,False,0.0037889509985689074,0,0,98,0,0.0,0.0,1,,,0,True,False,False,1176.541015625,1437.6879268690348,-261.14691124403475,True,True,0,ML-Robust-MPC,1197.6879268690348,807.4129071668307,495.5339171978711
1125.5,1198.0421014712276,0.0,0,-72.54210147122762,72.54210147122762,0.0,0.0,0.0,0.18120009611924132,0.0,72.54210147122762,False,0.004593582001689356,0,0,99,0,0.0,0.0,1,,,0,True,False,False,1184.2763671875,1438.0421014712276,-253.76573428372762,True,True,0,ML-Robust-MPC,1198.0421014712276,807.2828411003716,496.8224977341158
1162.5,1197.7911532185594,0.0,0,-35.29115321855943,35.29115321855943,0.0,0.0,0.0,0.18155020676625083,0.0,35.29115321855943,False,0.00396386299689766,0,0,100,0,0.0,0.0,1,,,0,True,False,False,1174.033203125,1437.7911532185594,-263.75795009355943,True,True,0,ML-Robust-MPC,1197.7911532185594,806.9370352579953,496.47528864423737
1195.0,1199.4623768882764,0.0,0,-4.462376888276367,4.462376888276367,0.0,0.0,0.0,0.1815944763782377,0.0,4.462376888276367,False,0.0038905510009499267,0,0,101,0,0.0,0.0,1,,,0,True,False,False,1178.59765625,1439.4623768882764,-260.86472063827637,True,True,0,ML-Robust-MPC,1199.4623768882764,806.4573903584906,497.16532853869467
1140.5,1199.280748596535,0.0,0,-58.78074859653498,58.78074859653498,0.0,0.0,0.0,0.18217761872542554,0.0,58.78074859653498,False,0.003929004997189622,0,0,102,0,0.0,0.0,1,,,0,True,False,False,1195.0,1439.280748596535,-244.28074859653498,True,True,0,ML-Robust-MPC,1199.280748596535,807.281757241742,497.22199199396863
1143.5,1198.277337243026,0.0,0,-54.77733724302607,54.77733724302607,0.0,0.0,0.0,0.1827210446901381,0.0,54.77733724302607,False,0.004288242002076004,0,0,103,0,0.0,0.0,1,,,0,True,False,False,1174.771240234375,1438.277337243026,-263.50609700865107,True,True,0,ML-Robust-MPC,1198.277337243026,807.8765792939387,498.3271818376701
1100.0,1198.9119676486025,0.0,0,-98.91196764860251,98.91196764860251,0.0,0.0,0.0,0.18370231421046154,0.0,98.91196764860251,False,0.004246741002134513,0,0,104,0,0.0,0.0,1,,,0,True,False,False,1178.65380859375,1438.9119676486025,-260.2581590548525,True,True,0,ML-Robust-MPC,1198.9119676486025,808.6020380310035,497.3605931609136
1068.0,750.31754200524,0.0,0,317.68245799475994,0.0,317.68245799475994,0.0,0.0,0.18021022369915302,100.0,0.0,False,0.004409875997225754,0,0,105,0,0.0,0.0,1,,,0,True,False,False,1179.344482421875,1439.7471664973798,-260.4026840755048,True,True,0,ML-Robust-MPC,1199.7471664973798,808.0791512960014,498.7387869603255
1112.0,1198.9324402831917,0.0,0,-86.93244028319168,86.93244028319168,0.0,0.0,0.0,0.18107264870196246,0.0,86.93244028319168,False,0.004251236001437064,0,0,106,0,0.0,0.0,1,,,0,True,False,False,1167.901123046875,1438.9324402831917,-271.0313172363167,True,True,0,ML-Robust-MPC,1198.9324402831917,807.8126254451514,497.6183237128287
1100.5,1194.4199419463516,0.0,0,-93.91994194635163,93.91994194635163,0.0,0.0,0.0,0.18200439415777944,0.0,93.91994194635163,False,0.004267069998604711,0,0,107,0,0.0,0.0,1,,,0,True,False,False,1186.327392578125,1434.4199419463516,-248.09254936822663,True,True,0,ML-Robust-MPC,1194.4199419463516,807.914501644134,497.1387663657122
1184.5,1195.7316306669647,0.0,0,-11.231630666964747,11.231630666964747,0.0,0.0,0.0,0.1821158190651898,0.0,11.231630666964747,False,0.0043743470014305785,0,0,108,0,0.0,0.0,1,,,0,True,False,False,1174.516357421875,1435.7316306669647,-261.21527324508975,True,True,0,ML-Robust-MPC,1195.7316306669647,808.4852477440782,496.3880715512168
1175.0,1197.1244667668493,0.0,0,-22.12446676684931,22.12446676684931,0.0,0.0,0.0,0.18233530782279744,0.0,22.12446676684931,False,0.0042821919996640645,0,0,109,0,0.0,0.0,1,,,0,True,False,False,1203.4285888671875,1437.1244667668493,-233.6958778996618,True,True,0,ML-Robust-MPC,1197.1244667668493,808.6215451816796,494.9243550088904
1161.5,1195.7526870247316,0.0,0,-34.252687024731586,34.252687024731586,0.0,0.0,0.0,0.18267511622582058,0.0,34.252687024731586,False,0.004349331997218542,0,0,110,0,0.0,0.0,1,,,0,True,False,False,1186.2039794921875,1435.7526870247316,-249.54870753254409,True,True,0,ML-Robust-MPC,1195.7526870247316,807.7082136776318,494.45708885489074
1131.5,1196.713238682468,0.0,0,-65.21323868246805,65.21323868246805,0.0,0.0,0.0,0.18332207295878158,0.0,65.21323868246805,False,0.004372338000393938,0,0,111,0,0.0,0.0,1,,,0,True,False,False,1188.443115234375,1436.713238682468,-248.27012344809305,True,True,0,ML-Robust-MPC,1196.713238682468,805.8671471121974,495.6863954026572
1119.0,768.8554331662046,0.0,0,350.1445668337953,0.0,350.1445668337953,0.0,0.0,0.1794731461809401,100.0,0.0,False,0.004268757002137136,0,0,112,0,0.0,0.0,1,,,0,True,False,False,1179.715576171875,1438.4419154666075,-258.7263392947325,True,True,0,ML-Robust-MPC,1198.4419154666075,805.0741457649511,494.06721167723873
1092.5,1192.5,0.0,0,-100.0,100.0,0.0,0.0,0.0,0.18046520967300358,0.0,100.0,False,0.004251620004652068,0,0,113,0,0.0,0.0,1,,,0,True,False,False,1191.205078125,1438.7429433653656,-247.5378652403656,True,True,0,ML-Robust-MPC,1198.7429433653656,804.3252837405812,493.798130276558
1113.5,1199.775528309271,0.0,0,-86.27552830927107,86.27552830927107,0.0,0.0,0.0,0.18132111769194476,0.0,86.27552830927107,False,0.004142710997257382,0,0,114,0,0.0,0.0,1,,,0,True,False,False,1193.3135986328125,1439.775528309271,-246.46192967645857,True,True,0,ML-Robust-MPC,1199.775528309271,804.0147919705502,495.8111387851688
1117.0,1199.4352015392408,0.0,0,-82.43520153924078,82.43520153924078,0.0,0.0,0.0,0.18213892723102454,0.0,82.43520153924078,False,0.004140613993513398,0,0,115,0,0.0,0.0,1,,,0,True,False,False,1199.920166015625,1439.4352015392408,-239.51503552361578,True,True,0,ML-Robust-MPC,1199.4352015392408,802.7793686935676,495.5558390601453
1132.5,1198.1878475441345,0.0,0,-65.68784754413446,65.68784754413446,0.0,0.0,0.0,0.1827905923852322,0.0,65.68784754413446,False,0.004429319000337273,0,0,116,0,0.0,0.0,1,,,0,True,False,False,1192.4168701171875,1438.1878475441345,-245.77097742694696,True,True,0,ML-Robust-MPC,1198.1878475441345,801.3068371452522,497.71736059094457
1175.0,1199.7246763661994,0.0,0,-24.724676366199446,24.724676366199446,0.0,0.0,0.0,0.18303587687299214,0.0,24.724676366199446,False,0.0039183560002129525,0,0,117,0,0.0,0.0,1,,,0,True,False,False,1188.3192138671875,1439.7246763661994,-251.40546249901195,True,True,0,ML-Robust-MPC,1199.7246763661994,805.2215829258519,497.25246529242577
1185.5,849.2605032958538,0.0,0,336.2394967041462,0.0,336.2394967041462,0.0,0.0,0.17933980009437733,100.0,0.0,False,0.0042071110001415946,0,0,118,0,0.0,0.0,1,,,0,True,False,False,1196.352294921875,1437.6052047119583,-241.25290979008332,True,True,0,ML-Robust-MPC,1197.6052047119583,806.7296235248645,495.2038017186957
1197.0,1194.9354437091035,0.0,0,2.064556290896462,0.0,2.064556290896462,0.0,0.0,0.17931710567971243,0.0,0.0,False,0.004222360999847297,0,0,119,0,0.0,0.0,1,,,0,True,False,False,1185.5,1434.9354437091035,-249.43544370910354,True,True,0,ML-Robust-MPC,1194.9354437091035,808.0383817827442,493.7088248134097
1148.5,1195.031735198378,0.0,0,-46.5317351983781,46.5317351983781,0.0,0.0,0.0,0.1797787300368392,0.0,46.5317351983781,False,0.004172626999206841,0,0,120,0,0.0,0.0,1,,,0,True,False,False,1197.0,1435.031735198378,-238.0317351983781,True,True,0,ML-Robust-MPC,1195.031735198378,805.5717905138532,493.8174730358293
1165.0,1193.5920288823522,0.0,0,-28.592028882352224,28.592028882352224,0.0,0.0,0.0,0.18006238111702128,0.0,28.592028882352224,False,0.0041944920012610964,0,0,121,0,0.0,0.0,1,,,0,True,False,False,1148.5,1433.5920288823522,-285.0920288823522,True,True,0,ML-Robust-MPC,1193.5920288823522,803.9775504864275,493.5297963371538
1083.5,1183.5,0.0,0,-100.0,100.0,0.0,0.0,0.0,0.18105444460908476,0.0,100.0,False,0.0041843110011541285,0,0,122,0,0.0,0.0,1,,,0,True,False,False,1165.0,1435.2276028529243,-270.2276028529243,True,True,0,ML-Robust-MPC,1195.2276028529243,804.3715803379409,493.7857232542446
1114.0,1191.9751320094824,0.0,0,-77.97513200948242,77.97513200948242,0.0,0.0,0.0,0.18182800742663915,0.0,77.97513200948242,False,0.004177680995780975,0,0,123,0,0.0,0.0,1,,,0,True,False,False,1147.497314453125,1431.9751320094824,-284.4778175563574,True,True,0,ML-Robust-MPC,1191.9751320094824,804.8969277151849,495.51365121376847
1101.5,1193.980389371087,0.0,0,-92.48038937108709,92.48038937108709,0.0,0.0,0.0,0.18274547160690788,0.0,92.48038937108709,False,0.004356984994956292,0,0,124,0,0.0,0.0,1,,,0,True,False,False,1160.689453125,1433.980389371087,-273.2909362460871,True,True,0,ML-Robust-MPC,1193.980389371087,803.8841101553373,494.7341894630161
1113.0,785.7130733455269,0.0,0,327.28692665447306,0.0,327.28692665447306,0.0,0.0,0.17914780499900135,100.0,0.0,False,0.004336860998591874,0,0,125,0,0.0,0.0,1,,,0,True,False,False,1173.66015625,1435.1914530216593,-261.5312967716593,True,True,0,ML-Robust-MPC,1195.1914530216593,803.6085008343509,495.7989762467442
1151.0,1195.6683872332817,0.0,0,-44.66838723328169,44.66838723328169,0.0,0.0,0.0,0.17959094376123627,0.0,44.66838723328169,False,0.004453475994523615,0,0,126,0,0.0,0.0,1,,,0,True,False,False,1182.231201171875,1435.6683872332817,-253.4371860614067,True,True,0,ML-Robust-MPC,1195.6683872332817,803.0979987657958,494.80643333223526
1173.0,1194.9546538758668,0.0,0,-21.954653875866825,21.954653875866825,0.0,0.0,0.0,0.17980874786714765,0.0,21.954653875866825,False,0.00396561500383541,0,0,127,0,0.0,0.0,1,,,0,True,False,False,1185.6453857421875,1434.9546538758668,-249.30926813367932,True,True,0,ML-Robust-MPC,1194.9546538758668,802.9691783349123,495.0797873779032
1129.5,1198.3346663352745,0.0,0,-68.8346663352745,68.8346663352745,0.0,0.0,0.0,0.18049163146174363,0.0,68.8346663352745,False,0.004207960999337956,0,0,128,0,0.0,0.0,1,,,0,True,False,False,1194.0400390625,1438.3346663352745,-244.2946272727745,True,True,0,ML-Robust-MPC,1198.3346663352745,803.5970247259299,494.34848981383857
1106.5,1195.389657570419,0.0,0,-88.8896575704191,88.8896575704191,0.0,0.0,0.0,0.18137347330272,0.0,88.8896575704191,False,0.004249235993484035,0,0,129,0,0.0,0.0,1,,,0,True,False,False,1185.081298828125,1435.389657570419,-250.3083587422941,True,True,0,ML-Robust-MPC,1195.389657570419,804.7950383480543,493.8454146260752
1078.0,1178.0,0.0,0,-100.0,100.0,0.0,0.0,0.0,0.18236553679478348,0.0,100.0,False,0.004111744005058426,0,0,130,0,0.0,0.0,1,,,0,True,False,False,1189.05419921875,1434.8687789409255,-245.8145797221755,True,True,0,ML-Robust-MPC,1194.8687789409255,807.3629504070817,494.798504674774
1050.5,1150.5,0.0,0,-100.0,100.0,0.0,0.0,0.0,0.18335760028684697,0.0,100.0,False,0.0043558550023590215,0,0,131,0,0.0,0.0,1,,,0,True,False,False,1201.3553466796875,1432.5281332516313,-231.1727865719438,True,True,0,ML-Robust-MPC,1192.5281332516313,807.5510247961433,494.4901967334544
1069.0,799.0937253863144,0.0,0,269.9062746136856,0.0,269.9062746136856,0.0,0.0,0.18039068437190955,100.0,0.0,False,0.004122883998206817,0,0,132,0,0.0,0.0,1,,,0,True,False,False,1189.795166015625,1434.472353565531,-244.67718754990597,True,True,0,ML-Robust-MPC,1194.472353565531,807.4778256977548,496.1686589067104
1075.5,1175.5,0.0,0,-100.0,100.0,0.0,0.0,0.0,0.18138274786397304,0.0,100.0,False,0.005013601999962702,0,0,133,0,0.0,0.0,1,,,0,True,False,False,1202.24169921875,1432.8703995062544,-230.62870028750444,True,True,0,ML-Robust-MPC,1192.8703995062544,804.9566396840145,496.2979772078559
1111.0,1194.0261429588213,0.0,0,-83.02614295882131,83.02614295882131,0.0,0.0,0.0,0.18220641991713596,0.0,83.02614295882131,False,0.003967145996284671,0,0,134,0,0.0,0.0,1,,,0,True,False,False,1210.31982421875,1434.0261429588213,-223.7063187400713,True,True,0,ML-Robust-MPC,1194.0261429588213,804.0295077173312,495.9047747222874
1112.0,1195.17573023282,0.0,0,-83.17573023281989,83.17573023281989,0.0,0.0,0.0,0.18303157597103298,0.0,83.17573023281989,False,0.0042564840041450225,0,0,135,0,0.0,0.0,1,,,0,True,False,False,1216.57177734375,1435.17573023282,-218.6039528890699,True,True,0,ML-Robust-MPC,1195.17573023282,804.6588586572949,495.81700998725904
1198.0,921.9445660388726,0.0,0,276.0554339611274,0.0,276.0554339611274,0.0,0.0,0.17999706607830634,100.0,0.0,False,0.004300093001802452,0,0,136,0,0.0,0.0,1,,,0,True,False,False,1205.14111328125,1439.163879242235,-234.022765960985,True,True,0,ML-Robust-MPC,1199.163879242235,804.1045983338017,495.5230631910184
1176.0,1201.487823528223,0.0,0,-25.48782352822309,25.48782352822309,0.0,0.0,0.0,0.1802499214704514,0.0,25.48782352822309,False,0.0044393639982445166,0,0,137,0,0.0,0.0,1,,,0,True,False,False,1229.166015625,1441.487823528223,-212.3218079032231,True,True,0,ML-Robust-MPC,1201.487823528223,802.7858707071287,495.4429324912065
1194.5,1200.4360075275645,0.0,0,-5.93600752756447,5.93600752756447,0.0,0.0,0.0,0.1803088104340185,0.0,5.93600752756447,False,0.004163922996667679,0,0,138,0,0.0,0.0,1,,,0,True,False,False,1214.8385009765625,1440.4360075275645,-225.59750655100197,True,True,0,ML-Robust-MPC,1200.4360075275645,803.3314558584959,495.18567012795575
1168.0,1199.8985874905766,0.0,0,-31.898587490576574,31.898587490576574,0.0,0.0,0.0,0.18062526467499646,0.0,31.898587490576574,False,0.003954175001126714,0,0,139,0,0.0,0.0,1,,,0,True,False,False,1233.606201171875,1439.8985874905766,-206.29238631870157,True,True,0,ML-Robust-MPC,1199.8985874905766,802.0130803056958,497.88784832371215
1121.0,1203.8565104843358,0.0,0,-82.85651048433579,82.85651048433579,0.0,0.0,0.0,0.1814472538663093,0.0,82.85651048433579,False,0.0041557969962013885,0,0,140,0,0.0,0.0,1,,,0,True,False,False,1221.677978515625,1443.8565104843358,-222.1785319687108,True,True,0,ML-Robust-MPC,1203.8565104843358,802.4511749321042,497.70334362355504
1155.5,1206.4116927227446,0.0,0,-50.91169272274465,50.91169272274465,0.0,0.0,0.0,0.1819523301830032,0.0,50.91169272274465,False,0.004054516997712199,0,0,141,0,0.0,0.0,1,,,0,True,False,False,1218.5423583984375,1446.4116927227446,-227.86933432430715,True,True,0,ML-Robust-MPC,1206.4116927227446,802.5776822045663,498.2837334113706
1161.0,1205.2638382899745,0.0,0,-44.2638382899745,44.2638382899745,0.0,0.0,0.0,0.18239145556286404,0.0,44.2638382899745,False,0.004168539999227505,0,0,142,0,0.0,0.0,1,,,0,True,False,False,1220.9246826171875,1445.2638382899745,-224.339155672787,True,True,0,ML-Robust-MPC,1205.2638382899745,807.4306749138719,498.18332256401385
1188.0,1209.1201093479597,0.0,0,-21.12010934795967,21.12010934795967,0.0,0.0,0.0,0.18260098045718903,0.0,21.12010934795967,False,0.004609588002495002,0,0,143,0,0.0,0.0,1,,,0,True,False,False,1224.1051025390625,1449.1201093479597,-225.01500680889717,True,True,0,ML-Robust-MPC,1209.1201093479597,807.4303415902987,498.1238513211465
1207.0,1208.2184358667546,0.0,0,-1.2184358667545894,1.2184358667545894,0.0,0.0,0.0,0.18261306811459732,0.0,1.2184358667545894,False,0.004255312000168487,0,0,144,0,0.0,0.0,1,,,0,True,False,False,1230.080078125,1448.2184358667546,-218.1383577417546,True,True,0,ML-Robust-MPC,1208.2184358667546,809.041753288729,497.1678672944075
1237.0,1210.8015043446435,0.0,0,26.19849565535651,0.0,26.19849565535651,0.0,0.0,0.18232508394743208,0.0,0.0,False,0.003997574000095483,0,0,145,0,0.0,0.0,1,,,0,True,False,False,1222.1146240234375,1450.8015043446435,-228.686880321206,True,True,0,ML-Robust-MPC,1210.8015043446435,809.7741986897454,497.23361509405447
1205.0,1211.3060007768313,0.0,0,-6.306000776831297,6.306000776831297,0.0,0.0,0.0,0.18238764347894826,0.0,6.306000776831297,False,0.004264062001311686,0,0,146,0,0.0,0.0,1,,,0,True,False,False,1237.0,1451.3060007768313,-214.3060007768313,True,True,0,ML-Robust-MPC,1211.3060007768313,808.4416947216964,496.9114409888933
1192.5,1206.3537714736692,0.0,0,-13.853771473669212,13.853771473669212,0.0,0.0,0.0,0.18252508168801243,0.0,13.853771473669212,False,0.004526613003690727,0,0,147,0,0.0,0.0,1,,,0,True,False,False,1205.0,1446.3537714736692,-241.3537714736692,True,True,0,ML-Robust-MPC,1206.3537714736692,809.9171267425304,495.8553877826552
1156.0,1209.2779194902062,0.0,0,-53.27791949020616,53.27791949020616,0.0,0.0,0.0,0.18305363247660575,0.0,53.27791949020616,False,0.004362904001027346,0,0,148,0,0.0,0.0,1,,,0,True,False,False,1192.5,1449.2779194902062,-256.77791949020616,True,True,0,ML-Robust-MPC,1209.2779194902062,811.8154182714428,496.0714200415698
1120.0,783.0925146484371,0.0,0,336.90748535156285,0.0,336.90748535156285,0.0,0.0,0.17935021290408273,100.0,0.0,False,0.004455390000657644,0,0,149,0,0.0,0.0,1,,,0,True,False,False,1176.6083984375,1447.317308189726,-270.70890975222596,True,True,0,ML-Robust-MPC,1207.317308189726,810.2024281742221,496.5837009071175
1135.5,1205.5792795649306,0.0,0,-70.07927956493063,70.07927956493063,0.0,0.0,0.0,0.18004544385214752,0.0,70.07927956493063,False,0.0042143910031882115,0,0,150,0,0.0,0.0,1,,,0,True,False,False,1182.8319091796875,1445.5792795649306,-262.74737038524313,True,True,0,ML-Robust-MPC,1205.5792795649306,810.1184090493542,497.1644146148169
1127.5,1205.2541718861498,0.0,0,-77.75417188614983,77.75417188614983,0.0,0.0,0.0,0.1808168146049863,0.0,77.75417188614983,False,0.004280807996110525,0,0,151,0,0.0,0.0,1,,,0,True,False,False,1191.9437255859375,1445.2541718861498,-253.31044630021233,True,True,0,ML-Robust-MPC,1205.2541718861498,811.9363791008457,495.1446277646798
1157.0,1207.5707109749767,0.0,0,-50.57071097497669,50.57071097497669,0.0,0.0,0.0,0.181318508166246,0.0,50.57071097497669,False,0.003911738000169862,0,0,152,0,0.0,0.0,1,,,0,True,False,False,1188.404541015625,1447.5707109749767,-259.1661699593517,True,True,0,ML-Robust-MPC,1207.5707109749767,812.0133749594596,495.42514279032616
1191.5,1208.8915715658406,0.0,0,-17.39157156584065,17.39157156584065,0.0,0.0,0.0,0.1814910435984468,0.0,17.39157156584065,False,0.004507855002884753,0,0,153,0,0.0,0.0,1,,,0,True,False,False,1198.7529296875,1448.8915715658406,-250.13864187834065,True,True,0,ML-Robust-MPC,1208.8915715658406,812.1162643455332,496.17789208493286
1188.5,1207.8216417470164,0.0,0,-19.32164174701643,19.32164174701643,0.0,0.0,0.0,0.18168272655228626,0.0,19.32164174701643,False,0.004182860997389071,0,0,154,0,0.0,0.0,1,,,0,True,False,False,1207.425048828125,1447.8216417470164,-240.39659291889143,True,True,0,ML-Robust-MPC,1207.8216417470164,812.7233629931202,497.3863847759278
1177.0,1207.4394647305105,0.0,0,-30.439464730510508,30.439464730510508,0.0,0.0,0.0,0.1819847053690572,0.0,30.439464730510508,False,0.004112299000553321,0,0,155,0,0.0,0.0,1,,,0,True,False,False,1188.618408203125,1447.4394647305105,-258.8210565273855,True,True,0,ML-Robust-MPC,1207.4394647305105,811.6341420668873,497.3021473437017
1122.5,1207.9006979139117,0.0,0,-85.4006979139117,85.4006979139117,0.0,0.0,0.0,0.18283193451502855,0.0,85.4006979139117,False,0.004293835001590196,0,0,156,0,0.0,0.0,1,,,0,True,False,False,1177.0,1447.9006979139117,-270.9006979139117,True,True,0,ML-Robust-MPC,1207.9006979139117,808.535713974139,497.6163690851494
1136.5,781.6399999999996,0.0,0,354.86000000000035,0.0,354.86000000000035,0.0,0.0,0.1789311738414147,100.0,0.0,False,0.004273006001312751,0,0,157,0,0.0,0.0,1,,,0,True,False,False,1163.614501953125,1446.4009282189272,-282.7864262658022,True,True,0,ML-Robust-MPC,1206.4009282189272,808.3339881949644,497.4995398648535
1105.5,1205.5,0.0,0,-100.0,100.0,0.0,0.0,0.0,0.17992323733347818,0.0,100.0,False,0.003961166003136896,0,0,158,0,0.0,0.0,1,,,0,True,False,False,1169.6689453125,1446.0561448390458,-276.3871995265458,True,True,0,ML-Robust-MPC,1206.0561448390458,808.4552571430879,497.4850772827949
1085.5,1185.5,0.0,0,-100.0,100.0,0.0,0.0,0.0,0.18091530082554166,0.0,100.0,False,0.004034015997604001,0,0,159,0,0.0,0.0,1,,,0,True,False,False,1173.861572265625,1449.4543102602731,-275.59273799464813,True,True,0,ML-Robust-MPC,1209.4543102602731,808.1810430983045,498.5164162749666
1102.5,1202.5,0.0,0,-100.0,100.0,0.0,0.0,0.0,0.18190736431760515,0.0,100.0,False,0.004103029001271352,0,0,160,0,0.0,0.0,1,,,0,True,False,False,1170.029541015625,1448.7848400596529,-278.7552990440279,True,True,0,ML-Robust-MPC,1208.7848400596529,806.597789788566,498.12126659082224
1138.0,1210.8553648195889,0.0,0,-72.85536481958889,72.85536481958889,0.0,0.0,0.0,0.18263013579398996,0.0,72.85536481958889,False,0.0040666119966772385,0,0,161,0,0.0,0.0,1,,,0,True,False,False,1185.3515625,1450.8553648195889,-265.5038023195889,True,True,0,ML-Robust-MPC,1210.8553648195889,806.5230368560653,496.6836217515614
1149.5,1209.152698263794,0.0,0,-59.652698263794036,59.652698263794036,0.0,0.0,0.0,0.18322192843549584,0.0,59.652698263794036,False,0.0042232839987264015,0,0,162,0,0.0,0.0,1,,,0,True,False,False,1194.8070068359375,1449.152698263794,-254.34569142785654,True,True,0,ML-Robust-MPC,1209.152698263794,805.3828786655566,496.30247705341367
1174.0,834.3965218868761,0.0,0,339.6034781131239,0.0,339.6034781131239,0.0,0.0,0.17948887345030123,100.0,0.0,False,0.0042310249991714954,0,0,163,0,0.0,0.0,1,,,0,True,False,False,1197.5277099609375,1444.1654402284369,-246.63773026749936,True,True,0,ML-Robust-MPC,1204.1654402284369,804.182713478435,496.77508069710666
1150.5,1204.949864035124,0.0,0,-54.44986403512394,54.44986403512394,0.0,0.0,0.0,0.18002905067287192,0.0,54.44986403512394,False,0.004265389994543511,0,0,164,0,0.0,0.0,1,,,0,True,False,False,1196.839111328125,1444.949864035124,-248.11075270699894,True,True,0,ML-Robust-MPC,1204.949864035124,805.9452914097736,499.4101608665479
1130.5,1208.761933306429,0.0,0,-78.261933306429,78.261933306429,0.0,0.0,0.0,0.1808054587413881,0.0,78.261933306429,False,0.004236591004882939,0,0,165,0,0.0,0.0,1,,,0,True,False,False,1193.4127197265625,1448.761933306429,-255.3492135798665,True,True,0,ML-Robust-MPC,1208.761933306429,805.1323560110004,500.0
1095.0,1195.0,0.0,0,-100.0,100.0,0.0,0.0,0.0,0.18179752223345158,0.0,100.0,False,0.0042748260020744056,0,0,166,0,0.0,0.0,1,,,0,True,False,False,1188.9361572265625,1451.2787403668535,-262.342583140291,True,True,0,ML-Robust-MPC,1211.2787403668535,805.5185717594983,500.0
1075.0,1175.0,0.0,0,-100.0,100.0,0.0,0.0,0.0,0.18278958572551507,0.0,100.0,False,0.004202470001473557,0,0,167,0,0.0,0.0,1,,,0,True,False,False,1192.244873046875,1448.2707678962115,-256.0258948493365,True,True,0,ML-Robust-MPC,1208.2707678962115,803.127092921272,500.0
1065.5,1165.5,0.0,0,-100.0,100.0,0.0,0.0,0.0,0.18378164921757856,0.0,100.0,False,0.004071529001521412,0,0,168,0,0.0,0.0,1,,,0,True,False,False,1182.712890625,1450.531994381278,-267.8191037562781,True,True,0,ML-Robust-MPC,1210.531994381278,804.9090141254624,499.79956389507794
1105.5,770.4063546741215,0.0,0,335.0936453258784,0.0,335.0936453258784,0.0,0.0,0.1800981680879356,100.0,0.0,False,0.004096741999092046,0,0,169,0,0.0,0.0,1,,,0,True,False,False,1182.064453125,1451.1701673895016,-269.10571426450156,True,True,0,ML-Robust-MPC,1211.1701673895016,804.8542481193505,499.6955582167136
1124.5,1211.6170019346278,0.0,0,-87.11700193462775,87.11700193462775,0.0,0.0,0.0,0.1809624240595093,0.0,87.11700193462775,False,0.004334920995461289,0,0,170,0,0.0,0.0,1,,,0,True,False,False,1193.7847900390625,1451.6170019346278,-257.83221189556525,True,True,0,ML-Robust-MPC,1211.6170019346278,806.2529588019171,499.42299926124105
1159.0,1209.0342486124612,0.0,0,-50.03424861246117,50.03424861246117,0.0,0.0,0.0,0.18145879557352182,0.0,50.03424861246117,False,0.004417098003614228,0,0,171,0,0.0,0.0,1,,,0,True,False,False,1188.67578125,1449.0342486124612,-260.35846736246117,True,True,0,ML-Robust-MPC,1209.0342486124612,806.6233030089473,499.22559638292665
1192.0,1211.0185859505864,0.0,0,-19.018585950586385,19.018585950586385,0.0,0.0,0.0,0.1816474720214443,0.0,19.018585950586385,False,0.004261624999344349,0,0,172,0,0.0,0.0,1,,,0,True,False,False,1198.106201171875,1451.0185859505864,-252.91238477871138,True,True,0,ML-Robust-MPC,1211.0185859505864,807.0471702118341,498.001682284225
1190.5,1213.8205036244103,0.0,0,-23.32050362441032,23.32050362441032,0.0,0.0,0.0,0.18187882622406742,0.0,23.32050362441032,False,0.0043321169941918924,0,0,173,0,0.0,0.0,1,,,0,True,False,False,1199.4903564453125,1453.8205036244103,-254.33014717909782,True,True,0,ML-Robust-MPC,1213.8205036244103,809.9195016256906,500.0
1151.0,1214.361729853306,0.0,0,-63.36172985330609,63.36172985330609,0.0,0.0,0.0,0.18250741481388197,0.0,63.36172985330609,False,0.004389690999232698,0,0,174,0,0.0,0.0,1,,,0,True,False,False,1201.889892578125,1454.361729853306,-252.4718372751811,True,True,0,ML-Robust-MPC,1214.361729853306,807.5334820113029,499.033740516216
1124.5,1215.7701893622286,0.0,0,-91.27018936222862,91.27018936222862,0.0,0.0,0.0,0.18341287304168186,0.0,91.27018936222862,False,0.003968773002270609,0,0,175,0,0.0,0.0,1,,,0,True,False,False,1194.6527099609375,1455.7701893622286,-261.1174794012911,True,True,0,ML-Robust-MPC,1215.7701893622286,807.229242965431,498.9842649343191
1105.5,776.237599223578,0.0,0,329.26240077642206,0.0,329.26240077642206,0.0,0.0,0.17979349124534427,100.0,0.0,False,0.004245591000653803,0,0,176,0,0.0,0.0,1,,,0,True,False,False,1198.4639892578125,1457.0878255811092,-258.6238363232967,True,True,0,ML-Robust-MPC,1217.0878255811092,806.8842102826922,500.0
1135.0,1219.6935952300278,0.0,0,-84.69359523002777,84.69359523002777,0.0,0.0,0.0,0.18063370548373742,0.0,84.69359523002777,False,0.004218415000650566,0,0,177,0,0.0,0.0,1,,,0,True,False,False,1195.42919921875,1459.6935952300278,-264.26439601127777,True,True,0,ML-Robust-MPC,1219.6935952300278,804.5746906209301,499.2912126679221
1131.5,1221.128944161293,0.0,0,-89.62894416129302,89.62894416129302,0.0,0.0,0.0,0.18152288151708357,0.0,89.62894416129302,False,0.004496824003581423,0,0,178,0,0.0,0.0,1,,,0,True,False,False,1205.65869140625,1461.128944161293,-255.47025275504302,True,True,0,ML-Robust-MPC,1221.128944161293,805.1020593663768,499.80917218963714
1123.5,1217.834178538678,0.0,0,-94.33417853867809,94.33417853867809,0.0,0.0,0.0,0.18245873646290378,0.0,94.33417853867809,False,0.003988222997577395,0,0,179,0,0.0,0.0,1,,,0,True,False,False,1196.6273193359375,1457.834178538678,-261.2068592027406,True,True,0,ML-Robust-MPC,1217.834178538678,803.0287124370793,500.0
1171.0,1218.5089525009485,0.0,0,-47.50895250094845,47.50895250094845,0.0,0.0,0.0,0.18293005543612748,0.0,47.50895250094845,False,0.004173547000391409,0,0,180,0,0.0,0.0,1,,,0,True,False,False,1175.0963134765625,1458.5089525009485,-283.41263902438595,True,True,0,ML-Robust-MPC,1218.5089525009485,802.3964015983964,500.0
1233.5,1214.6063337010155,0.0,0,18.8936662989845,0.0,18.8936662989845,0.0,0.0,0.18272236882597287,0.0,0.0,False,0.004275401995982975,0,0,181,0,0.0,0.0,1,,,0,True,False,False,1185.794921875,1454.6063337010155,-268.8114118260155,True,True,0,ML-Robust-MPC,1214.6063337010155,801.9730789959195,500.0
1149.0,1214.5114772138547,0.0,0,-65.51147721385473,65.51147721385473,0.0,0.0,0.0,0.183372284274523,0.0,65.51147721385473,False,0.004191969004750717,0,0,182,0,0.0,0.0,1,,,0,True,False,False,1233.5,1454.5114772138547,-221.01147721385473,True,True,0,ML-Robust-MPC,1214.5114772138547,802.0014480766619,500.0
1145.5,790.6399999999996,0.0,0,354.86000000000035,0.0,354.86000000000035,0.0,0.0,0.17947152360090915,100.0,0.0,False,0.0042207200021948665,0,0,183,0,0.0,0.0,1,,,0,True,False,False,1151.204345703125,1453.7236772556964,-302.51933155257143,True,True,0,ML-Robust-MPC,1213.7236772556964,801.8452405518336,500.0
1126.5,1210.6545450392714,0.0,0,-84.1545450392714,84.1545450392714,0.0,0.0,0.0,0.1803063901191559,0.0,84.1545450392714,False,0.0045395960041787475,0,0,184,0,0.0,0.0,1,,,0,True,False,False,1150.18017578125,1450.6545450392714,-300.4743692580214,True,True,0,ML-Robust-MPC,1210.6545450392714,801.6554827456682,500.0
1093.5,1193.5,0.0,0,-100.0,100.0,0.0,0.0,0.0,0.18129845361121938,0.0,100.0,False,0.00419654500001343,0,0,185,0,0.0,0.0,1,,,0,True,False,False,1162.5430908203125,1450.536146664054,-287.99305584374156,True,True,0,ML-Robust-MPC,1210.536146664054,800.0526707861866,500.0
1052.0,1152.0,0.0,0,-100.0,100.0,0.0,0.0,0.0,0.18229051710328287,0.0,100.0,False,0.004143311998632271,0,0,186,0,0.0,0.0,1,,,0,True,False,False,1174.272216796875,1447.8895870259266,-273.61737022905163,True,True,0,ML-Robust-MPC,1207.8895870259266,797.8074054692966,500.0
1084.5,1184.5,0.0,0,-100.0,100.0,0.0,0.0,0.0,0.18328258059534636,0.0,100.0,False,0.004046086993184872,0,0,187,0,0.0,0.0,1,,,0,True,False,False,1195.1903076171875,1451.3446621002415,-256.154354483054,True,True,0,ML-Robust-MPC,1211.3446621002415,795.2475861502559,500.0
1098.0,837.4846216526237,0.0,0,260.5153783473764,0.0,260.5153783473764,0.0,0.0,0.18041889310526835,100.0,0.0,False,0.004110736997972708,0,0,188,0,0.0,0.0,1,,,0,True,False,False,1217.9674072265625,1450.6059484510308,-232.63854122446833,True,True,0,ML-Robust-MPC,1210.6059484510308,797.1042237195528,500.0
1131.0,1211.07039426526,0.0,0,-80.07039426525989,80.07039426525989,0.0,0.0,0.0,0.1812132422547253,0.0,80.07039426525989,False,0.003912701999070123,0,0,189,0,0.0,0.0,1,,,0,True,False,False,1219.5205078125,1451.07039426526,-231.5498864527599,True,True,0,ML-Robust-MPC,1211.07039426526,796.2182684517677,500.0
1129.5,1211.5163406651764,0.0,0,-82.01634066517636,82.01634066517636,0.0,0.0,0.0,0.18202689642799094,0.0,82.01634066517636,False,0.0038079799996921793,0,0,190,0,0.0,0.0,1,,,0,True,False,False,1232.1329345703125,1451.5163406651764,-219.38340609486386,True,True,0,ML-Robust-MPC,1211.5163406651764,794.0068855574488,500.0
1158.0,1213.924227018089,0.0,0,-55.924227018088914,55.924227018088914,0.0,0.0,0.0,0.1825817002674561,0.0,55.924227018088914,False,0.004169673004071228,0,0,191,0,0.0,0.0,1,,,0,True,False,False,1218.1817626953125,1453.924227018089,-235.7424643227764,True,True,0,ML-Robust-MPC,1213.924227018089,793.8367123455665,500.0
1142.0,1213.630539414705,0.0,0,-71.63053941470503,71.63053941470503,0.0,0.0,0.0,0.18329232069815754,0.0,71.63053941470503,False,0.0043257389988866635,0,0,192,0,0.0,0.0,1,,,0,True,False,False,1227.40966796875,1453.630539414705,-226.22087144595503,True,True,0,ML-Robust-MPC,1213.630539414705,794.3239633440465,500.0
1128.0,896.174781510435,0.0,0,231.82521848956503,0.0,231.82521848956503,0.0,0.0,0.18074400672803964,100.0,0.0,False,0.004308281000703573,0,0,193,0,0.0,0.0,1,,,0,True,False,False,1236.7469482421875,1453.4111044270787,-216.66415618489123,True,True,0,ML-Robust-MPC,1213.4111044270787,795.2262607855673,500.0
1108.0,1208.0,0.0,0,-100.0,100.0,0.0,0.0,0.0,0.18173607022010313,0.0,100.0,False,0.004112629001610912,0,0,194,0,0.0,0.0,1,,,0,True,False,False,1237.7945556640625,1454.9943578090874,-217.19980214502493,True,True,0,ML-Robust-MPC,1214.9943578090874,791.7457100011229,500.0
1094.5,1194.5,0.0,0,-100.0,100.0,0.0,0.0,0.0,0.18272813371216662,0.0,100.0,False,0.004715843002486508,0,0,195,0,0.0,0.0,1,,,0,True,False,False,1229.927978515625,1457.2777963428468,-227.34981782722184,True,True,0,ML-Robust-MPC,1217.2777963428468,793.6579128221996,500.0
1124.5,1215.2398683643182,0.0,0,-90.73986836431823,90.73986836431823,0.0,0.0,0.0,0.1836283308189555,0.0,90.73986836431823,False,0.004112841001187917,0,0,196,0,0.0,0.0,1,,,0,True,False,False,1220.3533935546875,1455.2398683643182,-234.88647480963073,True,True,0,ML-Robust-MPC,1215.2398683643182,792.7904640325646,500.0
1163.5,882.7665565143266,0.0,0,280.7334434856735,0.0,280.7334434856735,0.0,0.0,0.18054239840584296,100.0,0.0,False,0.004320503001508769,0,0,197,0,0.0,0.0,1,,,0,True,False,False,1219.1875,1454.6565627757154,-235.46906277571543,True,True,0,ML-Robust-MPC,1214.6565627757154,794.6864868186965,500.0
1213.0,1214.4302660427893,0.0,0,-1.4302660427892988,1.4302660427892988,0.0,0.0,0.0,0.18055658755309287,0.0,1.4302660427892988,False,0.004186389996903017,0,0,198,0,0.0,0.0,1,,,0,True,False,False,1224.22607421875,1454.4302660427893,-230.2041918240393,True,True,0,ML-Robust-MPC,1214.4302660427893,795.1604051844669,500.0
1232.0,1215.030022340365,0.0,0,16.969977659635106,0.0,16.969977659635106,0.0,0.0,0.1803700468849792,0.0,0.0,False,0.004125334999116603,0,0,199,0,0.0,0.0,1,,,0,True,False,False,1234.352294921875,1455.030022340365,-220.6777274184899,True,True,0,ML-Robust-MPC,1215.030022340365,794.7587206202534,500.0
1214.5,1215.8461077745128,0.0,0,-1.3461077745128023,1.3461077745128023,0.0,0.0,0.0,0.180383401128774,0.0,1.3461077745128023,False,0.004206673998851329,0,0,200,0,0.0,0.0,1,,,0,True,False,False,1232.0,1455.8461077745128,-223.8461077745128,True,True,0,ML-Robust-MPC,1215.8461077745128,795.5560686866214,499.5074595752684
1206.0,1213.895164017395,0.0,0,-7.895164017395018,7.895164017395018,0.0,0.0,0.0,0.1804617261686291,0.0,7.895164017395018,False,0.0038671829970553517,0,0,201,0,0.0,0.0,1,,,0,True,False,False,1214.5,1453.895164017395,-239.39516401739502,True,True,0,ML-Robust-MPC,1213.895164017395,794.4856053640536,500.0
1155.5,1208.2122048380554,0.0,0,-52.71220483805541,52.71220483805541,0.0,0.0,0.0,0.18098466470868918,0.0,52.71220483805541,False,0.004054242002894171,0,0,202,0,0.0,0.0,1,,,0,True,False,False,1206.0,1448.2122048380554,-242.2122048380554,True,True,0,ML-Robust-MPC,1208.2122048380554,794.1176359115168,500.0
1146.5,1210.4881613381312,0.0,0,-63.98816133813125,63.98816133813125,0.0,0.0,0.0,0.18161946789656747,0.0,63.98816133813125,False,0.004171708002104424,0,0,203,0,0.0,0.0,1,,,0,True,False,False,1199.1307373046875,1450.4881613381312,-251.35742403344375,True,True,0,ML-Robust-MPC,1210.4881613381312,793.4025431750399,499.4760768324273
1148.5,1208.9034898055636,0.0,0,-60.403489805563595,60.403489805563595,0.0,0.0,0.0,0.18221870886686076,0.0,60.403489805563595,False,0.004143229998589959,0,0,204,0,0.0,0.0,1,,,0,True,False,False,1200.32666015625,1448.9034898055636,-248.5768296493136,True,True,0,ML-Robust-MPC,1208.9034898055636,792.0914468480091,500.0
1140.0,1206.940890191063,0.0,0,-66.94089019106309,66.94089019106309,0.0,0.0,0.0,0.1828828049997086,0.0,66.94089019106309,False,0.004215394001221284,0,0,205,0,0.0,0.0,1,,,0,True,False,False,1206.1927490234375,1446.940890191063,-240.7481411676256,True,True,0,ML-Robust-MPC,1206.940890191063,792.9911244125299,499.9654598496762
1139.5,859.5507784300837,0.0,0,279.94922156991623,0.0,279.94922156991623,0.0,0.0,0.1798054930623002,100.0,0.0,False,0.004363445994385984,0,0,206,0,0.0,0.0,1,,,0,True,False,False,1202.432373046875,1444.2595175415345,-241.82714449465948,True,True,0,ML-Robust-MPC,1204.2595175415345,793.8634663978796,498.3156176005362
1172.5,1206.5520555431224,0.0,0,-34.05205554312238,34.05205554312238,0.0,0.0,0.0,0.1801433110736407,0.0,34.05205554312238,False,0.0043123800060129724,0,0,207,0,0.0,0.0,1,,,0,True,False,False,1190.2845458984375,1446.5520555431224,-256.2675096446849,True,True,0,ML-Robust-MPC,1206.5520555431224,794.2610962227873,499.3483785959701
1177.0,1204.9757810376084,0.0,0,-27.975781037608385,27.975781037608385,0.0,0.0,0.0,0.18042084858393445,0.0,27.975781037608385,False,0.0038071290036896244,0,0,208,0,0.0,0.0,1,,,0,True,False,False,1191.9287109375,1444.9757810376084,-253.04707010010839,True,True,0,ML-Robust-MPC,1204.9757810376084,793.538062678226,499.1104450824434
1181.0,1204.8286827747595,0.0,0,-23.8286827747595,23.8286827747595,0.0,0.0,0.0,0.18065724424638246,0.0,23.8286827747595,False,0.004122254002140835,0,0,209,0,0.0,0.0,1,,,0,True,False,False,1178.132568359375,1444.8286827747595,-266.6961144153845,True,True,0,ML-Robust-MPC,1204.8286827747595,792.5583848176755,498.860344991046
1172.5,1202.2532169514948,0.0,0,-29.753216951494778,29.753216951494778,0.0,0.0,0.0,0.18095241504947268,0.0,29.753216951494778,False,0.004488591002882458,0,0,210,0,0.0,0.0,1,,,0,True,False,False,1181.0,1442.2532169514948,-261.2532169514948,True,True,0,ML-Robust-MPC,1202.2532169514948,791.7941031542279,498.29670967332913
1106.0,1199.2941022702769,0.0,0,-93.29410227027688,93.29410227027688,0.0,0.0,0.0,0.18187795177834448,0.0,93.29410227027688,False,0.005286545994749758,0,0,211,0,0.0,0.0,1,,,0,True,False,False,1172.5,1439.2941022702769,-266.7941022702769,True,True,0,ML-Robust-MPC,1199.2941022702769,793.293023767661,497.49610526445593
1106.5,1197.609756162694,0.0,0,-91.10975616269411,91.10975616269411,0.0,0.0,0.0,0.18278181840694263,0.0,91.10975616269411,False,0.00393925800017314,0,0,212,0,0.0,0.0,1,,,0,True,False,False,1163.8414306640625,1437.609756162694,-273.7683254986316,True,True,0,ML-Robust-MPC,1197.609756162694,793.2490312270852,498.9933222019315
1098.0,1198.0,0.0,0,-100.0,100.0,0.0,0.0,0.0,0.18377388189900612,0.0,100.0,False,0.004323556000599638,0,0,213,0,0.0,0.0,1,,,0,True,False,False,1170.3570556640625,1438.0241553281162,-267.6670996640537,True,True,0,ML-Robust-MPC,1198.0241553281162,792.7438543838955,498.7764589829053
1096.0,766.7634124370081,0.0,0,329.2365875629919,0.0,329.2365875629919,0.0,0.0,0.18015478385166198,100.0,0.0,False,0.004101047998119611,0,0,214,0,0.0,0.0,1,,,0,True,False,False,1173.4168701171875,1438.5196539692415,-265.102783852054,True,True,0,ML-Robust-MPC,1198.5196539692415,793.9573238248664,498.6633463935422
1113.5,1200.9948380814426,0.0,0,-87.4948380814426,87.4948380814426,0.0,0.0,0.0,0.18102278819770803,0.0,87.4948380814426,False,0.004096433003724087,0,0,215,0,0.0,0.0,1,,,0,True,False,False,1171.872802734375,1440.9948380814426,-269.1220353470676,True,True,0,ML-Robust-MPC,1200.9948380814426,793.4986170978024,498.3294203925776
1134.0,1205.6322738772633,0.0,0,-71.63227387726329,71.63227387726329,0.0,0.0,0.0,0.1817334258353793,0.0,71.63227387726329,False,0.004273945996828843,0,0,216,0,0.0,0.0,1,,,0,True,False,False,1166.088134765625,1445.6322738772633,-279.5441391116383,True,True,0,ML-Robust-MPC,1205.6322738772633,790.5338061616096,498.4541884194326
1142.0,756.2403956327752,240.0,2,145.75960436722482,0.0,145.75960436722482,0.0,0.0,0.1801311789421899,0.0,0.0,False,0.004540991998510435,2,0,217,0,0.0,0.0,1,,,2,True,True,False,1157.0289306640625,996.2403956327752,160.78853503128732,True,True,0,ML-Robust-MPC,756.2403956327752,491.7504775912253,499.71352728278936
1150.0,752.6024861043617,300.0,2,97.39751389563833,0.0,97.39751389563833,0.0,0.0,0.17906054716652664,0.0,0.0,False,0.0043756509985541925,0,0,218,0,0.0,0.0,1,,,2,True,True,False,1151.46435546875,992.6024861043617,158.86186936438833,True,True,0,ML-Robust-MPC,752.6024861043617,495.2763365507445,499.1741154369286
1113.0,751.0392931410611,360.0,2,1.96070685893892,0.0,1.96070685893892,0.0,0.0,0.17903899430565803,0.0,0.0,False,0.006467783998232335,0,0,219,0,0.0,0.0,1,,,2,True,True,False,1150.0,991.0392931410611,158.96070685893892,True,True,0,ML-Robust-MPC,751.0392931410611,497.0359457329197,498.6327916359229
1083.5,748.5570960211459,351.56228874447913,2,-16.619384765625,16.619384765625,0.0,0.0,0.0,0.17920386915452335,0.0,16.619384765625,False,0.0042059280021931045,0,0,220,0,0.0,0.0,1,,,2,True,True,False,1144.73095703125,988.5570960211459,156.17386101010413,True,True,0,ML-Robust-MPC,748.5570960211459,496.7974365027615,497.8641802368592
1060.5,745.4068640848584,329.2127648213916,2,-14.11962890625,14.11962890625,0.0,0.0,0.0,0.1793439448381171,0.0,14.11962890625,False,0.005837568998686038,0,0,221,0,0.0,0.0,1,,,2,True,True,False,1150.6092529296875,985.4068640848584,165.2023888448291,True,True,0,ML-Robust-MPC,745.4068640848584,495.8984718895976,496.8955317616748
1050.5,746.8212389166338,318.3364759271162,2,-14.65771484375,14.65771484375,0.0,0.0,0.0,0.17948935867585272,0.0,14.65771484375,False,0.004291367993573658,0,0,222,0,0.0,0.0,1,,,2,True,True,False,1161.2322998046875,986.8212389166338,174.41106088805373,True,True,0,ML-Robust-MPC,746.8212389166338,494.64696616588265,496.641523606639
1082.5,747.5379709825821,334.9620290174179,2,0.0,0.0,0.0,0.0,0.0,0.17948935867585272,0.0,0.0,False,0.004500433999055531,0,0,223,0,0.0,0.0,1,,,2,True,True,False,1193.029541015625,987.5379709825821,205.49157003304288,True,True,0,ML-Robust-MPC,747.5379709825821,494.0227034016469,497.1023256813714
1069.0,745.7160385969279,377.5853530046346,2,-54.3013916015625,54.3013916015625,0.0,0.0,0.0,0.18002806295761425,0.0,54.3013916015625,False,0.004612477001501247,0,0,224,0,0.0,0.0,1,,,2,True,True,False,1215.58203125,985.7160385969279,229.8659926530721,True,True,0,ML-Robust-MPC,745.7160385969279,493.9407262838355,497.05958664102513
1116.5,748.642297171918,384.729773140582,2,-16.8720703125,16.8720703125,0.0,0.0,0.0,0.18019544460753986,0.0,16.8720703125,False,0.004458692994376179,0,0,225,0,0.0,0.0,1,,,2,True,True,False,1209.1663818359375,988.642297171918,220.52408466401948,True,True,0,ML-Robust-MPC,748.642297171918,492.5795966068303,497.2923005286405
1133.5,747.4583928451352,411.6150934829898,2,-25.573486328125,25.573486328125,0.0,0.0,0.0,0.18044914982904903,0.0,25.573486328125,False,0.004211542000120971,0,0,226,0,0.0,0.0,1,,,2,True,True,False,1211.2296142578125,987.4583928451352,223.77122141267728,True,True,0,ML-Robust-MPC,747.4583928451352,493.9783554551008,497.706041771268
1125.0,752.1840695988171,401.50001243243287,2,-28.68408203125,28.68408203125,0.0,0.0,0.0,0.1807337141349146,0.0,28.68408203125,False,0.004630909999832511,0,0,227,0,0.0,0.0,1,,,2,True,True,False,1207.0411376953125,992.1840695988171,214.85706809649537,True,True,0,ML-Robust-MPC,752.1840695988171,497.2106061059652,497.6235968523272
1123.0,756.0158244632074,372.2937458492926,2,-5.3095703125,5.3095703125,0.0,0.0,0.0,0.18078638844357034,0.0,5.3095703125,False,0.007425910000165459,0,0,228,0,0.0,0.0,1,,,2,True,True,False,1207.1378173828125,996.0158244632074,211.12199291960508,True,True,0,ML-Robust-MPC,756.0158244632074,496.8765836806103,496.44619747461866
1120.5,758.2090571487245,362.40520066377553,2,-0.1142578125,0.1142578125,0.0,0.0,0.0,0.18078752195361497,0.0,0.1142578125,False,0.004860640998231247,0,0,229,0,0.0,0.0,1,,,2,True,True,False,1213.107666015625,998.2090571487245,214.89860886690053,True,True,0,ML-Robust-MPC,758.2090571487245,496.32917771773504,496.993988608708
1097.0,759.0227966523863,357.7613830351137,2,-19.7841796875,19.7841796875,0.0,0.0,0.0,0.1809837935774989,0.0,19.7841796875,False,0.00717973499558866,0,0,230,0,0.0,0.0,1,,,2,True,True,False,1226.190673828125,999.0227966523863,227.16787717573868,True,True,0,ML-Robust-MPC,759.0227966523863,496.9065400851584,496.8137042423378
1107.5,762.9116649657459,351.5608692139416,2,-6.9725341796875,6.9725341796875,0.0,0.0,0.0,0.18105296554356723,0.0,6.9725341796875,False,0.007825928005331662,0,0,231,0,0.0,0.0,1,,,2,True,True,False,1227.3736572265625,1002.9116649657459,224.4619922608166,True,True,0,ML-Robust-MPC,762.9116649657459,498.16914582014266,496.6543370620681
1130.0,763.2967947059794,383.03023166120806,2,-16.3270263671875,16.3270263671875,0.0,0.0,0.0,0.18121494001149568,0.0,16.3270263671875,False,0.00800733999494696,0,0,232,0,0.0,0.0,1,,,2,True,True,False,1220.208984375,1003.2967947059794,216.91218966902056,True,True,0,ML-Robust-MPC,763.2967947059794,498.8757899564921,495.73085449505726
1134.5,761.5006105944784,417.2535397961467,2,-44.254150390625,44.254150390625,0.0,0.0,0.0,0.18165396928124394,0.0,44.254150390625,False,0.007468165997124743,0,0,233,0,0.0,0.0,1,,,2,True,True,False,1221.23779296875,1001.5006105944784,219.73718237427158,True,True,0,ML-Robust-MPC,761.5006105944784,498.9890496108122,496.08628727004645
1171.5,762.4794884551042,431.93286506052095,2,-22.912353515625,22.912353515625,0.0,0.0,0.0,0.181881274375645,0.0,22.912353515625,False,0.007369439998001326,0,0,234,0,0.0,0.0,1,,,2,True,True,False,1204.3260498046875,1002.4794884551042,201.84656134958334,True,True,0,ML-Robust-MPC,762.4794884551042,500.2202108957835,496.6468467054438
1199.0,759.6340106598944,453.50063289479317,2,-14.1346435546875,14.1346435546875,0.0,0.0,0.0,0.18202149901408435,0.0,14.1346435546875,False,0.007560620993899647,0,0,235,0,0.0,0.0,1,,,2,True,True,False,1205.1640625,999.6340106598944,205.53005184010556,True,True,0,ML-Robust-MPC,759.6340106598944,496.0697444106468,494.7790460651357
1178.0,758.6880557021718,445.8566220322032,2,-26.544677734375,26.544677734375,0.0,0.0,0.0,0.18228483907097298,0.0,26.544677734375,False,0.005932943997322582,0,0,236,0,0.0,0.0,1,,,2,True,True,False,1199.669189453125,998.6880557021718,200.98113375095318,True,True,0,ML-Robust-MPC,758.6880557021718,495.0722580606678,496.0898293007354
1198.0,758.4241285292982,439.5758714707017,2,0.0,0.0,0.0,0.0,0.0,0.18228483907097298,0.0,0.0,False,0.00859090800076956,0,0,237,0,0.0,0.0,1,,,2,True,True,False,1178.0,998.4241285292982,179.57587147070183,True,True,0,ML-Robust-MPC,758.4241285292982,496.6666580663055,495.1414397400043
1151.5,754.2590458764085,420.71068068609145,2,-23.4697265625,23.4697265625,0.0,0.0,0.0,0.18251767365988666,0.0,23.4697265625,False,0.006445965998864267,0,0,238,0,0.0,0.0,1,,,2,True,True,False,1198.0,994.2590458764085,203.74095412359145,True,True,0,ML-Robust-MPC,754.2590458764085,497.39977799874544,494.6636130326442
1122.0,754.9623099037764,384.0518502524736,2,-17.01416015625,17.01416015625,0.0,0.0,0.0,0.18268646493127802,0.0,17.01416015625,False,0.00864591700519668,0,0,239,0,0.0,0.0,1,,,2,True,True,False,1160.390380859375,994.9623099037764,165.42807095559863,True,True,0,ML-Robust-MPC,754.9623099037764,496.3382016010036,494.2528979809516
1083.0,755.6642793236058,368.1345488013942,2,-40.798828125,40.798828125,0.0,0.0,0.0,0.18309121521029587,0.0,40.798828125,False,0.007926573998702224,0,0,240,0,0.0,0.0,1,,,2,True,True,False,1161.2012939453125,995.6642793236058,165.5370146217067,True,True,0,ML-Robust-MPC,755.6642793236058,497.00766493213234,493.4269247633597
1119.5,754.2930094383888,365.2069905616112,2,0.0,0.0,0.0,0.0,0.0,0.18309121521029587,0.0,0.0,False,0.006551820995809976,0,0,241,0,0.0,0.0,1,,,2,True,True,False,1161.06103515625,994.2930094383888,166.76802571786118,True,True,0,ML-Robust-MPC,754.2930094383888,496.08432501296943,493.9546968503294
1116.0,752.4315645377027,393.2165067513598,2,-29.6480712890625,29.6480712890625,0.0,0.0,0.0,0.18338534290165562,0.0,29.6480712890625,False,0.007325371996557806,0,0,242,0,0.0,0.0,1,,,2,True,True,False,1178.930419921875,992.4315645377027,186.49885538417232,True,True,0,ML-Robust-MPC,752.4315645377027,494.8329521360856,496.6314562207621
1139.5,751.4157149492928,402.6255448163322,2,-14.541259765625,14.541259765625,0.0,0.0,0.0,0.1835296014310765,0.0,14.541259765625,False,0.005789187001937535,0,0,243,0,0.0,0.0,1,,,2,True,True,False,1185.8326416015625,991.4157149492928,194.4169266522697,True,True,0,ML-Robust-MPC,751.4157149492928,495.7106384670241,495.273867801838
1177.5,750.0827812517448,427.4172187482552,2,0.0,0.0,0.0,0.0,0.0,0.1835296014310765,0.0,0.0,False,0.008412836999923456,0,0,244,0,0.0,0.0,1,,,2,True,True,False,1178.911865234375,990.0827812517448,188.8290839826302,True,True,0,ML-Robust-MPC,750.0827812517448,492.2432506343641,496.37868577063534
1159.5,745.2618401804128,429.1502691945873,2,-14.912109375,14.912109375,0.0,0.0,0.0,0.18367753902408246,0.0,14.912109375,False,0.006206170000950806,0,0,245,0,0.0,0.0,1,,,2,True,True,False,1184.2681884765625,985.2618401804128,199.00634829614967,True,True,0,ML-Robust-MPC,745.2618401804128,492.4254959843317,496.836312734655
1126.0,743.3343523970333,407.5539532670292,2,-24.8883056640625,24.8883056640625,0.0,0.0,0.0,0.18392444681836878,0.0,24.8883056640625,False,0.006611180004256312,0,0,246,0,0.0,0.0,1,,,2,True,True,False,1188.018310546875,983.3343523970333,204.68395814984171,True,True,0,ML-Robust-MPC,743.3343523970333,493.7606971048356,496.6116014293322
1097.0,743.3674898415978,371.06500527558967,2,-17.4324951171875,17.4324951171875,0.0,0.0,0.0,0.18409738823818214,0.0,17.4324951171875,False,0.005244314001174644,0,0,247,0,0.0,0.0,1,,,2,True,True,False,1186.7557373046875,983.3674898415978,203.38824746308967,True,True,0,ML-Robust-MPC,743.3674898415978,494.58021200183225,497.31992581001526
1054.0,743.2433668880598,347.04069072912773,2,-36.2840576171875,36.2840576171875,0.0,0.0,0.0,0.18445734912724154,0.0,36.2840576171875,False,0.004858316999161616,0,0,248,0,0.0,0.0,1,,,2,True,True,False,1189.42724609375,983.2433668880598,206.18387920569023,True,True,0,ML-Robust-MPC,743.2433668880598,493.4936521081876,497.7564958517871
1095.0,743.9038025961846,351.0961974038154,2,0.0,0.0,0.0,0.0,0.0,0.18445734912724154,0.0,0.0,False,0.005254950003291015,0,0,249,0,0.0,0.0,1,,,2,True,True,False,1183.18408203125,983.9038025961846,199.28027943506538,True,True,0,ML-Robust-MPC,743.9038025961846,493.7452510182914,498.0633377293379
1128.5,743.7176177649844,384.7823822350156,2,0.0,0.0,0.0,0.0,0.0,0.18445734912724154,0.0,0.0,False,0.004760199000884313,0,0,250,0,0.0,0.0,1,,,2,True,True,False,1192.155029296875,983.7176177649844,208.43741153189058,True,True,0,ML-Robust-MPC,743.7176177649844,495.2940036357985,499.0152403719188
1106.5,743.9774344095699,416.9841134419926,2,-54.4615478515625,54.4615478515625,0.0,0.0,0.0,0.18499764226068957,0.0,54.4615478515625,False,0.005412849001004361,0,0,251,0,0.0,0.0,1,,,2,True,True,False,1206.1175537109375,983.9774344095699,222.14011930136758,True,True,0,ML-Robust-MPC,743.9774344095699,496.006201846107,498.41926519026873
1175.5,744.7145734768151,430.7854265231849,2,0.0,0.0,0.0,0.0,0.0,0.18499764226068957,0.0,0.0,False,0.005658696994942147,0,0,252,0,0.0,0.0,1,,,2,True,True,False,1197.84130859375,984.7145734768151,213.12673511693492,True,True,0,ML-Robust-MPC,744.7145734768151,495.0914220912644,498.3114373184407
1163.0,743.9736013109888,460.4508371655737,2,-41.4244384765625,41.4244384765625,0.0,0.0,0.0,0.18540859899160786,0.0,41.4244384765625,False,0.005497861995536368,0,0,253,0,0.0,0.0,1,,,2,True,True,False,1206.755126953125,983.9736013109888,222.78152564213622,True,True,0,ML-Robust-MPC,743.9736013109888,495.46500337355775,498.0853461362534
1177.0,741.4816362102645,438.60893996161053,2,-3.090576171875,3.090576171875,0.0,0.0,0.0,0.18543925946950343,0.0,3.090576171875,False,0.006608039999264292,0,0,254,0,0.0,0.0,1,,,2,True,True,False,1195.1175537109375,981.4816362102645,213.63591750067303,True,True,0,ML-Robust-MPC,741.4816362102645,495.4139416806005,499.1301634624171
1154.5,741.9821068635125,432.2713111052375,2,-19.75341796875,19.75341796875,0.0,0.0,0.0,0.18563522591760612,0.0,19.75341796875,False,0.0046245689954957925,0,0,255,0,0.0,0.0,1,,,2,True,True,False,1201.802001953125,981.9821068635125,219.8198950896125,True,True,0,ML-Robust-MPC,741.9821068635125,497.1208352427748,498.9848048549884
1146.0,741.5185824024118,404.48141759758835,2,0.0,0.0,0.0,0.0,0.0,0.18563522591760612,0.0,0.0,False,0.006546544005686883,0,0,256,0,0.0,0.0,1,,,2,True,True,False,1193.07080078125,981.5185824024118,211.55221837883823,True,True,0,ML-Robust-MPC,741.5185824024118,496.6809994660821,498.9043871762861
1117.5,744.6043597588277,389.90833555367226,2,-17.0126953125,17.0126953125,0.0,0.0,0.0,0.18580400265681743,0.0,17.0126953125,False,0.004474569999729283,0,0,257,0,0.0,0.0,1,,,2,True,True,False,1200.7188720703125,984.6043597588277,216.11451231148476,True,True,0,ML-Robust-MPC,744.6043597588277,499.1064240592444,500.0
1105.5,748.9862503776394,372.6264205207981,2,-16.1126708984375,16.1126708984375,0.0,0.0,0.0,0.18596385058239717,0.0,16.1126708984375,False,0.004606471004080959,0,0,258,0,0.0,0.0,1,,,2,True,True,False,1193.9736328125,988.9862503776394,204.9873824348606,True,True,0,ML-Robust-MPC,748.9862503776394,501.7789262046662,500.0
1121.0,747.0504396655838,387.0015622875412,2,-13.052001953125,13.052001953125,0.0,0.0,0.0,0.18609333472875753,0.0,13.052001953125,False,0.005810108996229246,0,0,259,0,0.0,0.0,1,,,2,True,True,False,1188.536865234375,987.0504396655838,201.48642556879122,True,True,0,ML-Robust-MPC,747.0504396655838,502.93710079265145,500.0
1139.5,745.9736019156536,418.7909244515339,2,-25.2645263671875,25.2645263671875,0.0,0.0,0.0,0.18634397487128915,0.0,25.2645263671875,False,0.004587593000906054,0,0,260,0,0.0,0.0,1,,,2,True,True,False,1189.7554931640625,985.9736019156536,203.7818912484089,True,True,0,ML-Robust-MPC,745.9736019156536,502.7078421170396,500.0
1164.0,747.1274551289234,443.12938080857657,2,-26.2568359375,26.2568359375,0.0,0.0,0.0,0.18660445935479608,0.0,26.2568359375,False,0.004405831998155918,0,0,261,0,0.0,0.0,1,,,2,True,True,False,1190.4627685546875,987.1274551289234,203.33531342576407,True,True,0,ML-Robust-MPC,747.1274551289234,502.2647093251006,500.0
1204.5,747.9184245678309,456.5815754321691,2,0.0,0.0,0.0,0.0,0.0,0.18660445935479608,0.0,0.0,False,0.006936475998372771,0,0,262,0,0.0,0.0,1,,,2,True,True,False,1191.83154296875,987.9184245678309,203.91311840091907,True,True,0,ML-Robust-MPC,747.9184245678309,502.6062585808058,500.0
1161.0,748.0285698136779,457.7106879988221,2,-44.7392578125,44.7392578125,0.0,0.0,0.0,0.18704830119817406,0.0,44.7392578125,False,0.004818295994482469,0,0,263,0,0.0,0.0,1,,,2,True,True,False,1204.5,988.0285698136779,216.4714301863221,True,True,0,ML-Robust-MPC,748.0285698136779,504.3201714778364,500.0
1136.5,746.9586302252746,411.71177993097535,2,-22.17041015625,22.17041015625,0.0,0.0,0.0,0.18726824574337494,0.0,22.17041015625,False,0.008815792003588285,0,0,264,0,0.0,0.0,1,,,2,True,True,False,1172.322998046875,986.9586302252746,185.36436782160035,True,True,0,ML-Robust-MPC,746.9586302252746,505.0014516844419,500.0
1154.5,743.6418230846984,410.85817691530156,2,0.0,0.0,0.0,0.0,0.0,0.18726824574337494,0.0,0.0,False,0.009125567994487938,0,0,265,0,0.0,0.0,1,,,2,True,True,False,1174.1787109375,983.6418230846984,190.53688785280156,True,True,0,ML-Robust-MPC,743.6418230846984,504.888759746208,500.0
1108.5,746.1799537396009,390.71433336977407,2,-28.394287109375,28.394287109375,0.0,0.0,0.0,0.18754993509961873,0.0,28.394287109375,False,0.004511080005613621,0,0,266,0,0.0,0.0,1,,,2,True,True,False,1182.558349609375,986.1799537396009,196.37839586977407,True,True,0,ML-Robust-MPC,746.1799537396009,506.2841637668562,500.0
1100.0,746.4781523246963,368.41418165967866,2,-14.892333984375,14.892333984375,0.0,0.0,0.0,0.18769767650819388,0.0,14.892333984375,False,0.005351080006221309,0,0,267,0,0.0,0.0,1,,,2,True,True,False,1184.80908203125,986.4781523246963,198.33092970655366,True,True,0,ML-Robust-MPC,746.4781523246963,504.7993147110676,500.0
1106.5,744.4796582984268,382.2351854515732,2,-20.21484375,20.21484375,0.0,0.0,0.0,0.1878982205930153,0.0,20.21484375,False,0.010726151995186228,0,0,268,0,0.0,0.0,1,,,2,True,True,False,1178.628662109375,984.4796582984268,194.14900381094822,True,True,0,ML-Robust-MPC,744.4796582984268,505.1690422976373,499.6357805381832
1144.0,747.1744423434141,406.47423929721094,2,-9.648681640625,9.648681640625,0.0,0.0,0.0,0.1879939416410374,0.0,9.648681640625,False,0.004731079003249761,0,0,269,0,0.0,0.0,1,,,2,True,True,False,1179.322265625,987.1744423434141,192.14782328158594,True,True,0,ML-Robust-MPC,747.1744423434141,505.9668367831984,500.0
1159.0,746.7703119939817,433.48286183414325,2,-21.253173828125,21.253173828125,0.0,0.0,0.0,0.188204786619491,0.0,21.253173828125,False,0.007261662001837976,0,0,270,0,0.0,0.0,1,,,2,True,True,False,1185.7825927734375,986.7703119939817,199.01228077945575,True,True,0,ML-Robust-MPC,746.7703119939817,506.9041971185059,500.0
1143.5,743.6287398922007,442.61479038123684,2,-42.7435302734375,42.7435302734375,0.0,0.0,0.0,0.18862882957855287,0.0,42.7435302734375,False,0.005274834002193529,0,0,271,0,0.0,0.0,1,,,2,True,True,False,1176.78369140625,983.6287398922007,193.15495151404934,True,True,0,ML-Robust-MPC,743.6287398922007,505.8147980617688,500.0
1172.5,740.6564605191192,431.84353948088085,2,0.0,0.0,0.0,0.0,0.0,0.18862882957855287,0.0,0.0,False,0.008168670006853063,0,0,272,0,0.0,0.0,1,,,2,True,True,False,1154.261962890625,980.6564605191192,173.60550237150585,True,True,0,ML-Robust-MPC,740.6564605191192,507.5534189917933,500.0
1142.0,743.1354178674325,414.97102744506753,2,-16.1064453125,16.1064453125,0.0,0.0,0.0,0.18878861574236735,0.0,16.1064453125,False,0.008506680002028588,0,0,273,0,0.0,0.0,1,,,2,True,True,False,1172.5,983.1354178674325,189.36458213256753,True,True,0,ML-Robust-MPC,743.1354178674325,507.716850545954,499.7639671200196
1078.0,740.9130326761931,385.4158247456819,2,-48.328857421875,48.328857421875,0.0,0.0,0.0,0.18926806869298118,0.0,48.328857421875,False,0.00874085100076627,0,0,274,0,0.0,0.0,1,,,2,True,True,False,1142.0,980.9130326761931,161.0869673238069,True,True,0,ML-Robust-MPC,740.9130326761931,506.7915268878672,500.0
1077.5,738.3091218056513,339.19087819434867,2,0.0,0.0,0.0,0.0,0.0,0.18926806869298118,0.0,0.0,False,0.008484121004585177,0,0,275,0,0.0,0.0,1,,,2,True,True,False,1119.891845703125,978.3091218056513,141.58272389747367,True,True,0,ML-Robust-MPC,738.3091218056513,506.19243776412384,500.0
1090.5,741.0510203192655,349.4489796807345,2,0.0,0.0,0.0,0.0,0.0,0.18926806869298118,0.0,0.0,False,0.009530559997074306,0,0,276,0,0.0,0.0,1,,,2,True,True,False,1125.944091796875,981.0510203192655,144.8930714776095,True,True,0,ML-Robust-MPC,741.0510203192655,507.3678173650078,500.0
1077.5,744.8794386097187,355.6403367809063,2,-23.019775390625,23.019775390625,0.0,0.0,0.0,0.1894964394805866,0.0,23.019775390625,False,0.007862453996494878,0,0,277,0,0.0,0.0,1,,,2,True,True,False,1169.3707275390625,984.8794386097187,184.4912889293438,True,True,0,ML-Robust-MPC,744.8794386097187,505.4701864656356,500.0
1103.0,744.1505265121226,376.5207381363149,2,-17.6712646484375,17.6712646484375,0.0,0.0,0.0,0.18967174964574965,0.0,17.6712646484375,False,0.006044811001629569,0,0,278,0,0.0,0.0,1,,,2,True,True,False,1189.05810546875,984.1505265121226,204.9075789566274,True,True,0,ML-Robust-MPC,744.1505265121226,505.6157332252354,500.0
1133.5,744.7231049638434,403.1976714033441,2,-14.4207763671875,14.4207763671875,0.0,0.0,0.0,0.18981481290336064,0.0,14.4207763671875,False,0.008420945996476803,0,0,279,0,0.0,0.0,1,,,2,True,True,False,1206.2998046875,984.7231049638434,221.5766997236566,True,True,0,ML-Robust-MPC,744.7231049638434,506.1395619801392,500.0
1117.5,745.0623895655182,407.3314092626068,2,-34.893798828125,34.893798828125,0.0,0.0,0.0,0.19016098154252853,0.0,34.893798828125,False,0.0074429150045034476,0,0,280,0,0.0,0.0,1,,,2,True,True,False,1195.8319091796875,985.0623895655182,210.76951961416933,True,True,0,ML-Robust-MPC,745.0623895655182,507.9454077017669,500.0
1126.5,743.0830045475061,386.9018587337439,2,-3.48486328125,3.48486328125,0.0,0.0,0.0,0.19019555359889015,0.0,3.48486328125,False,0.004659540005377494,0,0,281,0,0.0,0.0,1,,,2,True,True,False,1195.05810546875,983.0830045475061,211.9751009212439,True,True,0,ML-Robust-MPC,743.0830045475061,508.7903495581132,500.0
1090.0,745.2702893629098,376.8145495042777,2,-32.0848388671875,32.0848388671875,0.0,0.0,0.0,0.1905138555717789,0.0,32.0848388671875,False,0.00532155399559997,0,0,282,0,0.0,0.0,1,,,2,True,True,False,1202.51171875,985.2702893629098,217.2414293870902,True,True,0,ML-Robust-MPC,745.2702893629098,507.19050576352697,500.0
1088.0,746.7095282838937,341.29047171610625,2,0.0,0.0,0.0,0.0,0.0,0.1905138555717789,0.0,0.0,False,0.0051844120025634766,0,0,283,0,0.0,0.0,1,,,2,True,True,False,1202.0546875,986.7095282838937,215.34515921610625,True,True,0,ML-Robust-MPC,746.7095282838937,507.9794669704354,500.0
1055.0,746.1274593305579,337.64622231006706,2,-28.773681640625,28.773681640625,0.0,0.0,0.0,0.19079930876265813,0.0,28.773681640625,False,0.004789666003489401,0,0,284,0,0.0,0.0,1,,,2,True,True,False,1211.3553466796875,986.1274593305579,225.22788734912956,True,True,0,ML-Robust-MPC,746.1274593305579,506.5809979125253,500.0
1036.5,742.7359304078714,338.13003638900364,2,-44.365966796875,44.365966796875,0.0,0.0,0.0,0.19123944732215095,0.0,44.365966796875,False,0.00599838700145483,0,0,285,0,0.0,0.0,1,,,2,True,True,False,1201.3134765625,982.7359304078714,218.57754615462864,True,True,0,ML-Robust-MPC,742.7359304078714,509.6634391592155,500.0
1077.5,745.0423270149878,343.6131905631372,2,-11.155517578125,11.155517578125,0.0,0.0,0.0,0.19135011713939426,0.0,11.155517578125,False,0.004954406998876948,0,0,286,0,0.0,0.0,1,,,2,True,True,False,1192.1871337890625,985.0423270149878,207.1448067740747,True,True,0,ML-Robust-MPC,745.0423270149878,510.19698795270233,500.0
1081.0,747.8690559159053,390.4165886153447,2,-57.28564453125,57.28564453125,0.0,0.0,0.0,0.19191842710498205,0.0,57.28564453125,False,0.004635556004359387,0,0,287,0,0.0,0.0,1,,,2,True,True,False,1206.534912109375,987.8690559159053,218.66585619346972,True,True,0,ML-Robust-MPC,747.8690559159053,509.2388580704108,500.0
1171.0,744.6852553845603,426.31474461543974,2,0.0,0.0,0.0,0.0,0.0,0.19191842710498205,0.0,0.0,False,0.005215078002947848,0,0,288,0,0.0,0.0,1,,,2,True,True,False,1199.1556396484375,984.6852553845603,214.47038426387724,True,True,0,ML-Robust-MPC,744.6852553845603,511.0196097058434,500.0
1192.0,747.6077131236897,458.5181413684978,2,-14.1258544921875,14.1258544921875,0.0,0.0,0.0,0.19205856455034107,0.0,14.1258544921875,False,0.005174268000700977,0,0,289,0,0.0,0.0,1,,,2,True,True,False,1211.47412109375,987.6077131236897,223.86640797006032,True,True,0,ML-Robust-MPC,747.6077131236897,510.3371289382319,500.0
1196.0,745.982230839226,459.86237365296154,2,-9.8446044921875,9.8446044921875,0.0,0.0,0.0,0.1921562292774461,0.0,9.8446044921875,False,0.005016607996367384,0,0,290,0,0.0,0.0,1,,,2,True,True,False,1211.6868896484375,985.982230839226,225.70465880921154,True,True,0,ML-Robust-MPC,745.982230839226,508.7710021575724,500.0
1184.5,748.1173194754934,444.35265122763155,2,-7.969970703125,7.969970703125,0.0,0.0,0.0,0.19223529644711995,0.0,7.969970703125,False,0.006507505997433327,0,0,291,0,0.0,0.0,1,,,2,True,True,False,1218.91357421875,988.1173194754934,230.79625474325655,True,True,0,ML-Robust-MPC,748.1173194754934,509.772829529046,500.0
1141.5,746.6143973966128,425.92344440026216,2,-31.037841796875,31.037841796875,0.0,0.0,0.0,0.19254321154431117,0.0,31.037841796875,False,0.006116541997471359,0,0,292,0,0.0,0.0,1,,,2,True,True,False,1217.3040771484375,986.6143973966128,230.68967975182466,True,True,0,ML-Robust-MPC,746.6143973966128,509.43564177578907,500.0
1163.5,745.8990977328839,417.6009022671161,2,0.0,0.0,0.0,0.0,0.0,0.19254321154431117,0.0,0.0,False,0.00684845499927178,0,0,293,0,0.0,0.0,1,,,2,True,True,False,1212.6939697265625,985.8990977328839,226.7948719936786,True,True,0,ML-Robust-MPC,745.8990977328839,510.3252481723068,500.0
1142.0,741.5752376483765,417.406329734436,2,-16.9815673828125,16.9815673828125,0.0,0.0,0.0,0.19271167947469622,0.0,16.9815673828125,False,0.006734567999956198,0,0,294,0,0.0,0.0,1,,,2,True,True,False,1223.9881591796875,981.5752376483765,242.41292153131099,True,True,0,ML-Robust-MPC,741.5752376483765,508.37349236934864,500.0
1131.5,743.9640163172714,420.69479715929106,2,-33.1588134765625,33.1588134765625,0.0,0.0,0.0,0.19304063595759863,0.0,33.1588134765625,False,0.0053643159990315326,0,0,295,0,0.0,0.0,1,,,2,True,True,False,1213.194091796875,983.9640163172714,229.23007547960356,True,True,0,ML-Robust-MPC,743.9640163172714,505.6175699090968,500.0
1182.5,741.5137730741811,440.98622692581887,2,0.0,0.0,0.0,0.0,0.0,0.19304063595759863,0.0,0.0,False,0.005434815997432452,0,0,296,0,0.0,0.0,1,,,2,True,True,False,1203.802734375,981.5137730741811,222.28896130081887,True,True,0,ML-Robust-MPC,741.5137730741811,503.9026392411627,500.0
1202.5,742.1135745887075,469.8554195519175,2,-9.468994140625,9.468994140625,0.0,0.0,0.0,0.1931345743915334,0.0,9.468994140625,False,0.006290220997470897,0,0,297,0,0.0,0.0,1,,,2,True,True,False,1219.405517578125,982.1135745887075,237.29194298941752,True,True,0,ML-Robust-MPC,742.1135745887075,505.609716656515,500.0
1190.5,740.8992098668532,476.1453457972093,2,-26.5445556640625,26.5445556640625,0.0,0.0,0.0,0.19339791323740702,0.0,26.5445556640625,False,0.004680313999415375,0,0,298,0,0.0,0.0,1,,,2,True,True,False,1216.752197265625,980.8992098668532,235.8529873987718,True,True,0,ML-Robust-MPC,740.8992098668532,505.77044583433576,500.0
1175.0,741.8975329942311,450.52739376358136,2,-17.4249267578125,17.4249267578125,0.0,0.0,0.0,0.19357077957429009,0.0,17.4249267578125,False,0.007818594000127632,0,0,299,0,0.0,0.0,1,,,2,True,True,False,1190.7034912109375,981.8975329942311,208.80595821670636,True,True,0,ML-Robust-MPC,741.8975329942311,504.7888287941345,500.0
1168.5,740.6627376664302,427.8372623335698,2,0.0,0.0,0.0,0.0,0.0,0.19357077957429009,0.0,0.0,False,0.009213712000928354,0,0,300,0,0.0,0.0,1,,,2,True,True,False,1175.0,980.6627376664302,194.3372623335698,True,True,0,ML-Robust-MPC,740.6627376664302,502.39465320202254,499.6845317278974
1098.0,741.6279934987634,406.78313931373657,2,-50.4111328125,50.4111328125,0.0,0.0,0.0,0.19407089001885855,0.0,50.4111328125,False,0.008086393994744867,0,0,301,0,0.0,0.0,1,,,2,True,True,False,1170.3995361328125,981.6279934987634,188.77154263404907,True,True,0,ML-Robust-MPC,741.6279934987634,503.13537025651647,499.4390018155117
1093.5,739.6663117531299,356.6311735984326,2,-2.7974853515625,2.7974853515625,0.0,0.0,0.0,0.19409864284972722,0.0,2.7974853515625,False,0.004923821994452737,0,0,302,0,0.0,0.0,1,,,2,True,True,False,1163.07763671875,979.6663117531299,183.4113249656201,True,True,0,ML-Robust-MPC,739.6663117531299,502.7622927594478,497.8874324018912
1083.5,740.2854897497331,356.4933188440169,2,-13.27880859375,13.27880859375,0.0,0.0,0.0,0.1942303770619668,0.0,13.27880859375,False,0.0051195639971410856,0,0,303,0,0.0,0.0,1,,,2,True,True,False,1165.2572021484375,980.2854897497331,184.97171239870443,True,True,0,ML-Robust-MPC,740.2854897497331,500.1227069370496,499.17676253219867
1122.5,740.7992565344349,381.7007434655651,2,0.0,0.0,0.0,0.0,0.0,0.1942303770619668,0.0,0.0,False,0.004916571997455321,0,0,304,0,0.0,0.0,1,,,2,True,True,False,1165.140869140625,980.7992565344349,184.3416126061901,True,True,0,ML-Robust-MPC,740.7992565344349,499.71261061384456,498.9409647808229
1136.5,737.6707911820027,416.49363752893476,2,-17.6644287109375,17.6644287109375,0.0,0.0,0.0,0.19440561941028958,0.0,17.6644287109375,False,0.004619525003363378,0,0,305,0,0.0,0.0,1,,,2,True,True,False,1183.047607421875,977.6707911820027,205.37681623987226,True,True,0,ML-Robust-MPC,737.6707911820027,499.5556540461617,498.1740484120842
1176.5,740.9745409558706,435.74835943475443,2,-0.222900390625,0.222900390625,0.0,0.0,0.0,0.19440783072368864,0.0,0.222900390625,False,0.004807922006875742,0,0,306,0,0.0,0.0,1,,,2,True,True,False,1179.221435546875,980.9745409558706,198.24689459100443,True,True,0,ML-Robust-MPC,740.9745409558706,499.5254326816319,499.5456606555581
1142.5,742.6772283704041,452.4648614733459,2,-52.64208984375,52.64208984375,0.0,0.0,0.0,0.19493007367848775,0.0,52.64208984375,False,0.00447164400247857,0,0,307,0,0.0,0.0,1,,,2,True,True,False,1188.990234375,982.6772283704041,206.31300600459588,True,True,0,ML-Robust-MPC,742.6772283704041,499.151829600476,500.0
1164.0,743.5122955131283,420.48770448687173,2,0.0,0.0,0.0,0.0,0.0,0.19493007367848775,0.0,0.0,False,0.008032473997445777,0,0,308,0,0.0,0.0,1,,,2,True,True,False,1166.0277099609375,983.5122955131283,182.51541444780923,True,True,0,ML-Robust-MPC,743.5122955131283,498.9986747297745,500.0
1134.5,745.4091346149677,410.81693960378243,2,-21.72607421875,21.72607421875,0.0,0.0,0.0,0.19514561012907058,0.0,21.72607421875,False,0.00615918000403326,0,0,309,0,0.0,0.0,1,,,2,True,True,False,1170.5982666015625,985.4091346149677,185.18913198659482,True,True,0,ML-Robust-MPC,745.4091346149677,499.76099579265457,500.0
1107.0,745.9391253462916,375.0645367630834,2,-14.003662109375,14.003662109375,0.0,0.0,0.0,0.19528453534840962,0.0,14.003662109375,False,0.009731281999847852,0,0,310,0,0.0,0.0,1,,,2,True,True,False,1169.28369140625,985.9391253462916,183.34456605995842,True,True,0,ML-Robust-MPC,745.9391253462916,500.3985512482488,500.0
1096.0,747.1958729167427,353.9095958332573,2,-5.10546875,5.10546875,0.0,0.0,0.0,0.19533518483997708,0.0,5.10546875,False,0.005314440997608472,0,0,311,0,0.0,0.0,1,,,2,True,True,False,1167.1610107421875,987.1958729167427,179.9651378254448,True,True,0,ML-Robust-MPC,747.1958729167427,500.9726875717738,500.0
1131.0,750.9357849396815,380.0642150603185,2,0.0,0.0,0.0,0.0,0.0,0.19533518483997708,0.0,0.0,False,0.007892019995779265,0,0,312,0,0.0,0.0,1,,,2,True,True,False,1167.9671630859375,990.9357849396815,177.03137814625597,True,True,0,ML-Robust-MPC,750.9357849396815,501.18904896072064,500.0
1092.0,750.0765574801798,392.90037123075774,2,-50.9769287109375,50.9769287109375,0.0,0.0,0.0,0.19584090833909354,0.0,50.9769287109375,False,0.0050234759983140975,0,0,313,0,0.0,0.0,1,,,2,True,True,False,1186.908447265625,990.0765574801798,196.83188978544524,True,True,0,ML-Robust-MPC,750.0765574801798,502.2409623486847,499.0459628023919
1145.0,749.5479557899782,398.56422682720927,2,-3.1121826171875,3.1121826171875,0.0,0.0,0.0,0.195871783166645,0.0,3.1121826171875,False,0.004760329000419006,0,0,314,0,0.0,0.0,1,,,2,True,True,False,1188.686767578125,989.5479557899782,199.13881178814677,True,True,0,ML-Robust-MPC,749.5479557899782,501.7012247047557,497.5223471712093
1162.5,750.5769183597313,431.9273541012062,2,-20.0042724609375,20.0042724609375,0.0,0.0,0.0,0.19607023825058287,0.0,20.0042724609375,False,0.008494601999700535,0,0,315,0,0.0,0.0,1,,,2,True,True,False,1184.5224609375,990.5769183597313,193.94554257776872,True,True,0,ML-Robust-MPC,750.5769183597313,502.5491602252843,497.0609964039249
1179.0,752.0828568109572,432.4083541265427,2,-5.4912109375,5.4912109375,0.0,0.0,0.0,0.196124714549566,0.0,5.4912109375,False,0.005824330997711513,0,0,316,0,0.0,0.0,1,,,2,True,True,False,1189.9932861328125,992.0828568109572,197.9104293218553,True,True,0,ML-Robust-MPC,752.0828568109572,502.11530793170937,496.1800644833263
1191.5,753.4651243604765,438.03487563952353,2,0.0,0.0,0.0,0.0,0.0,0.196124714549566,0.0,0.0,False,0.005918661998293828,0,0,317,0,0.0,0.0,1,,,2,True,True,False,1186.8509521484375,993.4651243604765,193.38582778796103,True,True,0,ML-Robust-MPC,753.4651243604765,502.747002390256,497.49409004983335
1113.5,753.9997539208574,421.8909931494551,2,-62.3907470703125,62.3907470703125,0.0,0.0,0.0,0.19674367037367627,0.0,62.3907470703125,False,0.00491483600490028,0,0,318,0,0.0,0.0,1,,,2,True,True,False,1196.8046875,993.9997539208574,202.80493357914258,True,True,0,ML-Robust-MPC,753.9997539208574,500.6717779740476,498.46700492325385
1108.5,754.7790835497699,361.8909931494551,2,-8.170076699224865,8.170076699224865,0.0,0.0,0.0,0.19682472272188287,0.0,0.84716796875,False,0.008439122000709176,0,0,319,0,0.0,0.0,1,,,2,True,True,False,1181.36328125,994.7790835497699,186.5841977002301,True,True,0,ML-Robust-MPC,754.7790835497699,501.0923445684149,499.2053183770522
1082.0,754.8081664190973,346.17913826840265,2,-18.9873046875,18.9873046875,0.0,0.0,0.0,0.19701308883981442,0.0,18.9873046875,False,0.005232223993516527,0,0,320,0,0.0,0.0,1,,,2,True,True,False,1182.1920166015625,994.8081664190973,187.38385018246515,True,True,0,ML-Robust-MPC,754.8081664190973,504.68974397277697,498.5160484172691
1089.0,756.6845618709663,342.31665883215874,2,-10.001220703125,10.001220703125,0.0,0.0,0.0,0.1971123072991708,0.0,10.001220703125,False,0.008176716997695621,0,0,321,0,0.0,0.0,1,,,2,True,True,False,1178.512451171875,996.6845618709663,181.82788930090874,True,True,0,ML-Robust-MPC,756.6845618709663,503.720820799541,496.63516893989873
1097.5,754.6635988937825,368.91708958278,2,-26.0806884765625,26.0806884765625,0.0,0.0,0.0,0.1973710442880256,0.0,26.0806884765625,False,0.004549008997855708,0,0,322,0,0.0,0.0,1,,,2,True,True,False,1187.196533203125,994.6635988937825,192.53293430934252,True,True,0,ML-Robust-MPC,754.6635988937825,503.285716301276,495.7106528778241
1077.0,756.8718963153984,397.55168766897657,2,-77.423583984375,77.423583984375,0.0,0.0,0.0,0.1981391353989817,0.0,77.423583984375,False,0.005229567002970725,0,0,323,0,0.0,0.0,1,,,2,True,True,False,1181.9573974609375,996.8718963153984,185.08550114553907,True,True,0,ML-Robust-MPC,756.8718963153984,504.4041475920887,495.2577360667137
1051.5,754.2373674224577,397.26263257754226,2,-100.0,100.0,0.0,0.0,0.0,0.1991311988910452,0.0,100.0,False,0.0062590270026703365,0,0,324,0,0.0,0.0,1,,,2,True,True,False,1152.228271484375,995.0388810943327,157.18939039004226,True,True,0,ML-Robust-MPC,755.0388810943327,503.5311194931256,496.1071064946142
1124.0,754.8494225244074,369.1505774755926,2,0.0,0.0,0.0,0.0,0.0,0.1991311988910452,0.0,0.0,False,0.008723610997549258,0,0,325,0,0.0,0.0,1,,,2,True,True,False,1129.76611328125,994.8494225244074,134.91669075684263,True,True,0,ML-Robust-MPC,754.8494225244074,505.22392445782106,494.3805189906244
1182.0,752.300437760793,429.1505774755926,2,0.548984763614385,0.0,0.548984763614385,0.0,0.0,0.19912516423462767,0.0,0.0,False,0.008391685994865838,0,0,326,0,0.0,0.0,1,,,2,True,True,False,1145.58544921875,992.300437760793,153.285011457957,True,True,0,ML-Robust-MPC,752.300437760793,504.2261015608091,494.8218739059121
1168.0,751.066151984097,416.933848015903,2,0.0,0.0,0.0,0.0,0.0,0.19912516423462767,0.0,0.0,False,0.00802530899818521,0,0,327,0,0.0,0.0,1,,,2,True,True,False,1182.0,991.066151984097,190.93384801590298,True,True,0,ML-Robust-MPC,751.066151984097,505.6946603539509,492.5621403270866
1111.0,750.347462787071,401.5941876035539,2,-40.941650390625,40.941650390625,0.0,0.0,0.0,0.19953133140120133,0.0,40.941650390625,False,0.00933545899897581,0,0,328,0,0.0,0.0,1,,,2,True,True,False,1168.0,990.347462787071,177.65253721292902,True,True,0,ML-Robust-MPC,750.347462787071,503.70855526955006,491.7444399992764
1120.5,751.4770732431949,369.0229267568051,2,0.0,0.0,0.0,0.0,0.0,0.19953133140120133,0.0,0.0,False,0.006413511997379828,0,0,329,0,0.0,0.0,1,,,2,True,True,False,1159.973388671875,991.4770732431949,168.49631542868008,True,True,0,ML-Robust-MPC,751.4770732431949,504.534575257092,491.7228890935021
1092.5,747.5678433111552,369.42165864196977,2,-24.489501953125,24.489501953125,0.0,0.0,0.0,0.19977428280946646,0.0,24.489501953125,False,0.010106993002409581,0,0,330,0,0.0,0.0,1,,,2,True,True,False,1163.888427734375,987.5678433111552,176.32058442321977,True,True,0,ML-Robust-MPC,747.5678433111552,504.1401517729831,491.6429524673336
1111.0,744.3471868439196,371.22263737483036,2,-4.56982421875,4.56982421875,0.0,0.0,0.0,0.19981961836719217,0.0,4.56982421875,False,0.008311271994898561,0,0,331,0,0.0,0.0,1,,,2,True,True,False,1158.4599609375,984.3471868439196,174.11277409358036,True,True,0,ML-Robust-MPC,744.3471868439196,503.8689081526405,491.5969777737519
1128.5,745.120314593498,394.72319126587695,2,-11.343505859375,11.343505859375,0.0,0.0,0.0,0.19993215314754312,0.0,11.343505859375,False,0.008042412999202497,0,0,332,0,0.0,0.0,1,,,2,True,True,False,1165.362060546875,985.120314593498,180.24174595337695,True,True,0,ML-Robust-MPC,745.120314593498,504.17941257254506,490.6989830397862
1150.5,748.5090999584114,414.0634098072136,2,-12.072509765625,12.072509765625,0.0,0.0,0.0,0.20005192010950368,0.0,12.072509765625,False,0.007666122000955511,0,0,333,0,0.0,0.0,1,,,2,True,True,False,1172.4832763671875,988.5090999584114,183.9741764087761,True,True,0,ML-Robust-MPC,748.5090999584114,505.5955224993384,489.5320289830188
1135.5,747.9682766604922,427.28623994107033,2,-39.7545166015625,39.7545166015625,0.0,0.0,0.0,0.2004463101551541,0.0,39.7545166015625,False,0.006015154001943301,0,0,334,0,0.0,0.0,1,,,2,True,True,False,1173.7852783203125,987.9682766604922,185.81700165982033,True,True,0,ML-Robust-MPC,747.9682766604922,506.496075344621,489.4649199218947
1159.0,747.1070712537892,411.8929287462108,2,0.0,0.0,0.0,0.0,0.0,0.2004463101551541,0.0,0.0,False,0.00800095700105885,0,0,335,0,0.0,0.0,1,,,2,True,True,False,1141.9022216796875,987.1070712537892,154.79515042589833,True,True,0,ML-Robust-MPC,747.1070712537892,506.0812791322393,488.447694098784
1116.5,745.2797660187924,401.57985312183257,2,-30.359619140625,30.359619140625,0.0,0.0,0.0,0.20074749685297777,0.0,30.359619140625,False,0.007507886999519542,0,0,336,0,0.0,0.0,1,,,2,True,True,False,1159.0,985.2797660187924,173.72023398120757,True,True,0,ML-Robust-MPC,745.2797660187924,505.67142649206426,490.5249958365528
1076.5,742.0624851380276,364.08827169790993,2,-29.6507568359375,29.6507568359375,0.0,0.0,0.0,0.2010416511866676,0.0,29.6507568359375,False,0.008864540999638848,0,0,337,0,0.0,0.0,1,,,2,True,True,False,1158.611083984375,982.0624851380276,176.54859884634743,True,True,0,ML-Robust-MPC,742.0624851380276,502.87428592282254,491.1526407087754
1070.0,742.2956689563678,329.97593748894474,2,-2.2716064453125,2.2716064453125,0.0,0.0,0.0,0.20106418696489492,0.0,2.2716064453125,False,0.00781217600160744,0,0,338,0,0.0,0.0,1,,,2,True,True,False,1147.37841796875,982.2956689563678,165.08274901238224,True,True,0,ML-Robust-MPC,742.2956689563678,503.334754777607,491.8821806651644
1025.5,738.2546156792258,333.7058335395242,2,-46.46044921875,46.46044921875,0.0,0.0,0.0,0.20152510411984284,0.0,46.46044921875,False,0.006156720002763905,0,0,339,0,0.0,0.0,1,,,2,True,True,False,1173.952880859375,978.2546156792258,195.69826518014918,True,True,0,ML-Robust-MPC,738.2546156792258,505.4406563700114,489.7015179821526
1055.5,738.9044987539608,320.30631667572675,2,-3.7108154296875,3.7108154296875,0.0,0.0,0.0,0.20156191776497864,0.0,3.7108154296875,False,0.005987541000649799,0,0,340,0,0.0,0.0,1,,,2,True,True,False,1175.234375,978.9044987539608,196.32987624603925,True,True,0,ML-Robust-MPC,738.9044987539608,506.51322436323386,490.138433481801
1087.0,737.4718112126378,359.1546536311122,2,-9.62646484375,9.62646484375,0.0,0.0,0.0,0.2016574184082698,0.0,9.62646484375,False,0.006956912002351601,0,0,341,0,0.0,0.0,1,,,2,True,True,False,1199.67236328125,977.4718112126378,222.20055206861218,True,True,0,ML-Robust-MPC,737.4718112126378,507.184314778996,492.61536064434
1112.5,736.3251461476611,392.49199252421386,2,-16.317138671875,16.317138671875,0.0,0.0,0.0,0.20181929478398286,0.0,16.317138671875,False,0.006718712000292726,0,0,342,0,0.0,0.0,1,,,2,True,True,False,1210.5924072265625,976.3251461476611,234.26726107890136,True,True,0,ML-Robust-MPC,736.3251461476611,506.6019731824249,492.81521800569146
1145.5,735.5843323606523,417.7013121705977,2,-7.78564453125,7.78564453125,0.0,0.0,0.0,0.20189653332099922,0.0,7.78564453125,False,0.004665704000217374,0,0,343,0,0.0,0.0,1,,,2,True,True,False,1219.456787109375,975.5843323606523,243.8724547487227,True,True,0,ML-Robust-MPC,735.5843323606523,505.8904252655938,492.13671378514914
1169.5,737.0608817358147,432.43911826418525,2,0.0,0.0,0.0,0.0,0.0,0.20189653332099922,0.0,0.0,False,0.004775396999320947,0,0,344,0,0.0,0.0,1,,,2,True,True,False,1225.31884765625,977.0608817358147,248.25796592043525,True,True,0,ML-Robust-MPC,737.0608817358147,504.7728527481045,491.6564541792277
1148.0,739.4129242465256,426.97330622222444,2,-18.38623046875,18.38623046875,0.0,0.0,0.0,0.20207893640104635,0.0,18.38623046875,False,0.004780349998327438,0,0,345,0,0.0,0.0,1,,,2,True,True,False,1228.174072265625,979.4129242465256,248.76114801909944,True,True,0,ML-Robust-MPC,739.4129242465256,503.0040324674346,491.06265051185466
1129.5,740.8645427341403,402.6464435939847,2,-14.010986328125,14.010986328125,0.0,0.0,0.0,0.20221793428128568,0.0,14.010986328125,False,0.00464803799695801,0,0,346,0,0.0,0.0,1,,,2,True,True,False,1232.9332275390625,980.8645427341403,252.0686848049222,True,True,0,ML-Robust-MPC,740.8645427341403,503.0492449610787,491.5094026039782
1117.0,742.7667071503221,387.1477215606154,2,-12.9144287109375,12.9144287109375,0.0,0.0,0.0,0.20234605361373545,0.0,12.9144287109375,False,0.004949221998685971,0,0,347,0,0.0,0.0,1,,,2,True,True,False,1237.6292724609375,982.7667071503221,254.86256531061542,True,True,0,ML-Robust-MPC,742.7667071503221,502.6617652960515,492.0774492747029
1121.0,745.288057068975,379.33279254039996,2,-3.620849609375,3.620849609375,0.0,0.0,0.0,0.20238197474081257,0.0,3.620849609375,False,0.004681352998886723,0,0,348,0,0.0,0.0,1,,,2,True,True,False,1230.4227294921875,985.288057068975,245.13467242321246,True,True,0,ML-Robust-MPC,745.288057068975,503.22265208420487,491.53414957159015
1126.0,745.6282244249433,398.81232733286924,2,-18.4405517578125,18.4405517578125,0.0,0.0,0.0,0.2025649167225369,0.0,18.4405517578125,False,0.005728467003791593,0,0,349,0,0.0,0.0,1,,,2,True,True,False,1225.91748046875,985.6282244249433,240.28925604380674,True,True,0,ML-Robust-MPC,745.6282244249433,500.8534380971472,492.0687306998549
1164.0,749.1097638019005,422.7361834637245,2,-7.845947265625,7.845947265625,0.0,0.0,0.0,0.20264275350096572,0.0,7.845947265625,False,0.004985075996955857,0,0,350,0,0.0,0.0,1,,,2,True,True,False,1219.7952880859375,989.1097638019005,230.685524284037,True,True,0,ML-Robust-MPC,749.1097638019005,500.651548917942,493.2578003347881
1155.0,749.0127004365828,454.5882517118547,2,-48.6009521484375,48.6009521484375,0.0,0.0,0.0,0.20312490580402562,0.0,48.6009521484375,False,0.005252162001852412,0,0,351,0,0.0,0.0,1,,,2,True,True,False,1218.837890625,989.0127004365828,229.8251901884172,True,True,0,ML-Robust-MPC,749.0127004365828,498.06479661784033,492.61906137665005
1219.5,746.5881575386799,472.91184246132013,2,0.0,0.0,0.0,0.0,0.0,0.20312490580402562,0.0,0.0,False,0.005980877002002671,0,0,352,0,0.0,0.0,1,,,2,True,True,False,1198.8231201171875,986.5881575386799,212.23496257850763,True,True,0,ML-Robust-MPC,746.5881575386799,496.7140049241477,493.621301911933
1186.0,743.9723299862881,474.11824618558694,2,-32.090576171875,32.090576171875,0.0,0.0,0.0,0.20344326469461962,0.0,32.090576171875,False,0.005046293001214508,0,0,353,0,0.0,0.0,1,,,2,True,True,False,1219.5,983.9723299862881,235.52767001371194,True,True,0,ML-Robust-MPC,743.9723299862881,496.2723900895198,493.12875819161866
1158.0,742.0153074414067,437.08137224609345,2,-21.0966796875,21.0966796875,0.0,0.0,0.0,0.2036525571518369,0.0,21.0966796875,False,0.007691807004448492,0,0,354,0,0.0,0.0,1,,,2,True,True,False,1186.0,982.0153074414067,203.98469255859334,True,True,0,ML-Robust-MPC,742.0153074414067,495.8260453361904,494.20639325366005
1166.0,741.9432343657663,424.05676563423367,2,0.0,0.0,0.0,0.0,0.0,0.2036525571518369,0.0,0.0,False,0.006907757997396402,0,0,355,0,0.0,0.0,1,,,2,True,True,False,1166.2034912109375,981.9432343657663,184.26025684517117,True,True,0,ML-Robust-MPC,741.9432343657663,494.4051143763706,493.5394747431345
1142.0,741.7888032923801,401.72779827011993,2,-1.5166015625,1.5166015625,0.0,0.0,0.0,0.2036676028022585,0.0,1.5166015625,False,0.008247945996117778,0,0,356,0,0.0,0.0,1,,,2,True,True,False,1166.0,981.7888032923801,184.21119670761993,True,True,0,ML-Robust-MPC,741.7888032923801,493.0161788460856,494.3132229781926
1109.0,740.7385443031594,389.3888971030907,2,-21.12744140625,21.12744140625,0.0,0.0,0.0,0.20387720043525703,0.0,21.12744140625,False,0.00641996900230879,0,0,357,0,0.0,0.0,1,,,2,True,True,False,1168.326171875,980.7385443031594,187.58762757184059,True,True,0,ML-Robust-MPC,740.7385443031594,492.0821007826693,493.1225453456908
1105.0,740.0211990483039,380.10416716263364,2,-15.1253662109375,15.1253662109375,0.0,0.0,0.0,0.20402725367147664,0.0,15.1253662109375,False,0.004711186003987677,0,0,358,0,0.0,0.0,1,,,2,True,True,False,1169.3173828125,980.0211990483039,189.29618376419614,True,True,0,ML-Robust-MPC,740.0211990483039,491.0504115501467,493.2727938441528
1148.0,739.6772137823914,408.3227862176086,2,0.0,0.0,0.0,0.0,0.0,0.20402725367147664,0.0,0.0,False,0.004663938998419326,0,0,359,0,0.0,0.0,1,,,2,True,True,False,1164.78125,979.6772137823914,185.1040362176086,True,True,0,ML-Robust-MPC,739.6772137823914,490.6939262853364,493.01911149179256
