load_kw,grid_kw,generator_kw,generator_units_on,storage_kw,charge_kw,discharge_kw,unserved_kw,spill_kw,soc,grid_headroom_storage_preservation_kw,grid_headroom_storage_charge_kw,v15_generator_first_guard_active,decision_seconds,generator_startup_units,generator_shutdown_units,step,risk_level,risk_reserve_kw,applied_risk_reserve_kw,forecast_scenario_count,cvar_alpha,cvar_weight,minimum_committed_generator_units,low_soc_commitment_guard_evaluated,low_soc_commitment_guard_triggered,low_soc_commitment_reachability_truncated,low_soc_commitment_forecast_peak_kw,low_soc_single_unit_firm_supply_kw,low_soc_commitment_deficit_kw,generator_before_storage,supervisory_protection_active,supervisory_safe_exit_counter,selected_controller,grid_available_capacity_kw,generator_available_capacity_kw,storage_available_power_kw
1148.5,1128.5,120.0,1,-100.0,100.0,0.0,0.0,0.0,0.16702013835851237,0.0,100.0,False,0.005446054998174077,0,0,0,0,0.0,0.0,1,,,0,True,False,False,1189.60546875,1435.8049383081652,-246.19946955816522,True,True,0,ML-Robust-MPC,1195.8049383081652,800.5745321343167,494.96949191202754
1104.0,1084.0,120.0,1,-100.0,100.0,0.0,0.0,0.0,0.16801220185057586,0.0,100.0,False,0.00528949599902262,0,0,1,0,0.0,0.0,1,,,0,True,False,False,1173.469482421875,1436.434679312379,-262.9651968905041,True,True,0,ML-Robust-MPC,1196.434679312379,801.2977752431754,494.7113800478615
1107.5,1087.5,120.0,1,-100.0,100.0,0.0,0.0,0.0,0.16900426534263935,0.0,100.0,False,0.004301427001337288,0,0,2,0,0.0,0.0,1,,,0,True,False,False,1127.3194580078125,1433.466377504561,-306.1469194967485,True,True,0,ML-Robust-MPC,1193.466377504561,799.5603347231901,494.436775480281
1095.0,1195.0,0.0,0,-100.0,100.0,0.0,0.0,0.0,0.16999632883470284,0.0,100.0,False,0.004316819002269767,0,1,3,0,0.0,0.0,1,,,0,True,False,False,1144.10302734375,1436.9751306302187,-292.8721032864687,True,True,0,ML-Robust-MPC,1196.9751306302187,799.3179023647276,492.2733824189734
1075.0,780.9138888055238,0.0,0,294.08611119447625,0.0,294.08611119447625,0.0,0.0,0.16676361864701347,100.0,0.0,False,0.0041464120004093274,0,0,4,0,0.0,0.0,1,,,0,True,False,False,1179.84814453125,1436.7376018434716,-256.88945731222157,True,True,0,ML-Robust-MPC,1196.7376018434716,798.9789030987171,493.7282183370219
1070.0,767.579234838742,0.0,0,302.420765161258,0.0,302.420765161258,0.0,0.0,0.16343929066520305,100.0,0.0,False,0.004166710998106282,0,0,5,0,0.0,0.0,1,,,0,True,False,False,1153.865234375,1436.7675651978157,-282.90233082281566,True,True,0,ML-Robust-MPC,1196.7675651978157,796.9541900361777,493.7350288708183
1124.0,1197.298097409884,0.0,0,-73.2980974098839,73.2980974098839,0.0,0.0,0.0,0.16416645432998364,0.0,73.2980974098839,False,0.003938940000807634,0,0,6,0,0.0,0.0,1,,,0,True,False,False,1159.77392578125,1437.298097409884,-277.5241716286339,True,True,0,ML-Robust-MPC,1197.298097409884,794.9585202523648,493.2356851278101
1126.5,1193.9696468187583,0.0,0,-67.46964681875829,67.46964681875829,0.0,0.0,0.0,0.1648357960642967,0.0,67.46964681875829,False,0.0038486209996335674,0,0,7,0,0.0,0.0,1,,,0,True,False,False,1174.766357421875,1433.9696468187583,-259.2032893968833,True,True,0,ML-Robust-MPC,1193.9696468187583,795.4034176504347,494.65934624500886
1144.5,1194.900407049358,0.0,0,-50.40040704935791,50.40040704935791,0.0,0.0,0.0,0.16533580010248478,0.0,50.40040704935791,False,0.003980997997132363,0,0,8,0,0.0,0.0,1,,,0,True,False,False,1179.9627685546875,1434.900407049358,-254.9376384946704,True,True,0,ML-Robust-MPC,1194.900407049358,794.8741251877358,495.8898879659221
1135.5,824.932708041252,0.0,0,310.56729195874794,0.0,310.56729195874794,0.0,0.0,0.16192192229438176,100.0,0.0,False,0.004026049999083625,0,0,9,0,0.0,0.0,1,,,0,True,False,False,1173.146240234375,1436.9792563309366,-263.83301609656155,True,True,0,ML-Robust-MPC,1196.9792563309366,796.3418695690218,495.5918920832749
1105.5,1193.882703410559,0.0,0,-88.38270341055909,88.38270341055909,0.0,0.0,0.0,0.1627987348282167,0.0,88.38270341055909,False,0.003983034999691881,0,0,10,0,0.0,0.0,1,,,0,True,False,False,1191.08056640625,1433.882703410559,-242.8021370043091,True,True,0,ML-Robust-MPC,1193.882703410559,795.4793160250274,497.01685080617216
1094.0,1194.0,0.0,0,-100.0,100.0,0.0,0.0,0.0,0.16379079832028018,0.0,100.0,False,0.003732526001840597,0,0,11,0,0.0,0.0,1,,,0,True,False,False,1205.2745361328125,1434.0047356886428,-228.73019955583027,True,True,0,ML-Robust-MPC,1194.0047356886428,793.0700310958973,497.3057656071295
1067.5,1167.5,0.0,0,-100.0,100.0,0.0,0.0,0.0,0.16478286181234367,0.0,100.0,False,0.004335128000093391,0,0,12,0,0.0,0.0,1,,,0,True,False,False,1210.6209716796875,1432.079858849907,-221.45888717021944,True,True,0,ML-Robust-MPC,1192.079858849907,795.0773417187698,496.01821116926817
1083.0,1183.0,0.0,0,-100.0,100.0,0.0,0.0,0.0,0.16577492530440716,0.0,100.0,False,0.0041876630020851735,0,0,13,0,0.0,0.0,1,,,0,True,False,False,1210.2052001953125,1433.4466884297271,-223.24148823441465,True,True,0,ML-Robust-MPC,1193.4466884297271,796.1592796809003,494.9382935429512
1098.0,779.7268804726325,0.0,0,318.27311952736756,0.0,318.27311952736756,0.0,0.0,0.16227634200924637,100.0,0.0,False,0.003739468000276247,0,0,14,0,0.0,0.0,1,,,0,True,False,False,1202.0093994140625,1434.7367279258046,-232.72732851174214,True,True,0,ML-Robust-MPC,1194.7367279258046,795.7309461053566,494.4745830183564
1108.0,1195.2896040310015,0.0,0,-87.28960403100155,87.28960403100155,0.0,0.0,0.0,0.16314231030320472,0.0,87.28960403100155,False,0.004187257000012323,0,0,15,0,0.0,0.0,1,,,0,True,False,False,1199.4144287109375,1435.2896040310015,-235.87517532006405,True,True,0,ML-Robust-MPC,1195.2896040310015,796.7600713043244,495.62954646084927
1141.0,1195.611298130768,0.0,0,-54.61129813076809,54.61129813076809,0.0,0.0,0.0,0.16368408905450202,0.0,54.61129813076809,False,0.00410832399938954,0,0,16,0,0.0,0.0,1,,,0,True,False,False,1175.916748046875,1435.611298130768,-259.6945500838931,True,True,0,ML-Robust-MPC,1195.611298130768,796.5656682035107,496.7222761741282
1159.5,1195.7148599045945,0.0,0,-36.214859904594505,36.214859904594505,0.0,0.0,0.0,0.16404336345831744,0.0,36.214859904594505,False,0.004279018998204265,0,0,17,0,0.0,0.0,1,,,0,True,False,False,1178.2667236328125,1435.7148599045945,-257.448136271782,True,True,0,ML-Robust-MPC,1195.7148599045945,797.4127347018211,495.42608887637687
1131.5,1192.1201001137265,0.0,0,-60.620100113726494,60.620100113726494,0.0,0.0,0.0,0.16464475334039805,0.0,60.620100113726494,False,0.0039601060016138945,0,0,18,0,0.0,0.0,1,,,0,True,False,False,1182.817626953125,1432.1201001137265,-249.3024731606015,True,True,0,ML-Robust-MPC,1192.1201001137265,799.1706399572925,495.0963262028909
1097.5,1191.3358478569126,0.0,0,-93.83584785691255,93.83584785691255,0.0,0.0,0.0,0.1655756645294547,0.0,93.83584785691255,False,0.004212441999698058,0,0,19,0,0.0,0.0,1,,,0,True,False,False,1185.070556640625,1431.3358478569126,-246.26529121628755,True,True,0,ML-Robust-MPC,1191.3358478569126,800.9160569681429,495.5457243494537
1109.5,790.2988484817322,0.0,0,319.20115151826786,0.0,319.20115151826786,0.0,0.0,0.1620668799416885,100.0,0.0,False,0.004375041000457713,0,0,20,0,0.0,0.0,1,,,0,True,False,False,1173.3984375,1430.6825241389015,-257.2840866389015,True,True,0,ML-Robust-MPC,1190.6825241389015,801.9265796462961,496.9163549199975
1061.5,1161.5,0.0,0,-100.0,100.0,0.0,0.0,0.0,0.163058943433752,0.0,100.0,False,0.004282768000848591,0,0,21,0,0.0,0.0,1,,,0,True,False,False,1179.7393798828125,1432.1170015940995,-252.37762171128702,True,True,0,ML-Robust-MPC,1192.1170015940995,803.5957426821453,495.88284717825
1070.5,1170.5,0.0,0,-100.0,100.0,0.0,0.0,0.0,0.16405100692581548,0.0,100.0,False,0.0042810109989659395,0,0,22,0,0.0,0.0,1,,,0,True,False,False,1167.997314453125,1430.9571005346477,-262.9597860815227,True,True,0,ML-Robust-MPC,1190.9571005346477,803.280821199158,496.5428315451586
1088.0,1188.0,0.0,0,-100.0,100.0,0.0,0.0,0.0,0.16504307041787897,0.0,100.0,False,0.004327372000261676,0,0,23,0,0.0,0.0,1,,,0,True,False,False,1168.03271484375,1433.0241991524244,-264.99148430867444,True,True,0,ML-Robust-MPC,1193.0241991524244,802.9464736255545,496.11175788683727
1121.5,785.1812597656246,0.0,0,336.31874023437535,0.0,336.31874023437535,0.0,0.0,0.16134612256321626,100.0,0.0,False,0.00429043500116677,0,0,24,0,0.0,0.0,1,,,0,True,False,False,1164.3299560546875,1435.1381197567605,-270.808163702073,True,True,0,ML-Robust-MPC,1195.1381197567605,803.7257998912013,496.7668937098074
1163.0,1196.023699916174,0.0,0,-33.02369991617411,33.02369991617411,0.0,0.0,0.0,0.16167373863381324,0.0,33.02369991617411,False,0.004160126998613123,0,0,25,0,0.0,0.0,1,,,0,True,False,False,1175.7769775390625,1436.023699916174,-260.2467223771116,True,True,0,ML-Robust-MPC,1196.023699916174,802.2104753109269,496.87336428616806
1154.0,1195.787676832047,0.0,0,-41.787676832047055,41.787676832047055,0.0,0.0,0.0,0.16208829891984544,0.0,41.787676832047055,False,0.004143687998293899,0,0,26,0,0.0,0.0,1,,,0,True,False,False,1187.5494384765625,1435.787676832047,-248.23823835548455,True,True,0,ML-Robust-MPC,1195.787676832047,800.857322255219,498.3689293248127
1148.5,1199.5812915011395,0.0,0,-51.0812915011395,51.0812915011395,0.0,0.0,0.0,0.16259505776410277,0.0,51.0812915011395,False,0.004167265997239156,0,0,27,0,0.0,0.0,1,,,0,True,False,False,1165.2073974609375,1439.5812915011395,-274.373894040202,True,True,0,ML-Robust-MPC,1199.5812915011395,799.2636037014272,499.1651801533427
1167.0,1198.1729792819724,0.0,0,-31.172979281972403,31.172979281972403,0.0,0.0,0.0,0.16290431351094772,0.0,31.172979281972403,False,0.004580270000587916,0,0,28,0,0.0,0.0,1,,,0,True,False,False,1148.5,1438.1729792819724,-289.6729792819724,True,True,0,ML-Robust-MPC,1198.1729792819724,800.5863441944783,499.7904514034511
1084.0,1184.0,0.0,0,-100.0,100.0,0.0,0.0,0.0,0.1638963770030112,0.0,100.0,False,0.003934008000214817,0,0,29,0,0.0,0.0,1,,,0,True,False,False,1167.0,1442.511409415215,-275.511409415215,True,True,0,ML-Robust-MPC,1202.511409415215,797.961647244685,499.9749820512212
1106.5,1202.9709621183792,0.0,0,-96.47096211837925,96.47096211837925,0.0,0.0,0.0,0.16485343019863005,0.0,96.47096211837925,False,0.004212381998513592,0,0,30,0,0.0,0.0,1,,,0,True,False,False,1146.3775634765625,1442.9709621183792,-296.59339864181675,True,True,0,ML-Robust-MPC,1202.9709621183792,799.4887214099582,498.79490425410864
1079.0,1179.0,0.0,0,-100.0,100.0,0.0,0.0,0.0,0.16584549369069354,0.0,100.0,False,0.004037383001559647,0,0,31,0,0.0,0.0,1,,,0,True,False,False,1164.1470947265625,1445.064263036372,-280.91716830980954,True,True,0,ML-Robust-MPC,1205.064263036372,800.0771566595416,499.6260158149893
1109.0,758.7140966796871,0.0,0,350.28590332031285,0.0,350.28590332031285,0.0,0.0,0.16199501328660973,100.0,0.0,False,0.003937091001716908,0,0,32,0,0.0,0.0,1,,,0,True,False,False,1161.03271484375,1442.4969508701477,-281.46423602639766,True,True,0,ML-Robust-MPC,1202.4969508701477,801.2765214919827,500.0
1117.5,1204.420648123744,0.0,0,-86.92064812374406,86.92064812374406,0.0,0.0,0.0,0.16285732130371036,0.0,86.92064812374406,False,0.0041900329997588415,0,0,33,0,0.0,0.0,1,,,0,True,False,False,1203.6361083984375,1444.420648123744,-240.78453972530656,True,True,0,ML-Robust-MPC,1204.420648123744,799.5208814386776,500.0
1157.0,1203.5729291631376,0.0,0,-46.57292916313759,46.57292916313759,0.0,0.0,0.0,0.16331935433112243,0.0,46.57292916313759,False,0.0041190720003214665,0,0,34,0,0.0,0.0,1,,,0,True,False,False,1180.54345703125,1443.5729291631376,-263.0294721318876,True,True,0,ML-Robust-MPC,1203.5729291631376,799.2992404083797,500.0
1115.0,1201.1932566464102,0.0,0,-86.19325664641019,86.19325664641019,0.0,0.0,0.0,0.16417444616293206,0.0,86.19325664641019,False,0.004189311999653,0,0,35,0,0.0,0.0,1,,,0,True,False,False,1202.3087158203125,1441.1932566464102,-238.8845408260977,True,True,0,ML-Robust-MPC,1201.1932566464102,800.9141584147206,499.066380091682
1115.5,1201.460512611747,0.0,0,-85.96051261174694,85.96051261174694,0.0,0.0,0.0,0.16502722902614383,0.0,85.96051261174694,False,0.0044308590004220605,0,0,36,0,0.0,0.0,1,,,0,True,False,False,1184.031494140625,1441.460512611747,-257.42901847112194,True,True,0,ML-Robust-MPC,1201.460512611747,803.6199510873834,499.09289310554806
1102.0,759.8528906249996,0.0,0,342.14710937500035,0.0,342.14710937500035,0.0,0.0,0.16126621344580042,100.0,0.0,False,0.004065439003170468,0,0,37,0,0.0,0.0,1,,,0,True,False,False,1186.484619140625,1445.713532318993,-259.228913178368,True,True,0,ML-Robust-MPC,1205.713532318993,802.7919596597,500.0
1069.0,1169.0,0.0,0,-100.0,100.0,0.0,0.0,0.0,0.1622582769378639,0.0,100.0,False,0.004032116998132551,0,0,38,0,0.0,0.0,1,,,0,True,False,False,1183.9154052734375,1442.9410891170091,-259.02568384357164,True,True,0,ML-Robust-MPC,1202.9410891170091,799.8141588507451,499.1508010268351
1060.0,1160.0,0.0,0,-100.0,100.0,0.0,0.0,0.0,0.1632503404299274,0.0,100.0,False,0.004227892997732852,0,0,39,0,0.0,0.0,1,,,0,True,False,False,1181.567626953125,1442.3895694269756,-260.82194247385064,True,True,0,ML-Robust-MPC,1202.3895694269756,801.2136367769021,498.9591469678609
1052.0,1152.0,0.0,0,-100.0,100.0,0.0,0.0,0.0,0.16424240392199088,0.0,100.0,False,0.004840749999857508,0,0,40,0,0.0,0.0,1,,,0,True,False,False,1183.6370849609375,1445.9803978866637,-262.3433129257262,True,True,0,ML-Robust-MPC,1205.9803978866637,801.5307241879475,497.8258611500821
1050.5,1150.5,0.0,0,-100.0,100.0,0.0,0.0,0.0,0.16523446741405437,0.0,100.0,False,0.00456292799935909,0,0,41,0,0.0,0.0,1,,,0,True,False,False,1186.18115234375,1447.748930086942,-261.567777743192,True,True,0,ML-Robust-MPC,1207.748930086942,801.8915807333302,498.930130153426
1068.5,859.7236221695869,0.0,0,208.77637783041314,0.0,208.77637783041314,0.0,0.0,0.16293951536473794,100.0,0.0,False,0.004463941000722116,0,0,42,0,0.0,0.0,1,,,0,True,False,False,1234.1314697265625,1447.5035387038884,-213.37206897732585,True,True,0,ML-Robust-MPC,1207.5035387038884,799.4695670751489,497.91114086089584
1129.5,1208.1120140317544,0.0,0,-78.61201403175437,78.61201403175437,0.0,0.0,0.0,0.1637193964563228,0.0,78.61201403175437,False,0.004297400999348611,0,0,43,0,0.0,0.0,1,,,0,True,False,False,1197.9622802734375,1448.1120140317544,-250.14973375831687,True,True,0,ML-Robust-MPC,1208.1120140317544,798.9896855069848,498.52185898057553
1141.0,1209.7226343394198,0.0,0,-68.72263433941976,68.72263433941976,0.0,0.0,0.0,0.16440116862238846,0.0,68.72263433941976,False,0.004077138000866398,0,0,44,0,0.0,0.0,1,,,0,True,False,False,1201.95947265625,1449.7226343394198,-247.76316168316976,True,True,0,ML-Robust-MPC,1209.7226343394198,798.8004669932642,499.5192540679676
1112.5,1211.9563760020685,0.0,0,-99.45637600206851,99.45637600206851,0.0,0.0,0.0,0.16538783901923437,0.0,99.45637600206851,False,0.004097257999092108,0,0,45,0,0.0,0.0,1,,,0,True,False,False,1182.476318359375,1451.9563760020685,-269.4800576426935,True,True,0,ML-Robust-MPC,1211.9563760020685,798.7454704467104,500.0
1149.0,794.1399999999996,0.0,0,354.86000000000035,0.0,354.86000000000035,0.0,0.0,0.1614870783456205,100.0,0.0,False,0.004125063001993112,0,0,46,0,0.0,0.0,1,,,0,True,False,False,1177.7293701171875,1450.3070413582411,-272.5776712410536,True,True,0,ML-Robust-MPC,1210.3070413582411,802.2398701027447,500.0
1136.0,1208.805132219312,0.0,0,-72.8051322193121,72.8051322193121,0.0,0.0,0.0,0.16220935148271687,0.0,72.8051322193121,False,0.004265460000169696,0,0,47,0,0.0,0.0,1,,,0,True,False,False,1191.754150390625,1448.805132219312,-257.0509818286871,True,True,0,ML-Robust-MPC,1208.805132219312,799.6717522915953,500.0
1081.0,1181.0,0.0,0,-100.0,100.0,0.0,0.0,0.0,0.16320141497478036,0.0,100.0,False,0.0037606539990520105,0,0,48,0,0.0,0.0,1,,,0,True,False,False,1204.202392578125,1448.2630285781345,-244.06063600000948,True,True,0,ML-Robust-MPC,1208.2630285781345,798.6261049015794,500.0
1108.5,1205.0390990209585,0.0,0,-96.53909902095847,96.53909902095847,0.0,0.0,0.0,0.1641591441317343,0.0,96.53909902095847,False,0.0040735469992796425,0,0,49,0,0.0,0.0,1,,,0,True,False,False,1192.4085693359375,1445.0390990209585,-252.63052968502097,True,True,0,ML-Robust-MPC,1205.0390990209585,796.0421791841055,500.0
1158.0,1204.9996416293684,0.0,0,-46.9996416293684,46.9996416293684,0.0,0.0,0.0,0.16462541041773993,0.0,46.9996416293684,False,0.0041386709999642335,0,0,50,0,0.0,0.0,1,,,0,True,False,False,1196.1458740234375,1444.9996416293684,-248.8537676059309,True,True,0,ML-Robust-MPC,1204.9996416293684,792.8234953251763,500.0
1162.0,1206.7607629240574,0.0,0,-44.76076292405742,44.76076292405742,0.0,0.0,0.0,0.16506946560547858,0.0,44.76076292405742,False,0.004154235000896733,0,0,51,0,0.0,0.0,1,,,0,True,False,False,1213.2821044921875,1446.7607629240574,-233.47865843186992,True,True,0,ML-Robust-MPC,1206.7607629240574,791.8233706964073,500.0
1184.0,850.1750685095947,0.0,0,333.82493149040533,0.0,333.82493149040533,0.0,0.0,0.16139993067725444,100.0,0.0,False,0.003830714998912299,0,0,52,0,0.0,0.0,1,,,0,True,False,False,1198.5859375,1446.4643211388425,-247.87838363884248,True,True,0,ML-Robust-MPC,1206.4643211388425,792.9388849678736,499.58631893371705
1200.0,1206.1738867534968,0.0,0,-6.173886753496845,6.173886753496845,0.0,0.0,0.0,0.16146117955377723,0.0,6.173886753496845,False,0.004253431998222368,0,0,53,0,0.0,0.0,1,,,0,True,False,False,1203.32080078125,1446.1738867534968,-242.85308597224684,True,True,0,ML-Robust-MPC,1206.1738867534968,791.4910393060854,499.6079014562597
1189.0,1205.5194411401958,0.0,0,-16.519441140195795,16.519441140195795,0.0,0.0,0.0,0.16162506289842202,0.0,16.519441140195795,False,0.0041472840021015145,0,0,54,0,0.0,0.0,1,,,0,True,False,False,1200.0,1445.5194411401958,-245.5194411401958,True,True,0,ML-Robust-MPC,1205.5194411401958,789.5722346880882,497.4846931812188
1148.5,1205.0523669738989,0.0,0,-56.55236697389887,56.55236697389887,0.0,0.0,0.0,0.16218609828506783,0.0,56.55236697389887,False,0.004427227999258321,0,0,55,0,0.0,0.0,1,,,0,True,False,False,1189.0,1445.0523669738989,-256.05236697389887,True,True,0,ML-Robust-MPC,1205.0523669738989,791.1169569683949,498.4204967500737
1153.0,1204.953524889551,0.0,0,-51.95352488955109,51.95352488955109,0.0,0.0,0.0,0.16270151023833718,0.0,51.95352488955109,False,0.004113547001907136,0,0,56,0,0.0,0.0,1,,,0,True,False,False,1166.291015625,1444.953524889551,-278.6625092645511,True,True,0,ML-Robust-MPC,1204.953524889551,793.3588429292208,497.79623568615153
1099.5,1199.5,0.0,0,-100.0,100.0,0.0,0.0,0.0,0.16369357373040067,0.0,100.0,False,0.004195397999865236,0,0,57,0,0.0,0.0,1,,,0,True,False,False,1197.533447265625,1446.982576127747,-249.44912886212205,True,True,0,ML-Robust-MPC,1206.982576127747,795.2150423862795,496.3852126773098
1105.5,1203.652833548468,0.0,0,-98.15283354846792,98.15283354846792,0.0,0.0,0.0,0.16466731215846087,0.0,98.15283354846792,False,0.00400308400276117,0,0,58,0,0.0,0.0,1,,,0,True,False,False,1183.2974853515625,1443.652833548468,-260.3553481969054,True,True,0,ML-Robust-MPC,1203.652833548468,794.4098054865459,497.189315217628
1104.0,1202.4481733749576,0.0,0,-98.4481733749576,98.4481733749576,0.0,0.0,0.0,0.1656439805451172,0.0,98.4481733749576,False,0.0039696029998594895,0,0,59,0,0.0,0.0,1,,,0,True,False,False,1193.73681640625,1442.4481733749576,-248.7113569687076,True,True,0,ML-Robust-MPC,1202.4481733749576,793.0489694823061,496.70193078619184
1126.5,792.1951757812496,0.0,0,334.30482421875035,0.0,334.30482421875035,0.0,0.0,0.16196917044729864,100.0,0.0,False,0.003931982999347383,0,0,60,0,0.0,0.0,1,,,0,True,False,False,1169.6214599609375,1443.4970064948957,-273.8755465339582,True,True,0,ML-Robust-MPC,1203.4970064948957,794.0436311235053,496.2507212793437
1151.5,1205.4901284421458,0.0,0,-53.99012844214576,53.99012844214576,0.0,0.0,0.0,0.16250478680089137,0.0,53.99012844214576,False,0.004385190000903094,0,0,61,0,0.0,0.0,1,,,0,True,False,False,1168.68701171875,1445.4901284421458,-276.80311672339576,True,True,0,ML-Robust-MPC,1205.4901284421458,795.576755958796,497.5859707902807
1162.0,1204.2866090555688,0.0,0,-42.28660905556876,42.28660905556876,0.0,0.0,0.0,0.16292429681136328,0.0,42.28660905556876,False,0.0040852519996406045,0,0,62,0,0.0,0.0,1,,,0,True,False,False,1168.9527587890625,1444.2866090555688,-275.33385026650626,True,True,0,ML-Robust-MPC,1204.2866090555688,795.5621385035871,497.7110988665928
1132.0,1203.3658748742248,0.0,0,-71.3658748742248,71.3658748742248,0.0,0.0,0.0,0.16363229160178216,0.0,71.3658748742248,False,0.0037405139992188197,0,0,63,0,0.0,0.0,1,,,0,True,False,False,1164.9471435546875,1443.3658748742248,-278.4187313195373,True,True,0,ML-Robust-MPC,1203.3658748742248,795.6777146970911,497.1828074673277
1135.5,1205.0742688158518,0.0,0,-69.57426881585184,69.57426881585184,0.0,0.0,0.0,0.16432251252257435,0.0,69.57426881585184,False,0.003999920001660939,0,0,64,0,0.0,0.0,1,,,0,True,False,False,1160.2088623046875,1445.0742688158518,-284.86540651116434,True,True,0,ML-Robust-MPC,1205.0742688158518,797.4194945720694,494.14577641160673
1101.5,1201.5,0.0,0,-100.0,100.0,0.0,0.0,0.0,0.16531457601463784,0.0,100.0,False,0.0036555660008161794,0,0,65,0,0.0,0.0,1,,,0,True,False,False,1152.10498046875,1445.9735327437506,-293.86855227500064,True,True,0,ML-Robust-MPC,1205.9735327437506,797.876954511326,494.25171475251216
1048.0,744.2917333984371,0.0,0,303.70826660156285,0.0,303.70826660156285,0.0,0.0,0.16197609531066778,100.0,0.0,False,0.004189167000731686,0,0,66,0,0.0,0.0,1,,,0,True,False,False,1156.619873046875,1446.951770102099,-290.3318970552241,True,True,0,ML-Robust-MPC,1206.951770102099,797.6759003931303,494.4080015546979
1072.5,1172.5,0.0,0,-100.0,100.0,0.0,0.0,0.0,0.16296815880273127,0.0,100.0,False,0.004298116000427399,0,0,67,0,0.0,0.0,1,,,0,True,False,False,1135.958251953125,1449.5595877343326,-313.6013357812076,True,True,0,ML-Robust-MPC,1209.5595877343326,797.1815045762503,496.0427958352118
1073.0,1173.0,0.0,0,-100.0,100.0,0.0,0.0,0.0,0.16396022229479476,0.0,100.0,False,0.0040870750017347746,0,0,68,0,0.0,0.0,1,,,0,True,False,False,1144.8900146484375,1453.324085620211,-308.4340709717735,True,True,0,ML-Robust-MPC,1213.324085620211,798.9892296558122,496.0986953805137
1072.5,1172.5,0.0,0,-100.0,100.0,0.0,0.0,0.0,0.16495228578685825,0.0,100.0,False,0.004178942002909025,0,0,69,0,0.0,0.0,1,,,0,True,False,False,1162.21484375,1454.049979495297,-291.83513574529707,True,True,0,ML-Robust-MPC,1214.049979495297,798.2564977545774,495.8646138548123
1109.0,763.0850683593746,0.0,0,345.91493164062535,0.0,345.91493164062535,0.0,0.0,0.16114985282242275,100.0,0.0,False,0.004176160000497475,0,0,70,0,0.0,0.0,1,,,0,True,False,False,1154.4600830078125,1455.3493537813144,-300.88927077350195,True,True,0,ML-Robust-MPC,1215.3493537813144,798.0615982719156,495.1936211390731
1130.0,1218.671835341475,0.0,0,-88.67183534147489,88.67183534147489,0.0,0.0,0.0,0.16202953372858817,0.0,88.67183534147489,False,0.004246791999321431,0,0,71,0,0.0,0.0,1,,,0,True,False,False,1157.5880126953125,1458.671835341475,-301.0838226461624,True,True,0,ML-Robust-MPC,1218.671835341475,796.7454658604681,495.68959128767153
1124.0,1217.8842177369293,0.0,0,-93.88421773692926,93.88421773692926,0.0,0.0,0.0,0.16296092477756563,0.0,93.88421773692926,False,0.004203855998639483,0,0,72,0,0.0,0.0,1,,,0,True,False,False,1157.23486328125,1457.8842177369293,-300.64935445567926,True,True,0,ML-Robust-MPC,1217.8842177369293,798.6500128336252,495.6193445699968
1093.5,1193.5,0.0,0,-100.0,100.0,0.0,0.0,0.0,0.16395298826962912,0.0,100.0,False,0.003973061000579037,0,0,73,0,0.0,0.0,1,,,0,True,False,False,1154.8992919921875,1451.715935514434,-296.8166435222465,True,True,0,ML-Robust-MPC,1211.715935514434,799.768237746659,495.9859572392896
1077.5,1177.5,0.0,0,-100.0,100.0,0.0,0.0,0.0,0.1649450517616926,0.0,100.0,False,0.004178911996859824,0,0,74,0,0.0,0.0,1,,,0,True,False,False,1149.21484375,1451.1046707825233,-301.88982703252327,True,True,0,ML-Robust-MPC,1211.1046707825233,800.7829076897428,495.1845173840536
1055.0,720.6338964843746,0.0,0,334.36610351562535,0.0,334.36610351562535,0.0,0.0,0.16126956805774387,100.0,0.0,False,0.003981245998147642,0,0,75,0,0.0,0.0,1,,,0,True,False,False,1149.6529541015625,1449.6223414987314,-299.96938739716893,True,True,0,ML-Robust-MPC,1209.6223414987314,800.1235645738299,492.6880741547249
1035.0,1135.0,0.0,0,-100.0,100.0,0.0,0.0,0.0,0.16226163154980736,0.0,100.0,False,0.0044253260020923335,0,0,76,0,0.0,0.0,1,,,0,True,False,False,1153.511962890625,1450.9448529077597,-297.4328900171347,True,True,0,ML-Robust-MPC,1210.9448529077597,799.2315839194398,491.5756617370408
1037.5,1137.5,0.0,0,-100.0,100.0,0.0,0.0,0.0,0.16325369504187084,0.0,100.0,False,0.0038930470000195783,0,0,77,0,0.0,0.0,1,,,0,True,False,False,1174.0689697265625,1452.120950441361,-278.05198071479845,True,True,0,ML-Robust-MPC,1212.120950441361,800.5734367065937,493.8330543347982
1092.0,1192.0,0.0,0,-100.0,100.0,0.0,0.0,0.0,0.16424575853393433,0.0,100.0,False,0.0039085179996618535,0,0,78,0,0.0,0.0,1,,,0,True,False,False,1175.4052734375,1451.9738272110965,-276.5685537735965,True,True,0,ML-Robust-MPC,1211.9738272110965,802.0556875449819,493.7274661854602
1119.0,1210.9623203534975,0.0,0,-91.96232035349749,91.96232035349749,0.0,0.0,0.0,0.16515808314061586,0.0,91.96232035349749,False,0.004245996999088675,0,0,79,0,0.0,0.0,1,,,0,True,False,False,1175.3131103515625,1450.9623203534975,-275.649210001935,True,True,0,ML-Robust-MPC,1210.9623203534975,803.5656347621521,493.487759620687
1132.5,793.2123876953121,0.0,0,339.28761230468785,0.0,339.28761230468785,0.0,0.0,0.16142850027660618,100.0,0.0,False,0.004097354001714848,0,0,80,0,0.0,0.0,1,,,0,True,False,False,1169.04150390625,1449.0417131721597,-280.0002092659097,True,True,0,ML-Robust-MPC,1209.0417131721597,803.6990629743495,493.8586234491224
1160.0,1203.8335617183473,0.0,0,-43.833561718347255,43.833561718347255,0.0,0.0,0.0,0.16186335703968502,0.0,43.833561718347255,False,0.004347457001131261,0,0,81,0,0.0,0.0,1,,,0,True,False,False,1172.52392578125,1443.8335617183473,-271.30963593709726,True,True,0,ML-Robust-MPC,1203.8335617183473,805.189718575678,494.64977510098487
1103.0,1202.2025258338542,0.0,0,-99.20252583385422,99.20252583385422,0.0,0.0,0.0,0.16284750908168755,0.0,99.20252583385422,False,0.00421375100268051,0,0,82,0,0.0,0.0,1,,,0,True,False,False,1182.965576171875,1442.2025258338542,-259.2369496619792,True,True,0,ML-Robust-MPC,1202.2025258338542,803.120732896906,495.9986111076535
1094.5,1194.5,0.0,0,-100.0,100.0,0.0,0.0,0.0,0.16383957257375104,0.0,100.0,False,0.004122935002669692,0,0,83,0,0.0,0.0,1,,,0,True,False,False,1179.1097412109375,1438.9300901261154,-259.8203489151779,True,True,0,ML-Robust-MPC,1198.9300901261154,799.9029316982909,496.0221531015968
1100.0,1199.5916151600557,0.0,0,-99.59161516005565,99.59161516005565,0.0,0.0,0.0,0.1648275846289103,0.0,99.59161516005565,False,0.004048255002999213,0,0,84,0,0.0,0.0,1,,,0,True,False,False,1188.182373046875,1439.5916151600557,-251.40924211318065,True,True,0,ML-Robust-MPC,1199.5916151600557,798.9022154239516,496.6736770488238
1084.5,1184.5,0.0,0,-100.0,100.0,0.0,0.0,0.0,0.1658196481209738,0.0,100.0,False,0.004180217998509761,0,0,85,0,0.0,0.0,1,,,0,True,False,False,1197.2900390625,1441.6436905006185,-244.3536514381185,True,True,0,ML-Robust-MPC,1201.6436905006185,797.9145657426964,499.0511521922544
1074.5,771.0254708496461,0.0,0,303.4745291503539,0.0,303.4745291503539,0.0,0.0,0.16248373675098793,100.0,0.0,False,0.004191174997686176,0,0,86,0,0.0,0.0,1,,,0,True,False,False,1180.9754638671875,1442.2732205566035,-261.297756689416,True,True,0,ML-Robust-MPC,1202.2732205566035,795.5604395995277,500.0
1105.0,1202.2320172626437,0.0,0,-97.2320172626437,97.2320172626437,0.0,0.0,0.0,0.1634483400968475,0.0,97.2320172626437,False,0.004240922997269081,0,0,87,0,0.0,0.0,1,,,0,True,False,False,1163.773193359375,1442.2320172626437,-278.4588239032687,True,True,0,ML-Robust-MPC,1202.2320172626437,795.55594084934,500.0
1150.0,1203.194216337576,0.0,0,-53.19421633757611,53.19421633757611,0.0,0.0,0.0,0.16397606049702187,0.0,53.19421633757611,False,0.004238133002218092,0,0,88,0,0.0,0.0,1,,,0,True,False,False,1153.920166015625,1443.194216337576,-289.2740503219511,True,True,0,ML-Robust-MPC,1203.194216337576,794.146786895796,500.0
1159.5,1197.094964637683,0.0,0,-37.594964637683006,37.594964637683006,0.0,0.0,0.0,0.1643490264160465,0.0,37.594964637683006,False,0.004208605001622345,0,0,89,0,0.0,0.0,1,,,0,True,False,False,1163.1795654296875,1437.094964637683,-273.9153992079955,True,True,0,ML-Robust-MPC,1197.094964637683,793.0424313168847,500.0
1157.0,1194.3153462874438,0.0,0,-37.315346287443845,37.315346287443845,0.0,0.0,0.0,0.1647192183435013,0.0,37.315346287443845,False,0.004260347999661462,0,0,90,0,0.0,0.0,1,,,0,True,False,False,1159.5,1434.3153462874438,-274.81534628744384,True,True,0,ML-Robust-MPC,1194.3153462874438,794.1807997218447,500.0
1136.5,1196.0643793743293,0.0,0,-59.56437937432929,59.56437937432929,0.0,0.0,0.0,0.16531013480554824,0.0,59.56437937432929,False,0.004100761998415692,0,0,91,0,0.0,0.0,1,,,0,True,False,False,1157.0,1436.0643793743293,-279.0643793743293,True,True,0,ML-Robust-MPC,1196.0643793743293,795.3380759559566,500.0
1076.5,764.7308203124996,0.0,0,311.76917968750035,0.0,311.76917968750035,0.0,0.0,0.16188304537487175,100.0,0.0,False,0.0042774639987328555,0,0,92,0,0.0,0.0,1,,,0,True,False,False,1144.9150390625,1438.3350325207907,-293.4199934582907,True,True,0,ML-Robust-MPC,1198.3350325207907,795.5617768191784,500.0
1059.0,1159.0,0.0,0,-100.0,100.0,0.0,0.0,0.0,0.16287510886693524,0.0,100.0,False,0.004388406996440608,0,0,93,0,0.0,0.0,1,,,0,True,False,False,1134.3095703125,1438.6235919506848,-304.31402163818484,True,True,0,ML-Robust-MPC,1198.6235919506848,795.8778182062136,500.0
1048.0,1148.0,0.0,0,-100.0,100.0,0.0,0.0,0.0,0.16386717235899873,0.0,100.0,False,0.0043193300007260405,0,0,94,0,0.0,0.0,1,,,0,True,False,False,1135.1097412109375,1436.1908713508233,-301.0811301398858,True,True,0,ML-Robust-MPC,1196.1908713508233,794.3169444897209,500.0
1060.5,1160.5,0.0,0,-100.0,100.0,0.0,0.0,0.0,0.1648592358510622,0.0,100.0,False,0.004221979997964809,0,0,95,0,0.0,0.0,1,,,0,True,False,False,1158.906005859375,1437.348184656472,-278.4421787970971,True,True,0,ML-Robust-MPC,1197.348184656472,793.3249496919351,500.0
1096.0,1196.0,0.0,0,-100.0,100.0,0.0,0.0,0.0,0.1658512993431257,0.0,100.0,False,0.004091143000550801,0,0,96,0,0.0,0.0,1,,,0,True,False,False,1197.939697265625,1439.0845379792809,-241.14484071365587,True,True,0,ML-Robust-MPC,1199.0845379792809,792.594339086749,500.0
1093.0,777.3566309001768,0.0,0,315.6433690998232,0.0,315.6433690998232,0.0,0.0,0.16238162329885028,100.0,0.0,False,0.004464442001335556,0,0,97,0,0.0,0.0,1,,,0,True,False,False,1185.2020263671875,1436.956098592011,-251.7540722248234,True,True,0,ML-Robust-MPC,1196.956098592011,793.6404070622892,500.0
1106.0,1194.604871655472,0.0,0,-88.60487165547192,88.60487165547192,0.0,0.0,0.0,0.16326063988273393,0.0,88.60487165547192,False,0.004313198001909768,0,0,98,0,0.0,0.0,1,,,0,True,False,False,1185.926025390625,1434.604871655472,-248.67884626484692,True,True,0,ML-Robust-MPC,1194.604871655472,795.5634468120704,500.0
1111.0,1190.578517694004,0.0,0,-79.57851769400395,79.57851769400395,0.0,0.0,0.0,0.16405010930430142,0.0,79.57851769400395,False,0.0042527939986030106,0,0,99,0,0.0,0.0,1,,,0,True,False,False,1177.571044921875,1430.578517694004,-253.00747277212895,True,True,0,ML-Robust-MPC,1190.578517694004,795.5803356403135,500.0
1091.5,1191.2712181003692,0.0,0,-99.7712181003692,99.7712181003692,0.0,0.0,0.0,0.1650399031346622,0.0,99.7712181003692,False,0.0038589119976677466,0,0,100,0,0.0,0.0,1,,,0,True,False,False,1181.814697265625,1431.2712181003692,-249.4565208347442,True,True,0,ML-Robust-MPC,1191.2712181003692,797.5647688869643,500.0
1077.5,745.6703661182094,0.0,0,331.8296338817907,0.0,331.8296338817907,0.0,0.0,0.16139230130243043,100.0,0.0,False,0.003874411999277072,0,0,101,0,0.0,0.0,1,,,0,True,False,False,1180.9346923828125,1432.1940454565197,-251.2593530737072,True,True,0,ML-Robust-MPC,1192.1940454565197,795.9128918814156,500.0
1032.0,1132.0,0.0,0,-100.0,100.0,0.0,0.0,0.0,0.16238436479449392,0.0,100.0,False,0.0043312230009178165,0,0,102,0,0.0,0.0,1,,,0,True,False,False,1188.056884765625,1431.5303814736085,-243.4734967079835,True,True,0,ML-Robust-MPC,1191.5303814736085,795.7981790967718,500.0
1057.5,1157.5,0.0,0,-100.0,100.0,0.0,0.0,0.0,0.1633764282865574,0.0,100.0,False,0.0040046380017884076,0,0,103,0,0.0,0.0,1,,,0,True,False,False,1182.4737548828125,1431.8123294810168,-249.33857459820433,True,True,0,ML-Robust-MPC,1191.8123294810168,795.5502105299228,500.0
1079.0,1179.0,0.0,0,-100.0,100.0,0.0,0.0,0.0,0.1643684917786209,0.0,100.0,False,0.0042400160018587485,0,0,104,0,0.0,0.0,1,,,0,True,False,False,1176.78515625,1428.8399272673153,-252.05477101731526,True,True,0,ML-Robust-MPC,1188.8399272673153,795.7686889879558,500.0
1114.5,1188.1106492606154,0.0,0,-73.61064926061545,73.61064926061545,0.0,0.0,0.0,0.16509875615620637,0.0,73.61064926061545,False,0.00405423200209043,0,0,105,0,0.0,0.0,1,,,0,True,False,False,1183.447265625,1428.1106492606154,-244.66338363561545,True,True,0,ML-Robust-MPC,1188.1106492606154,797.6156040199943,500.0
1163.5,809.2363585283322,0.0,0,354.2636414716679,0.0,354.2636414716679,0.0,0.0,0.1612045508900622,100.0,0.0,False,0.004319924999435898,0,0,106,0,0.0,0.0,1,,,0,True,False,False,1175.9732666015625,1423.416702995106,-247.4434363935436,True,True,0,ML-Robust-MPC,1183.416702995106,796.3715132236538,500.0
1144.0,1182.9799838718106,0.0,0,-38.979983871810646,38.979983871810646,0.0,0.0,0.0,0.16159125707926666,0.0,38.979983871810646,False,0.004208872000162955,0,0,107,0,0.0,0.0,1,,,0,True,False,False,1177.31640625,1422.9799838718106,-245.66357762181065,True,True,0,ML-Robust-MPC,1182.9799838718106,797.0841989146732,500.0
1173.0,1183.2616553618907,0.0,0,-10.26165536189069,10.26165536189069,0.0,0.0,0.0,0.16169305921579336,0.0,10.26165536189069,False,0.003744876001292141,0,0,108,0,0.0,0.0,1,,,0,True,False,False,1161.796142578125,1423.2616553618907,-261.4655127837657,True,True,0,ML-Robust-MPC,1183.2616553618907,797.2751469770243,500.0
1142.0,1185.1653814275603,0.0,0,-43.165381427560305,43.165381427560305,0.0,0.0,0.0,0.16212128720614613,0.0,43.165381427560305,False,0.004205675999401137,0,0,109,0,0.0,0.0,1,,,0,True,False,False,1173.0,1425.1653814275603,-252.1653814275603,True,True,0,ML-Robust-MPC,1185.1653814275603,794.5191325571108,500.0
1110.5,1185.8897451925784,0.0,0,-75.3897451925784,75.3897451925784,0.0,0.0,0.0,0.16286920134496138,0.0,75.3897451925784,False,0.0037910899991402403,0,0,110,0,0.0,0.0,1,,,0,True,False,False,1160.186767578125,1425.8897451925784,-265.7029776144534,True,True,0,ML-Robust-MPC,1185.8897451925784,793.7202770020133,500.0
1104.5,1186.7433904751151,0.0,0,-82.24339047511512,82.24339047511512,0.0,0.0,0.0,0.1636851079965002,0.0,82.24339047511512,False,0.004207312998914858,0,0,111,0,0.0,0.0,1,,,0,True,False,False,1160.4691162109375,1426.7433904751151,-266.2742742641776,True,True,0,ML-Robust-MPC,1186.7433904751151,795.7112490675847,500.0
1074.0,1174.0,0.0,0,-100.0,100.0,0.0,0.0,0.0,0.1646771714885637,0.0,100.0,False,0.00418641600117553,0,0,112,0,0.0,0.0,1,,,0,True,False,False,1164.957275390625,1425.7000553798923,-260.7427799892673,True,True,0,ML-Robust-MPC,1185.7000553798923,796.6680106084644,500.0
1114.0,1182.1054728542638,0.0,0,-68.10547285426378,68.10547285426378,0.0,0.0,0.0,0.16535282102084806,0.0,68.10547285426378,False,0.004314158999477513,0,0,113,0,0.0,0.0,1,,,0,True,False,False,1161.28173828125,1422.1054728542638,-260.8237345730138,True,True,0,ML-Robust-MPC,1182.1054728542638,798.5703493302901,500.0
1107.0,790.9373340095613,0.0,0,316.06266599043875,0.0,316.06266599043875,0.0,0.0,0.1618785359002567,100.0,0.0,False,0.004313086999900406,0,0,114,0,0.0,0.0,1,,,0,True,False,False,1166.564208984375,1422.0993945060634,-255.5351855216884,True,True,0,ML-Robust-MPC,1182.0993945060634,795.687355960025,500.0
1148.5,1179.9074838511538,0.0,0,-31.407483851153756,31.407483851153756,0.0,0.0,0.0,0.16219011808131972,0.0,31.407483851153756,False,0.0041837409989966545,0,0,115,0,0.0,0.0,1,,,0,True,False,False,1157.403076171875,1419.9074838511538,-262.50440767927876,True,True,0,ML-Robust-MPC,1179.9074838511538,798.236227156486,500.0
1182.5,1177.6691155686983,0.0,0,4.830884431301683,0.0,4.830884431301683,0.0,0.0,0.16213701509983858,0.0,0.0,False,0.004316000002290821,0,0,116,0,0.0,0.0,1,,,0,True,False,False,1160.596923828125,1417.6691155686983,-257.0721917405733,True,True,0,ML-Robust-MPC,1177.6691155686983,796.592048092051,500.0
1150.5,1170.881857616146,0.0,0,-20.381857616145908,20.381857616145908,0.0,0.0,0.0,0.16233921606825272,0.0,20.381857616145908,False,0.004193852000753395,0,0,117,0,0.0,0.0,1,,,0,True,False,False,1182.5,1410.881857616146,-228.3818576161459,True,True,0,ML-Robust-MPC,1170.881857616146,797.5665746030822,500.0
1115.0,1170.689096648347,0.0,0,-55.689096648347004,55.689096648347004,0.0,0.0,0.0,0.16289168726516093,0.0,55.689096648347004,False,0.004266732001269702,0,0,118,0,0.0,0.0,1,,,0,True,False,False,1150.5,1410.689096648347,-260.189096648347,True,True,0,ML-Robust-MPC,1170.689096648347,797.059187633226,500.0
1083.0,1171.6774555507182,0.0,0,-88.67745555071815,88.67745555071815,0.0,0.0,0.0,0.16377142392737043,0.0,88.67745555071815,False,0.00432034600089537,0,0,119,0,0.0,0.0,1,,,0,True,False,False,1131.71435546875,1411.6774555507182,-279.96310008196815,True,True,0,ML-Robust-MPC,1171.6774555507182,797.5142803935563,500.0
1074.5,1171.1379960507131,0.0,0,-96.63799605071313,96.63799605071313,0.0,0.0,0.0,0.1647301342056513,0.0,96.63799605071313,False,0.004115051997359842,0,0,120,0,0.0,0.0,1,,,0,True,False,False,1138.889404296875,1411.1379960507131,-272.2485917538381,True,True,0,ML-Robust-MPC,1171.1379960507131,797.3294235518889,500.0
1058.0,1158.0,0.0,0,-100.0,100.0,0.0,0.0,0.0,0.1657221976977148,0.0,100.0,False,0.004191808999166824,0,0,121,0,0.0,0.0,1,,,0,True,False,False,1149.0968017578125,1411.7204183475396,-262.62361658972713,True,True,0,ML-Robust-MPC,1171.7204183475396,795.452163852962,500.0
1087.5,737.2176367187496,0.0,0,350.28236328125035,0.0,350.28236328125035,0.0,0.0,0.1618717562071325,100.0,0.0,False,0.004196265999780735,0,0,122,0,0.0,0.0,1,,,0,True,False,False,1141.153076171875,1415.803247031077,-274.65017085920203,True,True,0,ML-Robust-MPC,1175.803247031077,794.2074585149561,500.0
1070.0,1170.0,0.0,0,-100.0,100.0,0.0,0.0,0.0,0.162863819699196,0.0,100.0,False,0.003934704996936489,0,0,123,0,0.0,0.0,1,,,0,True,False,False,1140.5091552734375,1418.9098839612418,-278.4007286878043,True,True,0,ML-Robust-MPC,1178.9098839612418,793.4050834083877,500.0
1110.0,1178.4866450167797,0.0,0,-68.48664501677968,68.48664501677968,0.0,0.0,0.0,0.1635432507013466,0.0,68.48664501677968,False,0.004238350000377977,0,0,124,0,0.0,0.0,1,,,0,True,False,False,1127.144287109375,1418.4866450167797,-291.3423579074047,True,True,0,ML-Robust-MPC,1178.4866450167797,793.9925363519557,500.0
1128.0,1179.8806446803487,0.0,0,-51.88064468034872,51.88064468034872,0.0,0.0,0.0,0.1640579396366675,0.0,51.88064468034872,False,0.004447564999281894,0,0,125,0,0.0,0.0,1,,,0,True,False,False,1120.8931884765625,1419.8806446803487,-298.9874562037862,True,True,0,ML-Robust-MPC,1179.8806446803487,794.0155268038583,500.0
1097.5,1182.896433328148,0.0,0,-85.39643332814808,85.39643332814808,0.0,0.0,0.0,0.16490512647524042,0.0,85.39643332814808,False,0.004345914003351936,0,0,126,0,0.0,0.0,1,,,0,True,False,False,1128.0,1422.896433328148,-294.8964333281481,True,True,0,ML-Robust-MPC,1182.896433328148,796.0912946210362,500.0
1074.0,1174.0,0.0,0,-100.0,100.0,0.0,0.0,0.0,0.1658971899673039,0.0,100.0,False,0.00412642599985702,0,0,127,0,0.0,0.0,1,,,0,True,False,False,1106.12353515625,1423.2275087749128,-317.10397361866285,True,True,0,ML-Robust-MPC,1183.2275087749128,796.9568453256694,500.0
1052.0,710.1414648437496,0.0,0,341.85853515625035,0.0,341.85853515625035,0.0,0.0,0.1621393465082588,100.0,0.0,False,0.004150579999986803,0,0,128,0,0.0,0.0,1,,,0,True,False,False,1108.633056640625,1421.10852453381,-312.47546789318494,True,True,0,ML-Robust-MPC,1181.10852453381,797.4338695937527,500.0
1036.5,1136.5,0.0,0,-100.0,100.0,0.0,0.0,0.0,0.1631314100003223,0.0,100.0,False,0.004262066999217495,0,0,129,0,0.0,0.0,1,,,0,True,False,False,1108.7041015625,1420.0694355071378,-311.36533394463777,True,True,0,ML-Robust-MPC,1180.0694355071378,798.6358161087783,500.0
1039.5,1139.5,0.0,0,-100.0,100.0,0.0,0.0,0.0,0.1641234734923858,0.0,100.0,False,0.004232766001223354,0,0,130,0,0.0,0.0,1,,,0,True,False,False,1115.959228515625,1423.6327912169147,-307.6735627012897,True,True,0,ML-Robust-MPC,1183.6327912169147,797.9677113020622,500.0
1038.0,1138.0,0.0,0,-100.0,100.0,0.0,0.0,0.0,0.16511553698444928,0.0,100.0,False,0.0043696249995264225,0,0,131,0,0.0,0.0,1,,,0,True,False,False,1145.9747314453125,1421.9312811754291,-275.95654973011665,True,True,0,ML-Robust-MPC,1181.9312811754291,798.7075085154166,500.0
1057.5,754.2356482342068,0.0,0,303.26435176579326,0.0,303.26435176579326,0.0,0.0,0.1617819359669297,100.0,0.0,False,0.004349099999672035,0,0,132,0,0.0,0.0,1,,,0,True,False,False,1180.0762939453125,1421.42327266423,-241.3469787189174,True,True,0,ML-Robust-MPC,1181.42327266423,797.7151820464771,499.0734040143341
1083.5,1180.692404703242,0.0,0,-97.19240470324189,97.19240470324189,0.0,0.0,0.0,0.16274614633104914,0.0,97.19240470324189,False,0.004236004999256693,0,0,133,0,0.0,0.0,1,,,0,True,False,False,1167.139404296875,1420.692404703242,-253.5530004063669,True,True,0,ML-Robust-MPC,1180.692404703242,796.8283057926371,498.5522649095656
1117.5,1179.4734760673834,0.0,0,-61.973476067383444,61.973476067383444,0.0,0.0,0.0,0.16336096256187635,0.0,61.973476067383444,False,0.004374149000796024,0,0,134,0,0.0,0.0,1,,,0,True,False,False,1170.56494140625,1419.4734760673834,-248.90853466113344,True,True,0,ML-Robust-MPC,1179.4734760673834,799.4816328026753,497.3150707404299
1080.5,1179.3993577878196,0.0,0,-98.89935778781955,98.89935778781955,0.0,0.0,0.0,0.16434210698437457,0.0,98.89935778781955,False,0.004272829999536043,0,0,135,0,0.0,0.0,1,,,0,True,False,False,1163.50341796875,1419.3993577878196,-255.89593981906955,True,True,0,ML-Robust-MPC,1179.3993577878196,800.3767604915718,497.61008324342873
1107.5,1183.596416746626,0.0,0,-76.09641674662589,76.09641674662589,0.0,0.0,0.0,0.16509703175368634,0.0,76.09641674662589,False,0.004336403999332106,0,0,136,0,0.0,0.0,1,,,0,True,False,False,1173.282470703125,1423.596416746626,-250.3139460435009,True,True,0,ML-Robust-MPC,1183.596416746626,802.9331628080407,498.9673160631496
1056.0,748.4220848123666,0.0,0,307.57791518763344,0.0,307.57791518763344,0.0,0.0,0.16171601435066527,100.0,0.0,False,0.004225660999509273,0,0,137,0,0.0,0.0,1,,,0,True,False,False,1170.62646484375,1423.2960913828786,-252.66962653912856,True,True,0,ML-Robust-MPC,1183.2960913828786,802.7858228333015,498.8498799781151
1049.5,1149.5,0.0,0,-100.0,100.0,0.0,0.0,0.0,0.16270807784272875,0.0,100.0,False,0.004157892002695007,0,0,138,0,0.0,0.0,1,,,0,True,False,False,1175.28515625,1426.2955672067078,-251.0104109567078,True,True,0,ML-Robust-MPC,1186.2955672067078,803.3554547835444,498.1920245969843
1050.0,1150.0,0.0,0,-100.0,100.0,0.0,0.0,0.0,0.16370014133479224,0.0,100.0,False,0.004186673999356572,0,0,139,0,0.0,0.0,1,,,0,True,False,False,1183.9139404296875,1427.5846600191678,-243.6707195894803,True,True,0,ML-Robust-MPC,1187.5846600191678,802.008603964416,498.0598850142412
1070.0,1170.0,0.0,0,-100.0,100.0,0.0,0.0,0.0,0.16469220482685573,0.0,100.0,False,0.004219105998345185,0,0,140,0,0.0,0.0,1,,,0,True,False,False,1169.288330078125,1429.3614631971252,-260.0731331190002,True,True,0,ML-Robust-MPC,1189.3614631971252,801.7778595393635,498.7388302052302
1114.5,1189.223975312599,0.0,0,-74.7239753125989,74.7239753125989,0.0,0.0,0.0,0.16543351410575055,0.0,74.7239753125989,False,0.003962654998758808,0,0,141,0,0.0,0.0,1,,,0,True,False,False,1174.08544921875,1429.223975312599,-255.1385260938489,True,True,0,ML-Robust-MPC,1189.223975312599,800.4056725284165,499.3088769051235
1142.5,805.4963232421871,0.0,0,337.00367675781285,0.0,337.00367675781285,0.0,0.0,0.16172903715946144,100.0,0.0,False,0.003935275999538135,0,0,142,0,0.0,0.0,1,,,0,True,False,False,1170.969482421875,1428.9690599421576,-257.9995775202826,True,True,0,ML-Robust-MPC,1188.9690599421576,800.2628581970499,499.7408067072133
1186.5,1192.853186815872,0.0,0,-6.35318681587205,6.35318681587205,0.0,0.0,0.0,0.16179206480644429,0.0,6.35318681587205,False,0.004176370999630308,0,0,143,0,0.0,0.0,1,,,0,True,False,False,1168.6424560546875,1432.853186815872,-264.21073076118455,True,True,0,ML-Robust-MPC,1192.853186815872,801.4501325649508,499.0874164423318
1163.0,1192.8992704182467,0.0,0,-29.899270418246715,29.899270418246715,0.0,0.0,0.0,0.16208868455265704,0.0,29.899270418246715,False,0.004172930999629898,0,0,144,0,0.0,0.0,1,,,0,True,False,False,1186.5,1432.8992704182467,-246.39927041824672,True,True,0,ML-Robust-MPC,1192.8992704182467,801.5842691231683,497.33903287449
1166.5,1193.4617556528406,0.0,0,-26.961755652840566,26.961755652840566,0.0,0.0,0.0,0.16235616228730823,0.0,26.961755652840566,False,0.004186961999948835,0,0,145,0,0.0,0.0,1,,,0,True,False,False,1163.0,1433.4617556528406,-270.46175565284057,True,True,0,ML-Robust-MPC,1193.4617556528406,801.5282142111039,496.4727113006315
1129.0,1194.8966081691867,0.0,0,-65.89660816918672,65.89660816918672,0.0,0.0,0.0,0.16300989847946287,0.0,65.89660816918672,False,0.004190812996966997,0,0,146,0,0.0,0.0,1,,,0,True,False,False,1166.5,1434.8966081691867,-268.3966081691867,True,True,0,ML-Robust-MPC,1194.8966081691867,802.6714462071991,497.5257634090657
1106.5,1194.530110974451,0.0,0,-88.03011097445096,88.03011097445096,0.0,0.0,0.0,0.16388321307246337,0.0,88.03011097445096,False,0.0040777399990474805,0,0,147,0,0.0,0.0,1,,,0,True,False,False,1148.6954345703125,1434.530110974451,-285.83467640413846,True,True,0,ML-Robust-MPC,1194.530110974451,800.6118462541052,498.4757885851043
1094.5,1194.5,0.0,0,-100.0,100.0,0.0,0.0,0.0,0.16487527656452686,0.0,100.0,False,0.003967086002376163,0,0,148,0,0.0,0.0,1,,,0,True,False,False,1151.1009521484375,1435.1351234758108,-284.0341713273733,True,True,0,ML-Robust-MPC,1195.1351234758108,802.4872510095958,499.2905475801112
1107.5,1198.688723264294,0.0,0,-91.18872326429391,91.18872326429391,0.0,0.0,0.0,0.16577992659691074,0.0,91.18872326429391,False,0.004319474999647355,0,0,149,0,0.0,0.0,1,,,0,True,False,False,1152.8914794921875,1438.688723264294,-285.7972437721064,True,True,0,ML-Robust-MPC,1198.688723264294,803.2626809034061,499.1111851232493
1113.0,782.4941259765621,0.0,0,330.50587402343785,0.0,330.50587402343785,0.0,0.0,0.16214687605362887,100.0,0.0,False,0.0041197540012944955,0,0,150,0,0.0,0.0,1,,,0,True,False,False,1155.6116943359375,1436.3137917291062,-280.70209739316874,True,True,0,ML-Robust-MPC,1196.3137917291062,801.9569998729397,500.0
1144.0,1197.5290867627618,0.0,0,-53.529086762761835,53.529086762761835,0.0,0.0,0.0,0.16267791858103722,0.0,53.529086762761835,False,0.00428929000190692,0,0,151,0,0.0,0.0,1,,,0,True,False,False,1147.0299072265625,1437.5290867627618,-290.49917953619934,True,True,0,ML-Robust-MPC,1197.5290867627618,802.9682079328702,500.0
1124.5,1198.1859168328829,0.0,0,-73.68591683288287,73.68591683288287,0.0,0.0,0.0,0.1634089296607285,0.0,73.68591683288287,False,0.004252285001712153,0,0,152,0,0.0,0.0,1,,,0,True,False,False,1147.0740966796875,1438.1859168328829,-291.11182015319537,True,True,0,ML-Robust-MPC,1198.1859168328829,803.1594979669763,499.2784248238075
1140.0,1200.2079552393411,0.0,0,-60.20795523934112,60.20795523934112,0.0,0.0,0.0,0.16400623080397594,0.0,60.20795523934112,False,0.004236873999616364,0,0,153,0,0.0,0.0,1,,,0,True,False,False,1129.4420166015625,1440.2079552393411,-310.7659386377786,True,True,0,ML-Robust-MPC,1200.2079552393411,803.2555951410034,498.266967513025
1125.0,1201.1717616168492,0.0,0,-76.17176161684915,76.17176161684915,0.0,0.0,0.0,0.16476190304223834,0.0,76.17176161684915,False,0.003777631001867121,0,0,154,0,0.0,0.0,1,,,0,True,False,False,1148.560791015625,1441.1717616168492,-292.61097060122415,True,True,0,ML-Robust-MPC,1201.1717616168492,802.5949766017578,497.77666294358914
1074.0,1174.0,0.0,0,-100.0,100.0,0.0,0.0,0.0,0.16575396653430183,0.0,100.0,False,0.0038923129977774806,0,0,155,0,0.0,0.0,1,,,0,True,False,False,1151.5155029296875,1442.771399322403,-291.2558963927156,True,True,0,ML-Robust-MPC,1202.771399322403,803.4751650723238,498.9563930210754
1055.0,716.8201757812496,0.0,0,338.17982421875035,0.0,338.17982421875035,0.0,0.0,0.1620365609125858,100.0,0.0,False,0.004140455999731785,0,0,156,0,0.0,0.0,1,,,0,True,False,False,1156.944580078125,1445.813956822415,-288.8693767442901,True,True,0,ML-Robust-MPC,1205.813956822415,804.1704006694292,499.8762975391289
1057.5,1157.5,0.0,0,-100.0,100.0,0.0,0.0,0.0,0.1630286244046493,0.0,100.0,False,0.004235733998939395,0,0,157,0,0.0,0.0,1,,,0,True,False,False,1150.2835693359375,1446.994673974132,-296.71110463819446,True,True,0,ML-Robust-MPC,1206.994673974132,801.0334075947643,499.8851357137992
1060.5,1160.5,0.0,0,-100.0,100.0,0.0,0.0,0.0,0.16402068789671279,0.0,100.0,False,0.0037251430003379937,0,0,158,0,0.0,0.0,1,,,0,True,False,False,1168.8092041015625,1449.790502999337,-280.9812988977744,True,True,0,ML-Robust-MPC,1209.790502999337,800.742409053664,500.0
1094.0,1194.0,0.0,0,-100.0,100.0,0.0,0.0,0.0,0.16501275138877627,0.0,100.0,False,0.004200051000225358,0,0,159,0,0.0,0.0,1,,,0,True,False,False,1159.88330078125,1448.0891931798028,-288.2058923985528,True,True,0,ML-Robust-MPC,1208.0891931798028,801.4192189222437,500.0
1127.5,783.0472265624996,0.0,0,344.45277343750035,0.0,344.45277343750035,0.0,0.0,0.1612263910423235,100.0,0.0,False,0.004088847999810241,0,0,160,0,0.0,0.0,1,,,0,True,False,False,1156.5260009765625,1447.9040938555418,-291.37809287897926,True,True,0,ML-Robust-MPC,1207.9040938555418,797.9095690331208,500.0
1125.5,1212.2101417809297,0.0,0,-86.71014178092969,86.71014178092969,0.0,0.0,0.0,0.1620866107028486,0.0,86.71014178092969,False,0.004296750998037169,0,0,161,0,0.0,0.0,1,,,0,True,False,False,1155.62109375,1452.2101417809297,-296.5890480309297,True,True,0,ML-Robust-MPC,1212.2101417809297,797.1625349779762,499.2754757625892
1167.0,1210.8621744663772,0.0,0,-43.862174466377155,43.862174466377155,0.0,0.0,0.0,0.16252175132255473,0.0,43.862174466377155,False,0.004150605996983359,0,0,162,0,0.0,0.0,1,,,0,True,False,False,1173.215576171875,1450.8621744663772,-277.64659829450216,True,True,0,ML-Robust-MPC,1210.8621744663772,797.6373560417969,500.0
1134.0,1215.3154588382763,0.0,0,-81.3154588382763,81.3154588382763,0.0,0.0,0.0,0.16332845230309317,0.0,81.3154588382763,False,0.0039546920015709475,0,0,163,0,0.0,0.0,1,,,0,True,False,False,1169.415283203125,1455.3154588382763,-285.9001756351513,True,True,0,ML-Robust-MPC,1215.3154588382763,797.1417566014959,500.0
1116.5,1215.7095349149436,0.0,0,-99.20953491494356,99.20953491494356,0.0,0.0,0.0,0.1643126738796303,0.0,99.20953491494356,False,0.00427831100023468,0,0,164,0,0.0,0.0,1,,,0,True,False,False,1167.409912109375,1455.7095349149436,-288.29962280556856,True,True,0,ML-Robust-MPC,1215.7095349149436,796.27385415459,499.7856817234132
1067.0,1167.0,0.0,0,-100.0,100.0,0.0,0.0,0.0,0.1653047373716938,0.0,100.0,False,0.004225788998155622,0,0,165,0,0.0,0.0,1,,,0,True,False,False,1170.7135009765625,1452.066716092028,-281.35321511546545,True,True,0,ML-Robust-MPC,1212.066716092028,794.6089552260397,500.0
1068.0,731.3801123046871,0.0,0,336.61988769531285,0.0,336.61988769531285,0.0,0.0,0.16160447918571005,100.0,0.0,False,0.004056203997606644,0,0,166,0,0.0,0.0,1,,,0,True,False,False,1157.673095703125,1451.84921460553,-294.17611890240505,True,True,0,ML-Robust-MPC,1211.84921460553,796.8772963334088,498.20990856518864
1110.0,1210.0,0.0,0,-100.0,100.0,0.0,0.0,0.0,0.16259654267777354,0.0,100.0,False,0.0042021239969471935,0,0,167,0,0.0,0.0,1,,,0,True,False,False,1161.4412841796875,1453.817443533297,-292.3761593536094,True,True,0,ML-Robust-MPC,1213.817443533297,799.1258944472808,497.9213781250671
1103.0,1203.0,0.0,0,-100.0,100.0,0.0,0.0,0.0,0.16358860616983703,0.0,100.0,False,0.004192437001620419,0,0,168,0,0.0,0.0,1,,,0,True,False,False,1167.1416015625,1453.0600442175996,-285.9184426550996,True,True,0,ML-Robust-MPC,1213.0600442175996,799.4753586929662,498.1187801505193
1134.0,1213.100096707725,0.0,0,-79.10009670772502,79.10009670772502,0.0,0.0,0.0,0.1643733293514613,0.0,79.10009670772502,False,0.0041551430003892165,0,0,169,0,0.0,0.0,1,,,0,True,False,False,1153.08544921875,1453.100096707725,-300.014647488975,True,True,0,ML-Robust-MPC,1213.100096707725,800.8595091118264,498.5328942053975
1164.5,1210.7307397323832,0.0,0,-46.2307397323832,46.2307397323832,0.0,0.0,0.0,0.16483196764245717,0.0,46.2307397323832,False,0.003974710998591036,0,0,170,0,0.0,0.0,1,,,0,True,False,False,1159.921630859375,1450.7307397323832,-290.8091088730082,True,True,0,ML-Robust-MPC,1210.7307397323832,802.8929254119536,498.8704283464305
1142.0,1211.7309607222542,0.0,0,-69.73096072225417,69.73096072225417,0.0,0.0,0.0,0.1655237430464478,0.0,69.73096072225417,False,0.004487629998038756,0,0,171,0,0.0,0.0,1,,,0,True,False,False,1164.5,1451.7309607222542,-287.23096072225417,True,True,0,ML-Robust-MPC,1211.7309607222542,801.6941076953761,498.4945061907434
1131.5,779.2160498046871,0.0,0,352.28395019531285,0.0,352.28395019531285,0.0,0.0,0.16165129932535435,100.0,0.0,False,0.004066587000124855,0,0,172,0,0.0,0.0,1,,,0,True,False,False,1147.36962890625,1448.4726951526195,-301.1030662463695,True,True,0,ML-Robust-MPC,1208.4726951526195,801.2955547872584,499.5637413168117
1063.5,1163.5,0.0,0,-100.0,100.0,0.0,0.0,0.0,0.16264336281741784,0.0,100.0,False,0.0036089390014240053,0,0,173,0,0.0,0.0,1,,,0,True,False,False,1159.40673828125,1446.7564006740786,-287.3496623928286,True,True,0,ML-Robust-MPC,1206.7564006740786,799.5039420531896,497.69175730772594
1078.0,1178.0,0.0,0,-100.0,100.0,0.0,0.0,0.0,0.16363542630948133,0.0,100.0,False,0.004098702000192134,0,0,174,0,0.0,0.0,1,,,0,True,False,False,1157.532470703125,1446.954248639796,-289.4217779366711,True,True,0,ML-Robust-MPC,1206.954248639796,800.2872580317307,497.0125553922003
1070.5,1170.5,0.0,0,-100.0,100.0,0.0,0.0,0.0,0.16462748980154482,0.0,100.0,False,0.004272969999874476,0,0,175,0,0.0,0.0,1,,,0,True,False,False,1162.4305419921875,1448.1884739662055,-285.757931974018,True,True,0,ML-Robust-MPC,1208.1884739662055,800.8195159061274,498.6704659921705
1099.0,1199.0,0.0,0,-100.0,100.0,0.0,0.0,0.0,0.1656195532936083,0.0,100.0,False,0.003684289000375429,0,0,176,0,0.0,0.0,1,,,0,True,False,False,1157.08349609375,1448.7912010049247,-291.7077049111747,True,True,0,ML-Robust-MPC,1208.7912010049247,799.649047806719,498.7782419494869
1124.0,781.0237890624996,0.0,0,342.97621093750035,0.0,342.97621093750035,0.0,0.0,0.16184942390283422,100.0,0.0,False,0.004131901998334797,0,0,177,0,0.0,0.0,1,,,0,True,False,False,1161.1446533203125,1447.8288305360968,-286.6841772157843,True,True,0,ML-Robust-MPC,1207.8288305360968,799.9432341591652,498.4103704221423
1137.5,1208.7382248073675,0.0,0,-71.23822480736749,71.23822480736749,0.0,0.0,0.0,0.16255615232354223,0.0,71.23822480736749,False,0.003833532999124145,0,0,178,0,0.0,0.0,1,,,0,True,False,False,1156.1695556640625,1448.7382248073675,-292.568669143305,True,True,0,ML-Robust-MPC,1208.7382248073675,800.593065206059,497.72620565138766
1203.0,1209.646145497572,0.0,0,-6.646145497571979,6.646145497571979,0.0,0.0,0.0,0.16262208630665306,0.0,6.646145497571979,False,0.004136753999773646,0,0,179,0,0.0,0.0,1,,,0,True,False,False,1153.452880859375,1449.646145497572,-296.193264638197,True,True,0,ML-Robust-MPC,1209.646145497572,799.3755842965619,496.316999913352
1145.0,1210.9557485611824,0.0,0,-65.95574856118242,65.95574856118242,0.0,0.0,0.0,0.16327640920904574,0.0,65.95574856118242,False,0.004243354000209365,0,0,180,0,0.0,0.0,1,,,0,True,False,False,1203.0,1450.9557485611824,-247.95574856118242,True,True,0,ML-Robust-MPC,1210.9557485611824,799.3342844062291,496.69992359254815
1124.5,1212.2820946559425,0.0,0,-87.7820946559425,87.7820946559425,0.0,0.0,0.0,0.16414726332269597,0.0,87.7820946559425,False,0.004221521001454676,0,0,181,0,0.0,0.0,1,,,0,True,False,False,1145.0,1452.2820946559425,-307.2820946559425,True,True,0,ML-Robust-MPC,1212.2820946559425,798.2545673926862,497.8026614496839
1116.0,1210.7655786869734,0.0,0,-94.76557868697341,94.76557868697341,0.0,0.0,0.0,0.16508739803189212,0.0,94.76557868697341,False,0.0040735790025792085,0,0,182,0,0.0,0.0,1,,,0,True,False,False,1124.5,1450.7655786869734,-326.2655786869734,True,True,0,ML-Robust-MPC,1210.7655786869734,798.1977812279283,498.292645465445
1062.0,740.9437109374996,0.0,0,321.05628906250035,0.0,321.05628906250035,0.0,0.0,0.16155822104268117,100.0,0.0,False,0.004155009999522008,0,0,183,0,0.0,0.0,1,,,0,True,False,False,1116.0,1449.4916328620895,-333.49163286208955,True,True,0,ML-Robust-MPC,1209.4916328620895,799.3287992748557,498.3786420167614
1064.0,1164.0,0.0,0,-100.0,100.0,0.0,0.0,0.0,0.16255028453474465,0.0,100.0,False,0.004325335998146329,0,0,184,0,0.0,0.0,1,,,0,True,False,False,1114.601806640625,1448.8320529794064,-334.2302463387814,True,True,0,ML-Robust-MPC,1208.8320529794064,799.6140700776073,496.33764327734485
1070.0,1170.0,0.0,0,-100.0,100.0,0.0,0.0,0.0,0.16354234802680814,0.0,100.0,False,0.003837727999780327,0,0,185,0,0.0,0.0,1,,,0,True,False,False,1136.6243896484375,1447.3648014257344,-310.7404117772969,True,True,0,ML-Robust-MPC,1207.3648014257344,798.4820561661692,494.51865279458224
1063.5,1163.5,0.0,0,-100.0,100.0,0.0,0.0,0.0,0.16453441151887163,0.0,100.0,False,0.00421792999986792,0,0,186,0,0.0,0.0,1,,,0,True,False,False,1143.4581298828125,1446.4005581401234,-302.9424282573109,True,True,0,ML-Robust-MPC,1206.4005581401234,801.0702991954388,494.8520653150945
1115.5,1205.9801022086983,0.0,0,-90.48010220869833,90.48010220869833,0.0,0.0,0.0,0.16543203158046585,0.0,90.48010220869833,False,0.004157223000220256,0,0,187,0,0.0,0.0,1,,,0,True,False,False,1147.8980712890625,1445.9801022086983,-298.0820309196358,True,True,0,ML-Robust-MPC,1205.9801022086983,800.6981710546223,494.2088432927768
1112.5,769.1867529296871,0.0,0,343.31324707031285,0.0,343.31324707031285,0.0,0.0,0.16165819735597575,100.0,0.0,False,0.00423100299667567,0,0,188,0,0.0,0.0,1,,,0,True,False,False,1139.08056640625,1447.5137449740473,-308.4331785677973,True,True,0,ML-Robust-MPC,1207.5137449740473,801.0146412716156,492.6265739708202
1091.0,1191.0,0.0,0,-100.0,100.0,0.0,0.0,0.0,0.16265026084803924,0.0,100.0,False,0.004406354000821011,0,0,189,0,0.0,0.0,1,,,0,True,False,False,1152.9405517578125,1450.5553430279222,-297.61479127010966,True,True,0,ML-Robust-MPC,1210.5553430279222,802.4908200564122,490.5960810182086
1064.5,1164.5,0.0,0,-100.0,100.0,0.0,0.0,0.0,0.16364232434010273,0.0,100.0,False,0.004226690001814859,0,0,190,0,0.0,0.0,1,,,0,True,False,False,1150.0469970703125,1451.824994242124,-301.7779971718114,True,True,0,ML-Robust-MPC,1211.824994242124,803.753911360366,490.1288119286129
1049.5,1149.5,0.0,0,-100.0,100.0,0.0,0.0,0.0,0.16463438783216622,0.0,100.0,False,0.004243788996973308,0,0,191,0,0.0,0.0,1,,,0,True,False,False,1169.565185546875,1449.5216564163568,-279.9564708694818,True,True,0,ML-Robust-MPC,1209.5216564163568,802.8584710301401,489.858832226096
1041.0,1141.0,0.0,0,-100.0,100.0,0.0,0.0,0.0,0.1656264513242297,0.0,100.0,False,0.0038403899998229463,0,0,192,0,0.0,0.0,1,,,0,True,False,False,1157.78759765625,1447.7983820617562,-290.01078440550623,True,True,0,ML-Robust-MPC,1207.7983820617562,803.4989455945762,490.733431983552
1038.5,702.9969795856819,0.0,0,335.5030204143181,0.0,335.5030204143181,0.0,0.0,0.1619384701826222,100.0,0.0,False,0.004296635997889098,0,0,193,0,0.0,0.0,1,,,0,True,False,False,1176.0345458984375,1447.0302274455669,-270.9956815471294,True,True,0,ML-Robust-MPC,1207.0302274455669,802.7607817541954,489.00804893881264
1039.0,1139.0,0.0,0,-100.0,100.0,0.0,0.0,0.0,0.16293053367468568,0.0,100.0,False,0.003941675000532996,0,0,194,0,0.0,0.0,1,,,0,True,False,False,1170.365966796875,1448.237792447989,-277.871825651114,True,True,0,ML-Robust-MPC,1208.237792447989,800.1219439790021,489.6218855246702
1108.0,1208.0,0.0,0,-100.0,100.0,0.0,0.0,0.0,0.16392259716674917,0.0,100.0,False,0.0042127639972022735,0,0,195,0,0.0,0.0,1,,,0,True,False,False,1184.71826171875,1450.4574643426165,-265.7392026238665,True,True,0,ML-Robust-MPC,1210.4574643426165,800.542861433805,489.71578510739386
1123.5,1208.9812961723908,0.0,0,-85.48129617239078,85.48129617239078,0.0,0.0,0.0,0.16477062589861813,0.0,85.48129617239078,False,0.004113669998332625,0,0,196,0,0.0,0.0,1,,,0,True,False,False,1182.9278564453125,1448.9812961723908,-266.0534397270783,True,True,0,ML-Robust-MPC,1208.9812961723908,801.2789767533434,491.4367559917469
1144.0,809.8297909246626,0.0,0,334.1702090753374,0.0,334.1702090753374,0.0,0.0,0.16109729554339522,100.0,0.0,False,0.00435075799759943,0,0,197,0,0.0,0.0,1,,,0,True,False,False,1204.876220703125,1445.2336709894005,-240.35745028627548,True,True,0,ML-Robust-MPC,1205.2336709894005,798.4774400314134,491.405679020376
1162.5,1200.7051598015923,0.0,0,-38.205159801592345,38.205159801592345,0.0,0.0,0.0,0.16147631498587134,0.0,38.205159801592345,False,0.004139931003010133,0,0,198,0,0.0,0.0,1,,,0,True,False,False,1186.47412109375,1440.7051598015923,-254.23103870784234,True,True,0,ML-Robust-MPC,1200.7051598015923,801.4899424716093,491.93247712716857
1168.5,1204.6219327736997,0.0,0,-36.121932773699655,36.121932773699655,0.0,0.0,0.0,0.16183466749354694,0.0,36.121932773699655,False,0.00416350399973453,0,0,199,0,0.0,0.0,1,,,0,True,False,False,1209.91259765625,1444.6219327736997,-234.70933511744965,True,True,0,ML-Robust-MPC,1204.6219327736997,804.610739311434,492.0866255693444
1140.0,1200.1145992511483,0.0,0,-60.11459925114832,60.11459925114832,0.0,0.0,0.0,0.16243104248611787,0.0,60.11459925114832,False,0.004213986998365726,0,0,200,0,0.0,0.0,1,,,0,True,False,False,1188.8922119140625,1440.1145992511483,-251.22238733708582,True,True,0,ML-Robust-MPC,1200.1145992511483,804.2113310030908,495.3194190207664
1090.5,1190.5,0.0,0,-100.0,100.0,0.0,0.0,0.0,0.16342310597818135,0.0,100.0,False,0.004235773998516379,0,0,201,0,0.0,0.0,1,,,0,True,False,False,1193.73193359375,1440.7180519552876,-246.9861183615376,True,True,0,ML-Robust-MPC,1200.7180519552876,803.0119757332737,496.7299505812748
1126.0,1201.165755242958,0.0,0,-75.16575524295808,75.16575524295808,0.0,0.0,0.0,0.16416879799448053,0.0,75.16575524295808,False,0.003964090999943437,0,0,202,0,0.0,0.0,1,,,0,True,False,False,1183.94970703125,1441.165755242958,-257.2160482117081,True,True,0,ML-Robust-MPC,1201.165755242958,802.3033069633711,496.5385491719956
1137.5,1200.0174567281715,0.0,0,-62.51745672817151,62.51745672817151,0.0,0.0,0.0,0.1647890108588473,0.0,62.51745672817151,False,0.004167824998148717,0,0,203,0,0.0,0.0,1,,,0,True,False,False,1193.970703125,1440.0174567281715,-246.0467536031715,True,True,0,ML-Robust-MPC,1200.0174567281715,802.0709894995972,496.4859198192638
1192.5,1201.7036896482175,0.0,0,-9.203689648217505,9.203689648217505,0.0,0.0,0.0,0.16488031730377012,0.0,9.203689648217505,False,0.0037233269977150485,0,0,204,0,0.0,0.0,1,,,0,True,False,False,1203.7060546875,1441.7036896482175,-237.9976349607175,True,True,0,ML-Robust-MPC,1201.7036896482175,800.7152404615805,496.2054721434695
1156.0,872.7420658945694,0.0,0,283.2579341054306,0.0,283.2579341054306,0.0,0.0,0.16176663469697428,100.0,0.0,False,0.00435352999920724,0,0,205,0,0.0,0.0,1,,,0,True,False,False,1222.028076171875,1441.3377534413678,-219.3096772694928,True,True,0,ML-Robust-MPC,1201.3377534413678,800.411111784352,496.2515024731382
1208.5,1201.4064529527386,0.0,0,7.0935470472613815,0.0,7.0935470472613815,0.0,0.0,0.16168865963819506,0.0,0.0,False,0.004287033996661194,0,0,206,0,0.0,0.0,1,,,0,True,False,False,1181.741455078125,1441.4064529527386,-259.6649978746136,True,True,0,ML-Robust-MPC,1201.4064529527386,801.4884032271133,495.267780069422
1177.5,1199.3848067530237,0.0,0,-21.884806753023668,21.884806753023668,0.0,0.0,0.0,0.16190577081630045,0.0,21.884806753023668,False,0.004202377000183333,0,0,207,0,0.0,0.0,1,,,0,True,False,False,1208.5,1439.3848067530237,-230.88480675302367,True,True,0,ML-Robust-MPC,1199.3848067530237,802.6061293708403,495.6098043015666
1131.5,1200.1004706924325,0.0,0,-68.60047069243251,68.60047069243251,0.0,0.0,0.0,0.16258633104142378,0.0,68.60047069243251,False,0.004433791000337806,0,0,208,0,0.0,0.0,1,,,0,True,False,False,1177.5,1440.1004706924325,-262.6004706924325,True,True,0,ML-Robust-MPC,1200.1004706924325,801.1953649606423,495.9069720652046
1101.5,1201.5,0.0,0,-100.0,100.0,0.0,0.0,0.0,0.16357839453348727,0.0,100.0,False,0.004255137999280123,0,0,209,0,0.0,0.0,1,,,0,True,False,False,1133.77099609375,1441.8784895607882,-308.10749346703824,True,True,0,ML-Robust-MPC,1201.8784895607882,800.589467158459,492.9395832597848
1097.0,1197.0,0.0,0,-100.0,100.0,0.0,0.0,0.0,0.16457045802555076,0.0,100.0,False,0.00419422099730582,0,0,210,0,0.0,0.0,1,,,0,True,False,False,1132.6484375,1443.688769031895,-311.04033153189494,True,True,0,ML-Robust-MPC,1203.688769031895,801.428066705546,493.3213401290884
1068.0,1168.0,0.0,0,-100.0,100.0,0.0,0.0,0.0,0.16556252151761425,0.0,100.0,False,0.004208113001368474,0,0,211,0,0.0,0.0,1,,,0,True,False,False,1137.9716796875,1443.0790858843795,-305.10740619687954,True,True,0,ML-Robust-MPC,1203.0790858843795,800.5778902176654,494.0276626192416
1087.0,746.7595068359371,0.0,0,340.24049316406285,0.0,340.24049316406285,0.0,0.0,0.1618224642124647,100.0,0.0,False,0.004174435001914389,0,0,212,0,0.0,0.0,1,,,0,True,False,False,1152.648681640625,1441.997070378787,-289.34838873816193,True,True,0,ML-Robust-MPC,1201.997070378787,798.9868867494223,493.7958699883456
1095.0,1195.0,0.0,0,-100.0,100.0,0.0,0.0,0.0,0.1628145277045282,0.0,100.0,False,0.004605848000210244,0,0,213,0,0.0,0.0,1,,,0,True,False,False,1144.4140625,1438.188089772754,-293.774027272754,True,True,0,ML-Robust-MPC,1198.188089772754,797.8184470483314,493.8596302162266
1152.0,1197.9569244298034,0.0,0,-45.956924429803394,45.956924429803394,0.0,0.0,0.0,0.1632704495738715,0.0,45.956924429803394,False,0.004908613998850342,0,0,214,0,0.0,0.0,1,,,0,True,False,False,1135.5733642578125,1437.9569244298034,-302.3835601719909,True,True,0,ML-Robust-MPC,1197.9569244298034,795.5878523367588,494.23967181239686
1150.0,1198.278931855271,0.0,0,-48.27893185527091,48.27893185527091,0.0,0.0,0.0,0.16374940723116585,0.0,48.27893185527091,False,0.004235663996951189,0,0,215,0,0.0,0.0,1,,,0,True,False,False,1154.42626953125,1438.278931855271,-283.8526623240209,True,True,0,ML-Robust-MPC,1198.278931855271,795.7678640262541,493.862329647563
1131.0,1196.7380865697228,0.0,0,-65.73808656972278,65.73808656972278,0.0,0.0,0.0,0.16440157078840517,0.0,65.73808656972278,False,0.004282860001694644,0,0,216,0,0.0,0.0,1,,,0,True,False,False,1150.0,1436.7380865697228,-286.7380865697228,True,True,0,ML-Robust-MPC,1196.7380865697228,796.8855263720645,492.7937407415276
1151.5,1200.3206081006122,0.0,0,-48.82060810061216,48.82060810061216,0.0,0.0,0.0,0.16488590221797475,0.0,48.82060810061216,False,0.0042412399998283945,0,0,217,0,0.0,0.0,1,,,0,True,False,False,1131.0,1440.3206081006122,-309.32060810061216,True,True,0,ML-Robust-MPC,1200.3206081006122,797.7801701330154,494.69070849369945
1077.5,775.4880224609371,0.0,0,302.01197753906285,0.0,302.01197753906285,0.0,0.0,0.1615660677904689,100.0,0.0,False,0.0044164099999761675,0,0,218,0,0.0,0.0,1,,,0,True,False,False,1151.5,1436.2540220321805,-284.7540220321805,True,True,0,ML-Robust-MPC,1196.2540220321805,799.0103370997159,494.9430379683032
1068.0,1168.0,0.0,0,-100.0,100.0,0.0,0.0,0.0,0.16255813128253238,0.0,100.0,False,0.004371007998997811,0,0,219,0,0.0,0.0,1,,,0,True,False,False,1141.0172119140625,1432.3409873433409,-291.3237754292784,True,True,0,ML-Robust-MPC,1192.3409873433409,797.5122102142736,495.9805365090107
1052.5,1152.5,0.0,0,-100.0,100.0,0.0,0.0,0.0,0.16355019477459587,0.0,100.0,False,0.004007832001661882,0,0,220,0,0.0,0.0,1,,,0,True,False,False,1138.886962890625,1433.8293718531395,-294.9424089625145,True,True,0,ML-Robust-MPC,1193.8293718531395,798.4937970458932,495.6035026532157
1071.5,1171.5,0.0,0,-100.0,100.0,0.0,0.0,0.0,0.16454225826665936,0.0,100.0,False,0.005616444999759551,0,0,221,0,0.0,0.0,1,,,0,True,False,False,1152.065185546875,1434.717439564378,-282.6522540175031,True,True,0,ML-Robust-MPC,1194.717439564378,799.1632153037078,496.42275314997073
1083.5,1183.5,0.0,0,-100.0,100.0,0.0,0.0,0.0,0.16553432175872285,0.0,100.0,False,0.0048801010016177315,0,0,222,0,0.0,0.0,1,,,0,True,False,False,1142.4228515625,1435.0074094426957,-292.5845578801957,True,True,0,ML-Robust-MPC,1195.0074094426957,797.5411936784577,496.448068301606
1094.5,777.3394628906246,0.0,0,317.16053710937535,0.0,317.16053710937535,0.0,0.0,0.16204796840703908,100.0,0.0,False,0.004465621001145337,0,0,223,0,0.0,0.0,1,,,0,True,False,False,1139.600341796875,1434.96798913378,-295.36764733690507,True,True,0,ML-Robust-MPC,1194.96798913378,799.7549235097795,496.7211025367779
1157.0,1192.488949108517,0.0,0,-35.48894910851709,35.48894910851709,0.0,0.0,0.0,0.1624000413148617,0.0,35.48894910851709,False,0.004226745000778465,0,0,224,0,0.0,0.0,1,,,0,True,False,False,1141.18310546875,1432.488949108517,-291.3058436397671,True,True,0,ML-Robust-MPC,1192.488949108517,800.0133656723402,496.2011885627282
1144.0,1193.6686753136976,0.0,0,-49.66867531369758,49.66867531369758,0.0,0.0,0.0,0.16289278610964042,0.0,49.66867531369758,False,0.004455160000361502,0,0,225,0,0.0,0.0,1,,,0,True,False,False,1157.0,1433.6686753136976,-276.6686753136976,True,True,0,ML-Robust-MPC,1193.6686753136976,801.1941552719632,497.2843468663019
1115.0,1193.7404640313564,0.0,0,-78.7404640313564,78.7404640313564,0.0,0.0,0.0,0.1636739415067769,0.0,78.7404640313564,False,0.004342886000813451,0,0,226,0,0.0,0.0,1,,,0,True,False,False,1149.5821533203125,1433.7404640313564,-284.1583107110439,True,True,0,ML-Robust-MPC,1193.7404640313564,802.228153787479,497.2170562762234
1065.5,1165.5,0.0,0,-100.0,100.0,0.0,0.0,0.0,0.16466600499884038,0.0,100.0,False,0.004335592002462363,0,0,227,0,0.0,0.0,1,,,0,True,False,False,1161.3409423828125,1435.7955450957709,-274.4546027129584,True,True,0,ML-Robust-MPC,1195.7955450957709,802.6273240911671,497.0021200139303
1056.0,1156.0,0.0,0,-100.0,100.0,0.0,0.0,0.0,0.16565806849090386,0.0,100.0,False,0.004575937000481645,0,0,228,0,0.0,0.0,1,,,0,True,False,False,1147.3121337890625,1438.1782774628632,-290.8661436738007,True,True,0,ML-Robust-MPC,1198.1782774628632,803.2752593440335,496.6855658239929
1061.0,714.1529394531246,0.0,0,346.84706054687535,0.0,346.84706054687535,0.0,0.0,0.16184538919895827,100.0,0.0,False,0.004537910001090495,0,0,229,0,0.0,0.0,1,,,0,True,False,False,1156.5223388671875,1441.7042251001476,-285.1818862329601,True,True,0,ML-Robust-MPC,1201.7042251001476,804.1623728083006,495.689363666063
1046.0,1146.0,0.0,0,-100.0,100.0,0.0,0.0,0.0,0.16283745269102176,0.0,100.0,False,0.004452739001862938,0,0,230,0,0.0,0.0,1,,,0,True,False,False,1156.7772216796875,1439.6931919306296,-282.9159702509421,True,True,0,ML-Robust-MPC,1199.6931919306296,803.4542981176636,496.09560403832336
1120.5,1201.5032512859293,0.0,0,-81.00325128592931,81.00325128592931,0.0,0.0,0.0,0.16364105637441392,0.0,81.00325128592931,False,0.00435378800102626,0,0,231,0,0.0,0.0,1,,,0,True,False,False,1151.784423828125,1441.5032512859293,-289.7188274578043,True,True,0,ML-Robust-MPC,1201.5032512859293,802.4932077147241,497.6051145619747
1130.0,1204.8457232125984,0.0,0,-74.84572321259839,74.84572321259839,0.0,0.0,0.0,0.164383573469777,0.0,74.84572321259839,False,0.004336324996984331,0,0,232,0,0.0,0.0,1,,,0,True,False,False,1161.8807373046875,1444.8457232125984,-282.9649859079109,True,True,0,ML-Robust-MPC,1204.8457232125984,803.9107092210454,496.7025849537205
1142.0,1205.7470411823751,0.0,0,-63.74704118237514,63.74704118237514,0.0,0.0,0.0,0.16501598459261801,0.0,63.74704118237514,False,0.004273433001799276,0,0,233,0,0.0,0.0,1,,,0,True,False,False,1156.3916015625,1445.7470411823751,-289.35543961987514,True,True,0,ML-Robust-MPC,1205.7470411823751,803.9872889336215,494.68925946418005
1158.5,803.6399999999996,0.0,0,354.86000000000035,0.0,354.86000000000035,0.0,0.0,0.16111522391900415,100.0,0.0,False,0.00454906800223398,0,0,234,0,0.0,0.0,1,,,0,True,False,False,1149.201904296875,1448.432799379587,-299.2308950827121,True,True,0,ML-Robust-MPC,1208.432799379587,800.7335564148432,495.7921133618376
1153.0,1205.5133302729332,0.0,0,-52.51333027293322,52.51333027293322,0.0,0.0,0.0,0.16163618949710865,0.0,52.51333027293322,False,0.004559322002023691,0,0,235,0,0.0,0.0,1,,,0,True,False,False,1158.5,1445.5133302729332,-287.0133302729332,True,True,0,ML-Robust-MPC,1205.5133302729332,803.6521009806876,496.40879346431706
1138.5,1206.6479893960336,0.0,0,-68.14798939603361,68.14798939603361,0.0,0.0,0.0,0.162312260820482,0.0,68.14798939603361,False,0.004354092001449317,0,0,236,0,0.0,0.0,1,,,0,True,False,False,1157.151611328125,1446.6479893960336,-289.4963780679086,True,True,0,ML-Robust-MPC,1206.6479893960336,805.4262009985001,495.6437560902716
1044.0,1144.0,0.0,0,-100.0,100.0,0.0,0.0,0.0,0.1633043243125455,0.0,100.0,False,0.004476714999327669,0,0,237,0,0.0,0.0,1,,,0,True,False,False,1157.821533203125,1447.8064764469511,-289.98494324382614,True,True,0,ML-Robust-MPC,1207.8064764469511,804.4505384232995,497.7477961910496
1088.5,1188.5,0.0,0,-100.0,100.0,0.0,0.0,0.0,0.16429638780460898,0.0,100.0,False,0.0043406379991211,0,0,238,0,0.0,0.0,1,,,0,True,False,False,1143.61767578125,1452.8205732716106,-309.20289749036056,True,True,0,ML-Robust-MPC,1212.8205732716106,805.691999860597,499.0212692404334
1108.0,1208.0,0.0,0,-100.0,100.0,0.0,0.0,0.0,0.16528845129667247,0.0,100.0,False,0.004306155002268497,0,0,239,0,0.0,0.0,1,,,0,True,False,False,1153.204833984375,1450.0312476790232,-296.8264136946482,True,True,0,ML-Robust-MPC,1210.0312476790232,806.8245031980055,499.5516716895543
1101.5,784.0191503906246,0.0,0,317.48084960937535,0.0,317.48084960937535,0.0,0.0,0.16179857694402136,100.0,0.0,False,0.004590568001731299,0,0,240,0,0.0,0.0,1,,,0,True,False,False,1153.16162109375,1450.8647587218136,-297.7031376280636,True,True,0,ML-Robust-MPC,1210.8647587218136,806.1781586695383,499.03637471838033
1152.0,1213.1350928295,0.0,0,-61.13509282950008,61.13509282950008,0.0,0.0,0.0,0.16240507588082195,0.0,61.13509282950008,False,0.004584209000313422,0,0,241,0,0.0,0.0,1,,,0,True,False,False,1147.586669921875,1453.1350928295,-305.5484229076251,True,True,0,ML-Robust-MPC,1213.1350928295,806.8543254778257,499.1225387706772
1140.5,1210.2142786266295,0.0,0,-69.7142786266295,69.7142786266295,0.0,0.0,0.0,0.16309668578783218,0.0,69.7142786266295,False,0.004323897999711335,0,0,242,0,0.0,0.0,1,,,0,True,False,False,1156.337890625,1450.2142786266295,-293.8763880016295,True,True,0,ML-Robust-MPC,1210.2142786266295,804.7874212143101,500.0
1113.0,1212.614925248722,0.0,0,-99.6149252487221,99.6149252487221,0.0,0.0,0.0,0.1640849290938711,0.0,99.6149252487221,False,0.004131205001613125,0,0,243,0,0.0,0.0,1,,,0,True,False,False,1140.5,1452.614925248722,-312.1149252487221,True,True,0,ML-Robust-MPC,1212.614925248722,803.4516142164655,500.0
1116.5,1211.5219340769545,0.0,0,-95.0219340769545,95.0219340769545,0.0,0.0,0.0,0.1650276070113012,0.0,95.0219340769545,False,0.004346484001871431,0,0,244,0,0.0,0.0,1,,,0,True,False,False,1120.9501953125,1451.5219340769545,-330.5717387644545,True,True,0,ML-Robust-MPC,1211.5219340769545,804.0686042576393,500.0
1078.5,739.3178564453121,0.0,0,339.18214355468785,0.0,339.18214355468785,0.0,0.0,0.16129918350126857,100.0,0.0,False,0.004381093996926211,0,0,245,0,0.0,0.0,1,,,0,True,False,False,1119.7451171875,1453.1647959354573,-333.4196787479573,True,True,0,ML-Robust-MPC,1213.1647959354573,803.3401855904516,500.0
1047.0,1147.0,0.0,0,-100.0,100.0,0.0,0.0,0.0,0.16229124699333206,0.0,100.0,False,0.004053208002005704,0,0,246,0,0.0,0.0,1,,,0,True,False,False,1130.92724609375,1453.6144814811485,-322.68723538739846,True,True,0,ML-Robust-MPC,1213.6144814811485,802.4290362432203,499.88224412427314
1032.0,1132.0,0.0,0,-100.0,100.0,0.0,0.0,0.0,0.16328331048539554,0.0,100.0,False,0.004539243996987352,0,0,247,0,0.0,0.0,1,,,0,True,False,False,1140.9765625,1455.2561584974892,-314.2795959974892,True,True,0,ML-Robust-MPC,1215.2561584974892,801.4991792900666,498.24181580612026
1046.5,1146.5,0.0,0,-100.0,100.0,0.0,0.0,0.0,0.16427537397745903,0.0,100.0,False,0.004304731999582145,0,0,248,0,0.0,0.0,1,,,0,True,False,False,1170.3380126953125,1455.0382785649651,-284.70026586965264,True,True,0,ML-Robust-MPC,1215.0382785649651,800.3915852622216,495.91793784644034
1083.0,1183.0,0.0,0,-100.0,100.0,0.0,0.0,0.0,0.16526743746952252,0.0,100.0,False,0.00429412800076534,0,0,249,0,0.0,0.0,1,,,0,True,False,False,1181.146728515625,1457.3395580673362,-276.19282955171116,True,True,0,ML-Robust-MPC,1217.3395580673362,802.0449129464176,494.022161913872
1103.5,778.1588815770561,0.0,0,325.34111842294385,0.0,325.34111842294385,0.0,0.0,0.16169115995091302,100.0,0.0,False,0.004115113999432651,0,0,250,0,0.0,0.0,1,,,0,True,False,False,1179.261962890625,1457.5252271802217,-278.2632642895967,True,True,0,ML-Robust-MPC,1217.5252271802217,801.845457464835,494.36317573262687
1082.0,1182.0,0.0,0,-100.0,100.0,0.0,0.0,0.0,0.1626832234429765,0.0,100.0,False,0.004103996001504129,0,0,251,0,0.0,0.0,1,,,0,True,False,False,1183.518798828125,1456.9930916440378,-273.4742928159128,True,True,0,ML-Robust-MPC,1216.9930916440378,801.8447212322462,494.9862384611265
1084.0,1184.0,0.0,0,-100.0,100.0,0.0,0.0,0.0,0.16367528693504,0.0,100.0,False,0.0043229179973423015,0,0,252,0,0.0,0.0,1,,,0,True,False,False,1179.30908203125,1456.0785038955255,-276.7694218642755,True,True,0,ML-Robust-MPC,1216.0785038955255,801.5360523460305,495.40731897695485
1079.5,1179.5,0.0,0,-100.0,100.0,0.0,0.0,0.0,0.16466735042710348,0.0,100.0,False,0.004333811000833521,0,0,253,0,0.0,0.0,1,,,0,True,False,False,1177.684814453125,1452.547822555642,-274.8630081025169,True,True,0,ML-Robust-MPC,1212.547822555642,798.793592677515,495.8689627159226
1096.5,1196.5,0.0,0,-100.0,100.0,0.0,0.0,0.0,0.16565941391916697,0.0,100.0,False,0.0038509359983436298,0,0,254,0,0.0,0.0,1,,,0,True,False,False,1176.9954833984375,1452.635655815543,-275.64017241710553,True,True,0,ML-Robust-MPC,1212.635655815543,800.5081259938726,495.0632858336908
1059.0,738.9280473736146,0.0,0,320.07195262638544,0.0,320.07195262638544,0.0,0.0,0.16214105714316573,100.0,0.0,False,0.004301086999475956,0,0,255,0,0.0,0.0,1,,,0,True,False,False,1178.844482421875,1451.504921376386,-272.66043895451094,True,True,0,ML-Robust-MPC,1211.504921376386,799.6521168263619,495.5853568107463
1075.0,1175.0,0.0,0,-100.0,100.0,0.0,0.0,0.0,0.16313312063522922,0.0,100.0,False,0.004224444001010852,0,0,256,0,0.0,0.0,1,,,0,True,False,False,1179.5555419921875,1452.7772709474425,-273.221728955255,True,True,0,ML-Robust-MPC,1212.7772709474425,799.1816349661159,494.1047294494374
1089.0,1189.0,0.0,0,-100.0,100.0,0.0,0.0,0.0,0.1641251841272927,0.0,100.0,False,0.004256596999766771,0,0,257,0,0.0,0.0,1,,,0,True,False,False,1180.7916259765625,1451.4135182068778,-270.6218922303153,True,True,0,ML-Robust-MPC,1211.4135182068778,800.9855005607641,493.39994981635977
1117.0,1214.7458972467186,0.0,0,-97.74589724671864,97.74589724671864,0.0,0.0,0.0,0.1650948854888673,0.0,97.74589724671864,False,0.004279224998754216,0,0,258,0,0.0,0.0,1,,,0,True,False,False,1182.37890625,1454.7458972467186,-272.36699099671864,True,True,0,ML-Robust-MPC,1214.7458972467186,798.5744801361755,494.76039835383847
1177.0,822.1399999999996,0.0,0,354.86000000000035,0.0,354.86000000000035,0.0,0.0,0.16119412481525344,100.0,0.0,False,0.0045907320018159226,0,0,259,0,0.0,0.0,1,,,0,True,False,False,1180.5263671875,1455.5123369066546,-274.9859697191546,True,True,0,ML-Robust-MPC,1215.5123369066546,797.7010344214108,494.2606889370182
1175.5,1215.3286302028696,0.0,0,-39.82863020286959,39.82863020286959,0.0,0.0,0.0,0.1615892501148851,0.0,39.82863020286959,False,0.004367937999631977,0,0,260,0,0.0,0.0,1,,,0,True,False,False,1185.468505859375,1455.3286302028696,-269.8601243434946,True,True,0,ML-Robust-MPC,1215.3286302028696,798.136378343938,493.4479612828643
1194.0,1217.4107321524723,0.0,0,-23.410732152472292,23.410732152472292,0.0,0.0,0.0,0.16182149944179453,0.0,23.410732152472292,False,0.004407465999975102,0,0,261,0,0.0,0.0,1,,,0,True,False,False,1175.5,1457.4107321524723,-281.9107321524723,True,True,0,ML-Robust-MPC,1217.4107321524723,794.8749072475053,493.51188396492864
1165.0,1218.3224389922325,0.0,0,-53.32243899223249,53.32243899223249,0.0,0.0,0.0,0.16235049189211428,0.0,53.32243899223249,False,0.004501903000345919,0,0,262,0,0.0,0.0,1,,,0,True,False,False,1194.0,1458.3224389922325,-264.3224389922325,True,True,0,ML-Robust-MPC,1218.3224389922325,793.7816673867139,493.75897043572434
1130.5,1216.9907313666704,0.0,0,-86.49073136667039,86.49073136667039,0.0,0.0,0.0,0.16320853486202172,0.0,86.49073136667039,False,0.004105477997654816,0,0,263,0,0.0,0.0,1,,,0,True,False,False,1165.0,1456.9907313666704,-291.9907313666704,True,True,0,ML-Robust-MPC,1216.9907313666704,792.3114281975317,493.8669610190499
1089.0,1189.0,0.0,0,-100.0,100.0,0.0,0.0,0.0,0.1642005983540852,0.0,100.0,False,0.004317872997489758,0,0,264,0,0.0,0.0,1,,,0,True,False,False,1153.714599609375,1458.525004534348,-304.810404924973,True,True,0,ML-Robust-MPC,1218.525004534348,791.5643237373205,492.64887246320745
1077.0,1177.0,0.0,0,-100.0,100.0,0.0,0.0,0.0,0.1651926618461487,0.0,100.0,False,0.003975266001361888,0,0,265,0,0.0,0.0,1,,,0,True,False,False,1158.2467041015625,1461.5842207314786,-303.3375166299161,True,True,0,ML-Robust-MPC,1221.5842207314786,792.8901169932332,492.6352484952187
1094.5,754.4195410156246,0.0,0,340.08045898437535,0.0,340.08045898437535,0.0,0.0,0.16145436369963795,100.0,0.0,False,0.0044058240018785,0,0,266,0,0.0,0.0,1,,,0,True,False,False,1151.7713623046875,1463.1481389722733,-311.3767766675858,True,True,0,ML-Robust-MPC,1223.1481389722733,792.4450851488425,495.07314163890334
1120.0,1220.0,0.0,0,-100.0,100.0,0.0,0.0,0.0,0.16244642719170144,0.0,100.0,False,0.00470270299774711,0,0,267,0,0.0,0.0,1,,,0,True,False,False,1159.25537109375,1465.441722842067,-306.18635174831707,True,True,0,ML-Robust-MPC,1225.441722842067,794.0219134769209,495.1018989908928
1153.5,1226.3074896949186,0.0,0,-72.80748969491856,72.80748969491856,0.0,0.0,0.0,0.1631687237164526,0.0,72.80748969491856,False,0.003964240000641439,0,0,268,0,0.0,0.0,1,,,0,True,False,False,1149.39013671875,1466.3074896949186,-316.91735297616856,True,True,0,ML-Robust-MPC,1226.3074896949186,797.1165600210757,494.0880255137554
1160.0,1220.7634453494763,0.0,0,-60.76344534947634,60.76344534947634,0.0,0.0,0.0,0.1637715356742847,0.0,60.76344534947634,False,0.004381983999337535,0,0,269,0,0.0,0.0,1,,,0,True,False,False,1160.2919921875,1460.7634453494763,-300.47145316197634,True,True,0,ML-Robust-MPC,1220.7634453494763,795.8101372799175,494.5634645988964
1169.0,1220.1851511093428,0.0,0,-51.18515110934277,51.18515110934277,0.0,0.0,0.0,0.16427932487179803,0.0,51.18515110934277,False,0.004189197999949101,0,0,270,0,0.0,0.0,1,,,0,True,False,False,1160.0,1460.1851511093428,-300.18515110934277,True,True,0,ML-Robust-MPC,1220.1851511093428,796.5655017226555,494.64422354276417
1124.0,1218.1565083635412,0.0,0,-94.1565083635412,94.1565083635412,0.0,0.0,0.0,0.16521341721667443,0.0,94.1565083635412,False,0.005157307998160832,0,0,271,0,0.0,0.0,1,,,0,True,False,False,1169.0,1458.1565083635412,-289.1565083635412,True,True,0,ML-Robust-MPC,1218.1565083635412,797.3844535310574,495.1845887314408
1099.5,752.2259374999996,0.0,0,347.27406250000035,0.0,347.27406250000035,0.0,0.0,0.16139604415133563,100.0,0.0,False,0.004508003999944776,0,0,272,0,0.0,0.0,1,,,0,True,False,False,1124.9757080078125,1459.7451395400053,-334.7694315321928,True,True,0,ML-Robust-MPC,1219.7451395400053,796.6045517940972,494.5832378573591
1037.0,1137.0,0.0,0,-100.0,100.0,0.0,0.0,0.0,0.16238810764339912,0.0,100.0,False,0.004278801996406401,0,0,273,0,0.0,0.0,1,,,0,True,False,False,1129.6298828125,1458.190599339427,-328.5607165269271,True,True,0,ML-Robust-MPC,1218.190599339427,794.6669249815208,494.2050169809297
1044.0,1144.0,0.0,0,-100.0,100.0,0.0,0.0,0.0,0.1633801711354626,0.0,100.0,False,0.004156210998189636,0,0,274,0,0.0,0.0,1,,,0,True,False,False,1126.3765869140625,1456.5860273993223,-330.20944048525985,True,True,0,ML-Robust-MPC,1216.5860273993223,796.6391617613565,494.53298536420215
1066.5,1166.5,0.0,0,-100.0,100.0,0.0,0.0,0.0,0.1643722346275261,0.0,100.0,False,0.004128493001189781,0,0,275,0,0.0,0.0,1,,,0,True,False,False,1137.255859375,1458.1503748252787,-320.89451545027873,True,True,0,ML-Robust-MPC,1218.1503748252787,796.5987153551089,494.068332842658
1080.0,1180.0,0.0,0,-100.0,100.0,0.0,0.0,0.0,0.16536429811958958,0.0,100.0,False,0.004374954998638714,0,0,276,0,0.0,0.0,1,,,0,True,False,False,1135.8018798828125,1458.662500123036,-322.8606202402234,True,True,0,ML-Robust-MPC,1218.662500123036,796.5533830298178,493.3724794789631
1093.0,770.7227636718746,0.0,0,322.27723632812535,0.0,322.27723632812535,0.0,0.0,0.16182169999788043,100.0,0.0,False,0.004178171999228653,0,0,277,0,0.0,0.0,1,,,0,True,False,False,1119.370849609375,1460.4606329116536,-341.08978330227865,True,True,0,ML-Robust-MPC,1220.4606329116536,797.4940239561583,493.5531005166573
1113.5,1213.5,0.0,0,-100.0,100.0,0.0,0.0,0.0,0.16281376348994392,0.0,100.0,False,0.004298156000004383,0,0,278,0,0.0,0.0,1,,,0,True,False,False,1115.2166748046875,1458.227805372876,-343.0111305681885,True,True,0,ML-Robust-MPC,1218.227805372876,797.9778552633549,494.1940475263044
1101.0,1201.0,0.0,0,-100.0,100.0,0.0,0.0,0.0,0.1638058269820074,0.0,100.0,False,0.004328942999563878,0,0,279,0,0.0,0.0,1,,,0,True,False,False,1113.5,1460.0625817907558,-346.56258179075576,True,True,0,ML-Robust-MPC,1220.0625817907558,797.3960609542363,493.2004462377634
1095.5,1195.5,0.0,0,-100.0,100.0,0.0,0.0,0.0,0.1647978904740709,0.0,100.0,False,0.004283495003619464,0,0,280,0,0.0,0.0,1,,,0,True,False,False,1124.429931640625,1458.0792223931192,-333.64929075249415,True,True,0,ML-Robust-MPC,1218.0792223931192,796.1114348590413,492.35356009270646
1054.5,721.9178320312496,0.0,0,332.58216796875035,0.0,332.58216796875035,0.0,0.0,0.1611420164912108,100.0,0.0,False,0.004189450999547262,0,0,281,0,0.0,0.0,1,,,0,True,False,False,1124.18603515625,1457.663478603026,-333.4774434467761,True,True,0,ML-Robust-MPC,1217.663478603026,794.576926497782,492.6368336251793
1059.0,1159.0,0.0,0,-100.0,100.0,0.0,0.0,0.0,0.16213407998327428,0.0,100.0,False,0.003880127998854732,0,0,282,0,0.0,0.0,1,,,0,True,False,False,1120.8155517578125,1459.7469883774836,-338.9314366196711,True,True,0,ML-Robust-MPC,1219.7469883774836,793.8054152874242,492.88754556307487
1015.0,1115.0,0.0,0,-100.0,100.0,0.0,0.0,0.0,0.16312614347533777,0.0,100.0,False,0.0043058310002379585,0,0,283,0,0.0,0.0,1,,,0,True,False,False,1128.60107421875,1458.2363170365916,-329.6352428178416,True,True,0,ML-Robust-MPC,1218.2363170365916,795.1916369368988,493.2552162825602
1049.0,1149.0,0.0,0,-100.0,100.0,0.0,0.0,0.0,0.16411820696740126,0.0,100.0,False,0.00404690299910726,0,0,284,0,0.0,0.0,1,,,0,True,False,False,1162.1524658203125,1459.4162503127673,-297.26378449245476,True,True,0,ML-Robust-MPC,1219.4162503127673,793.8468849809564,493.0127589458892
1047.0,1147.0,0.0,0,-100.0,100.0,0.0,0.0,0.0,0.16511027045946475,0.0,100.0,False,0.004226019998895936,0,0,285,0,0.0,0.0,1,,,0,True,False,False,1178.6846923828125,1458.0552736021382,-279.3705812193257,True,True,0,ML-Robust-MPC,1218.0552736021382,792.9698903311225,492.2206751304292
1082.0,762.7378181058759,240.0,2,79.26218189412407,0.0,79.26218189412407,0.0,0.0,0.16423898938513282,0.0,0.0,False,0.0042583560025377665,2,0,286,0,0.0,0.0,1,,,2,True,True,False,1175.1734619140625,1002.7378181058759,172.43564380818657,True,True,0,ML-Robust-MPC,762.7378181058759,494.5818880189546,493.2152221021338
1115.5,765.4989295883743,300.0,2,50.00107041162573,0.0,50.00107041162573,0.0,0.0,0.1636893579555542,0.0,0.0,False,0.004502103998675011,0,0,287,0,0.0,0.0,1,,,2,True,True,False,1175.556396484375,1005.4989295883743,170.05746689600073,True,True,0,ML-Robust-MPC,765.4989295883743,496.7352781338188,493.4234836410078
1111.0,762.0837176370875,360.0,2,-11.083717637087489,11.083717637087489,0.0,0.0,0.0,0.16379931547179516,0.0,11.083717637087489,False,0.004337844002293423,0,0,288,0,0.0,0.0,1,,,2,True,True,False,1190.509521484375,1002.0837176370875,188.4258038472875,True,True,0,ML-Robust-MPC,762.0837176370875,495.1887458397416,493.9769585159447
1100.5,758.7248440027195,350.73267552853054,2,-8.95751953125,8.95751953125,0.0,0.0,0.0,0.16388817975285916,0.0,8.95751953125,False,0.004128575001232093,0,0,289,0,0.0,0.0,1,,,2,True,True,False,1175.8121337890625,998.7248440027195,177.08728978634304,True,True,0,ML-Robust-MPC,758.7248440027195,495.6756239053456,493.8196717818526
1065.0,760.7695269855486,333.30835387382626,2,-29.077880859375,29.077880859375,0.0,0.0,0.0,0.16417665079313074,0.0,29.077880859375,False,0.004427337000379339,0,0,290,0,0.0,0.0,1,,,2,True,True,False,1178.7381591796875,1000.7695269855486,177.96863219413888,True,True,0,ML-Robust-MPC,760.7695269855486,496.3180234427118,494.2658561107573
1044.5,757.9944437397174,311.8871480571577,2,-25.381591796875,25.381591796875,0.0,0.0,0.0,0.16442845229905212,0.0,25.381591796875,False,0.00425468799949158,0,0,291,0,0.0,0.0,1,,,2,True,True,False,1178.86474609375,997.9944437397174,180.87030235403256,True,True,0,ML-Robust-MPC,757.9944437397174,494.7460824657368,493.9056767338308
1070.5,755.0035684990759,317.14413657904913,2,-1.647705078125,1.647705078125,0.0,0.0,0.0,0.16444479857958907,0.0,1.647705078125,False,0.004208592999930261,0,0,292,0,0.0,0.0,1,,,2,True,True,False,1178.68115234375,995.0035684990759,183.67758384467413,True,True,0,ML-Robust-MPC,755.0035684990759,495.34804940436976,494.6436303454391
1076.5,755.1419706280775,351.3648653094225,2,-30.0068359375,30.0068359375,0.0,0.0,0.0,0.1647424854440484,0.0,30.0068359375,False,0.004006092996860389,0,0,293,0,0.0,0.0,1,,,2,True,True,False,1177.442626953125,995.1419706280775,182.3006563250475,True,True,0,ML-Robust-MPC,755.1419706280775,495.8338404216471,496.0902117152527
1122.0,754.9133083405976,379.1379611906524,2,-12.05126953125,12.05126953125,0.0,0.0,0.0,0.1648620416893981,0.0,12.05126953125,False,0.004163954999967245,0,0,294,0,0.0,0.0,1,,,2,True,True,False,1168.794677734375,994.9133083405976,173.8813693937774,True,True,0,ML-Robust-MPC,754.9133083405976,495.1224281571102,495.56218841199245
1150.5,751.0750829341034,418.3102930424591,2,-18.8853759765625,18.8853759765625,0.0,0.0,0.0,0.1650493966098005,0.0,18.8853759765625,False,0.004165149002801627,0,0,295,0,0.0,0.0,1,,,2,True,True,False,1181.271240234375,991.0750829341034,190.19615730027158,True,True,0,ML-Robust-MPC,751.0750829341034,495.8981953913103,495.7825635734666
1189.5,750.172771411508,439.32722858849206,2,0.0,0.0,0.0,0.0,0.0,0.1650493966098005,0.0,0.0,False,0.006262660001084441,0,0,296,0,0.0,0.0,1,,,2,True,True,False,1175.9427490234375,990.172771411508,185.76997761192945,True,True,0,ML-Robust-MPC,750.172771411508,496.0094768926896,496.5362625900933
1194.0,748.3451176308085,445.65488236919145,2,0.0,0.0,0.0,0.0,0.0,0.1650493966098005,0.0,0.0,False,0.00860432999979821,0,0,297,0,0.0,0.0,1,,,2,True,True,False,1189.5,988.3451176308085,201.15488236919145,True,True,0,ML-Robust-MPC,748.3451176308085,497.8167438413986,496.785770585913
1151.0,747.4853226764748,428.3474409954001,2,-24.832763671875,24.832763671875,0.0,0.0,0.0,0.16529575339225958,0.0,24.832763671875,False,0.00907951300177956,0,0,298,0,0.0,0.0,1,,,2,True,True,False,1194.0,987.4853226764748,206.51467732352523,True,True,0,ML-Robust-MPC,747.4853226764748,497.653535666539,497.1024656698803
1106.0,749.2484390127372,382.0805404794503,2,-25.3289794921875,25.3289794921875,0.0,0.0,0.0,0.16554703295071382,0.0,25.3289794921875,False,0.008872988000803161,0,0,299,0,0.0,0.0,1,,,2,True,True,False,1151.0,989.2484390127372,161.7515609872628,True,True,0,ML-Robust-MPC,749.2484390127372,497.0337225644568,497.53903904437993
1076.0,753.9074727292626,341.9929178957374,2,-19.900390625,19.900390625,0.0,0.0,0.0,0.16574445746088248,0.0,19.900390625,False,0.006441837998863775,0,0,300,0,0.0,0.0,1,,,2,True,True,False,1118.109619140625,993.9074727292626,124.20214641136238,True,True,0,ML-Robust-MPC,753.9074727292626,492.7443114405757,496.2960969889265
1080.5,758.9933627054805,321.50663729451946,2,0.0,0.0,0.0,0.0,0.0,0.16574445746088248,0.0,0.0,False,0.006266552001761738,0,0,301,0,0.0,0.0,1,,,2,True,True,False,1121.6484375,998.9933627054805,122.65507479451946,True,True,0,ML-Robust-MPC,758.9933627054805,492.652942937582,495.8167622662284
1087.0,762.8210829646773,329.4576035587602,2,-5.2786865234375,5.2786865234375,0.0,0.0,0.0,0.16579682538274199,0.0,5.2786865234375,False,0.008808319998934167,0,0,302,0,0.0,0.0,1,,,2,True,True,False,1128.50146484375,1002.8210829646773,125.68038187907268,True,True,0,ML-Robust-MPC,762.8210829646773,494.33061713387815,494.5674013167372
1105.0,760.3976931842939,358.45118376883113,2,-13.848876953125,13.848876953125,0.0,0.0,0.0,0.16593421503505473,0.0,13.848876953125,False,0.007580543999210931,0,0,303,0,0.0,0.0,1,,,2,True,True,False,1153.8450927734375,1000.3976931842939,153.44739958914363,True,True,0,ML-Robust-MPC,760.3976931842939,493.06644992995297,493.2461911991313
1097.5,758.6642923773214,379.85194297424107,2,-41.0162353515625,41.0162353515625,0.0,0.0,0.0,0.16634112213179642,0.0,41.0162353515625,False,0.008705013002327178,0,0,304,0,0.0,0.0,1,,,2,True,True,False,1154.344970703125,998.6642923773214,155.68067832580357,True,True,0,ML-Robust-MPC,758.6642923773214,491.8158937292272,494.2769400588892
1126.5,762.0887011991663,366.55460934770883,2,-2.143310546875,2.143310546875,0.0,0.0,0.0,0.16636238513325352,0.0,2.143310546875,False,0.006472695000411477,0,0,305,0,0.0,0.0,1,,,2,True,True,False,1163.3511962890625,1002.0887011991663,161.26249508989622,True,True,0,ML-Robust-MPC,762.0887011991663,491.5025106807584,494.523835840306
1107.0,756.1228700009723,372.0653624209027,2,-21.188232421875,21.188232421875,0.0,0.0,0.0,0.1665725858517245,0.0,21.188232421875,False,0.008216722002543975,0,0,306,0,0.0,0.0,1,,,2,True,True,False,1157.38671875,996.1228700009723,161.26384874902772,True,True,0,ML-Robust-MPC,756.1228700009723,489.1556069622701,494.9736989677552
1081.5,754.070487734489,347.489570859261,2,-20.06005859375,20.06005859375,0.0,0.0,0.0,0.16677159436951963,0.0,20.06005859375,False,0.006237081997824134,0,0,307,0,0.0,0.0,1,,,2,True,True,False,1184.669677734375,994.070487734489,190.599189999886,True,True,0,ML-Robust-MPC,754.070487734489,491.09107019196136,494.6254564427734
1061.5,755.2650625376397,318.66853121236034,2,-12.43359375,12.43359375,0.0,0.0,0.0,0.16689494351386486,0.0,12.43359375,False,0.0090499589969113,0,0,308,0,0.0,0.0,1,,,2,True,True,False,1161.64013671875,995.2650625376397,166.37507418111034,True,True,0,ML-Robust-MPC,755.2650625376397,492.9716250101806,495.97351672644174
1045.0,755.4109705915641,306.29337511156086,2,-16.704345703125,16.704345703125,0.0,0.0,0.0,0.16706066122917362,0.0,16.704345703125,False,0.005182500997761963,0,0,309,0,0.0,0.0,1,,,2,True,True,False,1184.1083984375,995.4109705915641,188.69742784593586,True,True,0,ML-Robust-MPC,755.4109705915641,493.2032692459202,495.3805364639388
1045.0,757.092499792246,303.43630880150397,2,-15.52880859375,15.52880859375,0.0,0.0,0.0,0.16721471686998463,0.0,15.52880859375,False,0.006697464999888325,0,0,310,0,0.0,0.0,1,,,2,True,True,False,1164.8597412109375,997.092499792246,167.76724141869147,True,True,0,ML-Robust-MPC,757.092499792246,494.4180008713636,495.7893505190781
1048.5,758.1200864781933,330.77200336555666,2,-40.39208984375,40.39208984375,0.0,0.0,0.0,0.16761543204700596,0.0,40.39208984375,False,0.00521456299975398,0,0,311,0,0.0,0.0,1,,,2,True,True,False,1183.84521484375,998.1200864781933,185.72512836555666,True,True,0,ML-Robust-MPC,758.1200864781933,493.6059153218088,495.89590994399634
1081.0,761.1099513574258,349.07022442382424,2,-29.18017578125,29.18017578125,0.0,0.0,0.0,0.1679049179178517,0.0,29.18017578125,False,0.005076789002487203,0,0,312,0,0.0,0.0,1,,,2,True,True,False,1165.4000244140625,1001.1099513574258,164.29007305663674,True,True,0,ML-Robust-MPC,761.1099513574258,495.71169841269545,498.214165737833
1125.5,759.3206156294436,377.05633749555636,2,-10.876953125,10.876953125,0.0,0.0,0.0,0.1680128241988537,0.0,10.876953125,False,0.0056816340002114885,0,0,313,0,0.0,0.0,1,,,2,True,True,False,1172.4000244140625,999.3206156294436,173.07940878461886,True,True,0,ML-Robust-MPC,759.3206156294436,493.76292847109175,499.42804539107607
1159.5,759.9942296477905,399.50577035220954,2,0.0,0.0,0.0,0.0,0.0,0.1680128241988537,0.0,0.0,False,0.006774534002033761,0,0,314,0,0.0,0.0,1,,,2,True,True,False,1169.0281982421875,999.9942296477905,169.03396859439704,True,True,0,ML-Robust-MPC,759.9942296477905,493.8851447680298,499.1239584745189
1127.0,757.7266866714099,406.6282937973401,2,-37.35498046875,37.35498046875,0.0,0.0,0.0,0.1683834093225516,0.0,37.35498046875,False,0.005941897001321195,0,0,315,0,0.0,0.0,1,,,2,True,True,False,1188.782958984375,997.7266866714099,191.05627231296512,True,True,0,ML-Robust-MPC,757.7266866714099,492.5567291964461,500.0
1114.0,752.7538943724155,372.2949337525845,2,-11.048828125,11.048828125,0.0,0.0,0.0,0.16849302071268057,0.0,11.048828125,False,0.006830056001490448,0,0,316,0,0.0,0.0,1,,,2,True,True,False,1164.5296630859375,992.7538943724155,171.77576871352198,True,True,0,ML-Robust-MPC,752.7538943724155,491.6163334252223,500.0
1117.0,755.618568348835,361.38143165116503,2,0.0,0.0,0.0,0.0,0.0,0.16849302071268057,0.0,0.0,False,0.006619318999582902,0,0,317,0,0.0,0.0,1,,,2,True,True,False,1165.1572265625,995.618568348835,169.53865821366503,True,True,0,ML-Robust-MPC,755.618568348835,492.6159633797456,500.0
1068.5,753.3884540462134,354.0728496647241,2,-38.9613037109375,38.9613037109375,0.0,0.0,0.0,0.16887954158282875,0.0,38.9613037109375,False,0.008362874999875203,0,0,318,0,0.0,0.0,1,,,2,True,True,False,1165.967529296875,993.3884540462134,172.57907525066162,True,True,0,ML-Robust-MPC,753.3884540462134,492.4982556588264,500.0
1100.5,753.1173595491011,347.38264045089886,2,0.0,0.0,0.0,0.0,0.0,0.16887954158282875,0.0,0.0,False,0.005609002997516654,0,0,319,0,0.0,0.0,1,,,2,True,True,False,1172.1859130859375,993.1173595491011,179.06855353683636,True,True,0,ML-Robust-MPC,753.1173595491011,491.74998076890006,500.0
1098.5,752.465101207892,368.84898570617054,2,-22.8140869140625,22.8140869140625,0.0,0.0,0.0,0.1691058718101508,0.0,22.8140869140625,False,0.008092402000329457,0,0,320,0,0.0,0.0,1,,,2,True,True,False,1174.1837158203125,992.465101207892,181.71861461242054,True,True,0,ML-Robust-MPC,752.465101207892,488.8425789240919,500.0
1111.0,753.073068547697,391.48064238980305,2,-33.5537109375,33.5537109375,0.0,0.0,0.0,0.16943874592659425,0.0,33.5537109375,False,0.0077448390002246015,0,0,321,0,0.0,0.0,1,,,2,True,True,False,1170.7637939453125,993.073068547697,177.69072539761555,True,True,0,ML-Robust-MPC,753.073068547697,487.0729234874485,500.0
1154.0,751.5193592942553,407.7650645338697,2,-5.284423828125,5.284423828125,0.0,0.0,0.0,0.16949117076615897,0.0,5.284423828125,False,0.010360765998484567,0,0,322,0,0.0,0.0,1,,,2,True,True,False,1163.7706298828125,991.5193592942553,172.2512705885572,True,True,0,ML-Robust-MPC,751.5193592942553,487.2886011179437,500.0
1164.0,750.4284145539627,419.25298193041226,2,-5.681396484375,5.681396484375,0.0,0.0,0.0,0.16954753382651983,0.0,5.681396484375,False,0.009068407998711336,0,0,323,0,0.0,0.0,1,,,2,True,True,False,1165.7584228515625,990.4284145539627,175.33000829759976,True,True,0,ML-Robust-MPC,750.4284145539627,489.12154589210246,500.0
1128.0,748.7226071309227,413.5424075175147,2,-34.2650146484375,34.2650146484375,0.0,0.0,0.0,0.16988746452739717,0.0,34.2650146484375,False,0.009266945999115705,0,0,324,0,0.0,0.0,1,,,2,True,True,False,1164.0,988.7226071309227,175.2773928690773,True,True,0,ML-Robust-MPC,748.7226071309227,488.7540147362644,500.0
1120.5,747.829180052845,378.1265084237175,2,-5.4556884765625,5.4556884765625,0.0,0.0,0.0,0.16994158842101387,0.0,5.4556884765625,False,0.009624261998396832,0,0,325,0,0.0,0.0,1,,,2,True,True,False,1133.591552734375,987.829180052845,145.76237268153,True,True,0,ML-Robust-MPC,747.829180052845,487.9733375620682,500.0
1083.0,749.3075136518813,358.83274513718106,2,-25.1402587890625,25.1402587890625,0.0,0.0,0.0,0.17019099575027044,0.0,25.1402587890625,False,0.009393953998369398,0,0,326,0,0.0,0.0,1,,,2,True,True,False,1142.7454833984375,989.3075136518813,153.43796974655618,True,True,0,ML-Robust-MPC,749.3075136518813,489.3240996472682,500.0
1090.0,747.9958859241267,342.0041140758733,2,0.0,0.0,0.0,0.0,0.0,0.17019099575027044,0.0,0.0,False,0.007472100998711539,0,0,327,0,0.0,0.0,1,,,2,True,True,False,1149.614501953125,987.9958859241267,161.6186160289983,True,True,0,ML-Robust-MPC,747.9958859241267,489.0906257574388,500.0
1055.0,747.840301723706,343.31985452629397,2,-36.16015625,36.16015625,0.0,0.0,0.0,0.1705497274590998,0.0,36.16015625,False,0.00905942999816034,0,0,328,0,0.0,0.0,1,,,2,True,True,False,1150.3990478515625,987.840301723706,162.55874612785647,True,True,0,ML-Robust-MPC,747.840301723706,490.3423953640377,500.0
1082.5,749.9973392684202,346.2759761612673,2,-13.7733154296875,13.7733154296875,0.0,0.0,0.0,0.17068636749312446,0.0,13.7733154296875,False,0.008097309997538105,0,0,329,0,0.0,0.0,1,,,2,True,True,False,1146.8204345703125,989.9973392684202,156.8230953018923,True,True,0,ML-Robust-MPC,749.9973392684202,489.2158123468144,500.0
1122.5,747.1093877353787,379.73655953024627,2,-4.345947265625,4.345947265625,0.0,0.0,0.0,0.17072948204933105,0.0,4.345947265625,False,0.010269383998092962,0,0,330,0,0.0,0.0,1,,,2,True,True,False,1154.15380859375,987.1093877353787,167.04442085837127,True,True,0,ML-Robust-MPC,747.1093877353787,490.9033110642344,500.0
1155.5,748.107830982147,407.392169017853,2,0.0,0.0,0.0,0.0,0.0,0.17072948204933105,0.0,0.0,False,0.008634006000647787,0,0,331,0,0.0,0.0,1,,,2,True,True,False,1144.9168701171875,988.107830982147,156.8090391350405,True,True,0,ML-Robust-MPC,748.107830982147,490.8981468768888,500.0
1149.5,746.7519134705353,415.72208555290206,2,-12.9739990234375,12.9739990234375,0.0,0.0,0.0,0.17085819235710326,0.0,12.9739990234375,False,0.008910906999517465,0,0,332,0,0.0,0.0,1,,,2,True,True,False,1156.413330078125,986.7519134705353,169.66141660758967,True,True,0,ML-Robust-MPC,746.7519134705353,493.3310457238422,500.0
1172.0,748.9521447794497,423.04785522055033,2,0.0,0.0,0.0,0.0,0.0,0.17085819235710326,0.0,0.0,False,0.010938579998764908,0,0,333,0,0.0,0.0,1,,,2,True,True,False,1149.5,988.9521447794497,160.54785522055033,True,True,0,ML-Robust-MPC,748.9521447794497,493.6150806641878,500.0
1135.5,751.5665413330448,395.67064128414256,2,-11.7371826171875,11.7371826171875,0.0,0.0,0.0,0.1709746326608452,0.0,11.7371826171875,False,0.010959792998619378,0,0,334,0,0.0,0.0,1,,,2,True,True,False,1172.0,991.5665413330448,180.43345866695518,True,True,0,ML-Robust-MPC,751.5665413330448,496.09329442994897,500.0
1066.5,754.190480559921,356.72822061195404,2,-44.418701171875,44.418701171875,0.0,0.0,0.0,0.17141529437882014,0.0,44.418701171875,False,0.008681134000653401,0,0,335,0,0.0,0.0,1,,,2,True,True,False,1135.5,994.190480559921,141.30951944007904,True,True,0,ML-Robust-MPC,754.190480559921,497.6873171322836,500.0
1069.5,752.3888105713796,317.1111894286204,2,0.0,0.0,0.0,0.0,0.0,0.17141529437882014,0.0,0.0,False,0.0072985650003829505,0,0,336,0,0.0,0.0,1,,,2,True,True,False,1096.7216796875,992.3888105713796,104.33286911612038,True,True,0,ML-Robust-MPC,752.3888105713796,500.019473312273,500.0
1030.5,753.3909008631799,315.7509448399451,2,-38.641845703125,38.641845703125,0.0,0.0,0.0,0.17179864602270034,0.0,38.641845703125,False,0.008027683001273545,0,0,337,0,0.0,0.0,1,,,2,True,True,False,1110.6531982421875,993.3909008631799,117.26229737900758,True,True,0,ML-Robust-MPC,753.3909008631799,500.071261620523,500.0
1057.5,755.4431917175697,311.3087614074303,2,-9.251953125,9.251953125,0.0,0.0,0.0,0.1718904312719563,0.0,9.251953125,False,0.007972888000949752,0,0,338,0,0.0,0.0,1,,,2,True,True,False,1125.454833984375,995.4431917175697,130.01164226680532,True,True,0,ML-Robust-MPC,755.4431917175697,500.7556457143941,500.0
1069.5,755.5600551845108,338.7871127842392,2,-24.84716796875,24.84716796875,0.0,0.0,0.0,0.17213693095418597,0.0,24.84716796875,False,0.007856570002331864,0,0,339,0,0.0,0.0,1,,,2,True,True,False,1162.4356689453125,995.5600551845108,166.87561376080168,True,True,0,ML-Robust-MPC,755.5600551845108,502.0306273496482,500.0
1084.5,758.1968398445002,347.69573828049977,2,-21.392578125,21.392578125,0.0,0.0,0.0,0.17234915891177527,0.0,21.392578125,False,0.006988252996961819,0,0,340,0,0.0,0.0,1,,,2,True,True,False,1158.3427734375,998.1968398445002,160.14593359299977,True,True,0,ML-Robust-MPC,758.1968398445002,503.35467171053006,500.0
1123.0,758.991087305214,364.008912694786,2,0.0,0.0,0.0,0.0,0.0,0.17234915891177527,0.0,0.0,False,0.006630003001191653,0,0,341,0,0.0,0.0,1,,,2,True,True,False,1151.939697265625,998.991087305214,152.94860996041098,True,True,0,ML-Robust-MPC,758.991087305214,501.858844367438,500.0
1090.5,759.582032521871,356.44994990000396,2,-25.531982421875,25.531982421875,0.0,0.0,0.0,0.17260245238818275,0.0,25.531982421875,False,0.007723468999756733,0,0,342,0,0.0,0.0,1,,,2,True,True,False,1157.6728515625,999.582032521871,158.09081904062896,True,True,0,ML-Robust-MPC,759.582032521871,502.27286543105936,500.0
1080.0,761.0447427369354,324.3113363646271,2,-5.3560791015625,5.3560791015625,0.0,0.0,0.0,0.17265558809355538,0.0,5.3560791015625,False,0.00559748799787485,0,0,343,0,0.0,0.0,1,,,2,True,True,False,1166.498291015625,1001.0447427369354,165.4535482786896,True,True,0,ML-Robust-MPC,761.0447427369354,502.4763807249629,500.0
1044.5,762.0188109464791,305.9305298738334,2,-23.4493408203125,23.4493408203125,0.0,0.0,0.0,0.17288822044296326,0.0,23.4493408203125,False,0.0051044649990217295,0,0,344,0,0.0,0.0,1,,,2,True,True,False,1174.050048828125,1002.0188109464791,172.0312378816459,True,True,0,ML-Robust-MPC,762.0188109464791,505.3691497389079,500.0
1045.5,760.2217218109689,285.9640692046561,2,-0.685791015625,0.685791015625,0.0,0.0,0.0,0.17289502392526113,0.0,0.685791015625,False,0.005501415002072463,0,0,345,0,0.0,0.0,1,,,2,True,True,False,1166.8116455078125,1000.2217218109689,166.58992369684358,True,True,0,ML-Robust-MPC,760.2217218109689,506.62572031436576,500.0
1039.5,762.4350176976119,296.1821698023881,2,-19.1171875,19.1171875,0.0,0.0,0.0,0.17308467856315796,0.0,19.1171875,False,0.006125985997641692,0,0,346,0,0.0,0.0,1,,,2,True,True,False,1168.8582763671875,1002.4350176976119,166.4232586695756,True,True,0,ML-Robust-MPC,762.4350176976119,508.1275664440116,500.0
1102.0,762.6884926216923,339.31150737830774,2,0.0,0.0,0.0,0.0,0.0,0.17308467856315796,0.0,0.0,False,0.005389308997109765,0,0,347,0,0.0,0.0,1,,,2,True,True,False,1176.222412109375,1002.6884926216923,173.53391948768274,True,True,0,ML-Robust-MPC,762.6884926216923,509.2570380946182,500.0
1104.0,760.9879501273269,376.58028717736056,2,-33.5682373046875,33.5682373046875,0.0,0.0,0.0,0.173417696790387,0.0,33.5682373046875,False,0.006223731998034054,0,0,348,0,0.0,0.0,1,,,2,True,True,False,1196.9716796875,1000.9879501273269,195.98372956017306,True,True,0,ML-Robust-MPC,760.9879501273269,508.768821683015,500.0
1136.5,763.3951917389304,395.6011461516946,2,-22.496337890625,22.496337890625,0.0,0.0,0.0,0.17364087474565112,0.0,22.496337890625,False,0.004567837997456081,0,0,349,0,0.0,0.0,1,,,2,True,True,False,1174.6766357421875,1003.3951917389304,171.2814440032571,True,True,0,ML-Robust-MPC,763.3951917389304,506.7984731592512,500.0
1174.0,761.6557227706558,412.34427722934424,2,0.0,0.0,0.0,0.0,0.0,0.17364087474565112,0.0,0.0,False,0.006679194997559534,0,0,350,0,0.0,0.0,1,,,2,True,True,False,1174.691650390625,1001.6557227706558,173.03592761996924,True,True,0,ML-Robust-MPC,761.6557227706558,507.89360763534427,500.0
1154.0,764.381433216708,415.11588123641695,2,-25.497314453125,25.497314453125,0.0,0.0,0.0,0.1738938242937972,0.0,25.497314453125,False,0.0064645909988030326,0,0,351,0,0.0,0.0,1,,,2,True,True,False,1182.6932373046875,1004.381433216708,178.31180408797945,True,True,0,ML-Robust-MPC,764.381433216708,506.7097345860443,500.0
1145.0,762.9931172700248,389.48893839403775,2,-7.4820556640625,7.4820556640625,0.0,0.0,0.0,0.17396805103649624,0.0,7.4820556640625,False,0.006154454997158609,0,0,352,0,0.0,0.0,1,,,2,True,True,False,1183.996337890625,1002.9931172700248,181.00322062060025,True,True,0,ML-Robust-MPC,762.9931172700248,502.352423056297,500.0
1125.0,768.70730757562,371.0556318775049,2,-14.762939453125,14.762939453125,0.0,0.0,0.0,0.17411450876916612,0.0,14.762939453125,False,0.006291227000474464,0,0,353,0,0.0,0.0,1,,,2,True,True,False,1178.22705078125,1008.70730757562,169.51974320563,True,True,0,ML-Robust-MPC,768.70730757562,499.2885255838861,500.0
1116.5,771.2896996120128,350.9528540989247,2,-5.7425537109375,5.7425537109375,0.0,0.0,0.0,0.17417147854804446,0.0,5.7425537109375,False,0.00897966900083702,0,0,354,0,0.0,0.0,1,,,2,True,True,False,1173.4959716796875,1011.2896996120128,162.20627206767472,True,True,0,ML-Robust-MPC,771.2896996120128,499.9621356544721,500.0
1112.0,770.4443277178746,355.78052579775044,2,-14.224853515625,14.224853515625,0.0,0.0,0.0,0.1743125981265725,0.0,14.224853515625,False,0.00540539099893067,0,0,355,0,0.0,0.0,1,,,2,True,True,False,1178.83056640625,1010.4443277178746,168.38623868837544,True,True,0,ML-Robust-MPC,770.4443277178746,497.3847166632068,500.0
1134.5,772.42172080097,370.6636063474675,2,-8.5853271484375,8.5853271484375,0.0,0.0,0.0,0.17439777002288634,0.0,8.5853271484375,False,0.007060394000291126,0,0,356,0,0.0,0.0,1,,,2,True,True,False,1178.814697265625,1012.42172080097,166.39297646465502,True,True,0,ML-Robust-MPC,772.42172080097,497.2416444607927,499.7248782896496
1147.5,772.0118326909422,397.64148762155776,2,-22.1533203125,22.1533203125,0.0,0.0,0.0,0.17461754502598653,0.0,22.1533203125,False,0.006510866001917748,0,0,357,0,0.0,0.0,1,,,2,True,True,False,1177.065185546875,1012.0118326909422,165.05335285593276,True,True,0,ML-Robust-MPC,772.0118326909422,494.771012231181,499.9948881939375
1168.0,771.4454140854531,412.41676853173465,2,-15.862182617187727,15.862182617187727,0.0,0.0,0.0,0.1747749079487761,0.0,15.862182617187727,False,0.005945453001913847,0,0,358,0,0.0,0.0,1,,,2,True,True,False,1184.6915283203125,1011.4454140854531,173.24611423485942,True,True,0,ML-Robust-MPC,771.4454140854531,496.8015093336858,499.6807689703149
1192.0,770.6195944701193,421.3804055298807,2,0.0,0.0,0.0,0.0,0.0,0.1747749079487761,0.0,0.0,False,0.006495212001027539,0,0,359,0,0.0,0.0,1,,,2,True,True,False,1174.774169921875,1010.6195944701193,164.1545754517557,True,True,0,ML-Robust-MPC,770.6195944701193,496.1414932375551,498.6424085928712
