load_kw,grid_kw,generator_kw,generator_units_on,storage_kw,charge_kw,discharge_kw,unserved_kw,spill_kw,soc,grid_headroom_storage_preservation_kw,grid_headroom_storage_charge_kw,v15_generator_first_guard_active,decision_seconds,generator_startup_units,generator_shutdown_units,step,risk_level,risk_reserve_kw,applied_risk_reserve_kw,forecast_scenario_count,cvar_alpha,cvar_weight,minimum_committed_generator_units,low_soc_commitment_guard_evaluated,low_soc_commitment_guard_triggered,low_soc_commitment_reachability_truncated,low_soc_commitment_forecast_peak_kw,low_soc_single_unit_firm_supply_kw,low_soc_commitment_deficit_kw,generator_before_storage,supervisory_protection_active,supervisory_safe_exit_counter,selected_controller,grid_available_capacity_kw,generator_available_capacity_kw,storage_available_power_kw
1128.5,772.0716011774293,356.42839882257067,2,0.0,0.0,0.0,0.0,0.0,0.5133319190468922,0.0,0.0,True,0.10399091400176985,0,0,0,0,0.0,0.0,7,0.9,1.0,0,False,False,False,,,,False,False,0,Risk-Adaptive-CVaR-MPC,772.0716011774293,501.8876312569793,495.7683327090706
1096.5,772.2189938930757,362.84460473973684,2,-38.5635986328125,38.5635986328125,0.0,0.0,0.0,0.5137144944301543,0.0,38.5635986328125,True,0.10546332900048583,0,0,1,0,0.0,0.0,7,0.9,1.0,0,False,False,False,,,,False,False,0,Risk-Adaptive-CVaR-MPC,772.2189938930757,500.7000545807268,495.36494618930107
1161.0,770.5724270537006,390.4275729462994,2,0.0,0.0,0.0,0.0,0.0,0.5137144944301543,0.0,0.0,True,0.117906273000699,0,0,2,0,0.0,0.0,7,0.9,1.0,0,False,False,False,,,,False,False,0,Risk-Adaptive-CVaR-MPC,770.5724270537006,500.9878941491315,494.1740016174113
1175.0,774.28551663915,404.17078218897495,2,-3.456298828125,3.456298828125,0.0,0.0,0.0,0.5137487831090047,0.0,3.456298828125,True,0.12846840299971518,0,0,3,0,0.0,0.0,7,0.9,1.0,0,False,False,False,,,,False,False,0,Risk-Adaptive-CVaR-MPC,774.28551663915,501.6239405232876,492.91021408862366
1182.0,774.5773954371346,414.87255573474044,2,-7.449951171875,7.449951171875,0.0,0.0,0.0,0.5138226913547574,0.0,7.449951171875,True,0.029324027000257047,0,0,4,0,0.0,0.0,7,0.9,1.0,0,False,False,False,,,,False,False,0,Risk-Adaptive-CVaR-MPC,774.5773954371346,500.6747688400865,493.9814343386251
1186.0,772.891789907741,413.1082100922591,2,0.0,0.0,0.0,0.0,0.0,0.5138226913547574,0.0,0.0,True,0.043099127997265896,0,0,5,0,0.0,0.0,7,0.9,1.0,0,False,False,False,,,,False,False,0,Risk-Adaptive-CVaR-MPC,772.891789907741,501.6501309828723,495.2363846088194
1137.0,773.2692431046316,412.7307568953695,2,-49.00000000000114,49.00000000000114,0.0,0.0,0.0,0.5143088024658685,0.0,49.00000000000114,True,0.03896188099679421,0,0,6,0,0.0,0.0,7,0.9,1.0,0,False,False,False,,,,False,False,0,Risk-Adaptive-CVaR-MPC,773.2692431046316,499.5404096183248,495.1638318820694
1152.0,775.2877300006824,376.71226999931764,2,0.0,0.0,0.0,0.0,0.0,0.5143088024658685,0.0,0.0,True,0.0630310129999998,0,0,7,0,0.0,0.0,7,0.9,1.0,0,False,False,False,,,,False,False,0,Risk-Adaptive-CVaR-MPC,775.2877300006824,496.8182003158489,495.003120081664
1117.0,776.131610879226,375.86838912077405,2,-35.0,35.0,0.0,0.0,0.0,0.5146560246880908,0.0,35.0,True,0.12837514100101544,0,0,8,0,0.0,0.0,7,0.9,1.0,0,False,False,False,,,,False,False,0,Risk-Adaptive-CVaR-MPC,776.131610879226,500.2121713276886,496.53644599007856
1103.5,779.2765690930715,337.72343090692834,2,-13.5,13.5,0.0,0.0,0.0,0.5147899532595194,0.0,13.5,True,0.0975053129986918,0,0,9,0,0.0,0.0,7,0.9,1.0,0,False,False,False,,,,False,False,0,Risk-Adaptive-CVaR-MPC,779.2765690930715,501.7136639436115,496.77639334736926
1110.0,780.9590463958564,335.4586782135186,2,-6.417724609375,6.417724609375,0.0,0.0,0.0,0.5148536211623902,0.0,6.417724609375,True,0.10336810500302818,0,0,10,0,0.0,0.0,7,0.9,1.0,0,False,False,False,,,,False,False,0,Risk-Adaptive-CVaR-MPC,780.9590463958564,498.4759663584881,496.75305152292486
1151.0,781.2800713267765,369.71992867322354,2,0.0,0.0,0.0,0.0,0.0,0.5148536211623902,0.0,0.0,True,0.1381421699989005,0,0,11,0,0.0,0.0,7,0.9,1.0,0,False,False,False,,,,False,False,0,Risk-Adaptive-CVaR-MPC,781.2800713267765,498.85669825150575,496.51031507726975
1179.5,781.0855573829613,398.41444261703873,2,0.0,0.0,0.0,0.0,0.0,0.5148536211623902,0.0,0.0,True,0.09884208400035277,0,0,12,0,0.0,0.0,7,0.9,1.0,0,False,False,False,,,,False,False,0,Risk-Adaptive-CVaR-MPC,781.0855573829613,499.157905344144,496.0711640600728
1173.0,778.8272647776184,404.2916317067569,2,-10.118896484375455,10.118896484375455,0.0,0.0,0.0,0.5149540070402113,0.0,10.118896484375455,True,0.03231360599966138,0,0,13,0,0.0,0.0,7,0.9,1.0,0,False,False,False,,,,False,False,0,Risk-Adaptive-CVaR-MPC,778.8272647776184,501.94821108989873,496.31513915171234
1147.5,780.240528598437,392.759471401563,2,-25.5,25.5,0.0,0.0,0.0,0.5152069832306875,0.0,25.5,True,0.056987728999956744,0,0,14,0,0.0,0.0,7,0.9,1.0,0,False,False,False,,,,False,False,0,Risk-Adaptive-CVaR-MPC,780.240528598437,502.1568692963609,495.4291132351032
1153.5,779.2018196837414,374.2981803162587,2,0.0,0.0,0.0,0.0,0.0,0.5152069832306875,0.0,0.0,True,0.06378020299962373,0,0,15,0,0.0,0.0,7,0.9,1.0,0,False,False,False,,,,False,False,0,Risk-Adaptive-CVaR-MPC,779.2018196837414,504.44931926208005,496.9773574523328
1083.5,778.6724603516675,374.8275396483326,2,-70.0,70.0,0.0,0.0,0.0,0.5159014276751319,0.0,70.0,True,0.08709952099889051,0,0,16,0,0.0,0.0,7,0.9,1.0,0,False,False,False,,,,False,False,0,Risk-Adaptive-CVaR-MPC,778.6724603516675,503.90211066907113,497.5667218509515
1089.0,778.8689843543616,314.8275396483326,2,-4.696524002694332,4.696524002694332,0.0,0.0,0.0,0.5159480201751586,0.0,0.0,True,0.058009497999591986,0,0,17,0,0.0,0.0,7,0.9,1.0,0,False,False,False,,,,False,False,0,Risk-Adaptive-CVaR-MPC,778.8689843543616,501.50171363055824,497.2167020578289
1060.0,777.1827094308851,311.8172905691148,2,-29.0,29.0,0.0,0.0,0.0,0.516235718587857,0.0,29.0,True,0.13200203300220892,0,0,18,0,0.0,0.0,7,0.9,1.0,0,False,False,False,,,,False,False,0,Risk-Adaptive-CVaR-MPC,777.1827094308851,502.070162651044,496.4397085629214
1103.0,773.2497289604714,329.75027103952857,2,0.0,0.0,0.0,0.0,0.0,0.516235718587857,0.0,0.0,True,0.12121859999751905,0,0,19,0,0.0,0.0,7,0.9,1.0,0,False,False,False,,,,False,False,0,Risk-Adaptive-CVaR-MPC,773.2497289604714,501.1664633226224,495.9720611491317
1080.5,773.3688193206541,349.3131875152833,2,-42.1820068359375,42.1820068359375,0.0,0.0,0.0,0.5166541908778961,0.0,42.1820068359375,True,0.1299610300011409,0,0,20,0,0.0,0.0,7,0.9,1.0,0,False,False,False,,,,False,False,0,Risk-Adaptive-CVaR-MPC,773.3688193206541,500.29389471192434,496.1656582633671
1114.5,771.4618722527533,346.8843191534967,2,-3.84619140625,3.84619140625,0.0,0.0,0.0,0.5166923475386724,0.0,3.84619140625,True,0.11379648900037864,0,0,21,0,0.0,0.0,7,0.9,1.0,0,False,False,False,,,,False,False,0,Risk-Adaptive-CVaR-MPC,771.4618722527533,501.8139154150413,496.8012615483027
1141.5,769.7542101557696,371.7457898442304,2,0.0,0.0,0.0,0.0,0.0,0.5166923475386724,0.0,0.0,True,0.09297314799914602,0,0,22,0,0.0,0.0,7,0.9,1.0,0,False,False,False,,,,False,False,0,Risk-Adaptive-CVaR-MPC,769.7542101557696,502.0026913701943,496.064660273555
1120.0,767.8327629733373,373.6672370266627,2,-21.5,21.5,0.0,0.0,0.0,0.5169056411894661,0.0,21.5,True,0.11962212399885175,0,0,23,0,0.0,0.0,7,0.9,1.0,0,False,False,False,,,,False,False,0,Risk-Adaptive-CVaR-MPC,767.8327629733373,502.1698259837976,496.1334113008768
1078.0,768.6564184984672,351.34358150153315,2,-42.000000000000455,42.000000000000455,0.0,0.0,0.0,0.5173223078561328,0.0,42.000000000000455,True,0.1390319569982239,0,0,24,0,0.0,0.0,7,0.9,1.0,0,False,False,False,,,,False,False,0,Risk-Adaptive-CVaR-MPC,768.6564184984672,502.2718958901867,497.43701708361726
1091.5,769.3114178818705,322.1885821181295,2,0.0,0.0,0.0,0.0,0.0,0.5173223078561328,0.0,0.0,True,0.09697744400182273,0,0,25,0,0.0,0.0,7,0.9,1.0,0,False,False,False,,,,False,False,0,Risk-Adaptive-CVaR-MPC,769.3114178818705,502.5284496489164,497.1426873391845
1054.5,764.1700959560266,327.32990404397344,2,-37.0,37.0,0.0,0.0,0.0,0.5176893713481963,0.0,37.0,True,0.1030487300013192,0,0,26,0,0.0,0.0,7,0.9,1.0,0,False,False,False,,,,False,False,0,Risk-Adaptive-CVaR-MPC,764.1700959560266,500.971988281484,497.6534281047558
1074.5,763.8119757856217,310.8501335893783,2,-0.162109375,0.162109375,0.0,0.0,0.0,0.5176909795761229,0.0,0.162109375,True,0.12535780200050795,0,0,27,0,0.0,0.0,7,0.9,1.0,0,False,False,False,,,,False,False,0,Risk-Adaptive-CVaR-MPC,763.8119757856217,501.5201852651757,497.6252698972639
1090.0,759.9253336025612,344.3086751865013,2,-14.2340087890625,14.2340087890625,0.0,0.0,0.0,0.5178321899807763,0.0,14.2340087890625,True,0.1524091649989714,0,0,28,0,0.0,0.0,7,0.9,1.0,0,False,False,False,,,,False,False,0,Risk-Adaptive-CVaR-MPC,759.9253336025612,499.5277595351297,498.4757534444848
1162.5,759.9297814995036,402.57021850049637,2,0.0,0.0,0.0,0.0,0.0,0.5178321899807763,0.0,0.0,True,0.03937055500136921,0,0,29,0,0.0,0.0,7,0.9,1.0,0,False,False,False,,,,False,False,0,Risk-Adaptive-CVaR-MPC,759.9297814995036,499.97336063558976,498.6046519995368
1187.0,429.1794277741957,359.6677844504891,2,262.50327470180633,0.0,262.50327470180633,135.6495130735089,0.0,0.5149466507522026,0.0,0.0,True,0.011108508999313926,0,0,30,0,0.0,0.0,7,0.9,1.0,0,False,False,False,,,,False,False,0,Risk-Adaptive-CVaR-MPC,429.1794277741957,359.6677844504891,262.50327470180633
1190.0,429.5447824528572,361.17912185728414,3,261.2118827570372,0.0,261.2118827570372,138.06421293282153,0.0,0.5120753070117435,0.0,0.0,True,0.009687721998488996,1,0,31,0,0.0,0.0,7,0.9,1.0,0,False,False,False,,,,False,False,0,Risk-Adaptive-CVaR-MPC,429.5447824528572,361.17912185728414,261.2118827570372
1206.5,426.846340648194,361.2778506993328,3,260.7505767097236,0.0,260.7505767097236,157.62523194274962,0.0,0.5092090341287716,0.0,0.0,True,0.008154875999025535,0,0,32,0,0.0,0.0,7,0.9,1.0,0,False,False,False,,,,False,False,0,Risk-Adaptive-CVaR-MPC,426.846340648194,361.2778506993328,260.7505767097236
1189.5,424.185090085002,363.4837998189115,3,262.0424536243338,0.0,262.0424536243338,139.7886564717527,0.0,0.5063285604267058,0.0,0.0,True,0.00707109799986938,0,0,33,0,0.0,0.0,7,0.9,1.0,0,False,False,False,,,,False,False,0,Risk-Adaptive-CVaR-MPC,424.185090085002,363.4837998189115,262.0424536243338
1151.0,421.0271122759315,364.7315616206601,3,268.3987564893317,0.0,268.3987564893317,96.84256961407681,0.0,0.5033782157438437,0.0,0.0,True,0.006775896999897668,0,0,34,0,0.0,0.0,7,0.9,1.0,0,False,False,False,,,,False,False,0,Risk-Adaptive-CVaR-MPC,421.0271122759315,364.7315616206601,268.3987564893317
1115.5,422.1903799316694,363.82460358349584,3,266.7615250958396,0.0,266.7615250958396,62.72349138899517,0.0,0.5004458681523227,0.0,0.0,True,0.0071062809984141495,0,0,35,0,0.0,0.0,7,0.9,1.0,0,False,False,False,,,,False,False,0,Risk-Adaptive-CVaR-MPC,422.1903799316694,363.82460358349584,266.7615250958396
1098.0,425.161444467206,365.0443407033968,3,264.187908108319,0.0,264.187908108319,43.60630672107811,0.0,0.4975418107708392,0.0,0.0,True,0.008707995002623647,0,0,36,0,0.0,0.0,7,0.9,1.0,0,False,False,False,,,,False,False,0,Risk-Adaptive-CVaR-MPC,425.161444467206,365.0443407033968,264.187908108319
1120.5,424.814623211294,366.8596258350962,3,268.2458062079624,0.0,268.2458062079624,60.57994474564731,0.0,0.4945931473776197,0.0,0.0,True,0.00848442699862062,0,0,37,0,0.0,0.0,7,0.9,1.0,0,False,False,False,,,,False,False,0,Risk-Adaptive-CVaR-MPC,424.814623211294,366.8596258350962,268.2458062079624
1169.0,425.7628283226571,364.1008337943832,3,266.9816634045625,0.0,266.9816634045625,112.15467447839717,0.0,0.4916583799392369,0.0,0.0,True,0.009431475999008399,0,0,38,0,0.0,0.0,7,0.9,1.0,0,False,False,False,,,,False,False,0,Risk-Adaptive-CVaR-MPC,425.7628283226571,364.1008337943832,266.9816634045625
1162.0,426.2947278523121,363.34137625287065,3,270.9191387550869,0.0,270.9191387550869,101.44475713973031,0.0,0.48868033022333435,0.0,0.0,True,0.007358273000136251,0,0,39,0,0.0,0.0,7,0.9,1.0,0,False,False,False,,,,False,False,0,Risk-Adaptive-CVaR-MPC,426.2947278523121,363.34137625287065,270.9191387550869
1174.5,427.9774163056962,361.4467920130497,3,277.44497096405456,0.0,277.44497096405456,107.63082071719958,0.0,0.4856305459934169,0.0,0.0,True,0.008663782999065006,0,0,40,0,0.0,0.0,7,0.9,1.0,0,False,False,False,,,,False,False,0,Risk-Adaptive-CVaR-MPC,427.9774163056962,361.4467920130497,277.44497096405456
1159.5,422.1757797972085,361.0697923229631,3,280.89760137825624,0.0,280.89760137825624,95.35682650157219,0.0,0.4825428090921917,0.0,0.0,True,0.011117006000858964,0,0,41,0,0.0,0.0,7,0.9,1.0,0,False,False,False,,,,False,False,0,Risk-Adaptive-CVaR-MPC,422.1757797972085,361.0697923229631,280.89760137825624
1133.5,424.261626270804,360.54803801851614,3,294.640483585925,0.0,294.640483585925,54.049852124754864,0.0,0.4793040050251609,0.0,0.0,True,0.009534633001749171,0,0,42,0,0.0,0.0,7,0.9,1.0,0,False,False,False,,,,False,False,0,Risk-Adaptive-CVaR-MPC,424.261626270804,360.54803801851614,294.640483585925
1131.5,426.5412466052866,360.2945254358742,3,289.4200641678427,0.0,289.4200641678427,55.24416379099648,0.0,0.47612258586137596,0.0,0.0,True,0.011413781998271588,0,0,43,0,0.0,0.0,7,0.9,1.0,0,False,False,False,,,,False,False,0,Risk-Adaptive-CVaR-MPC,426.5412466052866,360.2945254358742,289.4200641678427
1098.0,427.24784003655,357.88861036863653,2,294.60524469328936,0.0,294.60524469328936,18.258304901524184,0.0,0.4728841691541112,0.0,0.0,True,0.01513762200193014,0,0,44,0,0.0,0.0,7,0.9,1.0,0,False,False,False,,,,False,False,0,Risk-Adaptive-CVaR-MPC,427.24784003655,357.88861036863653,294.60524469328936
1091.5,425.4817791796583,356.3794122485981,2,300.41637161119365,0.0,300.41637161119365,9.222436960549885,0.0,0.46958187425445863,0.0,0.0,True,0.015522030000283848,0,0,45,0,0.0,0.0,7,0.9,1.0,0,False,False,False,,,,False,False,0,Risk-Adaptive-CVaR-MPC,425.4817791796583,356.3794122485981,300.41637161119365
1075.0,427.8242414539511,354.7559501791946,2,292.41980836685434,0.0,292.41980836685434,0.0,0.0,0.4663674807227472,0.0,0.0,True,0.01391386600153055,0,0,46,0,0.0,0.0,7,0.9,1.0,0,False,False,False,,,,False,False,0,Risk-Adaptive-CVaR-MPC,427.8242414539511,354.7559501791946,304.5753346872689
1118.5,431.21425437077176,355.3387986479828,2,311.0073197357323,0.0,311.0073197357323,20.939627245513122,0.0,0.46294876595627255,0.0,0.0,True,0.01883371100120712,0,0,47,0,0.0,0.0,7,0.9,1.0,0,False,False,False,,,,False,False,0,Risk-Adaptive-CVaR-MPC,431.21425437077176,355.3387986479828,311.0073197357323
1141.5,430.8366614462086,357.2024425757567,2,307.4793728228171,0.0,307.4793728228171,45.98152315521753,0.0,0.45956883176967867,0.0,0.0,True,0.011506726001243806,0,0,48,0,0.0,0.0,7,0.9,1.0,0,False,False,False,,,,False,False,0,Risk-Adaptive-CVaR-MPC,430.8366614462086,357.2024425757567,307.4793728228171
1156.5,426.5707726630327,355.5840285874703,2,303.0678297068641,0.0,303.0678297068641,71.27736904263298,0.0,0.45623739099991584,0.0,0.0,True,0.012135608001699438,0,0,49,0,0.0,0.0,7,0.9,1.0,0,False,False,False,,,,False,False,0,Risk-Adaptive-CVaR-MPC,426.5707726630327,355.5840285874703,303.0678297068641
1187.5,427.374678730919,354.9859270862852,2,297.4887134021191,0.0,297.4887134021191,107.65068078067662,0.0,0.4529672780706396,0.0,0.0,True,0.0115259749982215,0,0,50,0,0.0,0.0,7,0.9,1.0,0,False,False,False,,,,False,False,0,Risk-Adaptive-CVaR-MPC,427.374678730919,354.9859270862852,297.4887134021191
1140.5,423.0022471390824,356.6922011189378,2,298.47242669556704,0.0,298.47242669556704,62.33312504641276,0.0,0.4496863517779829,0.0,0.0,True,0.010109118000400485,0,0,51,0,0.0,0.0,7,0.9,1.0,0,False,False,False,,,,False,False,0,Risk-Adaptive-CVaR-MPC,423.0022471390824,356.6922011189378,298.47242669556704
1134.5,423.0713253706514,357.3795172814736,2,295.9086804303799,0.0,295.9086804303799,58.140476917495164,0.0,0.44643360719250186,0.0,0.0,True,0.012617074000445427,0,0,52,0,0.0,0.0,7,0.9,1.0,0,False,False,False,,,,False,False,0,Risk-Adaptive-CVaR-MPC,423.0713253706514,357.3795172814736,295.9086804303799
1099.5,423.5277961124165,353.7445122580993,2,300.24314905649214,0.0,300.24314905649214,21.98454257299204,0.0,0.44313321642329273,0.0,0.0,True,0.010571778999292292,0,0,53,0,0.0,0.0,7,0.9,1.0,0,False,False,False,,,,False,False,0,Risk-Adaptive-CVaR-MPC,423.5277961124165,353.7445122580993,300.24314905649214
1101.5,422.00916406633286,353.5060759707489,2,292.3163960113728,0.0,292.3163960113728,33.66836395154547,0.0,0.43991995964086106,0.0,0.0,True,0.009959666000213474,0,0,54,0,0.0,0.0,7,0.9,1.0,0,False,False,False,,,,False,False,0,Risk-Adaptive-CVaR-MPC,422.00916406633286,353.5060759707489,292.3163960113728
1141.0,422.3327417627717,355.89832373111165,2,290.07952367233173,0.0,290.07952367233173,72.68941083378496,0.0,0.4367312914388612,0.0,0.0,True,0.010028957996837562,0,0,55,0,0.0,0.0,7,0.9,1.0,0,False,False,False,,,,False,False,0,Risk-Adaptive-CVaR-MPC,422.3327417627717,355.89832373111165,290.07952367233173
1148.0,422.9984355574472,356.2510237435176,2,300.04961892074294,0.0,300.04961892074294,68.7009217782923,0.0,0.4334330280290126,0.0,0.0,True,0.009331585002655629,0,0,56,0,0.0,0.0,7,0.9,1.0,0,False,False,False,,,,False,False,0,Risk-Adaptive-CVaR-MPC,422.9984355574472,356.2510237435176,300.04961892074294
1170.5,424.423094576376,358.846378512925,2,300.9429101736992,0.0,300.9429101736992,86.28761673699972,0.0,0.4301249452104124,0.0,0.0,True,0.007734306997008389,0,0,57,0,0.0,0.0,7,0.9,1.0,0,False,False,False,,,,False,False,0,Risk-Adaptive-CVaR-MPC,424.423094576376,358.846378512925,300.9429101736992
1180.5,429.231838044868,359.0366008418339,2,301.48345280335,0.0,301.48345280335,90.74810830994807,0.0,0.4268109205346512,0.0,0.0,True,0.00849245300196344,0,0,58,0,0.0,0.0,7,0.9,1.0,0,False,False,False,,,,False,False,0,Risk-Adaptive-CVaR-MPC,429.231838044868,359.0366008418339,301.48345280335
1188.5,428.1653700979601,359.66396560715026,2,300.0866327531649,0.0,300.0866327531649,100.58403154172476,0.0,0.4235122502542005,0.0,0.0,True,0.014350751000165474,0,0,59,0,0.0,0.0,7,0.9,1.0,0,False,False,False,,,,False,False,0,Risk-Adaptive-CVaR-MPC,428.1653700979601,359.66396560715026,300.0866327531649
1145.5,427.236602698553,358.49789997812155,2,306.4633477147377,0.0,306.4633477147377,53.3021496085878,0.0,0.4201434846151606,0.0,0.0,True,0.009257241999875987,0,0,60,0,0.0,0.0,7,0.9,1.0,0,False,False,False,,,,False,False,0,Risk-Adaptive-CVaR-MPC,427.236602698553,358.49789997812155,306.4633477147377
1158.5,427.433423377678,358.7814150441247,2,309.0536089739161,0.0,309.0536089739161,63.231552604281205,0.0,0.4167462458057037,0.0,0.0,True,0.007870296998589765,0,0,61,0,0.0,0.0,7,0.9,1.0,0,False,False,False,,,,False,False,0,Risk-Adaptive-CVaR-MPC,427.433423377678,358.7814150441247,309.0536089739161
1077.5,427.14206081530887,360.18814266450585,3,290.1697965201853,0.0,290.1697965201853,0.0,0.0,0.41355658528905914,0.0,0.0,True,0.008549800000764662,1,0,62,0,0.0,0.0,7,0.9,1.0,0,False,False,False,,,,False,False,0,Risk-Adaptive-CVaR-MPC,427.14206081530887,360.18814266450585,315.2214065448956
1092.5,429.3707566280301,362.6963089185375,3,300.4329344534324,0.0,300.4329344534324,0.0,0.0,0.4102541083241311,0.0,0.0,True,0.008632700999442022,0,0,63,0,0.0,0.0,7,0.9,1.0,0,False,False,False,,,,False,False,0,Risk-Adaptive-CVaR-MPC,429.3707566280301,362.6963089185375,322.02260256512955
1121.5,428.3668170072996,359.7449579860756,2,318.5085908059808,0.0,318.5085908059808,14.879634200644091,0.0,0.4067529366360735,0.0,0.0,True,0.009384755001519807,0,0,64,0,0.0,0.0,7,0.9,1.0,0,False,False,False,,,,False,False,0,Risk-Adaptive-CVaR-MPC,428.3668170072996,359.7449579860756,318.5085908059808
1151.5,425.8286090036091,358.4332184422956,2,320.78571201918766,0.0,320.78571201918766,46.45246053490774,0.0,0.4032267339361308,0.0,0.0,True,0.008354920999408932,0,0,65,0,0.0,0.0,7,0.9,1.0,0,False,False,False,,,,False,False,0,Risk-Adaptive-CVaR-MPC,425.8286090036091,358.4332184422956,320.78571201918766
1194.0,426.417960394983,360.9010287170088,3,321.2047571105909,0.0,321.2047571105909,85.47625377741724,0.0,0.3996959249277481,0.0,0.0,True,0.0076441340024757665,1,0,66,0,0.0,0.0,7,0.9,1.0,0,False,False,False,,,,False,False,0,Risk-Adaptive-CVaR-MPC,426.417960394983,360.9010287170088,321.2047571105909
1201.0,428.2515128959584,359.5849181953528,2,317.84346022393106,0.0,317.84346022393106,95.32010868475777,0.0,0.39620206461662016,0.0,0.0,True,0.006512191001093015,0,0,67,0,0.0,0.0,7,0.9,1.0,0,False,False,False,,,,False,False,0,Risk-Adaptive-CVaR-MPC,428.2515128959584,359.5849181953528,317.84346022393106
1208.0,424.4511897957746,359.82886283280186,2,316.80828389060554,0.0,316.80828389060554,106.91166348081805,0.0,0.39271958337084556,0.0,0.0,True,0.00714168899867218,0,0,68,0,0.0,0.0,7,0.9,1.0,0,False,False,False,,,,False,False,0,Risk-Adaptive-CVaR-MPC,424.4511897957746,359.82886283280186,316.80828389060554
1151.5,427.62401674360086,360.4480204674597,3,311.1054749639344,0.0,311.1054749639344,52.322487825005055,0.0,0.3892997896435016,0.0,0.0,True,0.008072660999459913,1,0,69,0,0.0,0.0,7,0.9,1.0,0,False,False,False,,,,False,False,0,Risk-Adaptive-CVaR-MPC,427.62401674360086,360.4480204674597,311.1054749639344
1159.5,430.27472200894624,360.713133619773,3,308.5114660157024,0.0,308.5114660157024,60.00067835557837,0.0,0.38590851028264656,0.0,0.0,True,0.00770760800151038,0,0,70,0,0.0,0.0,7,0.9,1.0,0,False,False,False,,,,False,False,0,Risk-Adaptive-CVaR-MPC,430.27472200894624,360.713133619773,308.5114660157024
1127.0,431.3878221595186,361.702223786,3,304.7973556511604,0.0,304.7973556511604,29.112598403321044,0.0,0.38255805788354397,0.0,0.0,True,0.00855100600165315,0,0,71,0,0.0,0.0,7,0.9,1.0,0,False,False,False,,,,False,False,0,Risk-Adaptive-CVaR-MPC,431.3878221595186,361.702223786,304.7973556511604
1121.0,431.4314189823321,362.8061976784893,3,305.5055457370622,0.0,305.5055457370622,21.25683760211632,0.0,0.37919982078051157,0.0,0.0,True,0.007310315999347949,0,0,72,0,0.0,0.0,7,0.9,1.0,0,False,False,False,,,,False,False,0,Risk-Adaptive-CVaR-MPC,431.4314189823321,362.8061976784893,305.5055457370622
1123.5,428.92228562899766,363.6154894343925,3,303.56199616676867,0.0,303.56199616676867,27.400228769841135,0.0,0.37586294793868363,0.0,0.0,True,0.008636384998681024,0,0,73,0,0.0,0.0,7,0.9,1.0,0,False,False,False,,,,False,False,0,Risk-Adaptive-CVaR-MPC,428.92228562899766,363.6154894343925,303.56199616676867
1134.0,429.6573728996233,362.9115781607332,3,295.5222839096104,0.0,295.5222839096104,45.90876503003307,0.0,0.3726144507757147,0.0,0.0,True,0.00839103399994201,0,0,74,0,0.0,0.0,7,0.9,1.0,0,False,False,False,,,,False,False,0,Risk-Adaptive-CVaR-MPC,429.6573728996233,362.9115781607332,295.5222839096104
1140.0,428.4955680288009,361.9250266110288,3,302.5440303427108,0.0,302.5440303427108,47.0353750174595,0.0,0.369288767814554,0.0,0.0,True,0.009154414998192806,0,0,75,0,0.0,0.0,7,0.9,1.0,0,False,False,False,,,,False,False,0,Risk-Adaptive-CVaR-MPC,428.4955680288009,361.9250266110288,302.5440303427108
1132.0,426.3808603217462,361.014953238082,3,304.58649724501294,0.0,304.58649724501294,40.01768919515888,0.0,0.3659406332539748,0.0,0.0,True,0.008027547002711799,0,0,76,0,0.0,0.0,7,0.9,1.0,0,False,False,False,,,,False,False,0,Risk-Adaptive-CVaR-MPC,426.3808603217462,361.014953238082,304.58649724501294
1134.0,428.5275024064728,361.40676035189625,3,307.0743954170915,0.0,307.0743954170915,36.991341824539404,0.0,0.36256515073828766,0.0,0.0,True,0.008937483999034157,0,0,77,0,0.0,0.0,7,0.9,1.0,0,False,False,False,,,,False,False,0,Risk-Adaptive-CVaR-MPC,428.5275024064728,361.40676035189625,307.0743954170915
1120.0,429.5198394070474,363.590783920949,3,306.86322706595894,0.0,306.86322706595894,20.026149606044726,0.0,0.35919198946816105,0.0,0.0,True,0.0078002089976507705,0,0,78,0,0.0,0.0,7,0.9,1.0,0,False,False,False,,,,False,False,0,Risk-Adaptive-CVaR-MPC,429.5198394070474,363.590783920949,306.86322706595894
1098.5,424.693365940276,362.7720709395968,3,305.836284365146,0.0,305.836284365146,5.1982787549812315,0.0,0.35583011675606124,0.0,0.0,True,0.008849794998241123,0,0,79,0,0.0,0.0,7,0.9,1.0,0,False,False,False,,,,False,False,0,Risk-Adaptive-CVaR-MPC,424.693365940276,362.7720709395968,305.836284365146
1067.0,419.37538486448494,362.1438470325897,3,285.48076810292537,0.0,285.48076810292537,0.0,0.0,0.3526919998838047,0.0,0.0,True,0.011990574999799719,0,0,80,0,0.0,0.0,7,0.9,1.0,0,False,False,False,,,,False,False,0,Risk-Adaptive-CVaR-MPC,419.37538486448494,362.1438470325897,312.40120745382166
1059.0,419.982112603241,361.7762844250441,3,277.2416029717149,0.0,277.2416029717149,0.0,0.0,0.3496444511548363,0.0,0.0,True,0.009410678001586348,0,0,81,0,0.0,0.0,7,0.9,1.0,0,False,False,False,,,,False,False,0,Risk-Adaptive-CVaR-MPC,419.982112603241,361.7762844250441,321.73074520793455
1069.5,420.4503292500383,359.7014618864044,2,289.3482088635574,0.0,289.3482088635574,0.0,0.0,0.34646382185281416,0.0,0.0,True,0.01408769400222809,0,0,82,0,0.0,0.0,7,0.9,1.0,0,False,False,False,,,,False,False,0,Risk-Adaptive-CVaR-MPC,420.4503292500383,359.7014618864044,316.76715508374986
1107.5,414.8386989010447,359.7249774877164,2,316.0853447215479,0.0,316.0853447215479,16.850978889690936,0.0,0.3429892874386917,0.0,0.0,True,0.015162357998633524,0,0,83,0,0.0,0.0,7,0.9,1.0,0,False,False,False,,,,False,False,0,Risk-Adaptive-CVaR-MPC,414.8386989010447,359.7249774877164,316.0853447215479
1142.0,419.70197996991226,356.9208334794232,2,314.8950977332596,0.0,314.8950977332596,50.48208881740493,0.0,0.33952783668754566,0.0,0.0,True,0.010165236999455374,0,0,84,0,0.0,0.0,7,0.9,1.0,0,False,False,False,,,,False,False,0,Risk-Adaptive-CVaR-MPC,419.70197996991226,356.9208334794232,314.8950977332596
1150.5,416.452299936508,353.04878444696016,2,316.6981020312007,0.0,316.6981020312007,64.30081358533113,0.0,0.3360465666041002,0.0,0.0,True,0.009437194003112381,0,0,85,0,0.0,0.0,7,0.9,1.0,0,False,False,False,,,,False,False,0,Risk-Adaptive-CVaR-MPC,416.452299936508,353.04878444696016,316.6981020312007
1204.5,414.01415622952607,352.97881367232185,2,310.56620054357927,0.0,310.56620054357927,126.94082955457282,0.0,0.33263270079326196,0.0,0.0,True,0.009181829998851754,0,0,86,0,0.0,0.0,7,0.9,1.0,0,False,False,False,,,,False,False,0,Risk-Adaptive-CVaR-MPC,414.01415622952607,352.97881367232185,310.56620054357927
1153.5,415.2368304411958,356.7190855422972,2,314.4925517128104,0.0,314.4925517128104,67.0515323036966,0.0,0.3291756749862795,0.0,0.0,True,0.009301370999310166,0,0,87,0,0.0,0.0,7,0.9,1.0,0,False,False,False,,,,False,False,0,Risk-Adaptive-CVaR-MPC,415.2368304411958,356.7190855422972,314.4925517128104
1166.5,415.8056839191316,357.27488117059914,2,317.66572788075,0.0,317.66572788075,75.75370702951926,0.0,0.3256837683789635,0.0,0.0,True,0.00916762400083826,0,0,88,0,0.0,0.0,7,0.9,1.0,0,False,False,False,,,,False,False,0,Risk-Adaptive-CVaR-MPC,415.8056839191316,357.27488117059914,317.66572788075
1131.5,418.8090251827577,354.4935652648734,2,311.07505344617465,0.0,311.07505344617465,47.12235610619433,0.0,0.32226430905690645,0.0,0.0,True,0.016680278000421822,0,0,89,0,0.0,0.0,7,0.9,1.0,0,False,False,False,,,,False,False,0,Risk-Adaptive-CVaR-MPC,418.8090251827577,354.4935652648734,311.07505344617465
1152.5,414.71186135562994,353.44114193005305,2,320.5835018655433,0.0,320.5835018655433,63.76349484877369,0.0,0.31874032913049455,0.0,0.0,True,0.013922963000368327,0,0,90,0,0.0,0.0,7,0.9,1.0,0,False,False,False,,,,False,False,0,Risk-Adaptive-CVaR-MPC,414.71186135562994,353.44114193005305,320.5835018655433
1155.5,415.411781078891,353.59127306115744,2,324.2917603003551,0.0,324.2917603003551,62.20518555959643,0.0,0.31517558656904315,0.0,0.0,True,0.013311209000676172,0,0,91,0,0.0,0.0,7,0.9,1.0,0,False,False,False,,,,False,False,0,Risk-Adaptive-CVaR-MPC,415.411781078891,353.59127306115744,324.2917603003551
1181.0,415.19397288170205,355.9329856689549,2,315.1933209678885,0.0,315.1933209678885,94.67972048145444,0.0,0.3117108576308216,0.0,0.0,True,0.012016290002065944,0,0,92,0,0.0,0.0,7,0.9,1.0,0,False,False,False,,,,False,False,0,Risk-Adaptive-CVaR-MPC,415.19397288170205,355.9329856689549,315.1933209678885
1226.5,414.92563244618754,359.4356309323816,2,310.7524685923261,0.0,310.7524685923261,141.38626802910466,0.0,0.30829494428833903,0.0,0.0,True,0.008934501998737687,0,0,93,0,0.0,0.0,7,0.9,1.0,0,False,False,False,,,,False,False,0,Risk-Adaptive-CVaR-MPC,414.92563244618754,359.4356309323816,310.7524685923261
1238.0,419.3068402376465,359.1029843022688,2,318.463158550731,0.0,318.463158550731,141.12701690935376,0.0,0.30479427200949794,0.0,0.0,True,0.009804934001294896,0,0,94,0,0.0,0.0,7,0.9,1.0,0,False,False,False,,,,False,False,0,Risk-Adaptive-CVaR-MPC,419.3068402376465,359.1029843022688,318.463158550731
1226.5,418.40533674525176,358.95864548859,2,320.1552921669769,0.0,320.1552921669769,128.98072559918137,0.0,0.30127499913249206,0.0,0.0,True,0.007785424000758212,0,0,95,0,0.0,0.0,7,0.9,1.0,0,False,False,False,,,,False,False,0,Risk-Adaptive-CVaR-MPC,418.40533674525176,358.95864548859,320.1552921669769
1165.5,417.57942957213976,356.6238313574912,2,316.9536851108935,0.0,316.9536851108935,74.34305395947558,0.0,0.297790919579323,0.0,0.0,True,0.008191740998881869,0,0,96,0,0.0,0.0,7,0.9,1.0,0,False,False,False,,,,False,False,0,Risk-Adaptive-CVaR-MPC,417.57942957213976,356.6238313574912,316.9536851108935
1160.0,422.81142820140127,357.1632196662008,2,300.5423633846224,0.0,300.5423633846224,79.48298874777561,0.0,0.2944872397285489,0.0,0.0,False,0.007899001000623684,0,0,97,0,0.0,0.0,1,,,2,True,True,False,1169.73046875,662.8114282014012,506.9190405485988,True,True,0,ML-Robust-MPC,422.81142820140127,357.1632196662008,300.5423633846224
1113.5,423.8838699875002,356.8915276199937,2,307.5075247327188,0.0,307.5075247327188,25.217077659787265,0.0,0.2911069960850903,0.0,0.0,False,0.0076301899971440434,0,0,98,0,0.0,0.0,1,,,2,True,True,False,1174.1114501953125,663.8838699875002,510.22758020781225,True,True,0,ML-Robust-MPC,423.8838699875002,356.8915276199937,307.5075247327188
1136.0,422.71433455076897,356.253704415889,2,300.51789986514564,0.0,300.51789986514564,56.51406116819635,0.0,0.2878035851469429,0.0,0.0,False,0.007745633000013186,0,0,99,0,0.0,0.0,1,,,2,True,True,False,1171.989990234375,662.714334550769,509.27565568360603,True,True,0,ML-Robust-MPC,422.71433455076897,356.253704415889,300.51789986514564
1134.0,423.4576876466032,358.2182194279855,2,301.9469881364651,0.0,301.9469881364651,50.37710478894627,0.0,0.28448446510850833,0.0,0.0,False,0.007864891002100194,0,0,100,0,0.0,0.0,1,,,2,True,True,False,1188.02978515625,663.4576876466032,524.5720975096468,True,True,0,ML-Robust-MPC,423.4576876466032,358.2182194279855,301.9469881364651
1124.0,423.441731070702,356.52419737004755,2,305.82807776287206,0.0,305.82807776287206,38.20599379637832,0.0,0.28112268260660805,0.0,0.0,False,0.008001307000085944,0,0,101,0,0.0,0.0,1,,,2,True,True,False,1193.880126953125,663.441731070702,530.438395882423,True,True,0,ML-Robust-MPC,423.441731070702,356.52419737004755,305.82807776287206
1184.5,422.2840564087248,353.2537766278698,2,303.4302720637416,0.0,303.4302720637416,105.53189489966388,0.0,0.27778725772792295,0.0,0.0,False,0.007780049003486056,0,0,102,0,0.0,0.0,1,,,2,True,True,False,1176.484130859375,662.2840564087248,514.2000744506502,True,True,0,ML-Robust-MPC,422.2840564087248,353.2537766278698,303.4302720637416
1163.5,424.4866005689588,354.4766780891291,2,297.2586805875461,0.0,297.2586805875461,87.27804075436597,0.0,0.2745196734098081,0.0,0.0,False,0.007702246002736501,0,0,103,0,0.0,0.0,1,,,2,True,True,False,1191.5904541015625,664.4866005689588,527.1038535326037,True,True,0,ML-Robust-MPC,424.4866005689588,354.4766780891291,297.2586805875461
1170.0,422.1958027164214,354.3305316630723,2,293.5265973545014,0.0,293.5265973545014,99.94706826600498,0.0,0.2712931136182843,0.0,0.0,False,0.007532884999818634,0,0,104,0,0.0,0.0,1,,,2,True,True,False,1174.384521484375,662.1958027164214,512.1887187679536,True,True,0,ML-Robust-MPC,422.1958027164214,354.3305316630723,293.5265973545014
1160.0,419.80297373889584,356.2671245311111,2,305.24640413606375,0.0,305.24640413606375,78.6834975939293,0.0,0.2679377251016411,0.0,0.0,False,0.007681319999392144,0,0,105,0,0.0,0.0,1,,,2,True,True,False,1170.0,659.8029737388958,510.19702626110416,True,True,0,ML-Robust-MPC,419.80297373889584,356.2671245311111,305.24640413606375
1132.5,417.5915104635308,356.9638502987273,2,302.565524871703,0.0,302.565524871703,55.379114366038834,0.0,0.2646118058641647,0.0,0.0,False,0.00783714799763402,0,0,106,0,0.0,0.0,1,,,2,True,True,False,1163.5352783203125,657.5915104635308,505.94376785678173,True,True,0,ML-Robust-MPC,417.5915104635308,356.9638502987273,302.565524871703
1096.5,418.3396995695389,355.72475507232866,2,311.7367390912483,0.0,311.7367390912483,10.698806266884162,0.0,0.26118507303328,0.0,0.0,False,0.007854878000216559,0,0,107,0,0.0,0.0,1,,,2,True,True,False,1185.7025146484375,658.3396995695389,527.3628150788986,True,True,0,ML-Robust-MPC,418.3396995695389,355.72475507232866,311.7367390912483
1095.0,416.4788886809538,355.6059895433006,2,314.98637386565576,0.0,314.98637386565576,7.928747910089783,0.0,0.257722618938991,0.0,0.0,False,0.00775195700043696,0,0,108,0,0.0,0.0,1,,,2,True,True,False,1179.091552734375,656.4788886809538,522.6126640534212,True,True,0,ML-Robust-MPC,416.4788886809538,355.6059895433006,314.98637386565576
1134.5,413.32785636099067,353.03564957133045,2,317.97453079135414,0.0,317.97453079135414,50.16196327632474,0.0,0.2542273178486406,0.0,0.0,False,0.007687434997933451,0,0,109,0,0.0,0.0,1,,,2,True,True,False,1177.1324462890625,653.3278563609906,523.8045899280719,True,True,0,ML-Robust-MPC,413.32785636099067,353.03564957133045,317.97453079135414
1139.0,411.5478880939783,354.6996028445235,2,316.0726339005916,0.0,316.0726339005916,56.67987516090653,0.0,0.2507529231568608,0.0,0.0,False,0.00766602099974989,0,0,110,0,0.0,0.0,1,,,2,True,True,False,1178.380859375,651.5478880939784,526.8329712810216,True,True,0,ML-Robust-MPC,411.5478880939783,354.6996028445235,316.0726339005916
1168.5,406.2856645880926,354.92602519720174,2,321.7675763207815,0.0,321.7675763207815,85.52073389392422,0.0,0.24721592741838325,0.0,0.0,False,0.00762172000031569,0,0,111,0,0.0,0.0,1,,,2,True,True,False,1177.389404296875,646.2856645880926,531.1037397087824,True,True,0,ML-Robust-MPC,406.2856645880926,354.92602519720174,321.7675763207815
1184.5,405.5752744879647,354.7831979840409,2,319.1174483508996,0.0,319.1174483508996,105.02407917709479,0.0,0.2437080629287502,0.0,0.0,False,0.007639372000994626,0,0,112,0,0.0,0.0,1,,,2,True,True,False,1174.584228515625,645.5752744879646,529.0089540276604,True,True,0,ML-Robust-MPC,405.5752744879647,354.7831979840409,319.1174483508996
1173.5,402.2970243794915,353.1417023467108,2,317.200487704089,0.0,317.200487704089,100.8607855697087,0.0,0.2402212704244182,0.0,0.0,False,0.007747704999928828,0,0,113,0,0.0,0.0,1,,,2,True,True,False,1184.5,642.2970243794915,542.2029756205085,True,True,0,ML-Robust-MPC,402.2970243794915,353.1417023467108,317.200487704089
1152.0,404.3372100346053,355.4863417532705,2,316.8217911355921,0.0,316.8217911355921,75.35465707653213,0.0,0.2367386407016948,0.0,0.0,False,0.007758488001854857,0,0,114,0,0.0,0.0,1,,,2,True,True,False,1182.627685546875,644.3372100346053,538.2904755122697,True,True,0,ML-Robust-MPC,404.3372100346053,355.4863417532705,316.8217911355921
1111.0,405.2999872084677,354.1562354128191,2,320.40135076418505,0.0,320.40135076418505,31.142426614528176,0.0,0.23321666305182248,0.0,0.0,False,0.007863927003199933,0,0,115,0,0.0,0.0,1,,,2,True,True,False,1182.0145263671875,645.2999872084677,536.7145391587198,True,True,0,ML-Robust-MPC,405.2999872084677,354.1562354128191,320.40135076418505
1112.0,411.7839642232411,354.2617657671103,2,315.53344129067455,0.0,315.53344129067455,30.420828718974008,0.0,0.22974819537725585,0.0,0.0,False,0.007793204000336118,0,0,116,0,0.0,0.0,1,,,2,True,True,False,1182.8795166015625,651.7839642232411,531.0955523783214,True,True,0,ML-Robust-MPC,411.7839642232411,354.2617657671103,315.53344129067455
1078.5,412.7084821387487,354.5001012623463,2,303.6942308647842,0.0,303.6942308647842,7.597185734120842,0.0,0.22640986895962423,0.0,0.0,False,0.0075975409999955446,0,0,117,0,0.0,0.0,1,,,2,True,True,False,1181.2022705078125,652.7084821387486,528.4937883690639,True,True,0,ML-Robust-MPC,412.7084821387487,354.5001012623463,303.6942308647842
1129.5,411.57934188336696,354.31100456139325,2,302.13304381571066,0.0,302.13304381571066,61.476609739529124,0.0,0.22308870372399447,0.0,0.0,False,0.007646752001164714,0,0,118,0,0.0,0.0,1,,,2,True,True,False,1186.239501953125,651.579341883367,534.660160069758,True,True,0,ML-Robust-MPC,411.57934188336696,354.31100456139325,302.13304381571066
1147.5,410.9800930299217,355.0354210739597,2,301.5618410670461,0.0,301.5618410670461,79.92264482907251,0.0,0.21977381737361143,0.0,0.0,False,0.007731347999651916,0,0,119,0,0.0,0.0,1,,,2,True,True,False,1195.4263916015625,650.9800930299217,544.4462985716408,True,True,0,ML-Robust-MPC,410.9800930299217,355.0354210739597,301.5618410670461
1167.5,412.6222984303778,355.4598004864577,2,296.85369389298063,0.0,296.85369389298063,102.56420719018382,0.0,0.21651068482850985,0.0,0.0,False,0.00787400700210128,0,0,120,0,0.0,0.0,1,,,2,True,True,False,1189.5313720703125,652.6222984303778,536.9090736399347,True,True,0,ML-Robust-MPC,412.6222984303778,355.4598004864577,296.85369389298063
1181.0,412.8721767994903,356.55913323095376,2,297.9605206409128,0.0,297.9605206409128,113.60816932864304,0.0,0.21323538560852004,0.0,0.0,False,0.0075696329986385535,0,0,121,0,0.0,0.0,1,,,2,True,True,False,1191.884765625,652.8721767994903,539.0125888255097,True,True,0,ML-Robust-MPC,412.8721767994903,356.55913323095376,297.9605206409128
1181.0,409.3813982376225,355.95035734952404,2,295.51834039798354,0.0,295.51834039798354,120.14990401486995,0.0,0.20998693179418174,0.0,0.0,False,0.007709687000897247,0,0,122,0,0.0,0.0,1,,,2,True,True,False,1189.197509765625,649.3813982376225,539.8161115280025,True,True,0,ML-Robust-MPC,409.3813982376225,355.95035734952404,295.51834039798354
1164.0,410.036549664569,356.6219197836104,2,293.00347317375986,0.0,293.00347317375986,104.33805737806074,0.0,0.2067661223893785,0.0,0.0,False,0.007703832001425326,0,0,123,0,0.0,0.0,1,,,2,True,True,False,1195.052978515625,650.0365496645691,545.0164288510559,True,True,0,ML-Robust-MPC,410.036549664569,356.6219197836104,293.00347317375986
1148.5,409.42630662388177,355.5393472379636,2,291.37738286837447,0.0,291.37738286837447,92.15696326978019,0.0,0.2035631876086946,0.0,0.0,False,0.007828096000594087,0,0,124,0,0.0,0.0,1,,,2,True,True,False,1194.9385986328125,649.4263066238818,545.5122920089307,True,True,0,ML-Robust-MPC,409.42630662388177,355.5393472379636,291.37738286837447
1109.5,404.3371339942863,357.55742083913583,2,289.04302777825365,0.0,289.04302777825365,58.56241738832421,0.0,0.2003859129771788,0.0,0.0,False,0.007787999998981832,0,0,125,0,0.0,0.0,1,,,2,True,True,False,1197.7559814453125,644.3371339942863,553.4188474510262,True,True,0,ML-Robust-MPC,404.3371339942863,357.55742083913583,289.04302777825365
1095.5,405.1236771431834,355.2577542588467,2,290.65252078038696,0.0,290.65252078038696,44.46604781758293,0.0,0.19719094616562816,0.0,0.0,False,0.0077907869999762625,0,0,126,0,0.0,0.0,1,,,2,True,True,False,1196.258056640625,645.1236771431834,551.1343794974416,True,True,0,ML-Robust-MPC,405.1236771431834,355.2577542588467,290.65252078038696
1160.0,407.8071298625018,360.3291340508197,3,288.28042143937904,0.0,288.28042143937904,103.58331464729946,0.0,0.1940220544028948,0.0,0.0,False,0.0048908219978329726,1,0,127,0,0.0,0.0,1,,,2,True,True,False,1195.024658203125,647.8071298625018,547.2175283406232,True,True,0,ML-Robust-MPC,407.8071298625018,360.3291340508197,288.28042143937904
1151.0,407.4514221754202,360.6517574923688,3,285.99378274974515,0.0,285.99378274974515,96.90303758246591,0.0,0.19087829827189026,0.0,0.0,False,0.00418649199855281,0,0,128,0,0.0,0.0,1,,,2,True,True,False,1197.577880859375,647.4514221754202,550.1264586839548,True,True,0,ML-Robust-MPC,407.4514221754202,360.6517574923688,285.99378274974515
1143.0,410.11186261187214,362.9530011600668,3,295.9928439378694,0.0,295.9928439378694,73.94229229019169,0.0,0.18762462852803644,0.0,0.0,False,0.004097953999007586,0,0,129,0,0.0,0.0,1,,,2,True,True,False,1191.5546875,650.1118626118721,541.4428248881279,True,True,0,ML-Robust-MPC,410.11186261187214,362.9530011600668,295.9928439378694
1199.5,411.5278597757277,362.0893924421631,3,286.2565261658197,0.0,286.2565261658197,139.62622161628946,0.0,0.1844779842180749,0.0,0.0,False,0.00501283800258534,0,0,130,0,0.0,0.0,1,,,2,True,True,False,1175.4923095703125,651.5278597757276,523.9644497945849,True,True,0,ML-Robust-MPC,411.5278597757277,362.0893924421631,286.2565261658197
1166.0,409.8747729751145,362.0390451771812,3,279.48827427480217,0.0,279.48827427480217,114.59790757290205,0.0,0.1814057391946083,0.0,0.0,False,0.0049866400004248135,0,0,131,0,0.0,0.0,1,,,2,True,True,False,1199.5,649.8747729751145,549.6252270248855,True,True,0,ML-Robust-MPC,409.8747729751145,362.0390451771812,279.48827427480217
1128.0,409.4761645061448,362.2179154862533,3,279.4685792506386,0.0,279.4685792506386,76.83734075696333,0.0,0.17833371066659268,0.0,0.0,False,0.005146743998921011,0,0,132,0,0.0,0.0,1,,,2,True,True,False,1166.0,649.4761645061449,516.5238354938551,True,True,0,ML-Robust-MPC,409.4761645061448,362.2179154862533,279.4685792506386
1122.5,412.7668441011538,362.8626943779232,3,280.68568415085963,0.0,280.68568415085963,66.18477737006333,0.0,0.17524830324287044,0.0,0.0,False,0.005148258998815436,0,0,133,0,0.0,0.0,1,,,2,True,True,False,1148.6834716796875,652.7668441011538,495.91662757853373,True,True,0,ML-Robust-MPC,412.7668441011538,362.8626943779232,280.68568415085963
1077.5,414.5664942208674,361.28532348901575,3,278.5079030222188,0.0,278.5079030222188,23.14027926789811,0.0,0.17218683484575684,0.0,0.0,False,0.0058385769989399705,0,0,134,0,0.0,0.0,1,,,2,True,True,False,1146.4395751953125,654.5664942208674,491.8730809744451,True,True,0,ML-Robust-MPC,414.5664942208674,361.28532348901575,278.5079030222188
1084.0,415.49267750310906,359.27556577942846,2,277.22028631847326,0.0,277.22028631847326,32.011470398989275,0.0,0.16913952043782393,0.0,0.0,False,0.008239266000600765,0,0,135,0,0.0,0.0,1,,,2,True,True,False,1157.9808349609375,655.492677503109,502.4881574578285,True,True,0,ML-Robust-MPC,415.49267750310906,359.27556577942846,277.22028631847326
1062.0,412.5759210135503,359.13248061855734,2,290.29159836789233,0.0,290.29159836789233,0.0,0.0,0.16594852102736915,0.0,0.0,False,0.008811333998892223,0,0,136,0,0.0,0.0,1,,,2,True,True,False,1190.46044921875,652.5759210135503,537.8845282051997,True,True,0,ML-Robust-MPC,412.5759210135503,359.13248061855734,290.29183306457435
1082.0,414.9569237479221,360.8027560927407,3,293.20238287593355,0.0,293.20238287593355,13.037937283403664,0.0,0.16272552512889563,0.0,0.0,False,0.005310043001372833,1,0,137,0,0.0,0.0,1,,,2,True,True,False,1211.2752685546875,654.956923747922,556.3183448067655,True,True,0,ML-Robust-MPC,414.9569237479221,360.8027560927407,293.20238287593355
1121.0,412.00196418143065,361.6353064224584,3,295.5136658790156,0.0,295.5136658790156,51.84906351709532,0.0,0.15947712269870815,0.0,0.0,False,0.004549774999759393,0,0,138,0,0.0,0.0,1,,,2,True,True,False,1213.34130859375,652.0019641814306,561.3393444123194,True,True,0,ML-Robust-MPC,412.00196418143065,361.6353064224584,295.5136658790156
1117.5,412.1171309321073,362.3150102056519,3,290.5734563192149,0.0,290.5734563192149,52.494402543025956,0.0,0.15628302499480787,0.0,0.0,False,0.005680673999449937,0,0,139,0,0.0,0.0,1,,,2,True,True,False,1205.2808837890625,652.1171309321073,553.1637528569552,True,True,0,ML-Robust-MPC,412.1171309321073,362.3150102056519,290.5734563192149
1122.5,412.6575837102988,360.84303366473216,3,295.11654857604054,0.0,295.11654857604054,53.88283404892843,0.0,0.15303898783418657,0.0,0.0,False,0.005669843001669506,0,0,140,0,0.0,0.0,1,,,2,True,True,False,1203.4400634765625,652.6575837102988,550.7824797662637,True,True,0,ML-Robust-MPC,412.6575837102988,360.84303366473216,295.11654857604054
1141.5,412.8998963290019,360.85427471967233,3,276.462801251621,0.0,276.462801251621,91.28302769970486,0.0,0.15,0.0,0.0,False,0.005547877000935841,0,0,141,0,0.0,0.0,1,,,2,True,True,False,1211.9339599609375,652.8998963290019,559.0340636319356,True,True,0,ML-Robust-MPC,412.8998963290019,360.85427471967233,303.2802771777823
1122.0,413.136197623094,359.2737517870495,2,0.0,0.0,0.0,349.59005058985645,0.0,0.15,0.0,0.0,False,0.00815662500099279,0,0,142,0,0.0,0.0,1,,,2,True,True,False,1207.5015869140625,653.136197623094,554.3653892909686,True,True,0,ML-Robust-MPC,413.136197623094,359.2737517870495,298.3182009837193
1093.5,415.33309660627407,360.28382299053607,3,0.0,0.0,0.0,317.88308040318987,0.0,0.15,0.0,0.0,False,0.00516529000014998,1,0,143,0,0.0,0.0,1,,,2,True,True,False,1215.9727783203125,655.333096606274,560.6396817140385,True,True,0,ML-Robust-MPC,415.33309660627407,360.28382299053607,295.95206003865167
1088.0,413.1410877639525,360.28469149181126,3,0.0,0.0,0.0,314.5742207442363,0.0,0.15,0.0,0.0,False,0.0044306739982857835,0,0,144,0,0.0,0.0,1,,,2,True,True,False,1208.515625,653.1410877639526,555.3745372360474,True,True,0,ML-Robust-MPC,413.1410877639525,360.28469149181126,293.67643179358686
1110.0,412.0474500007992,361.0892829003647,3,0.0,0.0,0.0,336.8632670988361,0.0,0.15,0.0,0.0,False,0.0051254660029371735,0,0,145,0,0.0,0.0,1,,,2,True,True,False,1206.126953125,652.0474500007992,554.0795031242008,True,True,0,ML-Robust-MPC,412.0474500007992,361.0892829003647,292.6855079375037
1166.0,409.8927365037025,360.6430416106005,3,0.0,0.0,0.0,395.46422188569704,0.0,0.15,0.0,0.0,False,0.005417002998001408,0,0,146,0,0.0,0.0,1,,,2,True,True,False,1202.998291015625,649.8927365037025,553.1055545119225,True,True,0,ML-Robust-MPC,409.8927365037025,360.6430416106005,289.5446966877085
1217.5,411.2210259050905,358.2166016596449,2,0.0,0.0,0.0,448.0623724352646,0.0,0.15,0.0,0.0,False,0.008255427001131466,0,0,147,0,0.0,0.0,1,,,2,True,True,False,1213.9483642578125,651.2210259050905,562.727338352722,True,True,0,ML-Robust-MPC,411.2210259050905,358.2166016596449,287.7260519759587
1202.0,409.7797541666489,359.1935305498098,2,0.0,0.0,0.0,433.0267152835413,0.0,0.15,0.0,0.0,False,0.008491566997690825,0,0,148,0,0.0,0.0,1,,,2,True,True,False,1227.837158203125,649.7797541666489,578.0574040364761,True,True,0,ML-Robust-MPC,409.7797541666489,359.1935305498098,278.3216722640514
1230.0,408.6289806376449,358.7243786350708,2,0.0,0.0,0.0,462.6466407272843,0.0,0.15,0.0,0.0,False,0.00858449999941513,0,0,149,0,0.0,0.0,1,,,2,True,True,False,1205.3692626953125,648.6289806376449,556.7402820576676,True,True,0,ML-Robust-MPC,408.6289806376449,358.7243786350708,278.76677816063744
1176.5,408.9264261697495,358.42802118398305,2,0.0,0.0,0.0,409.14555264626745,0.0,0.15,0.0,0.0,False,0.008451608999166638,0,0,150,0,0.0,0.0,1,,,2,True,True,False,1230.0,648.9264261697494,581.0735738302506,True,True,0,ML-Robust-MPC,408.9264261697495,358.42802118398305,283.69905208562034
1139.5,407.3087929147768,357.72126736021016,2,0.0,0.0,0.0,374.4699397250131,0.0,0.15,0.0,0.0,False,0.008309600001666695,0,0,151,0,0.0,0.0,1,,,2,True,True,False,1186.6861572265625,647.3087929147769,539.3773643117856,True,True,0,ML-Robust-MPC,407.3087929147768,357.72126736021016,282.3400470134005
1170.0,411.5823172169469,358.19210402916144,2,0.0,0.0,0.0,400.2255787538917,0.0,0.15,0.0,0.0,False,0.008200103002309334,0,0,152,0,0.0,0.0,1,,,2,True,True,False,1185.118896484375,651.5823172169469,533.5365792674281,True,True,0,ML-Robust-MPC,411.5823172169469,358.19210402916144,279.6516994727063
1134.5,410.0013899803747,359.54767902909174,2,0.0,0.0,0.0,364.9509309905336,0.0,0.15,0.0,0.0,False,0.008033203001104994,0,0,153,0,0.0,0.0,1,,,2,True,True,False,1201.955322265625,650.0013899803747,551.9539322852503,True,True,0,ML-Robust-MPC,410.0013899803747,359.54767902909174,282.1124108509036
1162.0,409.47343606454587,357.1089767286423,2,0.0,0.0,0.0,395.41758720681185,0.0,0.15,0.0,0.0,False,0.007919584997580387,0,0,154,0,0.0,0.0,1,,,2,True,True,False,1195.1614990234375,649.4734360645459,545.6880629588916,True,True,0,ML-Robust-MPC,409.47343606454587,357.1089767286423,284.88201204580434
1167.0,411.86992986405824,358.02982863164937,2,0.0,0.0,0.0,397.1002415042924,0.0,0.15,0.0,0.0,False,0.007848495999496663,0,0,155,0,0.0,0.0,1,,,2,True,True,False,1213.912353515625,651.8699298640582,562.0424236515668,True,True,0,ML-Robust-MPC,411.86992986405824,358.02982863164937,277.376066519068
1162.0,412.0687764875986,358.0888690385057,2,0.0,0.0,0.0,391.84235447389574,0.0,0.15,0.0,0.0,False,0.00788715200178558,0,0,156,0,0.0,0.0,1,,,2,True,True,False,1197.95849609375,652.0687764875986,545.8897196061514,True,True,0,ML-Robust-MPC,412.0687764875986,358.0888690385057,277.3538035256527
1178.5,413.2331887462312,357.4387307425266,2,0.0,0.0,0.0,407.8280805112422,0.0,0.15,0.0,0.0,False,0.00795121600094717,0,0,157,0,0.0,0.0,1,,,2,True,True,False,1189.9873046875,653.2331887462312,536.7541159412688,True,True,0,ML-Robust-MPC,413.2331887462312,357.4387307425266,269.73972806205376
1192.5,416.94741684195975,357.8059445944098,2,0.0,0.0,0.0,417.7466385636304,0.0,0.15,0.0,0.0,False,0.00792568899851176,0,0,158,0,0.0,0.0,1,,,2,True,True,False,1178.5,656.9474168419597,521.5525831580403,True,True,0,ML-Robust-MPC,416.94741684195975,357.8059445944098,270.37158464243714
1168.0,413.0781271235981,358.13163151086644,2,0.0,0.0,0.0,396.7902413655354,0.0,0.15,0.0,0.0,False,0.007891111003118567,0,0,159,0,0.0,0.0,1,,,2,True,True,False,1192.5,653.078127123598,539.421872876402,True,True,0,ML-Robust-MPC,413.0781271235981,358.13163151086644,267.5484921004216
1150.5,411.9087762037017,359.87665720741177,2,0.0,0.0,0.0,378.71456658888656,0.0,0.15,0.0,0.0,False,0.007809533999534324,0,0,160,0,0.0,0.0,1,,,2,True,True,False,1168.0,651.9087762037017,516.0912237962983,True,True,0,ML-Robust-MPC,411.9087762037017,359.87665720741177,267.4312159856627
1083.0,410.9003683732046,361.3201405595528,3,0.0,0.0,0.0,310.7794910672426,0.0,0.15,0.0,0.0,False,0.00492134800151689,1,0,161,0,0.0,0.0,1,,,2,True,True,False,1172.2535400390625,650.9003683732046,521.3531716658579,True,True,0,ML-Robust-MPC,410.9003683732046,361.3201405595528,276.25239098152304
1074.5,409.9805829784393,361.4556489363401,3,0.0,0.0,0.0,303.06376808522054,0.0,0.15,0.0,0.0,False,0.004424729002494132,0,0,162,0,0.0,0.0,1,,,2,True,True,False,1167.6051025390625,649.9805829784393,517.6245195606232,True,True,0,ML-Robust-MPC,409.9805829784393,361.4556489363401,280.7581167646813
1105.0,406.493559988604,361.22209300858987,3,0.0,0.0,0.0,337.28434700280616,0.0,0.15,0.0,0.0,False,0.005157366002094932,0,0,163,0,0.0,0.0,1,,,2,True,True,False,1159.66552734375,646.4935599886039,513.1719673551461,True,True,0,ML-Robust-MPC,406.493559988604,361.22209300858987,280.44692442705104
1127.5,408.4254119568452,361.2603893962119,3,0.0,0.0,0.0,357.81419864694294,0.0,0.15,0.0,0.0,False,0.005158079999091569,0,0,164,0,0.0,0.0,1,,,2,True,True,False,1171.228515625,648.4254119568452,522.8031036681548,True,True,0,ML-Robust-MPC,408.4254119568452,361.2603893962119,282.8736062212589
1143.0,410.19111468259024,361.33578568186,3,0.0,0.0,0.0,371.4730996355497,0.0,0.15,0.0,0.0,False,0.005249140001978958,0,0,165,0,0.0,0.0,1,,,2,True,True,False,1157.8048095703125,650.1911146825903,507.6136948877222,True,True,0,ML-Robust-MPC,410.19111468259024,361.33578568186,279.6521512519427
1197.5,409.5674585229419,359.3934794330918,2,0.0,0.0,0.0,428.5390620439664,0.0,0.15,0.0,0.0,False,0.009190017000946682,0,0,166,0,0.0,0.0,1,,,2,True,True,False,1163.66796875,649.5674585229419,514.1005102270581,True,True,0,ML-Robust-MPC,409.5674585229419,359.3934794330918,279.0325572742981
1162.0,411.8608606262336,358.4464564278403,2,0.0,0.0,0.0,391.6926829459261,0.0,0.15,0.0,0.0,False,0.008922660003008787,0,0,167,0,0.0,0.0,1,,,2,True,True,False,1197.5,651.8608606262336,545.6391393737664,True,True,0,ML-Robust-MPC,411.8608606262336,358.4464564278403,286.84439297103074
1116.5,412.8073566913595,358.3175184244447,2,0.0,0.0,0.0,345.3751248841959,0.0,0.15,0.0,0.0,False,0.008852080998622114,0,0,168,0,0.0,0.0,1,,,2,True,True,False,1162.0,652.8073566913595,509.1926433086405,True,True,0,ML-Robust-MPC,412.8073566913595,358.3175184244447,277.668054672352
1130.5,411.7594792880278,359.8763454021967,2,0.0,0.0,0.0,358.8641753097754,0.0,0.15,0.0,0.0,False,0.009257354999135714,0,0,169,0,0.0,0.0,1,,,2,True,True,False,1153.620361328125,651.7594792880278,501.8608820400972,True,True,0,ML-Robust-MPC,411.7594792880278,359.8763454021967,278.9759486070488
1079.5,411.9926812184307,360.27689088181774,3,0.0,0.0,0.0,307.2304278997516,0.0,0.15,0.0,0.0,False,0.005899689000216313,1,0,170,0,0.0,0.0,1,,,2,True,True,False,1159.44287109375,651.9926812184307,507.4501898753193,True,True,0,ML-Robust-MPC,411.9926812184307,360.27689088181774,286.93865908387096
1071.5,409.4047358705075,357.55733383325867,2,0.0,0.0,0.0,304.53793029623375,0.0,0.15,0.0,0.0,False,0.005084229000203777,0,0,171,0,0.0,0.0,1,,,2,True,True,False,1154.8021240234375,649.4047358705075,505.39738815293003,True,True,0,ML-Robust-MPC,409.4047358705075,357.55733383325867,276.9957681558756
1062.0,404.4086637472773,358.16052166564725,2,0.0,0.0,0.0,299.4308145870755,0.0,0.15,0.0,0.0,False,0.009295519997976953,0,0,172,0,0.0,0.0,1,,,2,True,True,False,1186.720458984375,644.4086637472773,542.3117952370977,True,True,0,ML-Robust-MPC,404.4086637472773,358.16052166564725,275.3976291648217
1096.0,405.5679099023337,357.6972922852875,2,0.0,0.0,0.0,332.7347978123787,0.0,0.15,0.0,0.0,False,0.009104146000026958,0,0,173,0,0.0,0.0,1,,,2,True,True,False,1200.357177734375,645.5679099023337,554.7892678320413,True,True,0,ML-Robust-MPC,405.5679099023337,357.6972922852875,277.8817493036352
1091.5,407.05771350711336,356.1726810514984,2,0.0,0.0,0.0,328.2696054413882,0.0,0.15,0.0,0.0,False,0.009052292996784672,0,0,174,0,0.0,0.0,1,,,2,True,True,False,1200.7261962890625,647.0577135071134,553.6684827819491,True,True,0,ML-Robust-MPC,407.05771350711336,356.1726810514984,280.79625664256014
1136.5,406.89601228204,355.90046700866816,2,0.0,0.0,0.0,373.70352070929187,0.0,0.15,0.0,0.0,False,0.008866127001965651,0,0,175,0,0.0,0.0,1,,,2,True,True,False,1195.852294921875,646.8960122820399,548.9562826398351,True,True,0,ML-Robust-MPC,406.89601228204,355.90046700866816,281.11258199971815
1138.5,406.3341710733542,353.7131342258611,2,0.0,0.0,0.0,378.4526947007847,0.0,0.15,0.0,0.0,False,0.008254388001660118,0,0,176,0,0.0,0.0,1,,,2,True,True,False,1192.1009521484375,646.3341710733541,545.7667810750834,True,True,0,ML-Robust-MPC,406.3341710733542,353.7131342258611,288.3082663300203
1121.0,412.2186133207397,352.86944100929463,2,0.0,0.0,0.0,355.9119456699657,0.0,0.15,0.0,0.0,False,0.008135777999996208,0,0,177,0,0.0,0.0,1,,,2,True,True,False,1198.156982421875,652.2186133207397,545.9383691011353,True,True,0,ML-Robust-MPC,412.2186133207397,352.86944100929463,285.01155455573405
1065.5,411.5592435964188,352.00434400668536,2,0.0,0.0,0.0,301.9364123968958,0.0,0.15,0.0,0.0,False,0.008547456996893743,0,0,178,0,0.0,0.0,1,,,2,True,True,False,1202.3323974609375,651.5592435964188,550.7731538645187,True,True,0,ML-Robust-MPC,411.5592435964188,352.00434400668536,275.8094654941766
1097.5,411.2435475664777,351.98544386437686,2,0.0,0.0,0.0,334.27100856914547,0.0,0.15,0.0,0.0,False,0.008234807999542682,0,0,179,0,0.0,0.0,1,,,2,True,True,False,1195.591064453125,651.2435475664777,544.3475168866473,True,True,0,ML-Robust-MPC,411.2435475664777,351.98544386437686,268.80082882112987
1079.5,409.1992936835307,351.2816292837383,2,0.0,0.0,0.0,319.01907703273105,0.0,0.15,0.0,0.0,False,0.007928545997856418,0,0,180,0,0.0,0.0,1,,,2,True,True,False,1204.274658203125,649.1992936835306,555.0753645195944,True,True,0,ML-Robust-MPC,409.1992936835307,351.2816292837383,272.0177403648325
1096.0,409.5682994315856,351.3163971957938,2,0.0,0.0,0.0,335.1153033726206,0.0,0.15,0.0,0.0,False,0.00796313500177348,0,0,181,0,0.0,0.0,1,,,2,True,True,False,1196.933349609375,649.5682994315856,547.3650501777894,True,True,0,ML-Robust-MPC,409.5682994315856,351.3163971957938,270.3601540531326
1143.5,412.7291809080641,350.9471450002744,2,0.0,0.0,0.0,379.8236740916615,0.0,0.15,0.0,0.0,False,0.008002456001122482,0,0,182,0,0.0,0.0,1,,,2,True,True,False,1199.279541015625,652.7291809080641,546.5503601075609,True,True,0,ML-Robust-MPC,412.7291809080641,350.9471450002744,272.5632079526463
1198.5,413.0795374136957,351.1843293788928,2,0.0,0.0,0.0,434.2361332074115,0.0,0.15,0.0,0.0,False,0.008017011001356877,0,0,183,0,0.0,0.0,1,,,2,True,True,False,1198.08447265625,653.0795374136957,545.0049352425543,True,True,0,ML-Robust-MPC,413.0795374136957,351.1843293788928,279.2901494525641
1203.5,412.3495024768718,353.71061306794564,2,0.0,0.0,0.0,437.43988445518255,0.0,0.15,0.0,0.0,False,0.00800701099797152,0,0,184,0,0.0,0.0,1,,,2,True,True,False,1216.9755859375,652.3495024768717,564.6260834606283,True,True,0,ML-Robust-MPC,412.3495024768718,353.71061306794564,276.7027721432709
1171.0,411.1149304888394,351.99003593828223,2,0.0,0.0,0.0,407.89503357287845,0.0,0.15,0.0,0.0,False,0.008270218000689056,0,0,185,0,0.0,0.0,1,,,2,True,True,False,1210.2135009765625,651.1149304888394,559.0985704877231,True,True,0,ML-Robust-MPC,411.1149304888394,351.99003593828223,279.77685827767647
1194.0,410.0335759251313,349.18129628818224,2,0.0,0.0,0.0,434.7851277866864,0.0,0.15,0.0,0.0,False,0.00841266700081178,0,0,186,0,0.0,0.0,1,,,2,True,True,False,1173.3017578125,650.0335759251313,523.2681818873687,True,True,0,ML-Robust-MPC,410.0335759251313,349.18129628818224,282.8218697044766
1138.0,411.5903203329441,351.5095303970778,2,0.0,0.0,0.0,374.9001492699781,0.0,0.15,0.0,0.0,False,0.008112717001495184,0,0,187,0,0.0,0.0,1,,,2,True,True,False,1194.0,651.5903203329441,542.4096796670559,True,True,0,ML-Robust-MPC,411.5903203329441,351.5095303970778,282.97432287999743
1117.0,410.8735984526885,351.6575713479062,2,0.0,0.0,0.0,354.4688301994054,0.0,0.15,0.0,0.0,False,0.008510493997164303,0,0,188,0,0.0,0.0,1,,,2,True,True,False,1145.353515625,650.8735984526885,494.4799171723115,True,True,0,ML-Robust-MPC,410.8735984526885,351.6575713479062,283.02226754056534
1113.5,415.1031229920887,352.0582727747561,2,0.0,0.0,0.0,346.33860423315514,0.0,0.15,0.0,0.0,False,0.008003740000276593,0,0,189,0,0.0,0.0,1,,,2,True,True,False,1154.083984375,655.1031229920886,498.98086138291137,True,True,0,ML-Robust-MPC,415.1031229920887,352.0582727747561,273.6387440341993
1113.0,413.2307099271248,350.21303820329484,2,0.0,0.0,0.0,349.55625186958036,0.0,0.15,0.0,0.0,False,0.008331146000273293,0,0,190,0,0.0,0.0,1,,,2,True,True,False,1155.5068359375,653.2307099271247,502.27612601037526,True,True,0,ML-Robust-MPC,413.2307099271248,350.21303820329484,274.081341234052
1107.0,415.5548423851051,350.49473348853,2,0.0,0.0,0.0,340.95042412636485,0.0,0.15,0.0,0.0,False,0.0082463539984019,0,0,191,0,0.0,0.0,1,,,2,True,True,False,1187.402099609375,655.5548423851051,531.8472572242699,True,True,0,ML-Robust-MPC,415.5548423851051,350.49473348853,276.6617768323717
1140.0,415.0541689596221,351.2358096534968,2,0.0,0.0,0.0,373.7100213868812,0.0,0.15,0.0,0.0,False,0.008160558001691243,0,0,192,0,0.0,0.0,1,,,2,True,True,False,1179.8309326171875,655.0541689596221,524.7767636575654,True,True,0,ML-Robust-MPC,415.0541689596221,351.2358096534968,272.09130988708904
1165.0,415.7636766118152,348.79603660803843,2,0.0,0.0,0.0,400.4402867801464,0.0,0.15,0.0,0.0,False,0.008369446000870084,0,0,193,0,0.0,0.0,1,,,2,True,True,False,1186.636474609375,655.7636766118152,530.8727979975598,True,True,0,ML-Robust-MPC,415.7636766118152,348.79603660803843,265.071834387804
1169.0,416.45923080657775,348.91557496788937,2,0.0,0.0,0.0,403.6251942255328,0.0,0.15,0.0,0.0,False,0.008524780001607724,0,0,194,0,0.0,0.0,1,,,2,True,True,False,1177.582275390625,656.4592308065778,521.1230445840472,True,True,0,ML-Robust-MPC,416.45923080657775,348.91557496788937,267.98499357360026
1109.5,417.1536948867329,348.4050732226733,2,0.0,0.0,0.0,343.9412318905938,0.0,0.15,0.0,0.0,False,0.008029295997403096,0,0,195,0,0.0,0.0,1,,,2,True,True,False,1185.3408203125,657.1536948867329,528.1871254257671,True,True,0,ML-Robust-MPC,417.1536948867329,348.4050732226733,277.7219305411501
1104.5,415.9471097749569,349.06887899707993,2,0.0,0.0,0.0,339.48401122796315,0.0,0.15,0.0,0.0,False,0.008253795000200626,0,0,196,0,0.0,0.0,1,,,2,True,True,False,1190.9405517578125,655.947109774957,534.9934419828555,True,True,0,ML-Robust-MPC,415.9471097749569,349.06887899707993,273.5039346448688
1042.5,413.96976246801097,349.580905047817,2,0.0,0.0,0.0,278.94933248417203,0.0,0.15,0.0,0.0,False,0.007905029000539798,0,0,197,0,0.0,0.0,1,,,2,True,True,False,1197.1392822265625,653.9697624680109,543.1695197585516,True,True,0,ML-Robust-MPC,413.96976246801097,349.580905047817,272.5303369770764
1068.5,415.4726898058715,347.6304629963487,2,0.0,0.0,0.0,305.39684719777983,0.0,0.15,0.0,0.0,False,0.00798559800023213,0,0,198,0,0.0,0.0,1,,,2,True,True,False,1182.209228515625,655.4726898058715,526.7365387097535,True,True,0,ML-Robust-MPC,415.4726898058715,347.6304629963487,277.99701912419675
1087.0,415.6393483420717,346.9178327574696,2,0.0,0.0,0.0,324.44281890045863,0.0,0.15,0.0,0.0,False,0.008084707002126379,0,0,199,0,0.0,0.0,1,,,2,True,True,False,1193.3892822265625,655.6393483420717,537.7499338844908,True,True,0,ML-Robust-MPC,415.6393483420717,346.9178327574696,288.53442557800304
1145.5,417.5197736830619,344.5054311921473,2,0.0,0.0,0.0,383.47479512479083,0.0,0.15,0.0,0.0,False,0.007854155002860352,0,0,200,0,0.0,0.0,1,,,2,True,True,False,1202.52685546875,657.5197736830619,545.0070817856881,True,True,0,ML-Robust-MPC,417.5197736830619,344.5054311921473,294.6933010707989
1148.5,423.060168219599,346.28816340137394,2,0.0,0.0,0.0,379.1516683790271,0.0,0.15,0.0,0.0,False,0.007864459003030788,0,0,201,0,0.0,0.0,1,,,2,True,True,False,1203.9368896484375,663.0601682195991,540.8767214288384,True,True,0,ML-Robust-MPC,423.060168219599,346.28816340137394,284.3731927283916
1164.0,423.5229010552722,347.238666708233,2,0.0,0.0,0.0,393.2384322364949,0.0,0.15,0.0,0.0,False,0.007870330002333503,0,0,202,0,0.0,0.0,1,,,2,True,True,False,1205.0675048828125,663.5229010552722,541.5446038275403,True,True,0,ML-Robust-MPC,423.5229010552722,347.238666708233,284.3797877531158
1187.0,424.0692115039466,347.6878166525639,2,0.0,0.0,0.0,415.2429718434895,0.0,0.15,0.0,0.0,False,0.00780839200160699,0,0,203,0,0.0,0.0,1,,,2,True,True,False,1209.8154296875,664.0692115039466,545.7462181835534,True,True,0,ML-Robust-MPC,424.0692115039466,347.6878166525639,284.0393870762768
1167.5,421.6465699236127,349.27027762686026,2,0.0,0.0,0.0,396.583152449527,0.0,0.15,0.0,0.0,False,0.007888128002377925,0,0,204,0,0.0,0.0,1,,,2,True,True,False,1222.366455078125,661.6465699236127,560.7198851545123,True,True,0,ML-Robust-MPC,421.6465699236127,349.27027762686026,291.1215486613044
1137.5,420.2062866723472,349.04358201358497,2,0.0,0.0,0.0,368.25013131406786,0.0,0.15,0.0,0.0,False,0.008179132997611305,0,0,205,0,0.0,0.0,1,,,2,True,True,False,1201.75537109375,660.2062866723472,541.5490844214028,True,True,0,ML-Robust-MPC,420.2062866723472,349.04358201358497,291.51974036131685
1136.5,418.7122311064704,349.7181458075513,2,0.0,0.0,0.0,368.06962308597826,0.0,0.15,0.0,0.0,False,0.007998450000741286,0,0,206,0,0.0,0.0,1,,,2,True,True,False,1202.30810546875,658.7122311064704,543.5958743622796,True,True,0,ML-Robust-MPC,418.7122311064704,349.7181458075513,295.4970687153338
1132.5,421.0012074728962,348.6064388044456,2,0.0,0.0,0.0,362.8923537226582,0.0,0.15,0.0,0.0,False,0.0079947109989007,0,0,207,0,0.0,0.0,1,,,2,True,True,False,1206.0057373046875,661.0012074728962,545.0045298317913,True,True,0,ML-Robust-MPC,421.0012074728962,348.6064388044456,291.4869310075531
1168.5,422.9257976476477,349.5527258751067,2,0.0,0.0,0.0,396.02147647724564,0.0,0.15,0.0,0.0,False,0.008133070001349552,0,0,208,0,0.0,0.0,1,,,2,True,True,False,1209.2010498046875,662.9257976476476,546.2752521570399,True,True,0,ML-Robust-MPC,422.9257976476477,349.5527258751067,291.3842525604067
1172.0,421.5443626354104,345.71408947825006,2,0.0,0.0,0.0,404.7415478863395,0.0,0.15,0.0,0.0,False,0.00794323799709673,0,0,209,0,0.0,0.0,1,,,2,True,True,False,1219.18310546875,661.5443626354104,557.6387428333396,True,True,0,ML-Robust-MPC,421.5443626354104,345.71408947825006,296.3812235095445
1203.0,420.3026699029565,347.1454588838644,2,0.0,0.0,0.0,435.5518712131791,0.0,0.15,0.0,0.0,False,0.008050465999986045,0,0,210,0,0.0,0.0,1,,,2,True,True,False,1211.0242919921875,660.3026699029565,550.721622089231,True,True,0,ML-Robust-MPC,420.3026699029565,347.1454588838644,301.59630868783347
1201.5,422.077173126598,346.19953405509733,2,0.0,0.0,0.0,433.2232928183047,0.0,0.15,0.0,0.0,False,0.008037002000492066,0,0,211,0,0.0,0.0,1,,,2,True,True,False,1212.903076171875,662.0771731265979,550.8259030452771,True,True,0,ML-Robust-MPC,422.077173126598,346.19953405509733,300.0437498295245
1200.0,421.2491004220085,346.6537490701492,2,0.0,0.0,0.0,432.09715050784234,0.0,0.15,0.0,0.0,False,0.007912098000815604,0,0,212,0,0.0,0.0,1,,,2,True,True,False,1201.5,661.2491004220085,540.2508995779915,True,True,0,ML-Robust-MPC,421.2491004220085,346.6537490701492,294.9132579474819
1155.5,419.6014587299766,347.14522273356795,2,0.0,0.0,0.0,388.7533185364555,0.0,0.15,0.0,0.0,False,0.007760682998195989,0,0,213,0,0.0,0.0,1,,,2,True,True,False,1200.0,659.6014587299767,540.3985412700233,True,True,0,ML-Robust-MPC,419.6014587299766,347.14522273356795,289.0078058729818
714.5,420.4692720323106,347.6478179738159,2,-53.617090006126546,53.617090006126546,0.0,0.0,0.0,0.1505319155754576,0.0,53.617090006126546,False,0.008066440001130104,0,0,214,0,0.0,0.0,1,,,2,True,True,False,1172.8814697265625,660.4692720323105,512.412197694252,True,True,0,ML-Robust-MPC,420.4692720323106,347.6478179738159,283.3006467288128
727.0,418.0224047317574,345.9221249530636,2,-36.944529684820964,36.944529684820964,0.0,0.0,0.0,0.15089842876677526,0.0,29.59832763671875,False,0.010322183999960544,0,0,215,0,0.0,0.0,1,,,2,True,True,False,880.3282470703125,658.0224047317574,222.30584233855507,True,True,0,ML-Robust-MPC,418.0224047317574,345.9221249530636,286.3980701092192
715.5,419.4669238400143,347.26354429201933,2,-51.23046813203359,51.23046813203359,0.0,0.0,0.0,0.1514066675379264,0.0,43.89630126953125,False,0.008908277002774412,0,0,216,0,0.0,0.0,1,,,2,True,True,False,886.4340209960938,659.4669238400143,226.9670971560795,True,True,0,ML-Robust-MPC,419.4669238400143,347.26354429201933,277.2682887845801
729.5,422.5379924370648,348.0638860928649,2,-41.10187852992976,41.10187852992976,0.0,0.0,0.0,0.1518144242693741,0.0,12.3375244140625,False,0.01055802699920605,0,0,217,0,0.0,0.0,1,,,2,True,True,False,886.4825439453125,662.5379924370648,223.94455150824774,True,True,0,ML-Robust-MPC,422.5379924370648,348.0638860928649,277.5193063028435
777.5,423.4407034779095,349.29941130810187,2,4.759885213988582,0.0,4.759885213988582,0.0,0.0,0.15176210173921112,0.0,0.0,False,0.008749008000449976,0,0,218,0,0.0,0.0,1,,,2,True,True,False,918.1995239257812,663.4407034779094,254.7588204478718,True,True,0,ML-Robust-MPC,423.4407034779095,349.29941130810187,280.7877542214473
808.0,422.2350597346479,349.2528301694165,2,36.51211009593567,0.0,36.51211009593567,0.0,0.0,0.15136074626614318,0.0,0.0,False,0.008814434997475473,0,0,219,0,0.0,0.0,1,,,2,True,True,False,943.25390625,662.2350597346478,281.01884651535215,True,True,0,ML-Robust-MPC,422.2350597346479,349.2528301694165,278.254560904182
840.5,422.50200024603146,348.94665041324924,2,69.0513493407193,0.0,69.0513493407193,0.0,0.0,0.15060170667878972,0.0,0.0,False,0.009864613999525318,0,0,220,0,0.0,0.0,1,,,2,True,True,False,967.5787353515625,662.5020002460315,305.07673510553104,True,True,0,ML-Robust-MPC,422.50200024603146,348.94665041324924,282.7245078760612
909.0,420.73382450169686,350.07533482414067,2,54.73845998285898,0.0,54.73845998285898,83.45238069130349,0.0,0.15,0.0,0.0,False,0.010178119999181945,0,0,221,0,0.0,0.0,1,,,2,True,True,False,970.0578002929688,660.7338245016969,309.3239757912719,True,True,0,ML-Robust-MPC,420.73382450169686,350.07533482414067,288.4682342589568
962.5,420.7996619130825,347.9226531221949,2,0.0,0.0,0.0,193.77768496472254,0.0,0.15,0.0,0.0,False,0.01030139900103677,0,0,222,0,0.0,0.0,1,,,2,True,True,False,1000.5318603515625,660.7996619130824,339.73219843848005,True,True,0,ML-Robust-MPC,420.7996619130825,347.9226531221949,296.52100827500664
981.5,417.70867857391727,345.8897665834136,2,0.0,0.0,0.0,217.90155484266916,0.0,0.15,0.0,0.0,False,0.009155463998467894,0,0,223,0,0.0,0.0,1,,,2,True,True,False,988.54541015625,657.7086785739173,330.83673158233273,True,True,0,ML-Robust-MPC,417.70867857391727,345.8897665834136,299.7029024932085
901.0,419.5389897664962,350.8668534819954,2,0.0,0.0,0.0,130.59415675150842,0.0,0.15,0.0,0.0,False,0.010592120001092553,0,0,224,0,0.0,0.0,1,,,2,True,True,False,981.5,659.5389897664961,321.9610102335039,True,True,0,ML-Robust-MPC,419.5389897664962,350.8668534819954,296.4341487748882
821.0,416.7912030681055,350.734873239031,2,0.0,0.0,0.0,53.473923692863536,0.0,0.15,0.0,0.0,False,0.01197188099831692,0,0,225,0,0.0,0.0,1,,,2,True,True,False,901.0,656.7912030681055,244.20879693189454,True,True,0,ML-Robust-MPC,416.7912030681055,350.734873239031,303.50588743322714
751.5,416.7485327771869,350.9153757583706,2,-16.16390853555754,16.16390853555754,0.0,0.0,0.0,0.1501603562354718,0.0,16.16390853555754,False,0.01043006100007915,0,0,226,0,0.0,0.0,1,,,2,True,True,False,821.0,656.7485327771869,164.25146722281306,True,True,0,ML-Robust-MPC,416.7485327771869,350.9153757583706,306.7604035268711
709.0,418.8240833281872,302.8945446015003,2,-12.7186279296875,12.7186279296875,0.0,0.0,0.0,0.15028653309985363,0.0,12.7186279296875,False,0.00609973400059971,0,0,227,0,0.0,0.0,1,,,2,True,True,False,751.5,658.8240833281873,92.67591667181273,True,True,0,ML-Robust-MPC,418.8240833281872,349.34714003389865,298.72966789019694
675.0,419.5785748764719,260.13303401024683,2,-4.71160888671875,4.71160888671875,0.0,0.0,0.0,0.15033327525150758,0.0,4.71160888671875,False,0.005043981000198983,0,0,228,0,0.0,0.0,1,,,2,True,True,False,739.2576904296875,659.578574876472,79.67911555321552,True,True,0,ML-Robust-MPC,419.5785748764719,352.61125830993353,300.8953182927613
647.0,418.3782256269163,320.13303401024683,2,-91.5112596371631,91.5112596371631,0.0,0.0,0.0,0.1512411250494953,0.0,8.00537109375,False,0.04468856699895696,0,0,229,0,0.0,0.0,1,,,2,True,True,False,833.2899780273438,658.3782256269162,174.91175240042753,True,True,0,ML-Robust-MPC,418.3782256269163,351.54202485262874,293.83542658294226
623.0,419.0835036037079,260.13303401024683,2,-56.216537613954756,56.216537613954756,0.0,0.0,0.0,0.15179882879566547,0.0,8.656494140625,False,0.014724980002938537,0,0,230,0,0.0,0.0,1,,,2,True,True,False,867.8602905273438,659.0835036037079,208.77678692363588,True,True,0,ML-Robust-MPC,419.0835036037079,350.5187197041953,294.06774348556667
624.0,421.73617635860177,240.0,2,-37.736176358601824,37.736176358601824,0.0,0.0,0.0,0.15217319562461987,0.0,0.0,False,0.020276372000807896,0,0,231,0,0.0,0.0,1,,,2,True,True,False,897.18115234375,661.7361763586018,235.44497598514818,True,True,0,ML-Robust-MPC,421.73617635860177,352.03537896353816,286.0324495124818
613.0,422.3571316085698,240.0,2,-49.357131608569716,49.357131608569716,0.0,0.0,0.0,0.15266284970803823,0.0,3.80474853515625,False,0.010718777997681173,0,0,232,0,0.0,0.0,1,,,2,True,True,False,920.5253295898438,662.3571316085697,258.16819798127403,True,True,0,ML-Robust-MPC,422.3571316085698,350.95913055484203,284.6894479455291
621.0,421.51366670498857,300.0,2,-100.51366670498851,100.51366670498851,0.0,0.0,0.0,0.1536600090999528,0.0,0.0,False,0.007493990997318178,0,0,233,0,0.0,0.0,1,,,2,True,True,False,933.7314453125,661.5136667049885,272.2177786075115,True,True,0,ML-Robust-MPC,421.51366670498857,351.8945884254313,291.6537151963396
641.5,419.5281076143108,249.21300593157068,2,-27.24111354588146,27.24111354588146,0.0,0.0,0.0,0.15393025824227305,0.0,0.0,False,0.011226212001929525,0,0,234,0,0.0,0.0,1,,,2,True,True,False,942.895263671875,659.5281076143108,283.3671560575642,True,True,0,ML-Robust-MPC,419.5281076143108,351.1681815069797,283.80276980105697
644.0,421.7281688128828,309.2130059315707,2,-86.94117474445352,86.94117474445352,0.0,0.0,0.0,0.15479276989648388,0.0,0.0,False,0.012117795999074588,0,0,235,0,0.0,0.0,1,,,2,True,True,False,956.6454467773438,661.7281688128828,294.91727796446094,True,True,0,ML-Robust-MPC,421.7281688128828,350.5259332396241,280.39247551134423
697.5,419.2624470362562,282.3310333302549,2,-4.0934803665111295,4.0934803665111295,0.0,0.0,0.0,0.15483337982075482,0.0,0.0,False,0.03942225699938717,0,0,236,0,0.0,0.0,1,,,2,True,True,False,950.3009033203125,659.2624470362562,291.03845628405634,True,True,0,ML-Robust-MPC,419.2624470362562,352.06267114359525,277.05346532087805
705.5,419.2508751587198,342.3310333302549,2,-56.081908488974705,56.081908488974705,0.0,0.0,0.0,0.1553897479605264,0.0,56.081908488974705,False,0.034108641997590894,0,0,237,0,0.0,0.0,1,,,2,True,True,False,941.4234619140625,659.2508751587197,282.17258675534276,True,True,0,ML-Robust-MPC,419.2508751587198,352.6674705217997,281.05074087000764
763.5,414.49024201160233,352.81178639336053,2,-3.8020284049628117,3.8020284049628117,0.0,0.0,0.0,0.1554274664962899,0.0,3.8020284049628117,False,0.012415417000738671,0,0,238,0,0.0,0.0,1,,,2,True,True,False,912.9979248046875,654.4902420116023,258.5076827930852,True,True,0,ML-Robust-MPC,414.49024201160233,352.81178639336053,274.7723916389112
837.0,415.9606495659895,353.55568264331697,2,67.48366779069352,0.0,67.48366779069352,0.0,0.0,0.15468565948104684,0.0,0.0,False,0.012576769997394877,0,0,239,0,0.0,0.0,1,,,2,True,True,False,910.0170288085938,655.9606495659896,254.05637924260418,True,True,0,ML-Robust-MPC,415.9606495659895,353.55568264331697,268.76061923966324
930.0,416.4733789859108,355.2262590740659,2,158.30036194002332,0.0,158.30036194002332,0.0,0.0,0.1529455596487905,0.0,0.0,False,0.014101014003244927,0,0,240,0,0.0,0.0,1,,,2,True,True,False,892.889404296875,656.4733789859108,236.4160253109642,True,True,0,ML-Robust-MPC,416.4733789859108,355.2262590740659,262.6590516613611
812.0,416.74385218432445,357.25276448630785,2,38.00338332936769,0.0,38.00338332936769,0.0,0.0,0.15252781151387682,0.0,0.0,False,0.010660146999725839,0,0,241,0,0.0,0.0,1,,,2,True,True,False,930.0,656.7438521843244,273.2561478156756,True,True,0,ML-Robust-MPC,416.74385218432445,357.25276448630785,261.76202299060003
761.5,417.2683037348226,349.6091987065832,2,-5.377502441405795,5.377502441405795,0.0,0.0,0.0,0.15258115975238282,0.0,5.377502441405795,False,0.058774435998202534,0,0,242,0,0.0,0.0,1,,,2,True,True,False,812.0,657.2683037348227,154.73169626517733,True,True,0,ML-Robust-MPC,417.2683037348226,358.1640263885396,264.0777045664141
671.0,416.7945454737015,297.848398862236,2,-43.6429443359375,43.6429443359375,0.0,0.0,0.0,0.15301412547000123,0.0,43.6429443359375,False,0.047990655002649873,0,0,243,0,0.0,0.0,1,,,2,True,True,False,761.5,656.7945454737014,104.70545452629858,True,True,0,ML-Robust-MPC,416.7945454737015,357.8530187509688,266.5402029855286
656.0,419.25014790342703,240.0,2,-3.250147903426978,3.250147903426978,0.0,0.0,0.0,0.1530463690007892,0.0,0.0,False,0.06769076099953963,0,0,244,0,0.0,0.0,1,,,2,True,True,False,671.0,659.250147903427,11.749852096573022,True,True,0,ML-Robust-MPC,419.25014790342703,358.9375012388334,271.432704994257
583.0,418.41804287323095,240.0,2,-75.41804287323089,75.41804287323089,0.0,0.0,0.0,0.1537945638705633,0.0,37.18798828125,False,0.056974346000060905,0,0,245,0,0.0,0.0,1,,,2,True,True,False,702.4788818359375,658.4180428732309,44.06083896270661,True,True,0,ML-Robust-MPC,418.41804287323095,359.4752049659332,266.96597192486826
553.5,418.2170963095461,240.0,2,-104.7170963095461,104.7170963095461,0.0,0.0,0.0,0.1548334239529993,0.0,99.81415490259377,False,0.02181613699940499,0,0,246,0,0.0,0.0,1,,,2,True,True,False,760.107421875,658.2170963095462,101.89032556545385,True,True,0,ML-Robust-MPC,418.2170963095461,357.5932367237505,271.22342751991084
551.5,418.55659048386485,240.0,2,-107.05659048386485,107.05659048386485,0.0,0.0,0.0,0.15589549330303762,0.0,0.0,False,0.00734220300000743,0,0,247,0,0.0,0.0,1,,,2,True,True,False,840.0338134765625,658.5565904838649,181.47722299269765,True,True,0,ML-Robust-MPC,418.55659048386485,356.4565384337236,277.8848505092533
538.0,419.5440165208224,240.0,2,-121.54401652082242,121.54401652082242,0.0,0.0,0.0,0.1571012871177283,0.0,6.2154541015625,False,0.013719293001486221,0,0,248,0,0.0,0.0,1,,,2,True,True,False,846.6287841796875,659.5440165208224,187.08476765886508,True,True,0,ML-Robust-MPC,419.5440165208224,358.18586722821857,281.0250680354005
521.0,419.5062500244312,240.0,2,-138.5062500244312,138.5062500244312,0.0,0.0,0.0,0.15847535705844687,0.0,10.68896484375,False,0.01304239800083451,0,0,249,0,0.0,0.0,1,,,2,True,True,False,860.593505859375,659.5062500244312,201.0872558349438,True,True,0,ML-Robust-MPC,419.5062500244312,357.3710040371715,282.4749279209681
522.5,418.4365029858109,240.0,2,-135.93650298581088,135.93650298581088,0.0,0.0,0.0,0.1598239334769569,0.0,0.0,False,0.02740646899837884,0,0,250,0,0.0,0.0,1,,,2,True,True,False,860.8521118164062,658.4365029858109,202.41560883059537,True,True,0,ML-Robust-MPC,418.4365029858109,358.6446237893357,273.13334769887274
530.5,417.1859650737157,240.0,2,-126.68596507371569,126.68596507371569,0.0,0.0,0.0,0.16108073868602152,0.0,0.0,False,0.0225585369989858,0,0,251,0,0.0,0.0,1,,,2,True,True,False,849.5157470703125,657.1859650737157,192.3297819965968,True,True,0,ML-Robust-MPC,417.1859650737157,359.16929620272816,268.2588349567271
563.5,417.5775175294867,240.0,2,-94.07751752948673,94.07751752948673,0.0,0.0,0.0,0.1620140473916712,0.0,0.0,False,0.02195444800236146,0,0,252,0,0.0,0.0,1,,,2,True,True,False,834.0078735351562,657.5775175294867,176.43035600566952,True,True,0,ML-Robust-MPC,417.5775175294867,359.33678976751247,265.45563266471777
573.0,416.01832926125246,240.0,2,-83.01832926125246,83.01832926125246,0.0,0.0,0.0,0.16283764192799313,0.0,39.96173095703125,False,0.026116056000319077,0,0,253,0,0.0,0.0,1,,,2,True,True,False,836.454345703125,656.0183292612525,180.43601644187254,True,True,0,ML-Robust-MPC,416.01832926125246,358.1406285969089,269.3847478166311
616.0,410.698912805148,240.0,2,-34.698912805147984,34.698912805147984,0.0,0.0,0.0,0.16318187717407595,0.0,34.40625,False,0.013687919999938458,0,0,254,0,0.0,0.0,1,,,2,True,True,False,816.0194702148438,650.698912805148,165.32055740969577,True,True,0,ML-Robust-MPC,410.698912805148,357.9266614870197,265.88274177178664
652.5,411.89615763160265,300.0,2,-59.39615763160259,59.39615763160259,0.0,0.0,0.0,0.16377112476962757,0.0,59.39615763160259,False,0.01998383200043463,0,0,255,0,0.0,0.0,1,,,2,True,True,False,819.5411376953125,651.8961576316026,167.6449800637099,True,True,0,ML-Robust-MPC,411.89615763160265,358.4384774316907,265.95019175436835
722.0,411.5979473887935,338.422438353394,2,-28.0203857421875,28.0203857421875,0.0,0.0,0.0,0.16404910478691118,0.0,28.0203857421875,False,0.012267163998330943,0,0,256,0,0.0,0.0,1,,,2,True,True,False,811.2364501953125,651.5979473887935,159.638502806519,True,True,0,ML-Robust-MPC,411.5979473887935,360.9415497584613,268.9669347510472
779.0,412.7687085389625,362.5931051318631,2,3.6381863291743457,0.0,3.6381863291743457,0.0,0.0,0.16400911241201369,0.0,0.0,False,0.012661642998864409,0,0,257,0,0.0,0.0,1,,,2,True,True,False,800.7247924804688,652.7687085389625,147.95608394150622,True,True,0,ML-Robust-MPC,412.7687085389625,362.5931051318631,265.51260488970405
794.5,411.90032143613865,362.0513898787897,2,20.54828868507161,0.0,20.54828868507161,0.0,0.0,0.16378323754188803,0.0,0.0,False,0.011873839001054876,0,0,258,0,0.0,0.0,1,,,2,True,True,False,834.4258422851562,651.9003214361387,182.52552084901754,True,True,0,ML-Robust-MPC,411.90032143613865,362.0513898787897,265.99798584739455
693.5,413.24563330608953,354.20981102984797,2,-73.9554443359375,73.9554443359375,0.0,0.0,0.0,0.1645169225055382,0.0,73.9554443359375,False,0.006797106001613429,0,0,259,0,0.0,0.0,1,,,2,True,True,False,799.6519165039062,653.2456333060895,146.40628319781672,True,True,0,ML-Robust-MPC,413.24563330608953,363.1307817938948,264.91268526878025
620.0,415.1611624043933,294.20981102984797,2,-89.37097343424125,89.37097343424125,0.0,0.0,0.0,0.16540353930548107,0.0,40.832763671875,False,0.0541070139988733,0,0,260,0,0.0,0.0,1,,,2,True,True,False,693.5,655.1611624043933,38.33883759560672,True,True,0,ML-Robust-MPC,415.1611624043933,364.67476356190696,253.18430603977595
564.5,414.487883055738,240.0,2,-89.98788305573794,89.98788305573794,0.0,0.0,0.0,0.16629627624055784,0.0,21.23138427734375,False,0.03823951400045189,0,0,261,0,0.0,0.0,1,,,2,True,True,False,713.0509033203125,654.4878830557379,58.56302026457456,True,True,0,ML-Robust-MPC,414.487883055738,364.74128360332753,255.03991625514803
513.5,373.5,240.0,2,-100.0,100.0,0.0,0.0,0.0,0.16728833973262133,0.0,100.0,False,0.014184964999003569,0,0,262,0,0.0,0.0,1,,,2,True,True,False,758.9461669921875,653.5431862069611,105.40298078522642,True,True,0,ML-Robust-MPC,413.54318620696114,365.010506546126,259.341254821182
496.0,370.8436886963523,240.0,2,-114.84368869635227,114.84368869635227,0.0,0.0,0.0,0.1684276620411169,0.0,100.0,False,0.009852472998318262,0,0,263,0,0.0,0.0,1,,,2,True,True,False,836.9711303710938,652.8000891297099,184.17104124138382,True,True,0,ML-Robust-MPC,412.8000891297099,364.1197146277796,262.7836767551554
479.5,412.31697767659887,240.0,2,-172.81697767659887,172.81697767659887,0.0,0.0,0.0,0.17014211618473393,0.0,10.96929931640625,False,0.006442642003094079,0,0,264,0,0.0,0.0,1,,,2,True,True,False,893.9387817382812,652.3169776765989,241.62180406168238,True,True,0,ML-Robust-MPC,412.31697767659887,363.5296180188562,265.01581277214547
466.5,410.5713029142618,240.0,2,-184.07130291426188,184.07130291426188,0.0,0.0,0.0,0.17196822038031193,0.0,11.862884521484375,False,0.005328077997546643,0,0,265,0,0.0,0.0,1,,,2,True,True,False,823.69482421875,650.5713029142619,173.12352130448812,True,True,0,ML-Robust-MPC,410.5713029142618,360.8432861853877,265.5823889118142
473.0,408.7011300103901,240.0,2,-175.7011300103901,175.7011300103901,0.0,0.0,0.0,0.17371128714628803,0.0,0.0,False,0.007521732000896009,0,0,266,0,0.0,0.0,1,,,2,True,True,False,837.11181640625,648.7011300103901,188.4106863958599,True,True,0,ML-Robust-MPC,408.7011300103901,360.22231345277294,272.75551101293735
467.0,408.3354036593405,240.0,2,-181.3354036593405,181.3354036593405,0.0,0.0,0.0,0.17551024948417832,0.0,7.55908203125,False,0.011200013002962805,0,0,267,0,0.0,0.0,1,,,2,True,True,False,821.4986572265625,648.3354036593405,173.163253567222,True,True,0,ML-Robust-MPC,408.3354036593405,360.9270947149228,269.45905929872777
451.0,409.2601558315101,240.0,2,-198.26015583151002,198.26015583151002,0.0,0.0,0.0,0.1774771161094909,0.0,27.333770751953125,False,0.011969955001404742,0,0,268,0,0.0,0.0,1,,,2,True,True,False,820.9805908203125,649.26015583151,171.72043498880248,True,True,0,ML-Robust-MPC,409.2601558315101,359.74983718493826,270.30607118253096
493.5,404.9004094025941,240.0,2,-151.40040940259405,151.40040940259405,0.0,0.0,0.0,0.1789791042980087,0.0,0.0,False,0.023912570002721623,0,0,269,0,0.0,0.0,1,,,2,True,True,False,793.3993530273438,644.900409402594,148.4989436247497,True,True,0,ML-Robust-MPC,404.9004094025941,360.8333351746976,272.8511793704106
498.0,402.87391537781934,240.0,2,-144.87391537781934,144.87391537781934,0.0,0.0,0.0,0.180416345521995,0.0,45.31982421875,False,0.02378753700031666,0,0,270,0,0.0,0.0,1,,,2,True,True,False,819.3970947265625,642.8739153778193,176.52317934874316,True,True,0,ML-Robust-MPC,402.87391537781934,360.72586726262114,268.673019961286
545.5,404.00724494814375,240.0,2,-98.5072449481438,98.5072449481438,0.0,0.0,0.0,0.1813935999361631,0.0,22.153076171875,False,0.014128400998743018,0,0,271,0,0.0,0.0,1,,,2,True,True,False,755.1166381835938,644.0072449481438,111.10939323544994,True,True,0,ML-Robust-MPC,404.00724494814375,362.30219807577225,268.34869792278903
616.0,401.25938435906494,240.0,2,-25.25938435906494,25.25938435906494,0.0,0.0,0.0,0.1816441890667094,0.0,16.28662109375,False,0.026166735999140656,0,0,272,0,0.0,0.0,1,,,2,True,True,False,779.2341918945312,641.2593843590649,137.9748075354663,True,True,0,ML-Robust-MPC,401.25938435906494,362.8912020075289,266.6261338746383
672.0,404.3118421897735,300.0,2,-32.311842189773415,32.311842189773415,0.0,0.0,0.0,0.1819647430566873,0.0,32.311842189773415,False,0.01563127400004305,0,0,273,0,0.0,0.0,1,,,2,True,True,False,761.2188720703125,644.3118421897734,116.90702988053908,True,True,0,ML-Robust-MPC,404.3118421897735,362.4196109495778,255.51149420879787
756.0,407.59989074204657,348.40010925795343,2,0.0,0.0,0.0,0.0,0.0,0.1819647430566873,0.0,0.0,False,0.019600655999965966,0,0,274,0,0.0,0.0,1,,,2,True,True,False,769.3734741210938,647.5998907420466,121.77358337904718,True,True,0,ML-Robust-MPC,407.59989074204657,363.58208696925294,257.5444943198712
754.5,409.7241182862821,351.8901395262179,2,-7.1142578125,7.1142578125,0.0,0.0,0.0,0.1820353210111764,0.0,7.1142578125,False,0.03579156599880662,0,0,275,0,0.0,0.0,1,,,2,True,True,False,784.15185546875,649.7241182862821,134.42773718246792,True,True,0,ML-Robust-MPC,409.7241182862821,363.1184168793718,264.67072378201533
696.0,408.2400340302325,317.1273976103925,2,-29.367431640625,29.367431640625,0.0,0.0,0.0,0.18232666457903973,0.0,29.367431640625,False,0.03162173699820414,0,0,276,0,0.0,0.0,1,,,2,True,True,False,770.9898071289062,648.2400340302324,122.74977309867381,True,True,0,ML-Robust-MPC,408.2400340302325,360.89896140504607,262.7108249220858
585.0,406.62786200842856,257.1273976103925,2,-78.75525961882113,78.75525961882113,0.0,0.0,0.0,0.1831079667577979,0.0,66.5577392578125,False,0.041961412000091514,0,0,277,0,0.0,0.0,1,,,2,True,True,False,696.0,646.6278620084286,49.372137991571435,True,True,0,ML-Robust-MPC,406.62786200842856,361.6466712235592,268.45604081899467
553.5,405.13148151290056,148.36851848709944,1,0.0,0.0,0.0,0.0,0.0,0.1831079667577979,0.0,0.0,False,0.04069574900131556,0,1,278,0,0.0,0.0,1,,,0,True,False,False,617.3679809570312,645.1314815129006,-27.763500555869314,True,True,0,ML-Robust-MPC,405.13148151290056,360.1507888953599,266.6799403065423
515.0,375.0,240.0,2,-100.0,100.0,0.0,0.0,0.0,0.18410003024986138,0.0,100.0,False,0.007301187000848586,1,0,279,0,0.0,0.0,1,,,2,True,True,False,697.4451293945312,644.3007723540425,53.144357040488785,True,True,0,ML-Robust-MPC,404.3007723540425,359.0200919863173,264.6509487950343
499.5,359.5,240.0,2,-100.0,100.0,0.0,0.0,0.0,0.18509209374192487,0.0,100.0,False,0.007835519001673674,0,0,280,0,0.0,0.0,1,,,2,True,True,False,781.8457641601562,641.1546573010492,140.6911068591071,True,True,0,ML-Robust-MPC,401.1546573010492,361.2786908971565,266.32229455426983
444.5,401.0697116808208,240.0,2,-196.56971168082077,196.56971168082077,0.0,0.0,0.0,0.18704219008796474,0.0,41.8997802734375,False,0.0043980699992971495,0,0,281,0,0.0,0.0,1,,,2,True,True,False,838.5115966796875,641.0697116808208,197.44188499886673,True,True,0,ML-Robust-MPC,401.0697116808208,360.427502366463,270.4376737089695
450.0,406.2170637409925,240.0,2,-196.21706374099244,196.21706374099244,0.0,0.0,0.0,0.1889887879425381,0.0,0.0,False,0.004664453001169022,0,0,282,0,0.0,0.0,1,,,2,True,True,False,791.5896606445312,646.2170637409924,145.3725969035388,True,True,0,ML-Robust-MPC,406.2170637409925,358.73714069386006,275.06888724711325
444.5,407.5791153971954,240.0,2,-203.07911539719544,203.07911539719544,0.0,0.0,0.0,0.19100346170639915,0.0,6.055419921875,False,0.00506939200204215,0,0,283,0,0.0,0.0,1,,,2,True,True,False,798.7249755859375,647.5791153971954,151.14586018874206,True,True,0,ML-Robust-MPC,407.5791153971954,358.0572858254065,272.85054279166
438.0,408.2252064347018,240.0,2,-210.22520643470182,210.22520643470182,0.0,0.0,0.0,0.19308902923055293,0.0,8.45050048828125,False,0.007531831000960665,0,0,284,0,0.0,0.0,1,,,2,True,True,False,827.656982421875,648.2252064347018,179.43177598717318,True,True,0,ML-Robust-MPC,408.2252064347018,360.09218514980694,279.92066062767583
461.5,408.725661187712,240.0,2,-187.22566118771192,187.22566118771192,0.0,0.0,0.0,0.1949464266629707,0.0,0.0,False,0.007610647997353226,0,0,285,0,0.0,0.0,1,,,2,True,True,False,797.1063842773438,648.7256611877119,148.38072308963183,True,True,0,ML-Robust-MPC,408.725661187712,360.3707612080185,284.65233356846005
473.5,408.4785156217317,240.0,2,-174.97851562173173,174.97851562173173,0.0,0.0,0.0,0.19668232463540852,0.0,16.005035400390625,False,0.015168357000220567,0,0,286,0,0.0,0.0,1,,,2,True,True,False,789.8817138671875,648.4785156217317,141.40319824545577,True,True,0,ML-Robust-MPC,408.4785156217317,360.256383769088,278.8732805302893
490.5,407.72427198693015,240.0,2,-157.22427198693015,157.22427198693015,0.0,0.0,0.0,0.19824208923845346,0.0,36.42376708984375,False,0.021705102000851184,0,0,287,0,0.0,0.0,1,,,2,True,True,False,775.9217529296875,647.7242719869301,128.19748094275735,True,True,0,ML-Robust-MPC,407.72427198693015,359.3193283864908,278.127380529773
531.0,408.2921573170728,240.0,2,-117.29215731707279,117.29215731707279,0.0,0.0,0.0,0.1994057019102498,0.0,23.99456787109375,False,0.014709014001709875,0,0,288,0,0.0,0.0,1,,,2,True,True,False,776.3031005859375,648.2921573170728,128.0109432688647,True,True,0,ML-Robust-MPC,408.2921573170728,358.94184771887024,281.8916697606711
588.5,408.7283949700953,240.0,2,-60.22839497009522,60.22839497009522,0.0,0.0,0.0,0.20000320582860392,0.0,21.6822509765625,False,0.01515756099979626,0,0,289,0,0.0,0.0,1,,,2,True,True,False,781.1575317382812,648.7283949700952,132.42913676818603,True,True,0,ML-Robust-MPC,408.7283949700953,357.1362316243723,291.7916511446617
650.5,409.4157432805072,269.7198768366803,2,-28.6356201171875,28.6356201171875,0.0,0.0,0.0,0.20028728936151252,0.0,28.6356201171875,False,0.015028235997306183,0,0,290,0,0.0,0.0,1,,,2,True,True,False,766.81982421875,649.4157432805072,117.40408093824283,True,True,0,ML-Robust-MPC,409.4157432805072,356.4909146007785,295.9174389272335
741.5,409.5393616793773,329.7198768366803,2,2.2407614839424355,0.0,2.2407614839424355,0.0,0.0,0.2002626580300705,0.0,0.0,False,0.03912078199937241,0,0,291,0,0.0,0.0,1,,,2,True,True,False,735.0109252929688,649.5393616793773,85.47156361359146,True,True,0,ML-Robust-MPC,409.5393616793773,356.1525680965468,297.68799154451875
815.0,410.39707226372894,356.5213635644837,2,48.08156417178736,0.0,48.08156417178736,0.0,0.0,0.19973412656795264,0.0,0.0,False,0.00943787500000326,0,0,292,0,0.0,0.0,1,,,2,True,True,False,794.707275390625,650.3970722637289,144.3102031268961,True,True,0,ML-Robust-MPC,410.39707226372894,356.5213635644837,303.97953565750163
735.5,410.3497838821765,353.798633157181,2,-28.64841703935747,28.64841703935747,0.0,0.0,0.0,0.2000183370544542,0.0,28.64841703935747,False,0.004945169002894545,0,0,293,0,0.0,0.0,1,,,2,True,True,False,829.252685546875,650.3497838821766,178.90290166469845,True,True,0,ML-Robust-MPC,410.3497838821765,353.798633157181,298.6318959185613
610.0,408.40868500249536,293.798633157181,2,-92.20731815967633,92.20731815967633,0.0,0.0,0.0,0.2009330921949272,0.0,84.605712890625,False,0.049108717998024076,0,0,294,0,0.0,0.0,1,,,2,True,True,False,735.5,648.4086850024953,87.0913149975047,True,True,0,ML-Robust-MPC,408.40868500249536,355.31456898236706,300.6418466485371
600.0,408.9078269329152,240.0,2,-48.90782693291521,48.90782693291521,0.0,0.0,0.0,0.20141828889069024,0.0,0.0,False,0.07133813700056635,0,0,295,0,0.0,0.0,1,,,2,True,True,False,672.0735473632812,648.9078269329152,23.165720430366036,True,True,0,ML-Robust-MPC,408.9078269329152,354.78816162943133,302.24770423852914
544.5,411.6245743320166,240.0,2,-107.12457433201666,107.12457433201666,0.0,0.0,0.0,0.2024810326836666,0.0,24.76446533203125,False,0.05588639200141188,0,0,296,0,0.0,0.0,1,,,2,True,True,False,741.8992309570312,651.6245743320167,90.27465662501459,True,True,0,ML-Robust-MPC,411.6245743320166,353.00888798025017,305.5708033880199
502.0,362.0,240.0,2,-100.0,100.0,0.0,0.0,0.0,0.2034730961757301,0.0,100.0,False,0.009506333000899758,0,0,297,0,0.0,0.0,1,,,2,True,True,False,796.8910522460938,652.6892797282646,144.2017725178291,True,True,0,ML-Robust-MPC,412.6892797282646,353.39645989208657,300.7494809315386
469.0,412.11294081536766,240.0,2,-183.11294081536766,183.11294081536766,0.0,0.0,0.0,0.20528969281080317,0.0,27.81903076171875,False,0.007125527001335286,0,0,298,0,0.0,0.0,1,,,2,True,True,False,852.7830810546875,652.1129408153677,200.67014023931984,True,True,0,ML-Robust-MPC,412.11294081536766,355.02460961197835,294.3487540637316
491.5,412.1661795624476,240.0,2,-160.6661795624476,160.6661795624476,0.0,0.0,0.0,0.20688360332233538,0.0,0.0,False,0.00668384100208641,0,0,299,0,0.0,0.0,1,,,2,True,True,False,843.3773193359375,652.1661795624476,191.2111397734899,True,True,0,ML-Robust-MPC,412.1661795624476,355.2619151958196,291.08857632446023
470.5,414.7813682983616,240.0,2,-184.2813682983616,184.2813682983616,0.0,0.0,0.0,0.2087117914998985,0.0,22.30224609375,False,0.010995022999850335,0,0,300,0,0.0,0.0,1,,,2,True,True,False,863.7661743164062,654.7813682983616,208.98480601804465,True,True,0,ML-Robust-MPC,414.7813682983616,355.1299557230644,286.5844249598797
468.5,417.7254423439631,300.0,2,-249.2254423439631,249.2254423439631,0.0,0.0,0.0,0.2111842661263267,0.0,9.283111572265625,False,0.012421988998539746,0,0,301,0,0.0,0.0,1,,,2,True,True,False,855.60107421875,657.7254423439631,197.8756318747869,True,True,0,ML-Robust-MPC,417.7254423439631,353.2668029982314,288.7641999285391
465.0,418.5729707507291,240.0,2,-193.57297075072916,193.57297075072916,0.0,0.0,0.0,0.21310463289964743,0.0,16.649749755859375,False,0.04882421599904774,0,0,302,0,0.0,0.0,1,,,2,True,True,False,864.046875,658.5729707507292,205.47390424927084,True,True,0,ML-Robust-MPC,418.5729707507291,353.092350413114,286.5428103241821
486.0,416.3819144957136,240.0,2,-170.38191449571354,170.38191449571354,0.0,0.0,0.0,0.21479492967043823,0.0,18.74871826171875,False,0.02985741199881886,0,0,303,0,0.0,0.0,1,,,2,True,True,False,807.783203125,656.3819144957135,151.40128862928646,True,True,0,ML-Robust-MPC,416.3819144957136,354.1630174012239,291.71887165989966
517.5,420.1462182756591,240.0,2,-142.64621827565907,142.64621827565907,0.0,0.0,0.0,0.21621007072476026,0.0,7.17437744140625,False,0.018423008001263952,0,0,304,0,0.0,0.0,1,,,2,True,True,False,802.0256958007812,660.1462182756591,141.87947752512218,True,True,0,ML-Robust-MPC,420.1462182756591,352.5704894092947,294.0428298757959
536.5,422.32137936082887,240.0,2,-125.82137936082881,125.82137936082881,0.0,0.0,0.0,0.21745829869460975,0.0,33.3770751953125,False,0.018297630002052756,0,0,305,0,0.0,0.0,1,,,2,True,True,False,810.9151000976562,662.3213793608288,148.59372073682744,True,True,0,ML-Robust-MPC,422.32137936082887,353.09421587801927,294.2283807448847
577.0,422.430728448981,240.0,2,-85.43072844898097,85.43072844898097,0.0,0.0,0.0,0.218305825762556,0.0,39.0186767578125,False,0.012962802000402007,0,0,306,0,0.0,0.0,1,,,2,True,True,False,804.9630737304688,662.430728448981,142.53234528148778,True,True,0,ML-Robust-MPC,422.430728448981,354.9102500088935,294.8210508451135
632.5,423.73035230778345,250.63402757502905,2,-41.8643798828125,41.8643798828125,0.0,0.0,0.0,0.21872114699155215,0.0,41.8643798828125,False,0.01114905800204724,0,0,307,0,0.0,0.0,1,,,2,True,True,False,779.8163452148438,663.7303523077835,116.08599290706024,True,True,0,ML-Robust-MPC,423.73035230778345,356.2209177343741,287.2289117567303
731.5,424.1496317553361,307.3503682446639,2,0.0,0.0,0.0,0.0,0.0,0.21872114699155215,0.0,0.0,False,0.015765369000291685,0,0,308,0,0.0,0.0,1,,,2,True,True,False,769.590576171875,664.149631755336,105.44094441653897,True,True,0,ML-Robust-MPC,424.1496317553361,358.6609641128358,281.77698386272846
818.0,421.1596774900844,357.92828705083963,2,38.91203545907598,0.0,38.91203545907598,0.0,0.0,0.21829341059508867,0.0,0.0,False,0.007592431997181848,0,0,309,0,0.0,0.0,1,,,2,True,True,False,780.9808349609375,661.1596774900844,119.82115747085311,True,True,0,ML-Robust-MPC,421.1596774900844,357.92828705083963,278.67489813608927
791.0,419.21077484342334,355.62488674931694,2,16.164338407259663,0.0,16.164338407259663,0.0,0.0,0.21811572583046593,0.0,0.0,False,0.005924905999563634,0,0,310,0,0.0,0.0,1,,,2,True,True,False,819.1030883789062,659.2107748434233,159.8923135354829,True,True,0,ML-Robust-MPC,419.21077484342334,355.62488674931694,281.6868483177876
740.5,423.1625280396232,339.1138391478768,2,-21.7763671875,21.7763671875,0.0,0.0,0.0,0.2183317612192308,0.0,21.7763671875,False,0.009775956998055335,0,0,311,0,0.0,0.0,1,,,2,True,True,False,791.0,663.1625280396232,127.83747196037677,True,True,0,ML-Robust-MPC,423.1625280396232,356.3278587930831,282.0750330352316
644.5,420.3499947603036,286.27921666547763,2,-62.12921142578125,62.12921142578125,0.0,0.0,0.0,0.21894812244369294,0.0,62.12921142578125,False,0.009750233999511693,0,0,312,0,0.0,0.0,1,,,2,True,True,False,740.5,660.3499947603036,80.15000523969638,True,True,0,ML-Robust-MPC,420.3499947603036,358.42485165552023,283.2606570376625
585.0,419.1543767636458,200.5644953066667,1,-34.7188720703125,34.7188720703125,0.0,0.0,0.0,0.21929255569835873,0.0,34.7188720703125,False,0.023074242999427952,0,1,313,0,0.0,0.0,1,,,0,True,False,False,655.73095703125,659.1543767636458,-3.423419732395814,True,True,0,ML-Robust-MPC,419.1543767636458,356.90553407285194,281.1224854373119
567.5,418.1440951471361,240.0,2,-90.64409514713611,90.64409514713611,0.0,0.0,0.0,0.22019180267402477,0.0,90.64409514713611,False,0.004843875001824927,1,0,314,0,0.0,0.0,1,,,2,True,True,False,754.3841552734375,658.1440951471361,96.24006012630139,True,True,0,ML-Robust-MPC,418.1440951471361,356.0998513189593,273.722149308567
530.5,414.93360126662384,240.0,2,-124.43360126662378,124.43360126662378,0.0,0.0,0.0,0.2214262630040508,0.0,24.66424560546875,False,0.004601950000505894,0,0,315,0,0.0,0.0,1,,,2,True,True,False,845.85302734375,654.9336012666238,190.91942607712622,True,True,0,ML-Robust-MPC,414.93360126662384,356.5833547246861,278.5538357478165
520.0,412.7642557149484,240.0,2,-132.76425571494838,132.76425571494838,0.0,0.0,0.0,0.22274336871550862,0.0,11.2835693359375,False,0.006287369000347098,0,0,316,0,0.0,0.0,1,,,2,True,True,False,886.3469848632812,652.7642557149484,233.58272914833287,True,True,0,ML-Robust-MPC,412.7642557149484,358.4199513039778,273.27040971341603
505.5,410.7825062349177,240.0,2,-145.28250623491772,145.28250623491772,0.0,0.0,0.0,0.22418466342022011,0.0,24.2437744140625,False,0.011153503000969067,0,0,317,0,0.0,0.0,1,,,2,True,True,False,914.2454833984375,650.7825062349177,263.4629771635198,True,True,0,ML-Robust-MPC,410.7825062349177,357.79419664211565,280.5742875854932
532.0,413.7631573882276,240.0,2,-121.76315738822768,121.76315738822768,0.0,0.0,0.0,0.22539263125145254,0.0,0.0,False,0.00853494100010721,0,0,318,0,0.0,0.0,1,,,2,True,True,False,907.1519775390625,653.7631573882277,253.38882015083482,True,True,0,ML-Robust-MPC,413.7631573882276,355.6985451970464,279.2423706077808
531.5,414.4748499507991,240.0,2,-122.97484995079913,122.97484995079913,0.0,0.0,0.0,0.22661261984223427,0.0,8.22479248046875,False,0.008129212001222186,0,0,319,0,0.0,0.0,1,,,2,True,True,False,943.7556762695312,654.4748499507991,289.2808263187321,True,True,0,ML-Robust-MPC,414.4748499507991,352.4042651158352,274.9438492346319
563.5,413.6393270200636,240.0,2,-90.13932702006355,90.13932702006355,0.0,0.0,0.0,0.22750685919759203,0.0,0.0,False,0.005481464002514258,0,0,320,0,0.0,0.0,1,,,2,True,True,False,917.1613159179688,653.6393270200635,263.5219888979052,True,True,0,ML-Robust-MPC,413.6393270200636,351.66572547789974,264.3761087473627
583.0,413.81527249914205,255.96566969811994,2,-86.780942197262,86.780942197262,0.0,0.0,0.0,0.22836778124319979,0.0,0.82861328125,False,0.006103141000494361,0,0,321,0,0.0,0.0,1,,,2,True,True,False,871.1156616210938,653.8152724991421,217.30038912195164,True,True,0,ML-Robust-MPC,413.81527249914205,352.0055015372636,263.72475731288387
562.0,415.0685633027907,268.68093924224013,2,-121.74950254503085,121.74950254503085,0.0,0.0,0.0,0.22957561360971795,0.0,64.23602294921875,False,0.004188263999822084,0,0,322,0,0.0,0.0,1,,,2,True,True,False,873.035400390625,655.0685633027907,217.96683708783428,True,True,0,ML-Robust-MPC,415.0685633027907,349.5983774956842,259.88031110810783
648.5,414.3731715424189,263.37875625145006,2,-29.251927793869,29.251927793869,0.0,0.0,0.0,0.22986581130608572,0.0,0.0,False,0.004796473996975692,0,0,323,0,0.0,0.0,1,,,2,True,True,False,854.879150390625,654.373171542419,200.50597884820604,True,True,0,ML-Robust-MPC,414.3731715424189,349.19399626607515,263.1731759084089
705.5,420.153671973955,308.675429588545,2,-23.3291015625,23.3291015625,0.0,0.0,0.0,0.2300972508057137,0.0,23.3291015625,False,0.010983787000441225,0,0,324,0,0.0,0.0,1,,,2,True,True,False,853.9473876953125,660.1536719739549,193.79371572135756,True,True,0,ML-Robust-MPC,420.153671973955,350.10042043420697,262.6027735320069
771.5,420.5511126362187,348.6946985101994,2,2.2541888535819226,0.0,2.2541888535819226,0.0,0.0,0.2300724718753441,0.0,0.0,False,0.00981366199994227,0,0,325,0,0.0,0.0,1,,,2,True,True,False,880.1221313476562,660.5511126362187,219.57101871143755,True,True,0,ML-Robust-MPC,420.5511126362187,348.6946985101994,268.6939253448096
855.0,419.3036821876268,350.42063758086863,2,85.27568023150457,0.0,85.27568023150457,0.0,0.0,0.2291350880623961,0.0,0.0,False,0.01359684700219077,0,0,326,0,0.0,0.0,1,,,2,True,True,False,835.2238159179688,659.3036821876268,175.92013373034195,True,True,0,ML-Robust-MPC,419.3036821876268,350.42063758086863,272.7238121548064
887.5,419.1690748915887,349.9543442688291,2,118.37658083958218,0.0,118.37658083958218,0.0,0.0,0.22783384613257612,0.0,0.0,False,0.010998007001035148,0,0,327,0,0.0,0.0,1,,,2,True,True,False,888.8555908203125,659.1690748915887,229.6865159287238,True,True,0,ML-Robust-MPC,419.1690748915887,349.9543442688291,269.561722441485
811.5,416.2919946729402,350.348928071545,2,44.859077255514876,0.0,44.859077255514876,0.0,0.0,0.22734073751392955,0.0,0.0,False,0.009572992999892449,0,0,328,0,0.0,0.0,1,,,2,True,True,False,937.9700317382812,656.2919946729402,281.6780370653411,True,True,0,ML-Robust-MPC,416.2919946729402,350.348928071545,271.63930180588966
748.0,413.73783976162656,349.3819304168841,2,-15.119770178510578,15.119770178510578,0.0,0.0,0.0,0.22749073523395447,0.0,15.119770178510578,False,0.0064608209977450315,0,0,329,0,0.0,0.0,1,,,2,True,True,False,811.5,653.7378397616266,157.76216023837344,True,True,0,ML-Robust-MPC,413.73783976162656,349.3819304168841,274.4870501238372
717.0,411.71998149916135,318.15184467271365,2,-12.871826171875,12.871826171875,0.0,0.0,0.0,0.22761843192216752,0.0,12.871826171875,False,0.004540648002148373,0,0,330,0,0.0,0.0,1,,,2,True,True,False,757.5770874023438,651.7199814991613,105.8571059031824,True,True,0,ML-Robust-MPC,411.71998149916135,349.5903400669496,274.4671531532669
664.5,413.81213833086247,294.6462967277313,2,-43.95843505859375,43.95843505859375,0.0,0.0,0.0,0.22805452750806626,0.0,43.95843505859375,False,0.00420390699946438,0,0,331,0,0.0,0.0,1,,,2,True,True,False,756.1571655273438,653.8121383308625,102.34502719648128,True,True,0,ML-Robust-MPC,413.81213833086247,349.1867266602099,283.0618980838905
643.0,413.3193558544597,250.95237266116533,2,-21.271728515625,21.271728515625,0.0,0.0,0.0,0.22826555656080064,0.0,21.271728515625,False,0.006324936002783943,0,0,332,0,0.0,0.0,1,,,2,True,True,False,831.2206420898438,653.3193558544597,177.90128623538408,True,True,0,ML-Robust-MPC,413.3193558544597,351.26999895216494,288.480538347623
633.0,413.4613577235508,240.0,2,-20.461357723550805,20.461357723550805,0.0,0.0,0.0,0.2284685462207565,0.0,7.8148193359375,False,0.004457307997654425,0,0,333,0,0.0,0.0,1,,,2,True,True,False,860.1571044921875,653.4613577235508,206.6957467686367,True,True,0,ML-Robust-MPC,413.4613577235508,353.1641509645304,287.0664648879142
621.0,416.2307013330827,240.0,2,-35.23070133308272,35.23070133308272,0.0,0.0,0.0,0.22881805714667994,0.0,18.80828857421875,False,0.032097236999106826,0,0,334,0,0.0,0.0,1,,,2,True,True,False,970.955078125,656.2307013330827,314.7243767919173,True,True,0,ML-Robust-MPC,416.2307013330827,352.2294025141231,289.55748562138393
628.5,415.20972031917614,240.0,2,-26.709720319176085,26.709720319176085,0.0,0.0,0.0,0.22908303453079876,0.0,7.4354248046875,False,0.011970953000854934,0,0,335,0,0.0,0.0,1,,,2,True,True,False,976.6441650390625,655.2097203191761,321.4344447198864,True,True,0,ML-Robust-MPC,415.20972031917614,352.1649813058101,282.566442530373
632.5,415.7218485663449,265.3075084429797,2,-48.529357009324585,48.529357009324585,0.0,0.0,0.0,0.22956447656462142,0.0,13.0015869140625,False,0.007066826998197939,0,0,336,0,0.0,0.0,1,,,2,True,True,False,1001.6005859375,655.7218485663449,345.8787373711551,True,True,0,ML-Robust-MPC,415.7218485663449,349.94634716252176,285.0538807984724
631.0,416.9099062664392,325.3075084429797,2,-111.2174147094189,111.2174147094189,0.0,0.0,0.0,0.2306678239327704,0.0,28.36090087890625,False,0.010495047001313651,0,0,337,0,0.0,0.0,1,,,2,True,True,False,990.0062255859375,656.9099062664392,333.0963193194983,True,True,0,ML-Robust-MPC,416.9099062664392,349.07755441379607,297.2043497908725
677.0,421.5776456523866,351.97526084354337,2,-96.55290649592996,96.55290649592996,0.0,0.0,0.0,0.23162569006864273,0.0,0.0,False,0.006417933000193443,0,0,338,0,0.0,0.0,1,,,2,True,True,False,987.5751953125,661.5776456523865,325.99754966011346,True,True,0,ML-Robust-MPC,421.5776456523866,351.97526084354337,307.6791855464812
689.5,420.0098632213365,351.17727528012034,2,-81.68713850145684,81.68713850145684,0.0,0.0,0.0,0.23243607834742702,0.0,13.8953857421875,False,0.004795445998752257,0,0,339,0,0.0,0.0,1,,,2,True,True,False,999.3607177734375,660.0098632213364,339.35085455210105,True,True,0,ML-Robust-MPC,420.0098632213365,351.17727528012034,301.8201741786584
750.5,420.9137551663485,350.7014575494462,2,-21.11521271579477,21.11521271579477,0.0,0.0,0.0,0.23264555466405196,0.0,0.0,False,0.006856960000732215,0,0,340,0,0.0,0.0,1,,,2,True,True,False,1023.7310791015625,660.9137551663484,362.81732393521406,True,True,0,ML-Robust-MPC,420.9137551663485,350.7014575494462,302.21450155294696
796.5,420.88782536134886,352.26691783748896,2,23.345256801162122,0.0,23.345256801162122,0.0,0.0,0.23238893442044775,0.0,0.0,False,0.005040100000769598,0,0,341,0,0.0,0.0,1,,,2,True,True,False,1021.6553955078125,660.8878253613489,360.76757014646364,True,True,0,ML-Robust-MPC,420.88782536134886,352.26691783748896,296.30277499725133
838.0,419.92507784960935,352.66697024500905,2,65.40795190538165,0.0,65.40795190538165,0.0,0.0,0.23166994449052006,0.0,0.0,False,0.007453197002178058,0,0,342,0,0.0,0.0,1,,,2,True,True,False,982.5955810546875,659.9250778496094,322.67050320507815,True,True,0,ML-Robust-MPC,419.92507784960935,352.66697024500905,293.36531832740195
908.5,423.3263580731224,353.2147091724524,2,131.95893275442518,0.0,131.95893275442518,0.0,0.0,0.23021940000700397,0.0,0.0,False,0.009270054000808159,0,0,343,0,0.0,0.0,1,,,2,True,True,False,954.6798095703125,663.3263580731224,291.3534514971901,True,True,0,ML-Robust-MPC,423.3263580731224,353.2147091724524,299.2607818764327
1026.0,427.13054934440345,353.1192913477575,2,245.7501593078391,0.0,245.7501593078391,0.0,0.0,0.2275180176112356,0.0,0.0,False,0.005105405001813779,0,0,344,0,0.0,0.0,1,,,2,True,True,False,961.8856811523438,667.1305493444034,294.7551318079403,True,True,0,ML-Robust-MPC,427.13054934440345,353.1192913477575,304.23387450414407
964.0,158.0647360681401,235.3036234335032,1,130.07977608812942,0.0,130.07977608812942,440.5518644102274,0.0,0.22608812955679986,0.0,0.0,False,0.003959623998525785,0,0,345,0,0.0,0.0,1,,,1,True,True,True,1033.7540283203125,393.3683595016433,640.3856688186693,True,True,0,ML-Robust-MPC,158.0647360681401,235.3036234335032,130.07977608812942
873.0,159.7304115997209,236.21072260069224,1,127.29402904346291,0.0,127.29402904346291,349.764836756124,0.0,0.22468886352941272,0.0,0.0,False,0.004324740999436472,0,0,346,0,0.0,0.0,1,,,1,True,True,True,967.5614013671875,395.9411342004131,571.6202671667744,True,True,0,ML-Robust-MPC,159.7304115997209,236.21072260069224,127.29402904346291
832.0,155.8974799527429,236.97227606065653,1,124.91340367437358,0.0,124.91340367437358,314.216840312227,0.0,0.22331576627229655,0.0,0.0,False,0.004082256997207878,0,0,347,0,0.0,0.0,1,,,1,True,True,True,913.7579345703125,392.8697560133994,520.8881785569131,True,True,0,ML-Robust-MPC,155.8974799527429,236.97227606065653,124.91340367437358
772.5,154.15241455002814,234.893610248762,1,135.1615499350394,0.0,135.1615499350394,248.29242526617045,0.0,0.22183001736125754,0.0,0.0,False,0.00407667599938577,0,0,348,0,0.0,0.0,1,,,1,True,True,True,969.9977416992188,389.04602479879014,580.9517169004287,True,True,0,ML-Robust-MPC,154.15241455002814,234.893610248762,135.1615499350394
758.0,153.31796437187757,233.35772969441268,1,135.1291865706688,0.0,135.1291865706688,236.19511936304096,0.0,0.22034462420104706,0.0,0.0,False,0.00385831800304004,0,0,349,0,0.0,0.0,1,,,1,True,True,True,961.761962890625,386.67569406629025,575.0862688243348,True,True,0,ML-Robust-MPC,153.31796437187757,233.35772969441268,135.1291865706688
736.0,155.04454993545016,233.5279542956586,1,137.6559892452007,0.0,137.6559892452007,209.7715065236906,0.0,0.21883145543213794,0.0,0.0,False,0.003945000000385335,0,0,350,0,0.0,0.0,1,,,1,True,True,True,962.7048950195312,388.5725042311087,574.1323907884225,True,True,0,ML-Robust-MPC,155.04454993545016,233.5279542956586,137.6559892452007
722.5,153.3837529166799,231.8537644668568,1,145.60509959308777,0.0,145.60509959308777,191.65738302337556,0.0,0.21723090691618702,0.0,0.0,False,0.003941241000575246,0,0,351,0,0.0,0.0,1,,,1,True,True,True,1055.800537109375,385.23751738353667,670.5630197258383,True,True,0,ML-Robust-MPC,153.3837529166799,231.8537644668568,145.60509959308777
839.0,152.69965929663627,231.3949171847541,1,141.72186366977698,0.0,141.72186366977698,313.1835598488326,0.0,0.21567304445664148,0.0,0.0,False,0.003927192999981344,0,0,352,0,0.0,0.0,1,,,1,True,True,True,1102.8157958984375,384.0945764813904,718.7212194170471,True,True,0,ML-Robust-MPC,152.69965929663627,231.3949171847541,141.72186366977698
832.0,156.01948547706672,231.58754577908505,1,147.6745478181668,0.0,147.6745478181668,296.7184209256814,0.0,0.21404974775196128,0.0,0.0,False,0.003863080000883201,0,0,353,0,0.0,0.0,1,,,1,True,True,True,980.4542846679688,387.6070312561518,592.847253411817,True,True,0,ML-Robust-MPC,156.01948547706672,231.58754577908505,147.6745478181668
844.0,153.38889168735182,232.70966244913072,1,153.9559159699882,0.0,153.9559159699882,303.9455298935292,0.0,0.21235740377832119,0.0,0.0,False,0.0038670819994877093,0,0,354,0,0.0,0.0,1,,,1,True,True,True,924.9055786132812,386.09855413648256,538.8070244767987,True,True,0,ML-Robust-MPC,153.38889168735182,232.70966244913072,153.9559159699882
851.5,150.8957531211441,232.3167057264296,1,158.596178152409,0.0,158.596178152409,309.6913630000173,0.0,0.21061405221792448,0.0,0.0,False,0.004125458999624243,0,0,355,0,0.0,0.0,1,,,1,True,True,True,906.9676513671875,383.2124588475737,523.7551925196137,True,True,0,ML-Robust-MPC,150.8957531211441,232.3167057264296,158.596178152409
851.5,149.50451765478348,230.8911492202135,1,156.92093415830038,0.0,156.92093415830038,314.1833989667026,0.0,0.20888911559832393,0.0,0.0,False,0.003901782001776155,0,0,356,0,0.0,0.0,1,,,1,True,True,True,896.1766357421875,380.395666874997,515.7809688671905,True,True,0,ML-Robust-MPC,149.50451765478348,230.8911492202135,156.92093415830038
869.5,152.03312495546436,233.41010390750776,1,161.0468954644808,0.0,161.0468954644808,323.0098756725471,0.0,0.20711882478945437,0.0,0.0,False,0.003841095996904187,0,0,357,0,0.0,0.0,1,,,1,True,True,True,919.9049072265625,385.4432288629721,534.4616783635904,True,True,0,ML-Robust-MPC,152.03312495546436,233.41010390750776,161.0468954644808
874.5,151.85621255140032,230.568802919982,1,163.72028248927285,0.0,163.72028248927285,328.35470203934483,0.0,0.2053191470590618,0.0,0.0,False,0.0043517750018509105,0,0,358,0,0.0,0.0,1,,,1,True,True,True,903.8721313476562,382.4250154713823,521.447115876274,True,True,0,ML-Robust-MPC,151.85621255140032,230.568802919982,163.72028248927285
841.0,152.60794175638628,232.8087667110352,1,164.45279815722893,0.0,164.45279815722893,291.1304933753496,0.0,0.2035114172283751,0.0,0.0,False,0.004367569999885745,0,0,359,0,0.0,0.0,1,,,1,True,True,True,937.014404296875,385.4167084674215,551.5976958294535,True,True,0,ML-Robust-MPC,152.60794175638628,232.8087667110352,164.45279815722893
