load_kw,grid_kw,generator_kw,generator_units_on,storage_kw,charge_kw,discharge_kw,unserved_kw,spill_kw,soc,grid_headroom_storage_preservation_kw,grid_headroom_storage_charge_kw,v15_generator_first_guard_active,decision_seconds,generator_startup_units,generator_shutdown_units,step,risk_level,risk_reserve_kw,applied_risk_reserve_kw,forecast_scenario_count,cvar_alpha,cvar_weight,minimum_committed_generator_units,low_soc_commitment_guard_evaluated,low_soc_commitment_guard_triggered,low_soc_commitment_reachability_truncated,low_soc_commitment_forecast_peak_kw,low_soc_single_unit_firm_supply_kw,low_soc_commitment_deficit_kw,generator_before_storage,supervisory_protection_active,supervisory_safe_exit_counter,selected_controller,grid_available_capacity_kw,generator_available_capacity_kw,storage_available_power_kw
1101.5,422.2614348166276,366.72434569157616,3,0.0,0.0,0.0,312.5142194917962,0.0,0.15,0.0,0.0,False,0.007055046000459697,0,0,0,0,0.0,0.0,1,,,2,True,True,False,1156.6202392578125,662.2614348166276,494.35880444118493,True,True,0,ML-Robust-MPC,422.2614348166276,366.72434569157616,279.8218197675645
1147.5,421.71587870267786,366.7670149469549,3,0.0,0.0,0.0,359.01710635036727,0.0,0.15,0.0,0.0,False,0.005886279999685939,0,0,1,0,0.0,0.0,1,,,2,True,True,False,1149.5009765625,661.7158787026779,487.78509785982214,True,True,0,ML-Robust-MPC,421.71587870267786,366.7670149469549,275.5643007005336
1135.5,422.2687260653457,365.6554483140183,3,0.0,0.0,0.0,347.575825620636,0.0,0.15,0.0,0.0,False,0.005253456001810264,0,0,2,0,0.0,0.0,1,,,2,True,True,False,1163.0457763671875,662.2687260653456,500.7770503018419,True,True,0,ML-Robust-MPC,422.2687260653457,365.6554483140183,274.7336107899308
1168.5,421.3740210951819,365.1365786561693,3,0.0,0.0,0.0,381.98940024864874,0.0,0.15,0.0,0.0,False,0.0050791809990187176,0,0,3,0,0.0,0.0,1,,,2,True,True,False,1154.254638671875,661.3740210951819,492.8806175766931,True,True,0,ML-Robust-MPC,421.3740210951819,365.1365786561693,271.17355206346633
1168.0,421.6550498310518,364.9357069339696,3,0.0,0.0,0.0,381.4092432349786,0.0,0.15,0.0,0.0,False,0.005117450000398094,0,0,4,0,0.0,0.0,1,,,2,True,True,False,1168.5,661.6550498310519,506.8449501689481,True,True,0,ML-Robust-MPC,421.6550498310518,364.9357069339696,263.3953600470057
1123.5,425.2347841439907,364.4296633915647,3,0.0,0.0,0.0,333.8355524644446,0.0,0.15,0.0,0.0,False,0.004893728000752162,0,0,5,0,0.0,0.0,1,,,2,True,True,False,1168.0,665.2347841439907,502.76521585600926,True,True,0,ML-Robust-MPC,425.2347841439907,364.4296633915647,263.96477100559923
1104.5,425.67059328204175,362.6385726219662,3,0.0,0.0,0.0,316.19083409599205,0.0,0.15,0.0,0.0,False,0.00487769499886781,0,0,6,0,0.0,0.0,1,,,2,True,True,False,1123.5,665.6705932820418,457.82940671795825,True,True,0,ML-Robust-MPC,425.67059328204175,362.6385726219662,261.6923283737322
1075.5,428.1891262466648,363.0332457703386,3,0.0,0.0,0.0,284.2776279829966,0.0,0.15,0.0,0.0,False,0.00526243299827911,0,0,7,0,0.0,0.0,1,,,2,True,True,False,1115.03271484375,668.1891262466647,446.8435885970853,True,True,0,ML-Robust-MPC,428.1891262466648,363.0332457703386,257.9204144340367
1052.5,433.2056864410284,361.6776595496062,3,0.0,0.0,0.0,257.61665400936545,0.0,0.15,0.0,0.0,False,0.005468136001582025,0,0,8,0,0.0,0.0,1,,,2,True,True,False,1138.162353515625,673.2056864410283,464.9566670745967,True,True,0,ML-Robust-MPC,433.2056864410284,361.6776595496062,254.9126088928384
1083.5,431.2332895483679,359.3091029714141,2,0.0,0.0,0.0,292.95760748021803,0.0,0.15,0.0,0.0,False,0.008368206999875838,0,0,9,0,0.0,0.0,1,,,2,True,True,False,1172.027099609375,671.2332895483679,500.7938100610071,True,True,0,ML-Robust-MPC,431.2332895483679,359.3091029714141,254.2929647444637
1092.5,429.5545042654297,358.13239164319407,2,0.0,0.0,0.0,304.8131040913762,0.0,0.15,0.0,0.0,False,0.008108038000500528,0,0,10,0,0.0,0.0,1,,,2,True,True,False,1191.9942626953125,669.5545042654297,522.4397584298828,True,True,0,ML-Robust-MPC,429.5545042654297,358.13239164319407,253.0040789263075
1110.0,427.51159000837794,357.79161028449454,2,0.0,0.0,0.0,324.6967997071275,0.0,0.15,0.0,0.0,False,0.008148028002324281,0,0,11,0,0.0,0.0,1,,,2,True,True,False,1184.876708984375,667.5115900083779,517.3651189759971,True,True,0,ML-Robust-MPC,427.51159000837794,357.79161028449454,254.7950366641212
1105.5,423.97476285130045,357.4570436473907,2,0.0,0.0,0.0,324.06819350130877,0.0,0.15,0.0,0.0,False,0.008065922000241699,0,0,12,0,0.0,0.0,1,,,2,True,True,False,1184.1026611328125,663.9747628513005,520.127898281512,True,True,0,ML-Robust-MPC,423.97476285130045,357.4570436473907,262.2566880654104
1120.0,423.6883064466656,358.5513999027573,2,0.0,0.0,0.0,337.76029365057707,0.0,0.15,0.0,0.0,False,0.008051662000070792,0,0,13,0,0.0,0.0,1,,,2,True,True,False,1190.7257080078125,663.6883064466656,527.0374015611469,True,True,0,ML-Robust-MPC,423.6883064466656,358.5513999027573,272.5375950500302
1096.0,423.67808562865577,356.84675690907585,2,0.0,0.0,0.0,315.4751574622684,0.0,0.15,0.0,0.0,False,0.0083923739985039,0,0,14,0,0.0,0.0,1,,,2,True,True,False,1184.810302734375,663.6780856286557,521.1322171057193,True,True,0,ML-Robust-MPC,423.67808562865577,356.84675690907585,277.5862710465485
440.5,184.39801427475345,356.1019857252465,2,-100.0,100.0,0.0,0.0,0.0,0.15099206349206348,0.0,100.0,False,0.008040346001507714,0,0,15,0,0.0,0.0,1,,,2,True,True,False,1179.738037109375,662.5583007034579,517.1797364059171,True,True,0,ML-Robust-MPC,422.5583007034579,356.1019857252465,281.00488386538353
411.5,390.1436056768252,296.1019857252465,2,-274.74559140207174,274.74559140207174,0.0,0.0,0.0,0.15371771420041738,0.0,59.7802662929696,False,0.008116978999169078,0,0,16,0,0.0,0.0,1,,,2,True,True,False,813.5848999023438,661.9968232705744,151.58807663176935,True,True,0,ML-Robust-MPC,421.9968232705744,356.7055819381447,274.74559140207174
442.0,418.7884212357304,240.0,2,-216.78842123573042,216.78842123573042,0.0,0.0,0.0,0.1558683929825179,0.0,16.00726318359375,False,0.03032300400082022,0,0,17,0,0.0,0.0,1,,,2,True,True,False,731.9508056640625,658.7884212357304,73.16238442833208,True,True,0,ML-Robust-MPC,418.7884212357304,359.4079732845085,273.7494286579136
450.5,419.1145503554292,240.0,2,-208.61455035542917,208.61455035542917,0.0,0.0,0.0,0.15793798177572652,0.0,23.099090576171875,False,0.042130230998736806,0,0,18,0,0.0,0.0,1,,,2,True,True,False,709.876708984375,659.1145503554292,50.762158628945826,True,True,0,ML-Robust-MPC,419.1145503554292,361.79038268737753,276.3248358621382
442.0,419.18837827003273,240.0,2,-217.18837827003267,217.18837827003267,0.0,0.0,0.0,0.16009262838554827,0.0,36.297515869140625,False,0.029527411999879405,0,0,19,0,0.0,0.0,1,,,2,True,True,False,710.737548828125,659.1883782700327,51.54917055809233,True,True,0,ML-Robust-MPC,419.18837827003273,362.5326597892808,277.2622018106697
430.5,418.9858774938823,240.0,2,-228.4858774938823,228.4858774938823,0.0,0.0,0.0,0.162359353360686,0.0,41.6900634765625,False,0.03182957899844041,0,0,20,0,0.0,0.0,1,,,2,True,True,False,671.3045043945312,658.9858774938823,12.318626900648951,True,True,0,ML-Robust-MPC,418.9858774938823,361.5861905268901,275.900395283424
447.5,418.6279383764376,120.0,1,-91.12793837643765,91.12793837643765,0.0,0.0,0.0,0.16326340036838874,0.0,6.108520507812557,False,0.030443924999417504,0,1,21,0,0.0,0.0,1,,,0,True,False,False,649.4501953125,658.6279383764377,-9.177743063937669,True,True,0,ML-Robust-MPC,418.6279383764376,362.7174611567568,273.5859782278768
470.5,420.6886432207701,120.00000000000001,1,-70.18864322077015,70.18864322077015,0.0,0.0,0.0,0.1639597162733567,0.0,0.0,False,0.025374638000357663,0,0,22,0,0.0,0.0,1,,,0,True,False,False,642.4321899414062,660.68864322077,-18.256453279363768,True,True,0,ML-Robust-MPC,420.6886432207701,360.89507469232,273.31752167992386
478.5,338.5,240.0,2,-100.0,100.0,0.0,0.0,0.0,0.1649517797654202,0.0,100.0,False,0.004977574000804452,1,0,23,0,0.0,0.0,1,,,2,True,True,False,662.7886962890625,661.7165272875392,1.0721690015233207,True,True,0,ML-Robust-MPC,421.7165272875392,361.1134137834784,265.0514306378399
474.0,334.0,240.0,2,-100.0,100.0,0.0,0.0,0.0,0.16594384325748368,0.0,100.0,False,0.004503582000324968,0,0,24,0,0.0,0.0,1,,,2,True,True,False,683.4501342773438,663.1002484046951,20.349885872648656,True,True,0,ML-Robust-MPC,423.1002484046951,363.0101814727298,262.32695049606053
482.0,350.3211151196607,240.0,2,-108.32111511966067,108.32111511966067,0.0,0.0,0.0,0.1670184574947819,0.0,100.0,False,0.0041106129974650685,0,0,25,0,0.0,0.0,1,,,2,True,True,False,728.6493530273438,665.5633134702703,63.08603955707349,True,True,0,ML-Robust-MPC,425.5633134702702,366.6766726496281,260.03208983783867
514.0,427.36824059088224,240.0,2,-153.36824059088218,153.36824059088218,0.0,0.0,0.0,0.16853996781810412,0.0,31.14328067492221,False,0.0043887610008823685,0,0,26,0,0.0,0.0,1,,,2,True,True,False,714.8764038085938,667.3682405908822,47.50816321771151,True,True,0,ML-Robust-MPC,427.36824059088224,368.88265682993824,262.68957538271883
525.0,426.1701365484772,240.0,2,-141.17013654847722,141.17013654847722,0.0,0.0,0.0,0.16994046520449774,0.0,0.0,False,0.004339447001257213,0,0,27,0,0.0,0.0,1,,,2,True,True,False,819.94091796875,666.1701365484772,153.77078142027278,True,True,0,ML-Robust-MPC,426.1701365484772,366.89187588062265,265.53735395705365
519.5,426.6694788387812,240.0,2,-147.16947883878117,147.16947883878117,0.0,0.0,0.0,0.1714004798755174,0.0,14.12353515625,False,0.0042744159982248675,0,0,28,0,0.0,0.0,1,,,2,True,True,False,841.6550903320312,666.6694788387812,174.98561149325008,True,True,0,ML-Robust-MPC,426.6694788387812,367.9156378156092,274.0376642556566
567.0,420.040828527784,240.0,2,-93.04082852778402,93.04082852778402,0.0,0.0,0.0,0.17232350396805493,0.0,0.0,False,0.005100735001178691,0,0,29,0,0.0,0.0,1,,,2,True,True,False,879.8781127929688,660.040828527784,219.83728426518473,True,True,0,ML-Robust-MPC,420.040828527784,367.657323314058,275.8674931506772
577.5,420.04527999144767,240.0,2,-82.54527999144761,82.54527999144761,0.0,0.0,0.0,0.17314240555527166,0.0,0.0,False,0.02058657000088715,0,0,30,0,0.0,0.0,1,,,2,True,True,False,888.625,660.0452799914476,228.57972000855239,True,True,0,ML-Robust-MPC,420.04527999144767,370.551237139346,280.59992764120966
565.0,420.2942108623822,240.0,2,-95.29421086238222,95.29421086238222,0.0,0.0,0.0,0.17408778463128735,0.0,41.43975830078125,False,0.005502794003405143,0,0,31,0,0.0,0.0,1,,,2,True,True,False,1013.715576171875,660.2942108623822,353.4213653094928,True,True,0,ML-Robust-MPC,420.2942108623822,369.2564034208388,286.429043480332
614.0,418.4367404289075,240.0,2,-44.43674042890757,44.43674042890757,0.0,0.0,0.0,0.17452862531014557,0.0,0.0,False,0.01058780500170542,0,0,32,0,0.0,0.0,1,,,2,True,True,False,972.060302734375,658.4367404289076,313.62356230546743,True,True,0,ML-Robust-MPC,418.4367404289075,368.3088760398215,280.3734219619316
647.0,419.9158375450684,300.0,2,-72.91583754506834,72.91583754506834,0.0,0.0,0.0,0.1752519967143625,0.0,0.0,False,0.01505098399866256,0,0,33,0,0.0,0.0,1,,,2,True,True,False,1106.171630859375,659.9158375450684,446.25579331430663,True,True,0,ML-Robust-MPC,419.9158375450684,367.7177691949478,290.45404654300336
650.5,418.79006337636935,360.0,2,-128.29006337636935,128.29006337636935,0.0,0.0,0.0,0.1765247155970646,0.0,15.84637451171875,False,0.005688901997928042,0,0,34,0,0.0,0.0,1,,,2,True,True,False,1195.3131103515625,658.7900633763693,536.5230469751932,True,True,0,ML-Robust-MPC,418.79006337636935,369.01760469509367,301.2483994971947
674.0,421.6750565262661,368.36565778477154,2,-116.04071431103762,116.04071431103762,0.0,0.0,0.0,0.1776759131596741,0.0,14.8721923828125,False,0.006979379999393132,0,0,35,0,0.0,0.0,1,,,2,True,True,False,1279.630615234375,661.6750565262661,617.9555587081089,True,True,0,ML-Robust-MPC,421.6750565262661,368.36565778477154,305.8408013136035
690.5,422.8138482088334,368.4122391000043,2,-100.72608730883769,100.72608730883769,0.0,0.0,0.0,0.17867517989884907,0.0,22.9432373046875,False,0.005300122997141443,0,0,36,0,0.0,0.0,1,,,2,True,True,False,1338.3839111328125,662.8138482088334,675.5700629239791,True,True,0,ML-Robust-MPC,422.8138482088334,368.4122391000043,310.78921953025093
723.0,425.3939405665376,367.2623910145383,2,-69.65633158107585,69.65633158107585,0.0,0.0,0.0,0.1793662149343756,0.0,16.441162109375,False,0.005542695998883573,0,0,37,0,0.0,0.0,1,,,2,True,True,False,1286.301513671875,665.3939405665376,620.9075731053374,True,True,0,ML-Robust-MPC,425.3939405665376,367.2623910145383,308.6894624793384
747.0,423.62727979954,368.25328072951294,2,-44.8805605290529,44.8805605290529,0.0,0.0,0.0,0.1798114585904178,0.0,24.908447265625,False,0.005737767998652998,0,0,38,0,0.0,0.0,1,,,2,True,True,False,1413.044189453125,663.62727979954,749.416909653585,True,True,0,ML-Robust-MPC,423.62727979954,368.25328072951294,305.3357798589136
802.5,422.7292165487533,372.4474078742206,2,7.323375577026127,0.0,7.323375577026127,0.0,0.0,0.17973095716605617,0.0,0.0,False,0.005382285002269782,0,0,39,0,0.0,0.0,1,,,2,True,True,False,1345.7056884765625,662.7292165487534,682.9764719278091,True,True,0,ML-Robust-MPC,422.7292165487533,372.4474078742206,312.48382499045005
863.0,424.08092065174674,369.6427119338191,2,69.27636741443416,0.0,69.27636741443416,0.0,0.0,0.17896944409154494,0.0,0.0,False,0.00587355999959982,0,0,40,0,0.0,0.0,1,,,2,True,True,False,1453.1663818359375,664.0809206517467,789.0854611841908,True,True,0,ML-Robust-MPC,424.08092065174674,369.6427119338191,301.4684190673316
902.5,425.9263643440621,370.5692972522845,2,106.00433840365338,0.0,106.00433840365338,0.0,0.0,0.17780420271613653,0.0,0.0,False,0.005488500999490498,0,0,41,0,0.0,0.0,1,,,2,True,True,False,1442.8837890625,665.9263643440621,776.9574247184379,True,True,0,ML-Robust-MPC,425.9263643440621,370.5692972522845,299.3619490469209
961.0,425.33027532167984,369.2857635543575,3,166.38396112396265,0.0,166.38396112396265,0.0,0.0,0.1759752447826629,0.0,0.0,False,0.005521726001461502,1,0,42,0,0.0,0.0,1,,,2,True,True,False,1459.693603515625,665.3302753216799,794.3633281939451,True,True,0,ML-Robust-MPC,425.33027532167984,369.2857635543575,294.9648965456639
985.5,426.2477969168754,370.881610118744,3,188.37059296438065,0.0,188.37059296438065,0.0,0.0,0.17390460114545167,0.0,0.0,False,0.0047699489987280685,0,0,43,0,0.0,0.0,1,,,2,True,True,False,1510.953857421875,666.2477969168754,844.7060605049996,True,True,0,ML-Robust-MPC,426.2477969168754,370.881610118744,291.15981845792527
1054.0,428.79466338384566,372.7547055658293,3,252.450631050325,0.0,252.450631050325,0.0,0.0,0.17112956452923653,0.0,0.0,False,0.004253909002727596,0,0,44,0,0.0,0.0,1,,,2,True,True,False,1533.5438232421875,668.7946633838457,864.7491598583418,True,True,0,ML-Robust-MPC,428.79466338384566,372.7547055658293,288.2023524754305
1147.5,426.2812681402864,370.2932028656863,3,289.8770928986685,0.0,289.8770928986685,61.04843609535885,0.0,0.16794312152590948,0.0,0.0,False,0.004191113999695517,0,0,45,0,0.0,0.0,1,,,2,True,True,False,1369.3504638671875,666.2812681402863,703.0691957269012,True,True,0,ML-Robust-MPC,426.2812681402864,370.2932028656863,289.8770928986685
1196.5,426.12916243425246,372.4728222035642,3,294.8300183742013,0.0,294.8300183742013,103.06799698798199,0.0,0.16470223401794878,0.0,0.0,False,0.003968420001910999,0,0,46,0,0.0,0.0,1,,,2,True,True,False,1614.091064453125,666.1291624342525,947.9619020188725,True,True,0,ML-Robust-MPC,426.12916243425246,372.4728222035642,294.8300183742013
1268.0,427.755787859753,372.283828458728,3,302.60849858579354,0.0,302.60849858579354,165.3518850957255,0.0,0.1613758423965071,0.0,0.0,False,0.004034872999909567,0,0,47,0,0.0,0.0,1,,,2,True,True,False,1391.43017578125,667.755787859753,723.674387921497,True,True,0,ML-Robust-MPC,427.755787859753,372.283828458728,302.60849858579354
1249.0,428.85835062049887,370.508589040726,3,304.9252132724253,0.0,304.9252132724253,144.70784706634976,0.0,0.1580239845361498,0.0,0.0,False,0.004236025997670367,0,0,48,0,0.0,0.0,1,,,2,True,True,False,1650.650634765625,668.8583506204989,981.7922841451261,True,True,0,ML-Robust-MPC,428.85835062049887,370.508589040726,304.9252132724253
1257.0,427.0859772070305,370.5529963517712,3,313.8321872169058,0.0,313.8321872169058,145.52883922429248,0.0,0.15457421771540378,0.0,0.0,False,0.004580364999128506,0,0,49,0,0.0,0.0,1,,,2,True,True,False,1417.1591796875,667.0859772070305,750.0732024804695,True,True,0,ML-Robust-MPC,427.0859772070305,370.5529963517712,313.8321872169058
1247.0,424.97792733714687,369.64658251557086,3,316.9420579058764,0.0,316.9420579058764,135.4334322414059,0.0,0.15109026597304484,0.0,0.0,False,0.0052777960008825175,0,0,50,0,0.0,0.0,1,,,2,True,True,False,1487.1065673828125,664.9779273371469,822.1286400456656,True,True,0,ML-Robust-MPC,424.97792733714687,369.64658251557086,316.9420579058764
1257.0,426.73680159692447,369.98531444298175,3,99.18367609983572,0.0,99.18367609983572,361.09420786025805,0.0,0.15,0.0,0.0,False,0.0042404039995744824,0,0,51,0,0.0,0.0,1,,,2,True,True,False,1347.94091796875,666.7368015969245,681.2041163718255,True,True,0,ML-Robust-MPC,426.73680159692447,369.98531444298175,318.5109722985421
1246.5,425.941353782502,370.5772972160007,3,0.0,0.0,0.0,449.9813490014973,0.0,0.15,0.0,0.0,False,0.00560948299971642,0,0,52,0,0.0,0.0,1,,,2,True,True,False,1322.18896484375,665.941353782502,656.247611061248,True,True,0,ML-Robust-MPC,425.941353782502,370.5772972160007,312.2787938588921
1200.5,425.49860434143415,368.7705147213668,3,0.0,0.0,0.0,406.2308809371991,0.0,0.15,0.0,0.0,False,0.004789381000591675,0,0,53,0,0.0,0.0,1,,,2,True,True,False,1302.901611328125,665.4986043414342,637.4030069866908,True,True,0,ML-Robust-MPC,425.49860434143415,368.7705147213668,315.1096460078546
1126.5,421.87110225558655,367.4106121900799,3,0.0,0.0,0.0,337.21828555433353,0.0,0.15,0.0,0.0,False,0.004845994000788778,0,0,54,0,0.0,0.0,1,,,2,True,True,False,1234.7308349609375,661.8711022555865,572.859732705351,True,True,0,ML-Robust-MPC,421.87110225558655,367.4106121900799,312.0075868399506
1042.0,421.1003948683269,367.8351276045873,3,0.0,0.0,0.0,253.06447752708584,0.0,0.15,0.0,0.0,False,0.005782547999842791,0,0,55,0,0.0,0.0,1,,,2,True,True,False,1126.5,661.1003948683269,465.39960513167307,True,True,0,ML-Robust-MPC,421.1003948683269,367.8351276045873,324.52243653388376
995.5,418.2394786397596,372.47003438527946,3,0.0,0.0,0.0,204.7904869749609,0.0,0.15,0.0,0.0,False,0.005044874000304844,0,0,56,0,0.0,0.0,1,,,2,True,True,False,1061.193603515625,658.2394786397597,402.9541248758653,True,True,0,ML-Robust-MPC,418.2394786397596,372.47003438527946,320.61706240125466
939.5,419.6453657425975,373.301758821093,3,0.0,0.0,0.0,146.55287543630948,0.0,0.15,0.0,0.0,False,0.0074420659984753,0,0,57,0,0.0,0.0,1,,,2,True,True,False,999.2908325195312,659.6453657425975,339.64546677693374,True,True,0,ML-Robust-MPC,419.6453657425975,373.301758821093,324.89894823336726
884.0,418.21357799558376,373.7317823675496,3,0.0,0.0,0.0,92.05463963686657,0.0,0.15,0.0,0.0,False,0.006751920001988765,0,0,58,0,0.0,0.0,1,,,2,True,True,False,939.5,658.2135779955838,281.2864220044162,True,True,0,ML-Robust-MPC,418.21357799558376,373.7317823675496,321.1633517473091
848.0,419.7008752730172,376.4267226017247,3,0.0,0.0,0.0,51.87240212525808,0.0,0.15,0.0,0.0,False,0.010973013999318937,0,0,59,0,0.0,0.0,1,,,2,True,True,False,884.0,659.7008752730171,224.29912472698288,True,True,0,ML-Robust-MPC,419.7008752730172,376.4267226017247,320.116028476408
807.0,419.5699948320831,377.5010928395482,3,0.0,0.0,0.0,9.928912328368597,0.0,0.15,0.0,0.0,False,0.011092742999608163,0,0,60,0,0.0,0.0,1,,,2,True,True,False,848.0,659.5699948320831,188.43000516791687,True,True,0,ML-Robust-MPC,419.5699948320831,377.5010928395482,320.06825056513594
814.5,416.2609211477215,377.79012062167857,3,0.0,0.0,0.0,20.448958230599942,0.0,0.15,0.0,0.0,False,0.008453706999716815,0,0,61,0,0.0,0.0,1,,,2,True,True,False,807.0,656.2609211477215,150.73907885227845,True,True,0,ML-Robust-MPC,416.2609211477215,377.79012062167857,322.80425383211355
752.5,417.87014005326574,371.5508194193905,3,-36.92095947265625,36.92095947265625,0.0,0.0,0.0,0.15036627935984778,0.0,36.92095947265625,False,0.010259002003294881,0,0,62,0,0.0,0.0,1,,,2,True,True,False,814.5,657.8701400532657,156.6298599467343,True,True,0,ML-Robust-MPC,417.87014005326574,375.4330364555029,313.5931530878728
686.5,417.72832799405273,317.72198938875977,2,-48.9503173828125,48.9503173828125,0.0,0.0,0.0,0.15085189758785186,0.0,48.9503173828125,False,0.016721406998840393,0,1,63,0,0.0,0.0,1,,,2,True,True,False,752.5,657.7283279940527,94.77167200594727,True,True,0,ML-Robust-MPC,417.72832799405273,376.87011612981496,311.16672337982175
665.0,414.44998697797087,258.88399739702913,2,-8.333984375,8.333984375,0.0,0.0,0.0,0.15093457600427052,0.0,8.333984375,False,0.025534852997225244,0,0,64,0,0.0,0.0,1,,,2,True,True,False,686.5,654.4499869779709,32.050013022029134,True,True,0,ML-Robust-MPC,414.44998697797087,376.8758083120426,313.987215742001
595.0,413.49272858279926,240.0,2,-58.49272858279926,58.49272858279926,0.0,0.0,0.0,0.15151486101005227,0.0,53.072998046875,False,0.03043206199799897,0,0,65,0,0.0,0.0,1,,,2,True,True,False,665.0,653.4927285827993,11.50727141720074,True,True,0,ML-Robust-MPC,413.49272858279926,376.0595138701253,307.655861925853
606.5,412.9424240668142,193.55757593318583,1,0.0,0.0,0.0,0.0,0.0,0.15151486101005227,0.0,0.0,False,0.06022443199981353,0,1,66,0,0.0,0.0,1,,,0,True,False,False,595.3790283203125,652.9424240668143,-57.56339574650178,True,True,0,ML-Robust-MPC,412.9424240668142,374.05032733826783,312.9504784363495
600.5,410.5496584881639,189.9503415118361,1,0.0,0.0,0.0,0.0,0.0,0.15151486101005227,0.0,0.0,False,0.017364171999361133,0,0,67,0,0.0,0.0,1,,,0,True,False,False,606.5,650.5496584881639,-44.049658488163914,True,True,0,ML-Robust-MPC,410.5496584881639,373.0933209660834,302.5384683127203
592.0,412.4983701106347,179.5016298893653,1,0.0,0.0,0.0,0.0,0.0,0.15151486101005227,0.0,0.0,False,0.023456221002561506,0,0,68,0,0.0,0.0,1,,,0,True,False,False,600.5,652.4983701106347,-51.99837011063471,True,True,0,ML-Robust-MPC,412.4983701106347,371.81380602602974,304.2938039367617
563.0,414.9960986895951,159.5887401775924,1,-11.5848388671875,11.5848388671875,0.0,0.0,0.0,0.15162978996706802,0.0,11.5848388671875,False,0.06573185500019463,0,0,69,0,0.0,0.0,1,,,0,True,False,False,592.0,654.9960986895951,-62.9960986895951,True,True,0,ML-Robust-MPC,414.9960986895951,370.9523212178255,301.46818724531335
546.5,413.67899897495175,138.879533739892,1,-6.05853271484375,6.05853271484375,0.0,0.0,0.0,0.1516898944582867,0.0,6.05853271484375,False,0.035643597002490424,0,0,70,0,0.0,0.0,1,,,0,True,False,False,563.0,653.6789989749518,-90.67899897495181,True,True,0,ML-Robust-MPC,413.67899897495175,370.2612464863007,300.85182571110136
513.0,414.8358919091538,156.80436766418953,1,-58.640259573343336,58.640259573343336,0.0,0.0,0.0,0.1522716430651651,0.0,22.87884521484375,False,0.03772701500201947,0,0,71,0,0.0,0.0,1,,,0,True,False,False,546.5,654.8358919091538,-108.33589190915382,True,True,0,ML-Robust-MPC,414.8358919091538,366.8512547082909,298.29675079808175
498.0,412.4460827002949,126.80436766418953,1,-41.25045036448438,41.25045036448438,0.0,0.0,0.0,0.15268087372354294,0.0,11.816253712660057,False,0.022676896998746088,0,0,72,0,0.0,0.0,1,,,0,True,False,False,514.3340454101562,652.4460827002949,-138.1120372901387,True,True,0,ML-Robust-MPC,412.4460827002949,367.5682138229042,294.22204880305685
492.5,408.9105228324443,136.47342251145028,1,-52.88394534389454,52.88394534389454,0.0,0.0,0.0,0.15320551603846252,0.0,1.6983947753905682,False,0.014929232998838415,0,0,73,0,0.0,0.0,1,,,0,True,False,False,502.2645263671875,648.9105228324443,-146.64599646525676,True,True,0,ML-Robust-MPC,408.9105228324443,367.6729770153215,294.062576962529
455.5,390.28591511831706,165.21408488168294,1,-100.0,100.0,0.0,0.0,0.0,0.154197579530526,0.0,100.0,False,0.018380845001956914,0,0,74,0,0.0,0.0,1,,,0,True,False,False,492.5,647.5891043452273,-155.08910434522727,True,True,0,ML-Robust-MPC,407.5891043452272,368.0166106354513,291.7182160430522
444.5,403.5485288165327,0.0,0,40.951471183467305,0.0,40.951471183467305,0.0,0.0,0.15374742485454365,0.0,0.0,False,0.004135078001127113,0,1,75,0,0.0,0.0,1,,,0,True,False,False,478.8847961425781,643.5485288165328,-164.66373267395466,True,True,0,ML-Robust-MPC,403.5485288165327,367.8484279489329,286.3196337434036
463.5,321.9801534656617,0.0,0,141.51984653433828,0.0,141.51984653433828,0.0,0.0,0.1521917830467969,100.0,0.0,False,0.004239511999912793,0,0,76,0,0.0,0.0,1,,,0,True,False,False,456.65576171875,640.3709991651684,-183.71523744641843,True,True,0,ML-Robust-MPC,400.3709991651684,365.14482166901615,285.8979279769791
472.0,397.89712300897554,0.0,0,74.10287699102446,0.0,74.10287699102446,0.0,0.0,0.151377215080928,0.0,0.0,False,0.05274506900241249,0,0,77,0,0.0,0.0,1,,,0,True,False,False,469.7615966796875,637.8971230089755,-168.13552632928804,True,True,0,ML-Robust-MPC,397.89712300897554,361.647638619223,281.00009966739776
437.0,398.4378744446463,0.0,0,38.5621255553537,0.0,38.5621255553537,0.0,0.0,0.15095332503173314,0.34878730766507715,0.0,False,0.018011183998169145,0,0,78,0,0.0,0.0,1,,,0,True,False,False,472.0,638.4378744446462,-166.43787444464624,True,True,0,ML-Robust-MPC,398.4378744446463,360.54117006746384,275.60641859390773
479.0,397.7824102820883,0.0,0,81.21758971791172,0.0,81.21758971791172,0.0,0.0,0.15006054934561092,0.0,0.0,False,0.01766212900110986,0,0,79,0,0.0,0.0,1,,,0,True,False,False,477.5958251953125,637.7824102820882,-160.18658508677572,True,True,0,ML-Robust-MPC,397.7824102820883,362.3377993263522,276.3862970163376
415.0,395.0,120.0,1,-100.0,100.0,0.0,0.0,0.0,0.1510526128376744,0.0,100.0,False,0.0051217340005678125,1,0,80,0,0.0,0.0,1,,,0,True,False,False,485.1344299316406,640.2983244862169,-155.16389455457625,True,True,0,ML-Robust-MPC,400.2983244862168,360.5504166037615,282.1237518147522
419.5,309.09927939397414,150.0,1,-39.59927939397417,39.59927939397417,0.0,0.0,0.0,0.15144546283166224,60.40072060602583,39.59927939397417,False,0.0045988989986653905,0,0,81,0,0.0,0.0,1,,,0,True,False,False,489.10418701171875,644.5187940065789,-155.41460699486015,True,True,0,ML-Robust-MPC,404.5187940065789,360.943544870917,283.82664613065083
435.5,284.003355278022,180.0,1,-28.503355278022042,28.503355278022042,0.0,0.0,0.0,0.15172823421338866,71.49664472197796,28.503355278022042,False,0.005480899002577644,0,0,82,0,0.0,0.0,1,,,0,True,False,False,465.4840393066406,643.9732659001976,-178.48922659355696,True,True,0,ML-Robust-MPC,403.9732659001976,360.7274454077949,284.4019213199456
429.5,288.726561964096,210.0,1,-69.22656196409598,69.22656196409598,0.0,0.0,0.0,0.15241500566144517,30.77343803590402,69.22656196409598,False,0.004260490997694433,0,0,83,0,0.0,0.0,1,,,0,True,False,False,483.14447021484375,644.4703655728256,-161.32589535798184,True,True,0,ML-Robust-MPC,404.4703655728256,361.36413014797984,284.4486327224162
398.0,207.71384008744343,240.0,1,-49.71384008744343,49.71384008744343,0.0,0.0,0.0,0.15290819851945553,50.28615991255657,49.71384008744343,False,0.004936569999699714,0,0,84,0,0.0,0.0,1,,,0,True,False,False,481.51458740234375,647.1000844083683,-165.58549700602453,True,True,0,ML-Robust-MPC,407.1000844083682,360.0621811110306,284.0191164280373
429.5,155.6611752731307,240.0,1,33.83882472686929,0.0,33.83882472686929,0.0,0.0,0.1525362288504709,100.0,0.0,False,0.004613565000909148,0,0,85,0,0.0,0.0,1,,,0,True,False,False,495.26251220703125,645.7144752541635,-150.45196304713227,True,True,0,ML-Robust-MPC,405.7144752541636,358.60984205042587,278.22794338345807
411.5,301.5,210.0,1,-100.0,100.0,0.0,0.0,0.0,0.1535282923425344,0.0,100.0,False,0.004281405999790877,0,0,86,0,0.0,0.0,1,,,0,True,False,False,601.131591796875,646.8393119509881,-45.707720154113076,True,True,0,ML-Robust-MPC,406.839311950988,356.1996303236702,280.0943595157517
397.0,317.0,180.0,1,-100.0,100.0,0.0,0.0,0.0,0.1545203558345979,0.0,100.0,False,0.004144229998928495,0,0,87,0,0.0,0.0,1,,,0,True,False,False,515.7366943359375,645.7719994914446,-130.0353051555071,True,True,0,ML-Robust-MPC,405.7719994914446,353.80912763219067,282.63228685995296
407.0,357.0,150.0,1,-100.0,100.0,0.0,0.0,0.0,0.15551241932666138,0.0,100.0,False,0.004692435999459121,0,0,88,0,0.0,0.0,1,,,0,True,False,False,541.3636474609375,644.9851451068853,-103.62149764594778,True,True,0,ML-Robust-MPC,404.9851451068853,354.9057376479578,268.8648893072099
435.0,404.4810445286071,120.0,1,-89.48104452860707,89.48104452860707,0.0,0.0,0.0,0.15640012810174678,0.0,89.48104452860707,False,0.004882975001237355,0,0,89,0,0.0,0.0,1,,,0,True,False,False,592.7724609375,644.4810445286071,-51.70858359110707,True,True,0,ML-Robust-MPC,404.4810445286071,353.8335239330044,260.23187849804407
422.5,405.3028743179107,120.0,1,-102.80287431791066,102.80287431791066,0.0,0.0,0.0,0.15741999788664668,0.0,12.377807617187443,False,0.028368235998641467,0,0,90,0,0.0,0.0,1,,,0,True,False,False,641.05419921875,645.3028743179107,-4.248675099160664,True,True,0,ML-Robust-MPC,405.3028743179107,354.92659706998194,263.05717181031133
419.0,402.4600060492005,150.0,1,-133.4600060492005,133.4600060492005,0.0,0.0,0.0,0.15874400588316653,0.0,13.242218017578125,False,0.022636268997302977,0,0,91,0,0.0,0.0,1,,,0,True,False,False,633.7526245117188,642.4600060492005,-8.707381537481751,True,True,0,ML-Robust-MPC,402.4600060492005,357.736033862845,264.7383046646457
448.5,191.76967905447947,300.0,2,-43.26967905447947,43.26967905447947,0.0,0.0,0.0,0.15917326857219907,56.73032094552053,43.26967905447947,False,0.005264154999167658,1,0,92,0,0.0,0.0,1,,,2,True,True,False,644.2745361328125,642.0934367476982,2.181099385114294,True,True,0,ML-Robust-MPC,402.0934367476982,357.66260469183675,262.09656830151573
411.0,271.0,240.0,2,-100.0,100.0,0.0,0.0,0.0,0.16016533206426256,0.0,100.0,False,0.00986532100068871,0,0,93,0,0.0,0.0,1,,,2,True,True,False,694.9486694335938,642.2882391716673,52.66043026192642,True,True,0,ML-Robust-MPC,402.2882391716674,358.3083845672303,256.2277643659665
435.5,398.8334117421842,240.0,2,-203.33341174218424,203.33341174218424,0.0,0.0,0.0,0.16218252860932392,0.0,83.32745324403885,False,0.008563508999941405,0,0,94,0,0.0,0.0,1,,,2,True,True,False,701.3925170898438,638.8334117421841,62.559105347659624,True,True,0,ML-Robust-MPC,398.8334117421842,358.3500146562799,251.7322300159621
468.5,399.89089268220255,240.0,2,-171.39089268220255,171.39089268220255,0.0,0.0,0.0,0.16388283508434576,0.0,0.0,False,0.00539400200068485,0,0,95,0,0.0,0.0,1,,,2,True,True,False,744.1835327148438,639.8908926822025,104.2926400326412,True,True,0,ML-Robust-MPC,399.89089268220255,361.453322814444,244.10783499478785
493.5,402.9511520814212,240.0,2,-149.45115208142124,149.45115208142124,0.0,0.0,0.0,0.16536548540261384,0.0,0.0,False,0.004853676000493579,0,0,96,0,0.0,0.0,1,,,2,True,True,False,803.3781127929688,642.9511520814212,160.4269607115475,True,True,0,ML-Robust-MPC,402.9511520814212,362.5419402745039,242.468699184287
506.0,366.0,240.0,2,-100.0,100.0,0.0,0.0,0.0,0.16635754889467733,0.0,100.0,False,0.014371940000273753,0,0,97,0,0.0,0.0,1,,,2,True,True,False,872.1565551757812,645.8459418504206,226.3106133253607,True,True,0,ML-Robust-MPC,405.8459418504206,362.4244719606635,248.04249575839432
535.0,403.7262737096247,240.0,2,-108.7262737096247,108.7262737096247,0.0,0.0,0.0,0.16743618256243153,0.0,0.0,False,0.010272003997670254,0,0,98,0,0.0,0.0,1,,,2,True,True,False,918.2669067382812,643.7262737096247,274.54063302865654,True,True,0,ML-Robust-MPC,403.7262737096247,362.67396659829245,259.96529092581346
527.5,406.1084918904793,240.0,2,-118.60849189047929,118.60849189047929,0.0,0.0,0.0,0.16861285410896407,0.0,32.72955322265625,False,0.006043811001291033,0,0,99,0,0.0,0.0,1,,,2,True,True,False,988.4873046875,646.1084918904793,342.3788127970207,True,True,0,ML-Robust-MPC,406.1084918904793,362.9175423339072,258.9891770202245
573.5,408.4508649997419,267.26907540887294,2,-102.21994040861483,102.21994040861483,0.0,0.0,0.0,0.169626940819367,0.0,0.538330078125,False,0.006432492999010719,0,0,100,0,0.0,0.0,1,,,2,True,True,False,1013.6057739257812,648.450864999742,365.1549089260393,True,True,0,ML-Robust-MPC,408.4508649997419,362.6171310511418,264.90795447654114
606.5,409.7323031047719,327.26907540887294,2,-130.50137851364485,130.50137851364485,0.0,0.0,0.0,0.17092159735224047,0.0,1.6009521484375,False,0.004235810996760847,0,0,101,0,0.0,0.0,1,,,2,True,True,False,1066.2322998046875,649.732303104772,416.4999966999155,True,True,0,ML-Robust-MPC,409.7323031047719,362.09693400452176,265.9728650692569
568.0,410.56592770074025,361.92425715648295,2,-204.4901848572232,204.4901848572232,0.0,0.0,0.0,0.17295026982106212,0.0,79.45452880859375,False,0.006040935000783065,0,0,102,0,0.0,0.0,1,,,2,True,True,False,1129.99853515625,650.5659277007403,479.4326074555097,True,True,0,ML-Robust-MPC,410.56592770074025,361.92425715648295,270.23390833332866
671.0,412.86189477374194,363.324417304396,2,-105.18631207813792,105.18631207813792,0.0,0.0,0.0,0.1739937848218373,0.0,0.0,False,0.00543860399920959,0,0,103,0,0.0,0.0,1,,,2,True,True,False,1120.371337890625,652.8618947737419,467.50944311688306,True,True,0,ML-Robust-MPC,412.86189477374194,363.324417304396,266.9285713448639
696.0,411.3989459384582,362.7092226735347,2,-78.10816861199294,78.10816861199294,0.0,0.0,0.0,0.1747686674469563,0.0,11.7421875,False,0.004399125999043463,0,0,104,0,0.0,0.0,1,,,2,True,True,False,1204.9117431640625,651.3989459384582,553.5127972256043,True,True,0,ML-Robust-MPC,411.3989459384582,362.7092226735347,269.315307957662
724.0,408.1090687075866,361.0435231045365,2,-45.15259181212309,45.15259181212309,0.0,0.0,0.0,0.1752166098260448,0.0,18.20147705078125,False,0.0051858320002793334,0,0,105,0,0.0,0.0,1,,,2,True,True,False,1253.1046142578125,648.1090687075866,604.9955455502259,True,True,0,ML-Robust-MPC,408.1090687075866,361.0435231045365,271.3872914814312
754.5,410.277792772533,360.27435267077163,2,-16.052145443304653,16.052145443304653,0.0,0.0,0.0,0.17537585730068078,0.0,16.052145443304653,False,0.005683803003194043,0,0,106,0,0.0,0.0,1,,,2,True,True,False,1300.93701171875,650.2777927725331,650.6592189462169,True,True,0,ML-Robust-MPC,410.277792772533,360.27435267077163,283.92832533786486
801.5,409.62231959754655,359.90459169089854,2,31.973088711554965,0.0,31.973088711554965,0.0,0.0,0.17502439653570304,0.0,0.0,False,0.0047522940003545955,0,0,107,0,0.0,0.0,1,,,2,True,True,False,1309.892822265625,649.6223195975465,660.2705026680785,True,True,0,ML-Robust-MPC,409.62231959754655,359.90459169089854,286.65680890229373
856.5,415.4260825396324,357.84548325122324,2,83.22843420914432,0.0,83.22843420914432,0.0,0.0,0.1741095168561407,0.0,0.0,False,0.005092773997603217,0,0,108,0,0.0,0.0,1,,,2,True,True,False,1323.050537109375,655.4260825396324,667.6244545697426,True,True,0,ML-Robust-MPC,415.4260825396324,357.84548325122324,291.26100407538974
876.0,413.3110608997573,354.66503151381977,2,108.02390758642287,0.0,108.02390758642287,0.0,0.0,0.17292207558205172,0.0,0.0,False,0.005135007999342633,0,0,109,0,0.0,0.0,1,,,2,True,True,False,1346.247314453125,653.3110608997573,692.9362535533677,True,True,0,ML-Robust-MPC,413.3110608997573,354.66503151381977,290.7885173457179
908.0,415.6886712172392,355.2921567260784,2,137.01917205668246,0.0,137.01917205668246,0.0,0.0,0.17141590695811598,0.0,0.0,False,0.008922445002099266,0,0,110,0,0.0,0.0,1,,,2,True,True,False,1346.18115234375,655.6886712172392,690.4924811265108,True,True,0,ML-Robust-MPC,415.6886712172392,355.2921567260784,297.297995429025
960.0,416.9531089569223,356.95702334893974,2,186.08986769413798,0.0,186.08986769413798,0.0,0.0,0.1693703339500021,0.0,0.0,False,0.008917639999708626,0,0,111,0,0.0,0.0,1,,,2,True,True,False,1399.987548828125,656.9531089569223,743.0344398712027,True,True,0,ML-Robust-MPC,416.9531089569223,356.95702334893974,292.2414011000285
1034.5,415.2979790276224,359.3116084032084,2,259.89041256916926,0.0,259.89041256916926,0.0,0.0,0.1665135163295346,0.0,0.0,False,0.005632735999824945,0,0,112,0,0.0,0.0,1,,,2,True,True,False,1366.616455078125,655.2979790276224,711.3184760505026,True,True,0,ML-Robust-MPC,415.2979790276224,359.3116084032084,289.0238221172445
1074.0,413.5407428903902,360.6802553643099,3,291.0750102253962,0.0,291.0750102253962,8.703991519903639,0.0,0.16331390534785456,0.0,0.0,False,0.005524956002773251,1,0,113,0,0.0,0.0,1,,,2,True,True,False,1390.3143310546875,653.5407428903902,736.7735881642973,True,True,0,ML-Robust-MPC,413.5407428903902,360.6802553643099,291.0750102253962
1162.5,415.9718293891687,358.46796007501587,2,295.16725591654574,0.0,295.16725591654574,92.89295461926974,0.0,0.16006931079220507,0.0,0.0,False,0.004355727000074694,0,0,114,0,0.0,0.0,1,,,2,True,True,False,1403.5447998046875,655.9718293891688,747.5729704155187,True,True,0,ML-Robust-MPC,415.9718293891687,358.46796007501587,295.16725591654574
1234.5,413.4467570001429,358.3128219239872,2,295.13690749667336,0.0,295.13690749667336,167.60351357919654,0.0,0.15682504983832174,0.0,0.0,False,0.004416125997522613,0,0,115,0,0.0,0.0,1,,,2,True,True,False,1403.63232421875,653.446757000143,750.185567218607,True,True,0,ML-Robust-MPC,413.4467570001429,358.3128219239872,295.13690749667336
1260.0,149.0221783263322,236.2460798021233,1,130.16391696636802,0.0,130.16391696636802,744.5678249051765,0.0,0.15539423687426282,0.0,0.0,False,0.004154990001552505,0,0,116,0,0.0,0.0,1,,,1,True,True,True,1411.208251953125,385.2682581284555,1025.9399938246695,True,True,0,ML-Robust-MPC,149.0221783263322,236.2460798021233,130.16391696636802
1254.5,147.8885962962349,237.2314130739511,1,127.71400497843322,0.0,127.71400497843322,741.6659856513808,0.0,0.15399035430623711,0.0,0.0,False,0.0038616460005869158,0,0,117,0,0.0,0.0,1,,,1,True,True,True,1380.37548828125,385.12000937018604,995.255478911064,True,True,0,ML-Robust-MPC,147.8885962962349,237.2314130739511,127.71400497843322
1245.5,146.83133943758406,235.1551759283552,1,132.39587828687814,0.0,132.39587828687814,731.1176063471826,0.0,0.15253500674559342,0.0,0.0,False,0.00393326999983401,0,0,118,0,0.0,0.0,1,,,1,True,True,True,1336.601318359375,381.9865153659392,954.6148029934358,True,True,0,ML-Robust-MPC,146.83133943758406,235.1551759283552,132.39587828687814
1243.5,148.18437265542525,235.04150637314763,1,129.52480702586956,0.0,129.52480702586956,730.7493139455576,0.0,0.1511112191293393,0.0,0.0,False,0.0038826589989184868,0,0,119,0,0.0,0.0,1,,,1,True,True,True,1285.572998046875,383.2258790285729,902.3471190183021,True,True,0,ML-Robust-MPC,148.18437265542525,235.04150637314763,129.52480702586956
1259.5,150.856266809851,235.29705894536949,1,101.08982663425603,0.0,101.08982663425603,772.2568476105234,0.0,0.15,0.0,0.0,False,0.004068989997904282,0,0,120,0,0.0,0.0,1,,,1,True,True,True,1303.1767578125,386.1533257552205,917.0234320572795,True,True,0,ML-Robust-MPC,150.856266809851,235.29705894536949,129.80198271381096
1246.5,154.293774063593,236.30773857219685,1,0.0,0.0,0.0,855.8984873642102,0.0,0.15,0.0,0.0,False,0.004129352000745712,0,0,121,0,0.0,0.0,1,,,1,True,True,True,1288.425048828125,390.60151263578985,897.8235361923352,True,True,0,ML-Robust-MPC,154.293774063593,236.30773857219685,132.29009747985904
1186.0,154.68210543663417,238.2793275433196,1,0.0,0.0,0.0,793.0385670200462,0.0,0.15,0.0,0.0,False,0.00408921000052942,0,0,122,0,0.0,0.0,1,,,1,True,True,True,1246.5,392.96143297995377,853.5385670200462,True,True,0,ML-Robust-MPC,154.68210543663417,238.2793275433196,138.05227793637417
1119.5,153.38214605794576,240.33291270615013,2,0.0,0.0,0.0,725.7849412359042,0.0,0.15,0.0,0.0,False,0.004227302000799682,1,0,123,0,0.0,0.0,1,,,2,True,True,False,1186.0,393.38214605794576,792.6178539420542,True,True,0,ML-Robust-MPC,153.38214605794576,240.33291270615013,130.5333993328207
1037.5,153.57579048983044,239.28388225839467,1,0.0,0.0,0.0,644.6403272517749,0.0,0.15,0.0,0.0,False,0.004245803997037001,0,0,124,0,0.0,0.0,1,,,1,True,True,True,1119.5,392.8596727482251,726.6403272517749,True,True,0,ML-Robust-MPC,153.57579048983044,239.28388225839467,135.4662125557431
996.5,152.65457170914647,239.282117679292,1,0.0,0.0,0.0,604.5633106115615,0.0,0.15,0.0,0.0,False,0.004022249999252381,0,0,125,0,0.0,0.0,1,,,1,True,True,True,1037.5,391.9366893884385,645.5633106115615,True,True,0,ML-Robust-MPC,152.65457170914647,239.282117679292,131.60319987362075
962.0,150.67092199782778,240.509294506557,2,0.0,0.0,0.0,570.8197834956152,0.0,0.15,0.0,0.0,False,0.004246305998094613,1,0,126,0,0.0,0.0,1,,,2,True,True,False,996.5,390.6709219978278,605.8290780021722,True,True,0,ML-Robust-MPC,150.67092199782778,240.509294506557,127.2522362138714
857.0,150.99172535127283,240.89816405422812,2,0.0,0.0,0.0,465.110110594499,0.0,0.15,0.0,0.0,False,0.00589084200328216,0,0,127,0,0.0,0.0,1,,,2,True,True,False,962.0,390.99172535127286,571.0082746487271,True,True,0,ML-Robust-MPC,150.99172535127283,240.89816405422812,127.40339083274093
842.5,149.3892696267756,242.14233802637847,2,0.0,0.0,0.0,450.9683923468459,0.0,0.15,0.0,0.0,False,0.005791704999865033,0,0,128,0,0.0,0.0,1,,,2,True,True,False,857.0,389.38926962677556,467.61073037322444,True,True,0,ML-Robust-MPC,149.3892696267756,242.14233802637847,122.07407024143158
788.5,147.41732362994108,242.63288390331016,2,0.0,0.0,0.0,398.44979246674876,0.0,0.15,0.0,0.0,False,0.005895828999200603,0,0,129,0,0.0,0.0,1,,,2,True,True,False,842.5,387.41732362994105,455.08267637005895,True,True,0,ML-Robust-MPC,147.41732362994108,242.63288390331016,124.87750128125109
754.0,148.1172549791374,243.6944157773852,2,0.0,0.0,0.0,362.18832924347737,0.0,0.15,0.0,0.0,False,0.009687334000773262,0,0,130,0,0.0,0.0,1,,,2,True,True,False,788.5,388.11725497913744,400.38274502086256,True,True,0,ML-Robust-MPC,148.1172549791374,243.6944157773852,128.96562077623372
727.5,149.4189405091458,243.8716805520013,2,0.0,0.0,0.0,334.20937893885286,0.0,0.15,0.0,0.0,False,0.009461543999350397,0,0,131,0,0.0,0.0,1,,,2,True,True,False,754.0,389.41894050914584,364.58105949085416,True,True,0,ML-Robust-MPC,149.4189405091458,243.8716805520013,125.69705112965389
682.5,152.54519475836148,244.8302690555708,2,0.0,0.0,0.0,285.12453618606776,0.0,0.15,0.0,0.0,False,0.00418459800130222,0,0,132,0,0.0,0.0,1,,,2,True,True,False,727.5,392.5451947583615,334.9548052416385,True,True,0,ML-Robust-MPC,152.54519475836148,244.8302690555708,131.533902081692
644.5,153.2838177212535,243.82099801753824,2,0.0,0.0,0.0,247.39518426120821,0.0,0.15,0.0,0.0,False,0.004202060001261998,0,0,133,0,0.0,0.0,1,,,2,True,True,False,682.5,393.2838177212535,289.2161822787465,True,True,0,ML-Robust-MPC,153.2838177212535,243.82099801753824,127.4833021551154
603.5,153.8435867799743,242.1767777125595,2,0.0,0.0,0.0,207.47963550746624,0.0,0.15,0.0,0.0,False,0.004339706996688619,0,0,134,0,0.0,0.0,1,,,2,True,True,False,644.5,393.8435867799743,250.65641322002568,True,True,0,ML-Robust-MPC,153.8435867799743,242.1767777125595,133.43382454337282
603.0,155.23189721076946,242.9354302800932,2,0.0,0.0,0.0,204.83267250913735,0.0,0.15,0.0,0.0,False,0.004224669999530306,0,0,135,0,0.0,0.0,1,,,2,True,True,False,603.5,395.2318972107695,208.2681027892305,True,True,0,ML-Robust-MPC,155.23189721076946,242.9354302800932,125.80209545182612
574.5,154.55495335477303,243.3876592991085,2,0.0,0.0,0.0,176.5573873461185,0.0,0.15,0.0,0.0,False,0.006370800998411141,0,0,136,0,0.0,0.0,1,,,2,True,True,False,603.0,394.55495335477303,208.44504664522697,True,True,0,ML-Robust-MPC,154.55495335477303,243.3876592991085,128.52913175632247
544.0,155.9557401026353,242.7225344525904,2,0.0,0.0,0.0,145.3217254447743,0.0,0.15,0.0,0.0,False,0.006490093001048081,0,0,137,0,0.0,0.0,1,,,2,True,True,False,574.5,395.95574010263533,178.54425989736467,True,True,0,ML-Robust-MPC,155.9557401026353,242.7225344525904,118.14262853427752
552.5,155.95087146425797,242.94833835010547,2,0.0,0.0,0.0,153.60079018563658,0.0,0.15,0.0,0.0,False,0.006299188000411959,0,0,138,0,0.0,0.0,1,,,2,True,True,False,544.0,395.95087146425794,148.04912853574206,True,True,0,ML-Robust-MPC,155.95087146425797,242.94833835010547,121.21803473080072
515.0,156.85960945930006,240.9965031451951,2,0.0,0.0,0.0,117.14388739550486,0.0,0.15,0.0,0.0,False,0.006260886002564803,0,0,139,0,0.0,0.0,1,,,2,True,True,False,552.5,396.85960945930003,155.64039054069997,True,True,0,ML-Robust-MPC,156.85960945930006,240.9965031451951,114.6564027194184
526.5,152.60438897224964,240.67728108391285,2,0.0,0.0,0.0,133.2183299438375,0.0,0.15,0.0,0.0,False,0.006348618997435551,0,0,140,0,0.0,0.0,1,,,2,True,True,False,522.479736328125,392.60438897224964,129.87534735587536,True,True,0,ML-Robust-MPC,152.60438897224964,240.67728108391285,117.74001607538528
519.5,152.19435234545267,240.9361146838189,2,0.0,0.0,0.0,126.36953297072841,0.0,0.15,0.0,0.0,False,0.006434037997678388,0,0,141,0,0.0,0.0,1,,,2,True,True,False,526.5,392.19435234545267,134.30564765454733,True,True,0,ML-Robust-MPC,152.19435234545267,240.9361146838189,111.96807162926844
484.0,153.47251124677928,242.60738530757595,2,0.0,0.0,0.0,87.92010344564477,0.0,0.15,0.0,0.0,False,0.006485294998128666,0,0,142,0,0.0,0.0,1,,,2,True,True,False,519.5,393.4725112467793,126.02748875322072,True,True,0,ML-Robust-MPC,153.47251124677928,242.60738530757595,110.5569621443536
479.5,152.14574492105962,241.5143311943509,2,0.0,0.0,0.0,85.8399238845895,0.0,0.15,0.0,0.0,False,0.006420988000172656,0,0,143,0,0.0,0.0,1,,,2,True,True,False,495.8715515136719,392.14574492105965,103.72580659261223,True,True,0,ML-Robust-MPC,152.14574492105962,241.5143311943509,114.49916576089504
489.0,153.78674758891714,240.05721572269243,2,0.0,0.0,0.0,95.15603668839043,0.0,0.15,0.0,0.0,False,0.006498618997284211,0,0,144,0,0.0,0.0,1,,,2,True,True,False,491.59967041015625,393.78674758891714,97.81292282123911,True,True,0,ML-Robust-MPC,153.78674758891714,240.05721572269243,112.03010541073478
453.0,155.85533908852264,237.90570264411824,1,0.0,0.0,0.0,59.23895826735912,0.0,0.15,0.0,0.0,False,0.005779731000075117,0,0,145,0,0.0,0.0,1,,,1,True,True,True,491.6853332519531,393.7610417326409,97.92429151931225,True,True,0,ML-Robust-MPC,155.85533908852264,237.90570264411824,99.18886733412144
491.0,157.06565751303577,238.26337568317743,1,0.0,0.0,0.0,95.67096680378677,0.0,0.15,0.0,0.0,False,0.004376152999611804,0,0,146,0,0.0,0.0,1,,,1,True,True,True,479.5970153808594,395.32903319621323,84.26798218464614,True,True,0,ML-Robust-MPC,157.06565751303577,238.26337568317743,102.58142978883632
437.5,156.38976259581648,238.0114823727241,1,0.0,0.0,0.0,43.098755031459405,0.0,0.15,0.0,0.0,False,0.004480818002775777,0,0,147,0,0.0,0.0,1,,,1,True,True,True,491.0,394.4012449685406,96.5987550314594,True,True,0,ML-Robust-MPC,156.38976259581648,238.0114823727241,102.30983523017365
478.5,158.37852640404412,238.40953609198337,1,0.0,0.0,0.0,81.71193750397254,0.0,0.15,0.0,0.0,False,0.004394255996885477,0,0,148,0,0.0,0.0,1,,,1,True,True,True,476.2513732910156,396.78806249602746,79.46331079498816,True,True,0,ML-Robust-MPC,158.37852640404412,238.40953609198337,101.34039201795056
464.5,158.05942051256372,236.6672368475515,1,0.0,0.0,0.0,69.77334263988479,0.0,0.15,0.0,0.0,False,0.004332196000177646,0,0,149,0,0.0,0.0,1,,,1,True,True,True,488.1055603027344,394.7266573601152,93.37890294261916,True,True,0,ML-Robust-MPC,158.05942051256372,236.6672368475515,111.60166542785828
493.0,158.56779174338635,235.6189114221144,1,0.0,0.0,0.0,98.81329683449928,0.0,0.15,0.0,0.0,False,0.004330663003202062,0,0,150,0,0.0,0.0,1,,,1,True,True,True,485.49432373046875,394.1867031655007,91.30762056496803,True,True,0,ML-Robust-MPC,158.56779174338635,235.6189114221144,112.79001686470636
475.0,155.18761975619205,233.6190526070171,1,0.0,0.0,0.0,86.19332763679085,0.0,0.15,0.0,0.0,False,0.004433856000105152,0,0,151,0,0.0,0.0,1,,,1,True,True,True,496.5253601074219,388.80667236320915,107.71868774421273,True,True,0,ML-Robust-MPC,155.18761975619205,233.6190526070171,107.40149381331328
463.0,153.9091933908072,235.0001590908292,1,0.0,0.0,0.0,74.09064751836365,0.0,0.15,0.0,0.0,False,0.004071620998729486,0,0,152,0,0.0,0.0,1,,,1,True,True,True,501.1912841796875,388.90935248163635,112.28193169805115,True,True,0,ML-Robust-MPC,153.9091933908072,235.0001590908292,110.9905145010702
480.5,151.7064211837995,235.7710157675196,1,0.0,0.0,0.0,93.02256304868092,0.0,0.15,0.0,0.0,False,0.0043422460003057495,0,0,153,0,0.0,0.0,1,,,1,True,True,True,496.5693359375,387.4774369513191,109.09189898618092,True,True,0,ML-Robust-MPC,151.7064211837995,235.7710157675196,104.32373049603868
448.0,152.44630842133614,235.08528723849884,1,0.0,0.0,0.0,60.46840434016502,0.0,0.15,0.0,0.0,False,0.004370241000287933,0,0,154,0,0.0,0.0,1,,,1,True,True,True,514.7117309570312,387.531595659835,127.18013529719627,True,True,0,ML-Robust-MPC,152.44630842133614,235.08528723849884,110.5179963427575
453.5,153.4327584448135,234.4429333527413,1,0.0,0.0,0.0,65.6243082024452,0.0,0.15,0.0,0.0,False,0.004074882999702822,0,0,155,0,0.0,0.0,1,,,1,True,True,True,514.1453247070312,387.8756917975548,126.26963290947646,True,True,0,ML-Robust-MPC,153.4327584448135,234.4429333527413,105.79384550949838
446.5,150.73069888578624,235.64455229415216,1,0.0,0.0,0.0,60.1247488200616,0.0,0.15,0.0,0.0,False,0.005689555000572,0,0,156,0,0.0,0.0,1,,,1,True,True,True,522.742919921875,386.3752511799384,136.3676687419366,True,True,0,ML-Robust-MPC,150.73069888578624,235.64455229415216,111.54464397966834
436.0,149.27851316867958,236.42612072952903,1,0.0,0.0,0.0,50.29536610179139,0.0,0.15,0.0,0.0,False,0.004090481997991446,0,0,157,0,0.0,0.0,1,,,1,True,True,True,546.1158447265625,385.7046338982086,160.4112108283539,True,True,0,ML-Robust-MPC,149.27851316867958,236.42612072952903,111.2976860415704
472.5,148.0901062357456,235.31761234896075,1,0.0,0.0,0.0,89.09228141529366,0.0,0.15,0.0,0.0,False,0.004484802000661148,0,0,158,0,0.0,0.0,1,,,1,True,True,True,553.9562377929688,383.40771858470634,170.5485192082624,True,True,0,ML-Robust-MPC,148.0901062357456,235.31761234896075,117.14298659303869
460.5,150.81689268084,233.4430656947795,1,0.0,0.0,0.0,76.24004162438052,0.0,0.15,0.0,0.0,False,0.00424125700010336,0,0,159,0,0.0,0.0,1,,,1,True,True,True,583.5331420898438,384.2599583756195,199.27318371422427,True,True,0,ML-Robust-MPC,150.81689268084,233.4430656947795,106.36054392971856
476.0,151.41255648749157,232.18474741904365,1,0.0,0.0,0.0,92.40269609346478,0.0,0.15,0.0,0.0,False,0.0041713899991009384,0,0,160,0,0.0,0.0,1,,,1,True,True,True,609.7557373046875,383.5973039065352,226.15843339815228,True,True,0,ML-Robust-MPC,151.41255648749157,232.18474741904365,107.63153056540196
483.5,152.23252699709457,233.66649999135785,1,0.0,0.0,0.0,97.60097301154758,0.0,0.15,0.0,0.0,False,0.004160303000389831,0,0,161,0,0.0,0.0,1,,,1,True,True,True,637.9556274414062,385.8990269884524,252.05660045295383,True,True,0,ML-Robust-MPC,152.23252699709457,233.66649999135785,102.48878849829086
471.5,148.96930853547244,232.6901052029224,1,0.0,0.0,0.0,89.84058626160515,0.0,0.15,0.0,0.0,False,0.0041047809972951654,0,0,162,0,0.0,0.0,1,,,1,True,True,True,675.9675903320312,381.65941373839485,294.3081765936364,True,True,0,ML-Robust-MPC,148.96930853547244,232.6901052029224,105.199871721458
489.5,153.07896597393452,232.8957547213864,1,0.0,0.0,0.0,103.52527930467909,0.0,0.15,0.0,0.0,False,0.004088763002073392,0,0,163,0,0.0,0.0,1,,,1,True,True,True,706.2777709960938,385.9747206953209,320.30305030077284,True,True,0,ML-Robust-MPC,153.07896597393452,232.8957547213864,108.48109751649189
464.5,152.32279232249297,230.62244467126848,1,0.0,0.0,0.0,81.55476300623855,0.0,0.15,0.0,0.0,False,0.003997341002104804,0,0,164,0,0.0,0.0,1,,,1,True,True,True,736.1942749023438,382.94523699376145,353.2490379085823,True,True,0,ML-Robust-MPC,152.32279232249297,230.62244467126848,110.2968494586511
473.0,151.32227146240106,231.3939897564373,1,0.0,0.0,0.0,90.28373878116167,0.0,0.15,0.0,0.0,False,0.0041401529997529,0,0,165,0,0.0,0.0,1,,,1,True,True,True,765.7328491210938,382.7162612188383,383.0165879022554,True,True,0,ML-Robust-MPC,151.32227146240106,231.3939897564373,120.62107884958016
530.0,148.72938221356762,232.3036305230825,1,0.0,0.0,0.0,148.9669872633499,0.0,0.15,0.0,0.0,False,0.004127070002141409,0,0,166,0,0.0,0.0,1,,,1,True,True,True,780.010498046875,381.0330127366501,398.9774853102249,True,True,0,ML-Robust-MPC,148.72938221356762,232.3036305230825,125.45045185006605
503.5,152.2421382445866,231.91616514635547,1,0.0,0.0,0.0,119.34169660905792,0.0,0.15,0.0,0.0,False,0.004043892000481719,0,0,167,0,0.0,0.0,1,,,1,True,True,True,853.8046264648438,384.1583033909421,469.64632307390167,True,True,0,ML-Robust-MPC,152.2421382445866,231.91616514635547,124.59766921380871
545.0,152.392102254666,231.0989283350365,1,0.0,0.0,0.0,161.50896941029748,0.0,0.15,0.0,0.0,False,0.004053548000229057,0,0,168,0,0.0,0.0,1,,,1,True,True,True,878.8474731445312,383.4910305897025,495.35644255482873,True,True,0,ML-Robust-MPC,152.392102254666,231.0989283350365,121.8120069335019
561.5,151.23912764570682,231.5475083721992,1,0.0,0.0,0.0,178.713363982094,0.0,0.15,0.0,0.0,False,0.003998209998826496,0,0,169,0,0.0,0.0,1,,,1,True,True,True,930.5239868164062,382.786636017906,547.7373507985003,True,True,0,ML-Robust-MPC,151.23912764570682,231.5475083721992,119.43615061822712
562.0,148.0126285518204,232.0592445403172,1,0.0,0.0,0.0,181.9281269078624,0.0,0.15,0.0,0.0,False,0.00398455200047465,0,0,170,0,0.0,0.0,1,,,1,True,True,True,1005.0650634765625,380.0718730921376,624.9931903844249,True,True,0,ML-Robust-MPC,148.0126285518204,232.0592445403172,124.84187234944088
589.0,145.74042427704697,233.41226397072683,1,0.0,0.0,0.0,209.84731175222623,0.0,0.15,0.0,0.0,False,0.004092117000254802,0,0,171,0,0.0,0.0,1,,,1,True,True,True,1050.472412109375,379.15268824777377,671.3197238616012,True,True,0,ML-Robust-MPC,145.74042427704697,233.41226397072683,122.94278243594982
611.5,148.6511161857341,232.15480916966155,1,0.0,0.0,0.0,230.69407464460437,0.0,0.15,0.0,0.0,False,0.004047636000905186,0,0,172,0,0.0,0.0,1,,,1,True,True,True,1112.486328125,380.80592535539563,731.6804027696044,True,True,0,ML-Robust-MPC,148.6511161857341,232.15480916966155,111.32378089554906
633.0,151.53278501422454,231.6251873499342,1,0.0,0.0,0.0,249.84202763584125,0.0,0.15,0.0,0.0,False,0.0040252719991258346,0,0,173,0,0.0,0.0,1,,,1,True,True,True,1176.4222412109375,383.15797236415875,793.2642688467788,True,True,0,ML-Robust-MPC,151.53278501422454,231.6251873499342,109.06338346092234
684.0,153.24344025415445,232.5362312795704,1,0.0,0.0,0.0,298.2203284662752,0.0,0.15,0.0,0.0,False,0.004079792000993621,0,0,174,0,0.0,0.0,1,,,1,True,True,True,1230.681884765625,385.7796715337248,844.9022132319002,True,True,0,ML-Robust-MPC,153.24344025415445,232.5362312795704,113.41796966017633
723.0,154.08530275884337,233.1151940104548,1,0.0,0.0,0.0,335.7995032307018,0.0,0.15,0.0,0.0,False,0.004080080998392077,0,0,175,0,0.0,0.0,1,,,1,True,True,True,1262.936279296875,387.2004967692982,875.7357825275768,True,True,0,ML-Robust-MPC,154.08530275884337,233.1151940104548,114.93888653105029
759.0,151.88674105724132,234.2811270723857,1,0.0,0.0,0.0,372.832131870373,0.0,0.15,0.0,0.0,False,0.004019561998575227,0,0,176,0,0.0,0.0,1,,,1,True,True,True,1277.2646484375,386.167868129627,891.096780307873,True,True,0,ML-Robust-MPC,151.88674105724132,234.2811270723857,125.23181916484708
788.0,153.62787907193487,235.1302626263456,1,0.0,0.0,0.0,399.2418583017195,0.0,0.15,0.0,0.0,False,0.0040448330000799615,0,0,177,0,0.0,0.0,1,,,1,True,True,True,1294.65771484375,388.7581416982805,905.8995731454695,True,True,0,ML-Robust-MPC,153.62787907193487,235.1302626263456,123.8151534690794
854.0,154.21561337751297,235.2663051320943,1,0.0,0.0,0.0,464.5180814903928,0.0,0.15,0.0,0.0,False,0.004184356999758165,0,0,178,0,0.0,0.0,1,,,1,True,True,True,1292.288818359375,389.4819185096072,902.8068998497678,True,True,0,ML-Robust-MPC,154.21561337751297,235.2663051320943,121.24794513657244
938.5,153.02508864348735,234.5718134235917,1,0.0,0.0,0.0,550.9030979329209,0.0,0.15,0.0,0.0,False,0.0040577969994046725,0,0,179,0,0.0,0.0,1,,,1,True,True,True,1303.62841796875,387.59690206707904,916.0315159016709,True,True,0,ML-Robust-MPC,153.02508864348735,234.5718134235917,115.14512658075576
973.0,152.3835148661193,233.97106656057247,1,0.0,0.0,0.0,586.6454185733082,0.0,0.15,0.0,0.0,False,0.004158387000643415,0,0,180,0,0.0,0.0,1,,,1,True,True,True,1304.310791015625,386.35458142669177,917.9562095889332,True,True,0,ML-Robust-MPC,152.3835148661193,233.97106656057247,116.5249788836013
987.0,150.2298385498261,232.7091439440763,1,0.0,0.0,0.0,604.0610175060976,0.0,0.15,0.0,0.0,False,0.004099810998013709,0,0,181,0,0.0,0.0,1,,,1,True,True,True,1318.12158203125,382.93898249390236,935.1825995373476,True,True,0,ML-Robust-MPC,150.2298385498261,232.7091439440763,114.88429702795564
1067.0,144.54789525785895,235.02473476514496,1,0.0,0.0,0.0,687.427369976996,0.0,0.15,0.0,0.0,False,0.004026657999929739,0,0,182,0,0.0,0.0,1,,,1,True,True,True,1309.3525390625,379.5726300230039,929.779909039496,True,True,0,ML-Robust-MPC,144.54789525785895,235.02473476514496,109.2401089551147
1151.5,147.04478282373262,235.49277618608423,1,0.0,0.0,0.0,768.9624409901832,0.0,0.15,0.0,0.0,False,0.00405266199959442,0,0,183,0,0.0,0.0,1,,,1,True,True,True,1317.994140625,382.53755900981685,935.4565816151832,True,True,0,ML-Robust-MPC,147.04478282373262,235.49277618608423,112.6617369370746
1211.5,145.20866217250827,237.7558477340251,1,0.0,0.0,0.0,828.5354900934666,0.0,0.15,0.0,0.0,False,0.003968674001953332,0,0,184,0,0.0,0.0,1,,,1,True,True,True,1331.1611328125,382.9645099065334,948.1966229059666,True,True,0,ML-Robust-MPC,145.20866217250827,237.7558477340251,109.58687401584316
1252.0,144.39616577789488,238.090989497346,1,0.0,0.0,0.0,869.5128447247591,0.0,0.15,0.0,0.0,False,0.004016439001134131,0,0,185,0,0.0,0.0,1,,,1,True,True,True,1326.3388671875,382.48715527524087,943.8517119122591,True,True,0,ML-Robust-MPC,144.39616577789488,238.090989497346,107.16375771584812
1255.5,141.14690482742142,236.82886156227192,1,0.0,0.0,0.0,877.5242336103066,0.0,0.15,0.0,0.0,False,0.004122249996726168,0,0,186,0,0.0,0.0,1,,,1,True,True,True,1320.896240234375,377.9757663896934,942.9204738446816,True,True,0,ML-Robust-MPC,141.14690482742142,236.82886156227192,110.72231342615616
1247.0,141.77510169714446,237.26881980783443,1,0.0,0.0,0.0,867.9560784950211,0.0,0.15,0.0,0.0,False,0.004044601999339648,0,0,187,0,0.0,0.0,1,,,1,True,True,True,1296.1046142578125,379.0439215049789,917.0606927528336,True,True,0,ML-Robust-MPC,141.77510169714446,237.26881980783443,111.69294948811964
1239.0,142.8411274286853,236.9360385253061,1,0.0,0.0,0.0,859.2228340460086,0.0,0.15,0.0,0.0,False,0.0039894670007925015,0,0,188,0,0.0,0.0,1,,,1,True,True,True,1269.31787109375,379.77716595399136,889.5407051397586,True,True,0,ML-Robust-MPC,142.8411274286853,236.9360385253061,110.29087931089364
1256.5,139.3828443316288,234.5985714100765,1,0.0,0.0,0.0,882.5185842582947,0.0,0.15,0.0,0.0,False,0.004057466998347081,0,0,189,0,0.0,0.0,1,,,1,True,True,True,1239.0,373.9814157417053,865.0185842582947,True,True,0,ML-Robust-MPC,139.3828443316288,234.5985714100765,110.26984252112258
1247.5,140.15362738790472,232.8220703790681,1,0.0,0.0,0.0,874.5243022330271,0.0,0.15,0.0,0.0,False,0.004058604998135706,0,0,190,0,0.0,0.0,1,,,1,True,True,True,1256.5,372.9756977669728,883.5243022330271,True,True,0,ML-Robust-MPC,140.15362738790472,232.8220703790681,116.77644834422946
1162.0,137.137145139503,231.83633790778867,1,0.0,0.0,0.0,793.0265169527083,0.0,0.15,0.0,0.0,False,0.004099977999430848,0,0,191,0,0.0,0.0,1,,,1,True,True,True,1247.5,368.97348304729167,878.5265169527083,True,True,0,ML-Robust-MPC,137.137145139503,231.83633790778867,122.64974665265072
1088.0,135.8081938976305,229.69129390781265,1,0.0,0.0,0.0,722.5005121945569,0.0,0.15,0.0,0.0,False,0.004148424999584677,0,0,192,0,0.0,0.0,1,,,1,True,True,True,1162.0,365.49948780544315,796.5005121945569,True,True,0,ML-Robust-MPC,135.8081938976305,229.69129390781265,117.24521509936368
1088.0,134.51058022743044,230.70001903829456,1,0.0,0.0,0.0,722.789400734275,0.0,0.15,0.0,0.0,False,0.004289578999305377,0,0,193,0,0.0,0.0,1,,,1,True,True,True,1088.0,365.210599265725,722.789400734275,True,True,0,ML-Robust-MPC,134.51058022743044,230.70001903829456,114.08656739544767
1007.5,135.85170820626104,229.6628973649041,1,0.0,0.0,0.0,641.9853944288349,0.0,0.15,0.0,0.0,False,0.004417050000483869,0,0,194,0,0.0,0.0,1,,,1,True,True,True,1088.0,365.51460557116513,722.4853944288349,True,True,0,ML-Robust-MPC,135.85170820626104,229.6628973649041,117.41516660454052
930.5,134.1288672315318,228.0751160716196,1,0.0,0.0,0.0,568.2960166968486,0.0,0.15,0.0,0.0,False,0.004348296999523882,0,0,195,0,0.0,0.0,1,,,1,True,True,True,1007.5,362.2039833031514,645.2960166968486,True,True,0,ML-Robust-MPC,134.1288672315318,228.0751160716196,119.21117182930514
914.5,135.10996167184396,228.9563255930168,1,0.0,0.0,0.0,550.4337127351392,0.0,0.15,0.0,0.0,False,0.0040700250028749,0,0,196,0,0.0,0.0,1,,,1,True,True,True,930.5,364.06628726486076,566.4337127351392,True,True,0,ML-Robust-MPC,135.10996167184396,228.9563255930168,123.57906184227852
849.5,135.78383987841534,228.755678884492,1,0.0,0.0,0.0,484.96048123709267,0.0,0.15,0.0,0.0,False,0.004123940001591109,0,0,197,0,0.0,0.0,1,,,1,True,True,True,914.5,364.53951876290733,549.9604812370926,True,True,0,ML-Robust-MPC,135.78383987841534,228.755678884492,116.94671704129314
801.0,135.7105418922235,228.93612203639452,1,0.0,0.0,0.0,436.353336071382,0.0,0.15,0.0,0.0,False,0.0043274080016999505,0,0,198,0,0.0,0.0,1,,,1,True,True,True,849.5,364.646663928618,484.853336071382,True,True,0,ML-Robust-MPC,135.7105418922235,228.93612203639452,123.17334281992623
753.5,137.4552128721349,229.28029307025884,1,0.0,0.0,0.0,386.76449405760627,0.0,0.15,0.0,0.0,False,0.00417021699831821,0,0,199,0,0.0,0.0,1,,,1,True,True,True,801.0,366.73550594239373,434.26449405760627,True,True,0,ML-Robust-MPC,137.4552128721349,229.28029307025884,115.97775179536148
729.0,135.2507856335047,229.45373320325825,1,0.0,0.0,0.0,364.295481163237,0.0,0.15,0.0,0.0,False,0.004256467000232078,0,0,200,0,0.0,0.0,1,,,1,True,True,True,753.5,364.704518836763,388.795481163237,True,True,0,ML-Robust-MPC,135.2507856335047,229.45373320325825,110.54530454888838
668.5,134.2214802190314,227.4397805517944,1,0.0,0.0,0.0,306.83873922917417,0.0,0.15,0.0,0.0,False,0.004128556000068784,0,0,201,0,0.0,0.0,1,,,1,True,True,True,729.0,361.66126077082583,367.33873922917417,True,True,0,ML-Robust-MPC,134.2214802190314,227.4397805517944,106.2317927157894
628.5,135.55778085751754,228.3337200637557,1,0.0,0.0,0.0,264.60849907872677,0.0,0.15,0.0,0.0,False,0.00432785600060015,0,0,202,0,0.0,0.0,1,,,1,True,True,True,668.5,363.89150092127323,304.60849907872677,True,True,0,ML-Robust-MPC,135.55778085751754,228.3337200637557,99.08139793615484
640.5,134.77486067733307,227.9327450085247,1,0.0,0.0,0.0,277.79239431414226,0.0,0.15,0.0,0.0,False,0.0040545249976275954,0,0,203,0,0.0,0.0,1,,,1,True,True,True,628.5,362.70760568585774,265.79239431414226,True,True,0,ML-Robust-MPC,134.77486067733307,227.9327450085247,98.08496573182742
628.0,133.3714626210748,227.32959591845187,1,0.0,0.0,0.0,267.2989414604733,0.0,0.15,0.0,0.0,False,0.004040009000163991,0,0,204,0,0.0,0.0,1,,,1,True,True,True,640.5,360.7010585395267,279.7989414604733,True,True,0,ML-Robust-MPC,133.3714626210748,227.32959591845187,93.87963793353865
555.0,131.18264062913852,227.41871003404097,1,0.0,0.0,0.0,196.39864933682054,0.0,0.15,0.0,0.0,False,0.004257247001078213,0,0,205,0,0.0,0.0,1,,,1,True,True,True,628.0,358.60135066317946,269.39864933682054,True,True,0,ML-Robust-MPC,131.18264062913852,227.41871003404097,98.0514187787835
545.0,130.14948880798335,227.0446896234736,1,0.0,0.0,0.0,187.80582156854302,0.0,0.15,0.0,0.0,False,0.004205915000056848,0,0,206,0,0.0,0.0,1,,,1,True,True,True,558.610595703125,357.194178431457,201.41641727166802,True,True,0,ML-Robust-MPC,130.14948880798335,227.0446896234736,96.82101878437888
544.0,126.84671609694917,227.613773732309,1,0.0,0.0,0.0,189.53951017074183,0.0,0.15,0.0,0.0,False,0.004324674999224953,0,0,207,0,0.0,0.0,1,,,1,True,True,True,545.0,354.46048982925817,190.53951017074183,True,True,0,ML-Robust-MPC,126.84671609694917,227.613773732309,98.1528730040592
492.5,129.09475698598106,226.4293850745989,1,0.0,0.0,0.0,136.97585793942005,0.0,0.15,0.0,0.0,False,0.0042430680005054455,0,0,208,0,0.0,0.0,1,,,1,True,True,True,544.0,355.52414206057995,188.47585793942005,True,True,0,ML-Robust-MPC,129.09475698598106,226.4293850745989,95.75523776940312
456.5,129.81465423292525,226.80151417201407,1,0.0,0.0,0.0,99.88383159506066,0.0,0.15,0.0,0.0,False,0.0041006219980772585,0,0,209,0,0.0,0.0,1,,,1,True,True,True,507.5835266113281,356.61616840493934,150.96735820638878,True,True,0,ML-Robust-MPC,129.81465423292525,226.80151417201407,90.0752230445096
453.0,127.33847449343392,226.31371500529968,1,0.0,0.0,0.0,99.3478105012664,0.0,0.15,0.0,0.0,False,0.004647672998544294,0,0,210,0,0.0,0.0,1,,,1,True,True,True,486.2220458984375,353.6521894987336,132.5698563997039,True,True,0,ML-Robust-MPC,127.33847449343392,226.31371500529968,91.01174743917426
473.5,128.95893887750532,228.9729231305472,1,0.0,0.0,0.0,115.56813799194748,0.0,0.15,0.0,0.0,False,0.004386807999253506,0,0,211,0,0.0,0.0,1,,,1,True,True,True,469.5014953613281,357.9318620080525,111.5696333532756,True,True,0,ML-Robust-MPC,128.95893887750532,228.9729231305472,85.54959212057582
489.5,132.03205174510094,229.0395370203392,1,0.0,0.0,0.0,128.42841123455986,0.0,0.15,0.0,0.0,False,0.0040423959981126245,0,0,212,0,0.0,0.0,1,,,1,True,True,True,473.5,361.07158876544014,112.42841123455986,True,True,0,ML-Robust-MPC,132.03205174510094,229.0395370203392,83.95596635639676
414.5,133.7862771998173,231.9320343512046,1,0.0,0.0,0.0,48.781688448978116,0.0,0.15,0.0,0.0,False,0.004034814999613445,0,0,213,0,0.0,0.0,1,,,1,True,True,True,489.5,365.7183115510219,123.78168844897812,True,True,0,ML-Robust-MPC,133.7862771998173,231.9320343512046,88.33717837311235
447.0,136.26450548172244,233.84822667552217,1,0.0,0.0,0.0,76.88726784275536,0.0,0.15,0.0,0.0,False,0.004376123000838561,0,0,214,0,0.0,0.0,1,,,1,True,True,True,457.6083068847656,370.11273215724464,87.49557472752099,True,True,0,ML-Robust-MPC,136.26450548172244,233.84822667552217,83.18413893107572
428.0,136.71351325222312,237.5714625925707,1,0.0,0.0,0.0,53.71502415520615,0.0,0.15,0.0,0.0,False,0.004540077999990899,0,0,215,0,0.0,0.0,1,,,1,True,True,True,472.8334045410156,374.28497584479385,98.54842869622178,True,True,0,ML-Robust-MPC,136.71351325222312,237.5714625925707,87.36386248166315
410.5,138.31660098697012,239.7617850359178,1,0.0,0.0,0.0,32.42161397711209,0.0,0.15,0.0,0.0,False,0.004592558998410823,0,0,216,0,0.0,0.0,1,,,1,True,True,True,471.5479431152344,378.0783860228879,93.46955709234646,True,True,0,ML-Robust-MPC,138.31660098697012,239.7617850359178,92.02338114975072
420.0,140.67722067101514,243.20968952747927,2,0.0,0.0,0.0,36.113089801505566,0.0,0.15,0.0,0.0,False,0.004469670999242226,1,0,217,0,0.0,0.0,1,,,2,True,True,False,473.7185974121094,380.6772206710151,93.04137674109427,True,True,0,ML-Robust-MPC,140.67722067101514,243.20968952747927,89.73207390581763
393.5,142.59116646144068,242.6182588338794,2,0.0,0.0,0.0,8.290574704679898,0.0,0.15,0.0,0.0,False,0.00580206199811073,0,0,218,0,0.0,0.0,1,,,2,True,True,False,480.6854553222656,382.5911664614407,98.09428886082492,True,True,0,ML-Robust-MPC,142.59116646144068,242.6182588338794,92.7542498090454
436.5,141.32772770202251,242.9797701915041,2,0.0,0.0,0.0,52.1925021064734,0.0,0.15,0.0,0.0,False,0.004443124998942949,0,0,219,0,0.0,0.0,1,,,2,True,True,False,471.6457214355469,381.3277277020225,90.31799373352436,True,True,0,ML-Robust-MPC,141.32772770202251,242.9797701915041,96.6594747319198
422.0,140.24857197330368,243.51865585488963,2,0.0,0.0,0.0,38.23277217180669,0.0,0.15,0.0,0.0,False,0.005695128998922883,0,0,220,0,0.0,0.0,1,,,2,True,True,False,486.3454284667969,380.2485719733037,106.09685649349319,True,True,0,ML-Robust-MPC,140.24857197330368,243.51865585488963,95.61640356253716
442.0,141.64995155874098,243.82105464769745,2,0.0,0.0,0.0,56.52899379356154,0.0,0.15,0.0,0.0,False,0.005098903002362931,0,0,221,0,0.0,0.0,1,,,2,True,True,False,505.3627014160156,381.649951558741,123.71274985727462,True,True,0,ML-Robust-MPC,141.64995155874098,243.82105464769745,98.13499398940291
414.0,140.60828053838924,241.55629372137983,2,0.0,0.0,0.0,31.835425740230903,0.0,0.15,0.0,0.0,False,0.0046247539976320695,0,0,222,0,0.0,0.0,1,,,2,True,True,False,516.0836181640625,380.60828053838924,135.47533762567326,True,True,0,ML-Robust-MPC,140.60828053838924,241.55629372137983,97.02240273119168
414.5,144.00088971338687,242.3921684230163,2,0.0,0.0,0.0,28.10694186359683,0.0,0.15,0.0,0.0,False,0.00489367399859475,0,0,223,0,0.0,0.0,1,,,2,True,True,False,514.15234375,384.00088971338687,130.15145403661313,True,True,0,ML-Robust-MPC,144.00088971338687,242.3921684230163,91.24804482374384
404.5,146.15200937649,241.47256493708392,2,0.0,0.0,0.0,16.87542568642607,0.0,0.15,0.0,0.0,False,0.004981496000254992,0,0,224,0,0.0,0.0,1,,,2,True,True,False,530.3587646484375,386.15200937649,144.2067552719475,True,True,0,ML-Robust-MPC,146.15200937649,241.47256493708392,92.92049751696534
384.0,149.91131914675674,239.44407014310056,1,-5.355389289857271,5.355389289857271,0.0,0.0,0.0,0.15005312886200256,0.0,5.355389289857271,False,0.004725664002762642,0,0,225,0,0.0,0.0,1,,,1,True,True,True,535.84912109375,389.35538928985727,146.49373180389273,True,True,0,ML-Robust-MPC,149.91131914675674,239.44407014310056,90.7561906981094
450.0,150.80133882763718,238.8450788177836,1,4.833238834097439,0.0,4.833238834097439,55.52034352048179,0.0,0.15,0.0,0.0,False,0.004485649998969166,0,0,226,0,0.0,0.0,1,,,1,True,True,True,530.6029052734375,389.6464176454208,140.9564876280167,True,True,0,ML-Robust-MPC,150.80133882763718,238.8450788177836,80.18793744322653
431.0,151.2068227872741,239.7475717126752,1,0.0,0.0,0.0,40.04560550005067,0.0,0.15,0.0,0.0,False,0.004249381003319286,0,0,227,0,0.0,0.0,1,,,1,True,True,True,564.3973388671875,390.95439449994933,173.44294436723817,True,True,0,ML-Robust-MPC,151.2068227872741,239.7475717126752,78.66072614765554
414.5,149.01525278976214,241.2304482743129,2,0.0,0.0,0.0,24.254298935924965,0.0,0.15,0.0,0.0,False,0.004307127997890348,1,0,228,0,0.0,0.0,1,,,2,True,True,False,596.6109619140625,389.01525278976214,207.59570912430036,True,True,0,ML-Robust-MPC,149.01525278976214,241.2304482743129,83.38625610011553
445.5,148.4722569708088,243.22618706231725,2,0.0,0.0,0.0,53.801555966873934,0.0,0.15,0.0,0.0,False,0.004347903999587288,0,0,229,0,0.0,0.0,1,,,2,True,True,False,608.9765625,388.47225697080876,220.50430552919124,True,True,0,ML-Robust-MPC,148.4722569708088,243.22618706231725,76.07431876430815
459.0,147.40203015267636,240.8361466898154,2,0.0,0.0,0.0,70.76182315750827,0.0,0.15,0.0,0.0,False,0.00627842799804057,0,0,230,0,0.0,0.0,1,,,2,True,True,False,631.208984375,387.4020301526764,243.8069542223236,True,True,0,ML-Robust-MPC,147.40203015267636,240.8361466898154,73.63808916523796
464.0,145.67264987705278,239.92572293553104,1,0.0,0.0,0.0,78.40162718741618,0.0,0.15,0.0,0.0,False,0.004672629002016038,0,0,231,0,0.0,0.0,1,,,1,True,True,True,668.7534790039062,385.5983728125838,283.15510619132243,True,True,0,ML-Robust-MPC,145.67264987705278,239.92572293553104,68.03097803958032
486.0,149.48848783542064,239.0323523574884,1,0.0,0.0,0.0,97.47915980709092,0.0,0.15,0.0,0.0,False,0.004434700997080654,0,0,232,0,0.0,0.0,1,,,1,True,True,True,696.8643188476562,388.5208401929091,308.3434786547472,True,True,0,ML-Robust-MPC,149.48848783542064,239.0323523574884,67.93419898304273
495.0,149.17213915733734,239.9091678614388,1,0.0,0.0,0.0,105.9186929812239,0.0,0.15,0.0,0.0,False,0.004158314000960672,0,0,233,0,0.0,0.0,1,,,1,True,True,True,748.3065185546875,389.0813070187761,359.2252115359114,True,True,0,ML-Robust-MPC,149.17213915733734,239.9091678614388,67.40435348802963
488.0,151.5240122428292,239.2152158194714,1,0.0,0.0,0.0,97.26077193769936,0.0,0.15,0.0,0.0,False,0.004647408997698221,0,0,234,0,0.0,0.0,1,,,1,True,True,True,784.666748046875,390.73922806230064,393.92751998457436,True,True,0,ML-Robust-MPC,151.5240122428292,239.2152158194714,65.65421627199997
512.5,147.7683683168095,236.65717762044392,1,0.0,0.0,0.0,128.07445406274655,0.0,0.15,0.0,0.0,False,0.005780438001238508,0,0,235,0,0.0,0.0,1,,,1,True,True,True,817.01318359375,384.42554593725345,432.58763765649655,True,True,0,ML-Robust-MPC,147.7683683168095,236.65717762044392,71.26358398174372
570.0,148.6569167651716,238.39228028857136,1,0.0,0.0,0.0,182.95080294625706,0.0,0.15,0.0,0.0,False,0.005063057000370463,0,0,236,0,0.0,0.0,1,,,1,True,True,True,851.1863403320312,387.04919705374294,464.1371432782883,True,True,0,ML-Robust-MPC,148.6569167651716,238.39228028857136,73.91161680395194
560.0,149.19943065032876,237.578404937228,1,0.0,0.0,0.0,173.22216441244325,0.0,0.15,0.0,0.0,False,0.0045926450002298225,0,0,237,0,0.0,0.0,1,,,1,True,True,True,979.658935546875,386.77783558755675,592.8810999593182,True,True,0,ML-Robust-MPC,149.19943065032876,237.578404937228,86.61052891297288
542.0,149.23843097530815,236.70441791255664,1,0.0,0.0,0.0,156.05715111213522,0.0,0.15,0.0,0.0,False,0.005083537998871179,0,0,238,0,0.0,0.0,1,,,1,True,True,True,1010.66650390625,385.9428488878648,624.7236550183852,True,True,0,ML-Robust-MPC,149.23843097530815,236.70441791255664,82.86774593289829
564.5,147.8842773861608,235.13766615849624,1,0.0,0.0,0.0,181.478056455343,0.0,0.15,0.0,0.0,False,0.005355158999009291,0,0,239,0,0.0,0.0,1,,,1,True,True,True,1003.3639526367188,383.021943544657,620.3420090920617,True,True,0,ML-Robust-MPC,147.8842773861608,235.13766615849624,80.15857638970635
622.0,151.98723861878693,235.94480820089592,1,0.0,0.0,0.0,234.06795318031715,0.0,0.15,0.0,0.0,False,0.004619127001205925,0,0,240,0,0.0,0.0,1,,,1,True,True,True,1026.702880859375,387.93204681968285,638.7708340396921,True,True,0,ML-Robust-MPC,151.98723861878693,235.94480820089592,73.83026787287601
632.0,153.42964322118834,234.95701353271664,1,0.0,0.0,0.0,243.61334324609504,0.0,0.15,0.0,0.0,False,0.0046024109979043715,0,0,241,0,0.0,0.0,1,,,1,True,True,True,1117.06787109375,388.38665675390496,728.681214339845,True,True,0,ML-Robust-MPC,153.42964322118834,234.95701353271664,74.09537966245964
703.0,154.4337684332903,233.61328338593268,1,0.0,0.0,0.0,314.952948180777,0.0,0.15,0.0,0.0,False,0.004592116998537676,0,0,242,0,0.0,0.0,1,,,1,True,True,True,1172.197265625,388.047051819223,784.150213805777,True,True,0,ML-Robust-MPC,154.4337684332903,233.61328338593268,82.68065567477578
688.0,154.34260756934162,233.5226142022832,1,0.0,0.0,0.0,300.1347782283752,0.0,0.15,0.0,0.0,False,0.004380360998766264,0,0,243,0,0.0,0.0,1,,,1,True,True,True,1251.8822021484375,387.8652217716248,864.0169803768126,True,True,0,ML-Robust-MPC,154.34260756934162,233.5226142022832,85.32305568141453
743.5,151.7049018966438,235.2917977066015,1,0.0,0.0,0.0,356.5033003967547,0.0,0.15,0.0,0.0,False,0.004242626000632299,0,0,244,0,0.0,0.0,1,,,1,True,True,True,1269.39111328125,386.9966996032453,882.3944136780046,True,True,0,ML-Robust-MPC,151.7049018966438,235.2917977066015,83.59817090719798
746.5,149.4694907995804,236.4082986189974,1,0.0,0.0,0.0,360.6222105814222,0.0,0.15,0.0,0.0,False,0.004075148000993067,0,0,245,0,0.0,0.0,1,,,1,True,True,True,1271.4908447265625,385.8777894185778,885.6130553079847,True,True,0,ML-Robust-MPC,149.4694907995804,236.4082986189974,82.56997970972863
802.5,150.81436708687602,234.0657399277052,1,0.0,0.0,0.0,417.6198929854188,0.0,0.15,0.0,0.0,False,0.004030143998534186,0,0,246,0,0.0,0.0,1,,,1,True,True,True,1266.7672119140625,384.8801070145812,881.8871048994813,True,True,0,ML-Robust-MPC,150.81436708687602,234.0657399277052,84.6807603757946
918.5,149.44935140126003,235.4584215806668,1,0.0,0.0,0.0,533.5922270180731,0.0,0.15,0.0,0.0,False,0.003931151997676352,0,0,247,0,0.0,0.0,1,,,1,True,True,True,1274.3668212890625,384.9077729819268,889.4590483071356,True,True,0,ML-Robust-MPC,149.44935140126003,235.4584215806668,85.4738970983261
897.5,149.48941759077348,235.1553234584893,1,0.0,0.0,0.0,512.8552589507372,0.0,0.15,0.0,0.0,False,0.004041635998873971,0,0,248,0,0.0,0.0,1,,,1,True,True,True,1281.6864013671875,384.6447410492628,897.0416603179247,True,True,0,ML-Robust-MPC,149.48941759077348,235.1553234584893,90.02955121654931
947.0,152.07772981852665,235.0426413771109,1,0.0,0.0,0.0,559.8796288043625,0.0,0.15,0.0,0.0,False,0.003987995001807576,0,0,249,0,0.0,0.0,1,,,1,True,True,True,1280.6158447265625,387.1203711956375,893.495473530925,True,True,0,ML-Robust-MPC,152.07772981852665,235.0426413771109,93.89510037165998
1011.0,150.5302436378448,235.7531043901677,1,0.0,0.0,0.0,624.7166519719875,0.0,0.15,0.0,0.0,False,0.004236771001160378,0,0,250,0,0.0,0.0,1,,,1,True,True,True,1288.680419921875,386.2833480280125,902.3970718938625,True,True,0,ML-Robust-MPC,150.5302436378448,235.7531043901677,89.7728358307627
1072.0,151.73197105497644,233.9609571712517,1,0.0,0.0,0.0,686.3070717737719,0.0,0.15,0.0,0.0,False,0.004022863999125548,0,0,251,0,0.0,0.0,1,,,1,True,True,True,1293.521240234375,385.6929282262281,907.8283120081469,True,True,0,ML-Robust-MPC,151.73197105497644,233.9609571712517,86.95223997598157
1093.0,151.64528006271257,235.32545090558528,1,0.0,0.0,0.0,706.0292690317021,0.0,0.15,0.0,0.0,False,0.004053806002048077,0,0,252,0,0.0,0.0,1,,,1,True,True,True,1295.2706298828125,386.97073096829786,908.2998989145146,True,True,0,ML-Robust-MPC,151.64528006271257,235.32545090558528,82.79885145878261
1207.0,151.4559637321316,235.2672817474212,1,0.0,0.0,0.0,820.2767545204472,0.0,0.15,0.0,0.0,False,0.0040265339994220994,0,0,253,0,0.0,0.0,1,,,1,True,True,True,1283.402099609375,386.7232454795528,896.6788541298222,True,True,0,ML-Robust-MPC,151.4559637321316,235.2672817474212,88.74479145484979
1250.0,150.63169666522396,232.29507080503737,1,0.0,0.0,0.0,867.0732325297387,0.0,0.15,0.0,0.0,False,0.004049993000080576,0,0,254,0,0.0,0.0,1,,,1,True,True,True,1302.4443359375,382.9267674702613,919.5175684672387,True,True,0,ML-Robust-MPC,150.63169666522396,232.29507080503737,92.23611259320477
1260.0,149.7161338299252,232.0557812776467,1,0.0,0.0,0.0,878.2280848924281,0.0,0.15,0.0,0.0,False,0.004025700000056531,0,0,255,0,0.0,0.0,1,,,1,True,True,True,1308.892333984375,381.7719151075719,927.1204188768031,True,True,0,ML-Robust-MPC,149.7161338299252,232.0557812776467,96.49837723800096
1256.5,145.3142633891001,231.98287003169688,1,0.0,0.0,0.0,879.202866579203,0.0,0.15,0.0,0.0,False,0.00415536400032579,0,0,256,0,0.0,0.0,1,,,1,True,True,True,1277.890380859375,377.29713342079697,900.593247438578,True,True,0,ML-Robust-MPC,145.3142633891001,231.98287003169688,95.03237886845078
1259.0,144.7629633888588,231.9705515193393,1,0.0,0.0,0.0,882.2664850918019,0.0,0.15,0.0,0.0,False,0.004004010002972791,0,0,257,0,0.0,0.0,1,,,1,True,True,True,1256.5,376.7335149081981,879.7664850918019,True,True,0,ML-Robust-MPC,144.7629633888588,231.9705515193393,84.1096664891101
1246.5,144.54063670617302,234.9769541565016,1,0.0,0.0,0.0,866.9824091373254,0.0,0.15,0.0,0.0,False,0.003947852001147112,0,0,258,0,0.0,0.0,1,,,1,True,True,True,1259.0,379.51759086267464,879.4824091373254,True,True,0,ML-Robust-MPC,144.54063670617302,234.9769541565016,82.89380571407733
1198.5,147.32438845022668,234.77476806971345,1,0.0,0.0,0.0,816.4008434800598,0.0,0.15,0.0,0.0,False,0.0040120350022334605,0,0,259,0,0.0,0.0,1,,,1,True,True,True,1246.5,382.09915651994015,864.4008434800598,True,True,0,ML-Robust-MPC,147.32438845022668,234.77476806971345,80.20022712063097
1084.0,146.77529974211686,237.16349756424333,1,0.0,0.0,0.0,700.0612026936399,0.0,0.15,0.0,0.0,False,0.004127264000999276,0,0,260,0,0.0,0.0,1,,,1,True,True,True,1198.5,383.9387973063602,814.5612026936399,True,True,0,ML-Robust-MPC,146.77529974211686,237.16349756424333,77.42524434548712
1071.0,142.5878820915205,236.98810022649067,1,0.0,0.0,0.0,691.4240176819889,0.0,0.15,0.0,0.0,False,0.004042020002088975,0,0,261,0,0.0,0.0,1,,,1,True,True,True,1084.0,379.57598231801114,704.4240176819889,True,True,0,ML-Robust-MPC,142.5878820915205,236.98810022649067,75.23811219496851
1020.0,141.03462443926634,235.06702092650292,1,0.0,0.0,0.0,643.8983546342307,0.0,0.15,0.0,0.0,False,0.004000949000328546,0,0,262,0,0.0,0.0,1,,,1,True,True,True,1071.0,376.1016453657693,694.8983546342307,True,True,0,ML-Robust-MPC,141.03462443926634,235.06702092650292,78.67582703393573
963.5,143.53965170918667,233.1809083608518,1,0.0,0.0,0.0,586.7794399299615,0.0,0.15,0.0,0.0,False,0.0042015840008389205,0,0,263,0,0.0,0.0,1,,,1,True,True,True,1020.0,376.72056007003846,643.2794399299615,True,True,0,ML-Robust-MPC,143.53965170918667,233.1809083608518,84.56140328350092
940.0,139.04870529254652,231.28843742464812,1,0.0,0.0,0.0,569.6628572828054,0.0,0.15,0.0,0.0,False,0.0041975010026362725,0,0,264,0,0.0,0.0,1,,,1,True,True,True,963.5,370.33714271719464,593.1628572828054,True,True,0,ML-Robust-MPC,139.04870529254652,231.28843742464812,93.33867924084704
877.0,138.8918983049562,230.6418403276895,1,0.0,0.0,0.0,507.4662613673543,0.0,0.15,0.0,0.0,False,0.004156011000304716,0,0,265,0,0.0,0.0,1,,,1,True,True,True,940.0,369.5337386326457,570.4662613673543,True,True,0,ML-Robust-MPC,138.8918983049562,230.6418403276895,89.95170489991848
789.0,138.0468085369865,229.9586442185184,1,0.0,0.0,0.0,420.9945472444951,0.0,0.15,0.0,0.0,False,0.004106477997993352,0,0,266,0,0.0,0.0,1,,,1,True,True,True,877.0,368.0054527555049,508.9945472444951,True,True,0,ML-Robust-MPC,138.0468085369865,229.9586442185184,82.34587825269783
804.0,135.88916745831472,228.2065869835355,1,0.0,0.0,0.0,439.9042455581498,0.0,0.15,0.0,0.0,False,0.0040049149974947795,0,0,267,0,0.0,0.0,1,,,1,True,True,True,789.0,364.0957544418502,424.9042455581498,True,True,0,ML-Robust-MPC,135.88916745831472,228.2065869835355,80.81865023013303
753.5,134.55590529190505,225.8289907173987,1,0.0,0.0,0.0,393.11510399069624,0.0,0.15,0.0,0.0,False,0.0040301890003320295,0,0,268,0,0.0,0.0,1,,,1,True,True,True,804.0,360.38489600930376,443.61510399069624,True,True,0,ML-Robust-MPC,134.55590529190505,225.8289907173987,78.2088050041718
705.0,135.06476226676142,225.44624042784065,1,0.0,0.0,0.0,344.4889973053979,0.0,0.15,0.0,0.0,False,0.004033959001390031,0,0,269,0,0.0,0.0,1,,,1,True,True,True,753.5,360.5110026946021,392.9889973053979,True,True,0,ML-Robust-MPC,135.06476226676142,225.44624042784065,80.60615787637812
679.0,135.33393721512385,227.3119316727881,1,0.0,0.0,0.0,316.35413111208806,0.0,0.15,0.0,0.0,False,0.004048595998028759,0,0,270,0,0.0,0.0,1,,,1,True,True,True,705.0,362.64586888791194,342.35413111208806,True,True,0,ML-Robust-MPC,135.33393721512385,227.3119316727881,74.05139765271143
679.5,136.75700733620442,228.4778903013536,1,0.0,0.0,0.0,314.265102362442,0.0,0.15,0.0,0.0,False,0.004130909001105465,0,0,271,0,0.0,0.0,1,,,1,True,True,True,679.0,365.234897637558,313.765102362442,True,True,0,ML-Robust-MPC,136.75700733620442,228.4778903013536,72.30351633309938
633.0,135.4086937947623,229.2826184004521,1,0.0,0.0,0.0,268.30868780478556,0.0,0.15,0.0,0.0,False,0.004079427002579905,0,0,272,0,0.0,0.0,1,,,1,True,True,True,679.5,364.69131219521444,314.80868780478556,True,True,0,ML-Robust-MPC,135.4086937947623,229.2826184004521,65.52865225862509
616.0,134.2557197684338,232.7562996491743,1,0.0,0.0,0.0,248.98798058239186,0.0,0.15,0.0,0.0,False,0.00398834500083467,0,0,273,0,0.0,0.0,1,,,1,True,True,True,633.0,367.01201941760814,265.98798058239186,True,True,0,ML-Robust-MPC,134.2557197684338,232.7562996491743,71.88065056645749
562.0,134.94690617722836,232.90879590752635,1,0.0,0.0,0.0,194.14429791524526,0.0,0.15,0.0,0.0,False,0.004205977002129657,0,0,274,0,0.0,0.0,1,,,1,True,True,True,616.0,367.85570208475474,248.14429791524526,True,True,0,ML-Robust-MPC,134.94690617722836,232.90879590752635,87.73250164587613
569.5,141.6863501114468,230.0998814690953,1,0.0,0.0,0.0,197.7137684194579,0.0,0.15,0.0,0.0,False,0.004013246998511022,0,0,275,0,0.0,0.0,1,,,1,True,True,True,562.0,371.7862315805421,190.2137684194579,True,True,0,ML-Robust-MPC,141.6863501114468,230.0998814690953,83.56655101227447
508.0,139.67391249226293,227.32893955714167,1,0.0,0.0,0.0,140.99714795059538,0.0,0.15,0.0,0.0,False,0.00396859200191102,0,0,276,0,0.0,0.0,1,,,1,True,True,True,569.5,367.0028520494046,202.49714795059538,True,True,0,ML-Robust-MPC,139.67391249226293,227.32893955714167,82.17559894914045
542.5,143.42061059055024,229.42876700546643,1,0.0,0.0,0.0,169.65062240398333,0.0,0.15,0.0,0.0,False,0.00402153899995028,0,0,277,0,0.0,0.0,1,,,1,True,True,True,530.3231201171875,372.84937759601667,157.47374252117083,True,True,0,ML-Robust-MPC,143.42061059055024,229.42876700546643,90.05959665498588
527.5,143.1531208532407,231.19351668676453,1,0.0,0.0,0.0,153.1533624599948,0.0,0.15,0.0,0.0,False,0.004148244999669259,0,0,278,0,0.0,0.0,1,,,1,True,True,True,542.5,374.3466375400052,168.1533624599948,True,True,0,ML-Robust-MPC,143.1531208532407,231.19351668676453,85.51023739848597
504.0,142.1536958953712,234.110855786456,1,0.0,0.0,0.0,127.73544831817281,0.0,0.15,0.0,0.0,False,0.0040743079989624675,0,0,279,0,0.0,0.0,1,,,1,True,True,True,527.5,376.2645516818272,151.2354483181728,True,True,0,ML-Robust-MPC,142.1536958953712,234.110855786456,80.19737269954013
483.5,142.05949835649878,231.6686372889977,1,0.0,0.0,0.0,109.77186435450352,0.0,0.15,0.0,0.0,False,0.004047376998641994,0,0,280,0,0.0,0.0,1,,,1,True,True,True,506.68505859375,373.7281356454965,132.95692294825352,True,True,0,ML-Robust-MPC,142.05949835649878,231.6686372889977,86.84502256469423
452.0,146.39720853461955,230.77433544508185,1,0.0,0.0,0.0,74.82845602029863,0.0,0.15,0.0,0.0,False,0.004288935000658967,0,0,281,0,0.0,0.0,1,,,1,True,True,True,491.42730712890625,377.17154397970137,114.25576314920488,True,True,0,ML-Robust-MPC,146.39720853461955,230.77433544508185,96.39336285436652
464.0,150.1617333465652,230.672538530652,1,0.0,0.0,0.0,83.16572812278281,0.0,0.15,0.0,0.0,False,0.004412025002238806,0,0,282,0,0.0,0.0,1,,,1,True,True,True,472.61956787109375,380.8342718772172,91.78529599387656,True,True,0,ML-Robust-MPC,150.1617333465652,230.672538530652,105.72013803497003
464.5,149.8394635672138,229.8962162057608,1,0.0,0.0,0.0,84.7643202270254,0.0,0.15,0.0,0.0,False,0.004352209998614853,0,0,283,0,0.0,0.0,1,,,1,True,True,True,466.7170104980469,379.7356797729746,86.98133072507227,True,True,0,ML-Robust-MPC,149.8394635672138,229.8962162057608,109.29035772400754
452.5,149.77037413515356,228.09346521486304,1,0.0,0.0,0.0,74.63616064998337,0.0,0.15,0.0,0.0,False,0.004336710000643507,0,0,284,0,0.0,0.0,1,,,1,True,True,True,468.14202880859375,377.86383935001663,90.27818945857712,True,True,0,ML-Robust-MPC,149.77037413515356,228.09346521486304,109.96688017928366
416.0,151.57583191697643,230.3162872801601,1,0.0,0.0,0.0,34.10788080286346,0.0,0.15,0.0,0.0,False,0.004289418000553269,0,0,285,0,0.0,0.0,1,,,1,True,True,True,463.77581787109375,381.89211919713654,81.88369867395721,True,True,0,ML-Robust-MPC,151.57583191697643,230.3162872801601,114.8902781623089
420.0,149.19214680762315,230.07994832087869,1,0.0,0.0,0.0,40.72790487149814,0.0,0.15,0.0,0.0,False,0.00440475499999593,0,0,286,0,0.0,0.0,1,,,1,True,True,True,458.3649597167969,379.27209512850186,79.09286458829501,True,True,0,ML-Robust-MPC,149.19214680762315,230.07994832087869,116.0932887098316
429.0,148.7530782542703,229.718667928482,1,0.0,0.0,0.0,50.52825381724767,0.0,0.15,0.0,0.0,False,0.004584909998811781,0,0,287,0,0.0,0.0,1,,,1,True,True,True,459.88214111328125,378.4717461827523,81.41039493052892,True,True,0,ML-Robust-MPC,148.7530782542703,229.718667928482,114.41849075844966
433.0,150.2193293844252,228.84872642835305,1,0.0,0.0,0.0,53.931944187221745,0.0,0.15,0.0,0.0,False,0.004658313999243546,0,0,288,0,0.0,0.0,1,,,1,True,True,True,458.28900146484375,379.06805581277825,79.2209456520655,True,True,0,ML-Robust-MPC,150.2193293844252,228.84872642835305,116.26336260898373
429.0,147.68143662449756,229.108278385788,1,0.0,0.0,0.0,52.21028498971441,0.0,0.15,0.0,0.0,False,0.005920691997744143,0,0,289,0,0.0,0.0,1,,,1,True,True,True,459.8541259765625,376.7897150102856,83.06441096627691,True,True,0,ML-Robust-MPC,147.68143662449756,229.108278385788,120.2013299862979
401.5,151.1906630086777,230.231716479924,1,0.0,0.0,0.0,20.077620511398322,0.0,0.15,0.0,0.0,False,0.004163904999586521,0,0,290,0,0.0,0.0,1,,,1,True,True,True,466.9007263183594,381.4223794886017,85.4783468297577,True,True,0,ML-Robust-MPC,151.1906630086777,230.231716479924,114.12453753574025
436.5,151.44614731615988,230.0379783142648,1,0.0,0.0,0.0,55.01587436957533,0.0,0.15,0.0,0.0,False,0.004935236000164878,0,0,291,0,0.0,0.0,1,,,1,True,True,True,464.4924621582031,381.48412563042467,83.00833652777845,True,True,0,ML-Robust-MPC,151.44614731615988,230.0379783142648,115.3861392173206
437.5,148.27911634122796,228.0988941503303,1,0.0,0.0,0.0,61.12198950844174,0.0,0.15,0.0,0.0,False,0.004560399000183679,0,0,292,0,0.0,0.0,1,,,1,True,True,True,486.9976501464844,376.37801049155826,110.61963965492612,True,True,0,ML-Robust-MPC,148.27911634122796,228.0988941503303,114.39383283302168
421.0,147.255361552802,228.61596109152785,1,0.0,0.0,0.0,45.12867735567016,0.0,0.15,0.0,0.0,False,0.004301299999497132,0,0,293,0,0.0,0.0,1,,,1,True,True,True,497.2856140136719,375.87132264432984,121.41429136934204,True,True,0,ML-Robust-MPC,147.255361552802,228.61596109152785,120.22590547081543
417.0,151.68066231559607,229.64877590112232,1,0.0,0.0,0.0,35.67056178328164,0.0,0.15,0.0,0.0,False,0.004568535998259904,0,0,294,0,0.0,0.0,1,,,1,True,True,True,522.6866455078125,381.32943821671836,141.35720729109414,True,True,0,ML-Robust-MPC,151.68066231559607,229.64877590112232,115.9189747897749
439.0,148.0769271952152,229.6693759702981,1,0.0,0.0,0.0,61.25369683448673,0.0,0.15,0.0,0.0,False,0.004239924997818889,0,0,295,0,0.0,0.0,1,,,1,True,True,True,540.2846069335938,377.74630316551327,162.53830376808048,True,True,0,ML-Robust-MPC,148.0769271952152,229.6693759702981,114.32386494028944
439.0,147.34511266947206,230.24591742373963,1,0.0,0.0,0.0,61.40896990678834,0.0,0.15,0.0,0.0,False,0.0045935609996377025,0,0,296,0,0.0,0.0,1,,,1,True,True,True,587.1292114257812,377.59103009321166,209.5381813325696,True,True,0,ML-Robust-MPC,147.34511266947206,230.24591742373963,112.52380687437734
407.0,147.66588550704313,230.7023699014568,1,0.0,0.0,0.0,28.63174459150008,0.0,0.15,0.0,0.0,False,0.004471632000786485,0,0,297,0,0.0,0.0,1,,,1,True,True,True,598.078857421875,378.3682554084999,219.71060201337508,True,True,0,ML-Robust-MPC,147.66588550704313,230.7023699014568,105.07882134525184
431.0,150.2062999193008,229.3868399597168,1,0.0,0.0,0.0,51.4068601209824,0.0,0.15,0.0,0.0,False,0.0036626590008381754,0,0,298,0,0.0,0.0,1,,,1,True,True,True,606.1463623046875,379.5931398790176,226.5532224256699,True,True,0,ML-Robust-MPC,150.2062999193008,229.3868399597168,107.42158396331214
430.5,151.3198105921336,231.076838590152,1,0.0,0.0,0.0,48.103350817714386,0.0,0.15,0.0,0.0,False,0.00416624300123658,0,0,299,0,0.0,0.0,1,,,1,True,True,True,635.9284057617188,382.3966491822856,253.53175657943314,True,True,0,ML-Robust-MPC,151.3198105921336,231.076838590152,102.08282762819375
460.0,152.23304995205717,232.76247161973487,1,0.0,0.0,0.0,75.00447842820796,0.0,0.15,0.0,0.0,False,0.004201577001367696,0,0,300,0,0.0,0.0,1,,,1,True,True,True,667.4999389648438,384.99552157179204,282.5044173930517,True,True,0,ML-Robust-MPC,152.23304995205717,232.76247161973487,98.39629235765644
418.5,156.61506875101676,232.9454999185768,1,0.0,0.0,0.0,28.939431330406478,0.0,0.15,0.0,0.0,False,0.004233109000779223,0,0,301,0,0.0,0.0,1,,,1,True,True,True,701.747802734375,389.5605686695935,312.1872340647815,True,True,0,ML-Robust-MPC,156.61506875101676,232.9454999185768,105.9559148200936
460.5,157.86120287588307,230.88363748904663,1,0.0,0.0,0.0,71.7551596350703,0.0,0.15,0.0,0.0,False,0.0037845010010642,0,0,302,0,0.0,0.0,1,,,1,True,True,True,708.6048583984375,388.7448403649297,319.8600180335078,True,True,0,ML-Robust-MPC,157.86120287588307,230.88363748904663,107.2876038886344
490.0,155.92490135036735,231.3191126599412,1,0.0,0.0,0.0,102.75598598969145,0.0,0.15,0.0,0.0,False,0.004369109999970533,0,0,303,0,0.0,0.0,1,,,1,True,True,True,760.9883422851562,387.24401401030855,373.7443282748477,True,True,0,ML-Robust-MPC,155.92490135036735,231.3191126599412,109.14802649212936
487.0,156.25601571726915,229.8660029196972,1,0.0,0.0,0.0,100.87798136303365,0.0,0.15,0.0,0.0,False,0.0040773969994916115,0,0,304,0,0.0,0.0,1,,,1,True,True,True,791.3778076171875,386.12201863696635,405.25578898022115,True,True,0,ML-Robust-MPC,156.25601571726915,229.8660029196972,107.21409724422873
522.0,155.09225530475973,229.97714756226964,1,0.0,0.0,0.0,136.93059713297066,0.0,0.15,0.0,0.0,False,0.004099255002074642,0,0,305,0,0.0,0.0,1,,,1,True,True,True,830.6346435546875,385.06940286702934,445.56524068765816,True,True,0,ML-Robust-MPC,155.09225530475973,229.97714756226964,106.0108588244035
559.0,154.83840608621423,232.4014714517982,1,0.0,0.0,0.0,171.76012246198758,0.0,0.15,0.0,0.0,False,0.004012821998912841,0,0,306,0,0.0,0.0,1,,,1,True,True,True,899.6936645507812,387.2398775380124,512.4537870127688,True,True,0,ML-Robust-MPC,154.83840608621423,232.4014714517982,114.23370978199912
537.0,154.3267139935077,232.19413120051885,1,0.0,0.0,0.0,150.47915480597345,0.0,0.15,0.0,0.0,False,0.003995422001025872,0,0,307,0,0.0,0.0,1,,,1,True,True,True,1004.382568359375,386.52084519402655,617.8617231653484,True,True,0,ML-Robust-MPC,154.3267139935077,232.19413120051885,114.46636692427076
579.0,157.72083850303056,235.2194683191716,1,0.0,0.0,0.0,186.05969317779784,0.0,0.15,0.0,0.0,False,0.004013154997664969,0,0,308,0,0.0,0.0,1,,,1,True,True,True,1013.8212280273438,392.94030682220216,620.8809212051416,True,True,0,ML-Robust-MPC,157.72083850303056,235.2194683191716,119.72158545453853
631.5,157.82290888003095,235.2189274594655,1,0.0,0.0,0.0,238.45816366050354,0.0,0.15,0.0,0.0,False,0.004122472000744892,0,0,309,0,0.0,0.0,1,,,1,True,True,True,1070.9521484375,393.04183633949646,677.9103120980035,True,True,0,ML-Robust-MPC,157.82290888003095,235.2189274594655,125.51420191087908
659.5,158.38252099401925,236.6158039067044,1,0.0,0.0,0.0,264.5016750992763,0.0,0.15,0.0,0.0,False,0.003920613999071065,0,0,310,0,0.0,0.0,1,,,1,True,True,True,1162.925537109375,394.9983249007237,767.9272122086513,True,True,0,ML-Robust-MPC,158.38252099401925,236.6158039067044,115.11061292068126
691.0,156.62066190494036,237.25728584504748,1,0.0,0.0,0.0,297.1220522500122,0.0,0.15,0.0,0.0,False,0.003997627998614917,0,0,311,0,0.0,0.0,1,,,1,True,True,True,1224.2325439453125,393.8779477499878,830.3545961953247,True,True,0,ML-Robust-MPC,156.62066190494036,237.25728584504748,117.44950439756572
713.0,153.89618950433683,234.77893561783023,1,0.0,0.0,0.0,324.32487487783294,0.0,0.15,0.0,0.0,False,0.0040252729995700065,0,0,312,0,0.0,0.0,1,,,1,True,True,True,1264.990966796875,388.67512512216706,876.3158416747079,True,True,0,ML-Robust-MPC,153.89618950433683,234.77893561783023,125.93339277915524
757.0,154.0073319787256,237.06435263214664,1,0.0,0.0,0.0,365.92831538912776,0.0,0.15,0.0,0.0,False,0.004016473998490255,0,0,313,0,0.0,0.0,1,,,1,True,True,True,1275.518310546875,391.07168461087224,884.4466259360028,True,True,0,ML-Robust-MPC,154.0073319787256,237.06435263214664,122.69968156065104
805.0,156.1031144260192,237.85797504752665,1,0.0,0.0,0.0,411.0389105264542,0.0,0.15,0.0,0.0,False,0.004032382999866968,0,0,314,0,0.0,0.0,1,,,1,True,True,True,1269.636962890625,393.9610894735458,875.6758734170792,True,True,0,ML-Robust-MPC,156.1031144260192,237.85797504752665,123.04764893120304
833.0,158.13757460825633,238.14154181393457,1,0.0,0.0,0.0,436.7208835778091,0.0,0.15,0.0,0.0,False,0.004040080999402562,0,0,315,0,0.0,0.0,1,,,1,True,True,True,1276.20068359375,396.2791164221909,879.9215671715591,True,True,0,ML-Robust-MPC,158.13757460825633,238.14154181393457,126.08089590975015
891.0,158.00449304547308,237.24726449452075,1,0.0,0.0,0.0,495.74824246000617,0.0,0.15,0.0,0.0,False,0.003974923998612212,0,0,316,0,0.0,0.0,1,,,1,True,True,True,1278.562744140625,395.25175753999383,883.3109866006312,True,True,0,ML-Robust-MPC,158.00449304547308,237.24726449452075,128.82642688075572
926.0,155.6660621486953,239.18758307376888,1,0.0,0.0,0.0,531.1463547775359,0.0,0.15,0.0,0.0,False,0.0040351529969484545,0,0,317,0,0.0,0.0,1,,,1,True,True,True,1278.0450439453125,394.85364522246414,883.1913987228484,True,True,0,ML-Robust-MPC,155.6660621486953,239.18758307376888,126.73178393035693
984.5,155.69121017456902,239.38504809682087,1,0.0,0.0,0.0,589.4237417286101,0.0,0.15,0.0,0.0,False,0.003918910999345826,0,0,318,0,0.0,0.0,1,,,1,True,True,True,1281.2318115234375,395.07625827138986,886.1555532520476,True,True,0,ML-Robust-MPC,155.69121017456902,239.38504809682087,138.15930726911424
1041.5,155.6787792112889,244.3010857486188,2,0.0,0.0,0.0,641.5201350400923,0.0,0.15,0.0,0.0,False,0.004241135000484064,1,0,319,0,0.0,0.0,1,,,2,True,True,False,1297.1627197265625,395.6787792112889,901.4839405152736,True,True,0,ML-Robust-MPC,155.6787792112889,244.3010857486188,137.2601884586369
1091.0,160.4976016138708,242.8994812494964,2,0.0,0.0,0.0,687.6029171366328,0.0,0.15,0.0,0.0,False,0.006559328998264391,0,0,320,0,0.0,0.0,1,,,2,True,True,False,1303.6412353515625,400.4976016138708,903.1436337376917,True,True,0,ML-Robust-MPC,160.4976016138708,242.8994812494964,138.40658437504567
1167.0,162.05471807416228,243.28212709748016,2,0.0,0.0,0.0,761.6631548283576,0.0,0.15,0.0,0.0,False,0.009085599998797989,0,0,321,0,0.0,0.0,1,,,2,True,True,False,1298.233154296875,402.0547180741623,896.1784362227127,True,True,0,ML-Robust-MPC,162.05471807416228,243.28212709748016,135.75246847489808
1218.0,160.54271621923246,243.72860381518373,2,0.0,0.0,0.0,813.7286799655838,0.0,0.15,0.0,0.0,False,0.0112304940012109,0,0,322,0,0.0,0.0,1,,,2,True,True,False,1304.537353515625,400.5427162192325,903.9946372963925,True,True,0,ML-Robust-MPC,160.54271621923246,243.72860381518373,135.0162181164678
1264.0,163.01269124443075,243.72532662320864,2,0.0,0.0,0.0,857.2619821323606,0.0,0.15,0.0,0.0,False,0.01051664599799551,0,0,323,0,0.0,0.0,1,,,2,True,True,False,1305.03173828125,403.01269124443075,902.0190470368193,True,True,0,ML-Robust-MPC,163.01269124443075,243.72532662320864,130.31529618619078
1267.0,162.51756120097969,243.674190907614,2,0.0,0.0,0.0,860.8082478914064,0.0,0.15,0.0,0.0,False,0.009854134998022346,0,0,324,0,0.0,0.0,1,,,2,True,True,False,1297.00390625,402.5175612009797,894.4863450490203,True,True,0,ML-Robust-MPC,162.51756120097969,243.674190907614,134.45039375185132
1249.5,158.9491766151138,243.70779657736136,2,0.0,0.0,0.0,846.8430268075249,0.0,0.15,0.0,0.0,False,0.009067339000466745,0,0,325,0,0.0,0.0,1,,,2,True,True,False,1274.7901611328125,398.9491766151138,875.8409845176986,True,True,0,ML-Robust-MPC,158.9491766151138,243.70779657736136,137.19501328334854
1252.0,161.15130604336258,246.3613488722269,2,0.0,0.0,0.0,844.4873450844105,0.0,0.15,0.0,0.0,False,0.007445429000654258,0,0,326,0,0.0,0.0,1,,,2,True,True,False,1249.5,401.1513060433626,848.3486939566374,True,True,0,ML-Robust-MPC,161.15130604336258,246.3613488722269,130.38844073908206
1259.5,163.86690280404605,247.77700252263864,2,0.0,0.0,0.0,847.8560946733153,0.0,0.15,0.0,0.0,False,0.007592136000312166,0,0,327,0,0.0,0.0,1,,,2,True,True,False,1252.0,403.86690280404605,848.133097195954,True,True,0,ML-Robust-MPC,163.86690280404605,247.77700252263864,128.1058581712055
1227.0,162.51570139206123,245.79626004987287,2,0.0,0.0,0.0,818.688038558066,0.0,0.15,0.0,0.0,False,0.007582147998618893,0,0,328,0,0.0,0.0,1,,,2,True,True,False,1259.5,402.51570139206126,856.9842986079387,True,True,0,ML-Robust-MPC,162.51570139206123,245.79626004987287,122.051328799232
1146.0,163.9207761393879,243.5649742702325,2,0.0,0.0,0.0,738.5142495903796,0.0,0.15,0.0,0.0,False,0.009606327999790665,0,0,329,0,0.0,0.0,1,,,2,True,True,False,1227.0,403.9207761393879,823.079223860612,True,True,0,ML-Robust-MPC,163.9207761393879,243.5649742702325,123.49649499431656
1101.5,160.5595128104472,244.02266068853427,2,0.0,0.0,0.0,696.9178265010186,0.0,0.15,0.0,0.0,False,0.007278706998476991,0,0,330,0,0.0,0.0,1,,,2,True,True,False,1146.0,400.5595128104472,745.4404871895529,True,True,0,ML-Robust-MPC,160.5595128104472,244.02266068853427,121.65119796538625
1026.5,158.35978810680794,245.26858850702024,2,0.0,0.0,0.0,622.8716233861718,0.0,0.15,0.0,0.0,False,0.007355131998338038,0,0,331,0,0.0,0.0,1,,,2,True,True,False,1101.5,398.35978810680797,703.140211893192,True,True,0,ML-Robust-MPC,158.35978810680794,245.26858850702024,122.31057385305309
959.5,155.22746858045792,243.23979686311992,2,0.0,0.0,0.0,561.0327345564222,0.0,0.15,0.0,0.0,False,0.009526633002678864,0,0,332,0,0.0,0.0,1,,,2,True,True,False,1026.5,395.2274685804579,631.272531419542,True,True,0,ML-Robust-MPC,155.22746858045792,243.23979686311992,127.21080675542136
912.0,156.94860342164372,241.5026112346051,2,0.0,0.0,0.0,513.5487853437512,0.0,0.15,0.0,0.0,False,0.009404720996826654,0,0,333,0,0.0,0.0,1,,,2,True,True,False,959.5,396.9486034216437,562.5513965783563,True,True,0,ML-Robust-MPC,156.94860342164372,241.5026112346051,119.17189376786044
842.5,158.93459670351396,240.967705056293,2,0.0,0.0,0.0,442.59769824019304,0.0,0.15,0.0,0.0,False,0.009694258002127754,0,0,334,0,0.0,0.0,1,,,2,True,True,False,912.0,398.934596703514,513.065403296486,True,True,0,ML-Robust-MPC,158.93459670351396,240.967705056293,124.5136056581109
822.5,154.9991775073311,238.4102972846286,1,0.0,0.0,0.0,429.0905252080403,0.0,0.15,0.0,0.0,False,0.004127934997086413,0,0,335,0,0.0,0.0,1,,,1,True,True,True,842.5,393.4094747919597,449.0905252080403,True,True,0,ML-Robust-MPC,154.9991775073311,238.4102972846286,126.9301034117053
752.0,157.07837555616106,238.23688214407457,1,0.0,0.0,0.0,356.68474229976437,0.0,0.15,0.0,0.0,False,0.003999327000201447,0,0,336,0,0.0,0.0,1,,,1,True,True,True,822.5,395.31525770023563,427.18474229976437,True,True,0,ML-Robust-MPC,157.07837555616106,238.23688214407457,119.28067710846378
697.0,158.83590404170135,239.758366808393,1,0.0,0.0,0.0,298.40572914990565,0.0,0.15,0.0,0.0,False,0.004146720002609072,0,0,337,0,0.0,0.0,1,,,1,True,True,True,752.0,398.59427085009435,353.40572914990565,True,True,0,ML-Robust-MPC,158.83590404170135,239.758366808393,118.86538229489484
674.0,156.2715045843515,240.4339441813904,2,0.0,0.0,0.0,277.2945512342581,0.0,0.15,0.0,0.0,False,0.0042115739997825585,1,0,338,0,0.0,0.0,1,,,2,True,True,False,697.0,396.27150458435153,300.72849541564847,True,True,0,ML-Robust-MPC,156.2715045843515,240.4339441813904,122.79876105732028
662.0,157.68590117497433,239.29087006115344,1,0.0,0.0,0.0,265.0232287638722,0.0,0.15,0.0,0.0,False,0.00402952600052231,0,0,339,0,0.0,0.0,1,,,1,True,True,True,674.0,396.9767712361278,277.0232287638722,True,True,0,ML-Robust-MPC,157.68590117497433,239.29087006115344,131.71181826522874
600.0,158.33137705430696,240.16596672001967,2,0.0,0.0,0.0,201.50265622567338,0.0,0.15,0.0,0.0,False,0.004513834999670507,1,0,340,0,0.0,0.0,1,,,2,True,True,False,662.0,398.3313770543069,263.6686229456931,True,True,0,ML-Robust-MPC,158.33137705430696,240.16596672001967,139.42711412188166
584.0,158.93036474369117,239.57131350228505,1,0.0,0.0,0.0,185.49832175402378,0.0,0.15,0.0,0.0,False,0.0027441120000730734,0,0,341,0,0.0,0.0,1,,,1,True,True,True,600.0,398.5016782459762,201.49832175402378,True,True,0,ML-Robust-MPC,158.93036474369117,239.57131350228505,137.29544825436344
552.5,159.32841140939328,242.9289958988188,2,0.0,0.0,0.0,150.24259269178788,0.0,0.15,0.0,0.0,False,0.004266738000296755,1,0,342,0,0.0,0.0,1,,,2,True,True,False,584.0,399.3284114093933,184.6715885906067,True,True,0,ML-Robust-MPC,159.32841140939328,242.9289958988188,136.39037014337148
524.0,159.37213429425523,245.42889184773892,2,0.0,0.0,0.0,119.19897385800584,0.0,0.15,0.0,0.0,False,0.004146215997025138,0,0,343,0,0.0,0.0,1,,,2,True,True,False,552.5,399.37213429425526,153.12786570574474,True,True,0,ML-Robust-MPC,159.37213429425523,245.42889184773892,134.64291310926774
502.0,157.47621767400966,245.2780091971861,2,0.0,0.0,0.0,99.24577312880422,0.0,0.15,0.0,0.0,False,0.003925457000150345,0,0,344,0,0.0,0.0,1,,,2,True,True,False,524.0,397.47621767400966,126.52378232599034,True,True,0,ML-Robust-MPC,157.47621767400966,245.2780091971861,137.11264059852329
486.0,159.19276840260633,245.8365730089812,2,0.0,0.0,0.0,80.97065858841245,0.0,0.15,0.0,0.0,False,0.004125906998524442,0,0,345,0,0.0,0.0,1,,,2,True,True,False,506.34320068359375,399.19276840260636,107.15043228098739,True,True,0,ML-Robust-MPC,159.19276840260633,245.8365730089812,135.30402267061223
494.0,155.1147504898441,245.036026060674,2,0.0,0.0,0.0,93.84922344948188,0.0,0.15,0.0,0.0,False,0.0058577979980327655,0,0,346,0,0.0,0.0,1,,,2,True,True,False,491.7431335449219,395.11475048984414,96.62838305507773,True,True,0,ML-Robust-MPC,155.1147504898441,245.036026060674,133.01406560364322
470.0,155.85354585367446,245.73668679031005,2,0.0,0.0,0.0,68.4097673560155,0.0,0.15,0.0,0.0,False,0.003792881001572823,0,0,347,0,0.0,0.0,1,,,2,True,True,False,494.0,395.85354585367446,98.14645414632554,True,True,0,ML-Robust-MPC,155.85354585367446,245.73668679031005,130.9433335642391
477.5,152.2539936451292,243.57196162834504,2,0.0,0.0,0.0,81.67404472652572,0.0,0.15,0.0,0.0,False,0.004210343999147881,0,0,348,0,0.0,0.0,1,,,2,True,True,False,477.09210205078125,392.2539936451292,84.83810840565206,True,True,0,ML-Robust-MPC,152.2539936451292,243.57196162834504,132.8526258250563
461.5,152.61038278920222,243.2193375809296,2,0.0,0.0,0.0,65.67027962986822,0.0,0.15,0.0,0.0,False,0.0043556300006457604,0,0,349,0,0.0,0.0,1,,,2,True,True,False,477.5,392.6103827892022,84.88961721079778,True,True,0,ML-Robust-MPC,152.61038278920222,243.2193375809296,125.03868971348392
478.5,151.80240341466146,243.1411093514521,2,0.0,0.0,0.0,83.55648723388646,0.0,0.15,0.0,0.0,False,0.004253342998708831,0,0,350,0,0.0,0.0,1,,,2,True,True,False,465.5863037109375,391.80240341466146,73.78390029627604,True,True,0,ML-Robust-MPC,151.80240341466146,243.1411093514521,124.3585617726008
424.5,148.7112675094548,242.805019550216,2,0.0,0.0,0.0,32.983712940329156,0.0,0.15,0.0,0.0,False,0.004247015996952541,0,0,351,0,0.0,0.0,1,,,2,True,True,False,478.5,388.71126750945484,89.78873249054516,True,True,0,ML-Robust-MPC,148.7112675094548,242.805019550216,116.04379266808078
462.0,150.0937025220179,243.9455917699869,2,0.0,0.0,0.0,67.9607057079952,0.0,0.15,0.0,0.0,False,0.009102119998715352,0,0,352,0,0.0,0.0,1,,,2,True,True,False,461.04669189453125,390.0937025220179,70.95298937251334,True,True,0,ML-Robust-MPC,150.0937025220179,243.9455917699869,115.89559386523472
430.0,148.4804182373319,245.35898388032243,2,0.0,0.0,0.0,36.160597882345655,0.0,0.15,0.0,0.0,False,0.00835867999921902,0,0,353,0,0.0,0.0,1,,,2,True,True,False,462.0,388.4804182373319,73.51958176266811,True,True,0,ML-Robust-MPC,148.4804182373319,245.35898388032243,110.2882589077944
430.0,147.79698140340255,247.3885441812928,2,0.0,0.0,0.0,34.81447441530463,0.0,0.15,0.0,0.0,False,0.00738709600045695,0,0,354,0,0.0,0.0,1,,,2,True,True,False,458.27239990234375,387.7969814034026,70.47541849894117,True,True,0,ML-Robust-MPC,147.79698140340255,247.3885441812928,109.6101170924468
464.0,149.0380550582009,245.6955199562449,2,0.0,0.0,0.0,69.26642498555418,0.0,0.15,0.0,0.0,False,0.008682626998052001,0,0,355,0,0.0,0.0,1,,,2,True,True,False,459.5586242675781,389.03805505820094,70.52056920937719,True,True,0,ML-Robust-MPC,149.0380550582009,245.6955199562449,111.30842416278983
474.5,148.22071007609588,244.41842349357304,2,0.0,0.0,0.0,81.86086643033104,0.0,0.15,0.0,0.0,False,0.009348139999929117,0,0,356,0,0.0,0.0,1,,,2,True,True,False,488.39959716796875,388.2207100760959,100.17888709187287,True,True,0,ML-Robust-MPC,148.22071007609588,244.41842349357304,109.23307307312938
442.5,542.5,0.0,0,-100.0,100.0,0.0,0.0,0.0,0.15099206349206348,0.0,100.0,False,0.004051210999023169,0,2,357,0,0.0,0.0,1,,,0,True,False,False,486.35784912109375,1434.788423317324,-948.4305741962303,True,True,0,ML-Robust-MPC,1194.788423317324,803.0269450139625,496.8147708064176
468.0,477.75000000000034,0.0,0,-9.750000000000341,9.750000000000341,0.0,0.0,0.0,0.15108878968253966,90.24999999999966,9.750000000000341,False,0.005049562998465262,0,0,358,0,0.0,0.0,1,,,0,True,False,False,485.04364013671875,1431.9953330221176,-946.9516928853989,True,True,0,ML-Robust-MPC,1191.9953330221176,803.9715809088974,497.1704214925336
439.5,474.43429809570426,0.0,0,-34.934298095704264,34.934298095704264,0.0,0.0,0.0,0.1514353601001558,65.06570190429574,34.934298095704264,False,0.004518663998169359,0,0,359,0,0.0,0.0,1,,,0,True,False,False,501.935546875,1430.85542155526,-928.9198746802599,True,True,0,ML-Robust-MPC,1190.85542155526,803.4815857155951,497.4398305560899
