load_kw,grid_kw,generator_kw,generator_units_on,storage_kw,charge_kw,discharge_kw,unserved_kw,spill_kw,soc,grid_headroom_storage_preservation_kw,grid_headroom_storage_charge_kw,v15_generator_first_guard_active,decision_seconds,generator_startup_units,generator_shutdown_units,step,risk_level,risk_reserve_kw,applied_risk_reserve_kw,forecast_scenario_count,cvar_alpha,cvar_weight,minimum_committed_generator_units,low_soc_commitment_guard_evaluated,low_soc_commitment_guard_triggered,low_soc_commitment_reachability_truncated,low_soc_commitment_forecast_peak_kw,low_soc_single_unit_firm_supply_kw,low_soc_commitment_deficit_kw,generator_before_storage,supervisory_protection_active,supervisory_safe_exit_counter,selected_controller,grid_available_capacity_kw,generator_available_capacity_kw,storage_available_power_kw
434.5,414.5,120.0,1,-100.0,100.0,0.0,0.0,0.0,0.28046825138422204,0.0,100.0,False,0.0037430240004141524,0,0,0,0,0.0,0.0,1,,,0,True,False,False,669.2533569335938,672.3795752535789,-3.126218319985128,True,True,0,ML-Robust-MPC,432.3795752535788,360.2462389931319,274.05832290554
434.0,294.0,240.0,2,-100.0,100.0,0.0,0.0,0.0,0.28146031487628553,0.0,100.0,False,0.004186113999821828,1,0,1,0,0.0,0.0,1,,,2,True,True,False,698.4684448242188,672.9180534225279,25.55039140169083,True,True,0,ML-Robust-MPC,432.9180534225279,359.61122290420747,274.9139553572174
473.5,333.5,240.0,2,-100.0,100.0,0.0,0.0,0.0,0.282452378368349,0.0,100.0,False,0.005700631000308931,0,0,2,0,0.0,0.0,1,,,2,True,True,False,723.8175659179688,676.5973625688032,47.22020334916556,True,True,0,ML-Robust-MPC,436.5973625688032,359.9236766833483,278.8093500999444
468.5,436.3537996283522,240.0,2,-207.8537996283522,207.8537996283522,0.0,0.0,0.0,0.2845144200313287,0.0,78.13915006205042,False,0.005286891000196192,0,0,3,0,0.0,0.0,1,,,2,True,True,False,783.3799438476562,676.3537996283521,107.02614421930411,True,True,0,ML-Robust-MPC,436.3537996283522,357.8553700277067,280.9307661461357
508.0,432.9922204405049,240.0,2,-164.99222044050498,164.99222044050498,0.0,0.0,0.0,0.2861512476150639,0.0,15.086383239015106,False,0.005300990000250749,0,0,4,0,0.0,0.0,1,,,2,True,True,False,796.814697265625,672.992220440505,123.82247682512002,True,True,0,ML-Robust-MPC,432.9922204405049,357.70050842848104,280.1016572385113
506.5,433.6442116639258,240.0,2,-167.14421166392572,167.14421166392572,0.0,0.0,0.0,0.28780942431807904,0.0,29.09893798828125,False,0.006276412999795866,0,0,5,0,0.0,0.0,1,,,2,True,True,False,862.3549194335938,673.6442116639257,188.71070776966803,True,True,0,ML-Robust-MPC,433.6442116639258,355.9095949431584,276.4833864117035
531.0,430.60041408289015,240.0,2,-139.6004140828902,139.6004140828902,0.0,0.0,0.0,0.28919434906096486,0.0,20.044677734375,False,0.004260931999851891,0,0,6,1,30.0,0.0,1,,,2,True,True,False,881.62890625,670.6004140828902,211.0284921671098,True,True,0,ML-Robust-MPC,430.60041408289015,353.4778441575036,277.4854769095433
558.5,431.0041895461345,240.0,2,-112.50418954613451,112.50418954613451,0.0,0.0,0.0,0.290310462052494,0.0,17.3326416015625,False,0.004158111999913672,0,0,7,1,30.0,0.0,1,,,2,True,True,False,922.1126098632812,671.0041895461345,251.10842031714674,True,True,0,ML-Robust-MPC,431.0041895461345,350.7545425925457,279.57216930547656
564.5,431.1722705854911,240.0,2,-106.6722705854911,106.6722705854911,0.0,0.0,0.0,0.2913687187051278,0.0,36.2791748046875,False,0.004079843999988952,0,0,8,1,30.0,0.0,1,,,2,True,True,False,959.70263671875,671.1722705854911,288.5303661332589,True,True,0,ML-Robust-MPC,431.1722705854911,352.2595036894135,281.71861081665105
581.0,431.9134758996592,300.0,2,-150.91347589965926,150.91347589965926,0.0,0.0,0.0,0.29286587620413235,0.0,36.9600830078125,False,0.004429824999988341,0,0,9,2,80.0,0.0,1,,,2,True,True,False,999.993408203125,671.9134758996593,328.07993230346574,True,True,0,ML-Robust-MPC,431.9134758996592,352.31996877118985,282.2597175203488
626.5,429.9364343824356,351.2534165774074,2,-154.68985095984294,154.68985095984294,0.0,0.0,0.0,0.2944004977414324,0.0,10.79364013671875,False,0.004214560000036727,0,0,10,3,150.0,0.0,1,,,2,True,True,False,1049.3154296875,669.9364343824357,379.37899530506434,True,True,0,ML-Robust-MPC,429.9364343824356,351.2534165774074,284.589364421939
616.5,430.3954286816299,352.1200122137631,2,-166.015440895393,166.015440895393,0.0,0.0,0.0,0.29604747632174383,0.0,57.42742919921875,False,0.0059766210001725995,0,0,11,3,150.0,0.0,1,,,2,True,True,False,1105.5550537109375,670.3954286816299,435.15962502930756,True,True,0,ML-Robust-MPC,430.3954286816299,352.1200122137631,288.59587896686963
648.0,433.5941080052439,353.8053873770358,2,-139.39949538227972,139.39949538227972,0.0,0.0,0.0,0.2974304078235522,0.0,36.550537109375,False,0.004609571999935724,0,0,12,3,150.0,0.0,1,,,2,True,True,False,1131.33056640625,673.5941080052439,457.7364584010061,True,True,0,ML-Robust-MPC,433.5941080052439,353.8053873770358,283.5094627658878
705.0,433.077930812476,352.933039505164,2,-81.01097031763993,81.01097031763993,0.0,0.0,0.0,0.29823408808463986,0.0,4.908935546875,False,0.004611008000210859,0,0,13,3,150.0,0.0,1,,,2,True,True,False,1163.4422607421875,673.077930812476,490.3643299297115,True,True,0,ML-Robust-MPC,433.077930812476,352.933039505164,290.0903387322192
709.5,434.2468473608155,351.5736889269164,2,-76.3205362877319,76.3205362877319,0.0,0.0,0.0,0.2989912362620975,0.0,48.1138916015625,False,0.008456690999992134,0,0,14,3,150.0,0.0,1,,,2,True,True,False,1208.7744140625,674.2468473608155,534.5275667016845,True,True,0,ML-Robust-MPC,434.2468473608155,351.5736889269164,306.62477413750474
758.5,438.0386652639375,351.5694609337409,2,-31.108126197678416,31.108126197678416,0.0,0.0,0.0,0.29929984862516973,0.0,20.91815185546875,False,0.008121273999677214,0,0,15,3,150.0,0.0,1,,,2,True,True,False,1219.723388671875,678.0386652639374,541.6847234079376,True,True,0,ML-Robust-MPC,438.0386652639375,351.5694609337409,291.14361108823914
787.5,433.5415742531512,351.9546425591556,2,2.003783187693216,0.0,2.003783187693216,0.0,0.0,0.2992778222523551,0.0,0.0,False,0.006238171999939368,0,0,16,3,150.0,0.0,1,,,2,True,True,False,1235.392333984375,673.5415742531512,561.8507597312238,True,True,0,ML-Robust-MPC,433.5415742531512,351.9546425591556,291.53123373880305
813.5,432.0541163287336,350.6425773808002,2,30.803306290466253,0.0,30.803306290466253,0.0,0.0,0.2989392201957831,0.0,0.0,False,0.004504918000293401,0,0,17,3,150.0,0.0,1,,,2,True,True,False,1229.9847412109375,672.0541163287336,557.9306248822039,True,True,0,ML-Robust-MPC,432.0541163287336,350.6425773808002,289.6267123122405
877.0,432.6425607690427,352.18813063835256,2,92.1693085926047,0.0,92.1693085926047,0.0,0.0,0.297926058908875,0.0,0.0,False,0.0072687709998717764,0,0,18,3,150.0,0.0,1,,,2,True,True,False,1230.917236328125,672.6425607690427,558.2746755590823,True,True,0,ML-Robust-MPC,432.6425607690427,352.18813063835256,282.8405030345644
933.5,435.5621945291528,354.72269259625807,2,143.21511287458907,0.0,143.21511287458907,0.0,0.0,0.2963517820668292,0.0,0.0,False,0.009018556000228273,0,0,19,3,150.0,0.0,1,,,2,True,True,False,1253.501220703125,675.5621945291527,577.9390261739723,True,True,0,ML-Robust-MPC,435.5621945291528,354.72269259625807,287.3728225485944
919.0,434.7180745800008,354.2785778609602,2,130.00334755903896,0.0,130.00334755903896,0.0,0.0,0.2949227341448418,0.0,0.0,False,0.008454395000171644,0,0,20,3,150.0,0.0,1,,,2,True,True,False,1255.0731201171875,674.7180745800008,580.3550455371867,True,True,0,ML-Robust-MPC,434.7180745800008,354.2785778609602,284.5623164763843
1012.0,437.95436255543376,350.94546845598484,2,223.10016898858134,0.0,223.10016898858134,0.0,0.0,0.2924703293500854,0.0,0.0,False,0.008711179999863816,0,0,21,3,150.0,0.0,1,,,2,True,True,False,1241.256103515625,677.9543625554338,563.3017409601912,True,True,0,ML-Robust-MPC,437.95436255543376,350.94546845598484,284.43964716777515
1056.5,434.9563382831113,348.82132689097205,2,272.72233482591673,0.0,272.72233482591673,0.0,0.0,0.28947245819384043,0.0,0.0,False,0.008251733000179229,0,0,22,3,150.0,0.0,1,,,2,True,True,False,1237.486572265625,674.9563382831113,562.5302339825137,True,True,0,ML-Robust-MPC,434.9563382831113,348.82132689097205,283.0926956161943
1094.5,434.9198951023401,348.1021278919024,2,272.99666868119243,0.0,272.99666868119243,38.481308324565134,0.0,0.28647157145197266,0.0,0.0,False,0.008000227000138693,0,0,23,3,150.0,0.0,1,,,2,True,True,False,1252.2000732421875,674.9198951023401,577.2801781398474,True,True,0,ML-Robust-MPC,434.9198951023401,348.1021278919024,272.99666868119243
1122.0,432.9301155765617,347.9022378566718,2,268.9349933838064,0.0,268.9349933838064,72.23265318296012,0.0,0.28351533224228387,0.0,0.0,False,0.008290849999866623,0,0,24,3,150.0,0.0,1,,,2,True,True,False,1233.8760986328125,672.9301155765618,560.9459830562507,True,True,0,ML-Robust-MPC,432.9301155765617,347.9022378566718,268.9349933838064
1232.0,428.1724632975069,347.97883692736724,2,271.6200385997979,0.0,271.6200385997979,184.22866117532794,0.0,0.28052957795964967,0.0,0.0,False,0.008607427999777428,0,0,25,3,150.0,0.0,1,,,2,True,True,False,1212.710205078125,668.172463297507,544.537741780618,True,True,0,ML-Robust-MPC,428.1724632975069,347.97883692736724,271.6200385997979
1251.0,430.92425817079663,348.18384976671206,2,271.3817463780642,0.0,271.3817463780642,200.51014568442707,0.0,0.2775464430788285,0.0,0.0,False,0.007618751000336488,0,0,26,3,150.0,0.0,1,,,2,True,True,False,1235.1087646484375,670.9242581707966,564.1845064776409,True,True,0,ML-Robust-MPC,430.92425817079663,348.18384976671206,271.3817463780642
1205.0,430.0338311842811,348.26597421823305,2,266.93051947683534,0.0,266.93051947683534,159.7696751206505,0.0,0.2746122378346123,0.0,0.0,False,0.007919257000139623,0,0,27,3,150.0,0.0,1,,,2,True,True,False,1251.0,670.0338311842811,580.9661688157189,True,True,0,ML-Robust-MPC,430.0338311842811,348.26597421823305,266.93051947683534
1151.5,429.7478771641498,349.2078513233652,2,274.35038362087016,0.0,274.35038362087016,98.19388789161485,0.0,0.27159647052576047,0.0,0.0,False,0.008407362000070862,0,0,28,3,150.0,0.0,1,,,2,True,True,False,1205.0,669.7478771641498,535.2521228358502,True,True,0,ML-Robust-MPC,429.7478771641498,349.2078513233652,274.35038362087016
1113.0,160.9814435341962,228.9819317933676,1,105.98600925333174,0.0,105.98600925333174,617.0506154191045,0.0,0.2704314306315806,0.0,0.0,False,0.003955564000079903,0,0,29,3,150.0,0.0,1,,,1,True,True,True,1151.5,389.96337532756377,761.5366246724362,True,True,0,ML-Robust-MPC,160.9814435341962,228.9819317933676,105.98600925333174
1020.5,161.87357980230607,227.0096603499175,1,100.7236978311636,0.0,100.7236978311636,530.8930620166128,0.0,0.2693242361340301,0.0,0.0,False,0.003984129999935249,0,0,30,3,150.0,0.0,1,,,1,True,True,True,1113.0,388.8832401522236,724.1167598477764,True,True,0,ML-Robust-MPC,161.87357980230607,227.0096603499175,100.7236978311636
979.0,160.98800346258653,227.69842657092988,1,98.37330191708668,0.0,98.37330191708668,491.9402680493969,0.0,0.26824287811269293,0.0,0.0,False,0.004200074999971548,0,0,31,3,150.0,0.0,1,,,1,True,True,True,1020.5,388.68643003351644,631.8135699664836,True,True,0,ML-Robust-MPC,160.98800346258653,227.69842657092988,98.37330191708668
934.5,163.6351989367431,227.8684955718984,1,100.76145689986804,0.0,100.76145689986804,442.23484859149045,0.0,0.26713526855260994,0.0,0.0,False,0.004209121999792842,0,0,32,3,150.0,0.0,1,,,1,True,True,True,979.0,391.5036945086415,587.4963054913585,True,True,0,ML-Robust-MPC,163.6351989367431,227.8684955718984,100.76145689986804
852.0,163.99162502103562,228.7310782923739,1,96.5047037691388,0.0,96.5047037691388,362.7725929174517,0.0,0.26607445089696713,0.0,0.0,False,0.004328787000304146,0,0,33,3,150.0,0.0,1,,,1,True,True,True,934.5,392.7227033134095,541.7772966865905,True,True,0,ML-Robust-MPC,163.99162502103562,228.7310782923739,96.5047037691388
858.0,163.34691528690118,228.05608803445645,1,90.68547579795457,0.0,90.68547579795457,375.9115208806878,0.0,0.2650776004836756,0.0,0.0,False,0.004258738000316953,0,0,34,3,150.0,0.0,1,,,1,True,True,True,852.0,391.40300332135763,460.59699667864237,True,True,0,ML-Robust-MPC,163.34691528690118,228.05608803445645,90.68547579795457
773.5,158.97444017362065,228.32374383630773,1,85.526021341594,0.0,85.526021341594,300.6757946484776,0.0,0.26413746482279543,0.0,0.0,False,0.004211864000353671,0,0,35,3,150.0,0.0,1,,,1,True,True,True,858.0,387.2981840099284,470.7018159900716,True,True,0,ML-Robust-MPC,158.97444017362065,228.32374383630773,85.526021341594
788.0,155.9889038872807,229.40478116384216,1,89.74932018765566,0.0,89.74932018765566,312.8569947612215,0.0,0.2631509050001285,0.0,0.0,False,0.00390782099975695,0,0,36,3,150.0,0.0,1,,,1,True,True,True,773.5,385.3936850511229,388.1063149488771,True,True,0,ML-Robust-MPC,155.9889038872807,229.40478116384216,89.74932018765566
730.5,154.019692505321,232.57490619797176,1,93.14127350438844,0.0,93.14127350438844,250.76412779231885,0.0,0.2621270594926714,0.0,0.0,False,0.004021420999833936,0,0,37,3,150.0,0.0,1,,,1,True,True,True,788.0,386.5945987032927,401.4054012967073,True,True,0,ML-Robust-MPC,154.019692505321,232.57490619797176,93.14127350438844
693.0,153.17683051421392,235.01177611860624,1,102.26273922383832,0.0,102.26273922383832,202.54865414334154,0.0,0.2610029472468833,0.0,0.0,False,0.003994903000148042,0,0,38,3,150.0,0.0,1,,,1,True,True,True,730.5,388.18860663282015,342.31139336717985,True,True,0,ML-Robust-MPC,153.17683051421392,235.01177611860624,102.26273922383832
653.5,150.96462558567438,237.2887741599372,1,110.86186585615832,0.0,110.86186585615832,154.38473439823014,0.0,0.2597843100194269,0.0,0.0,False,0.003945787000247947,0,0,39,3,150.0,0.0,1,,,1,True,True,True,693.0,388.25339974561155,304.74660025438845,True,True,0,ML-Robust-MPC,150.96462558567438,237.2887741599372,110.86186585615832
628.0,151.63264048784376,237.43702159409332,1,111.06771014972908,0.0,111.06771014972908,127.86262776833387,0.0,0.2585634100705445,0.0,0.0,False,0.003948638000110805,0,0,40,3,150.0,0.0,1,,,1,True,True,True,653.5,389.06966208193705,264.43033791806295,True,True,0,ML-Robust-MPC,151.63264048784376,237.43702159409332,111.06771014972908
633.0,150.31760568165166,240.6215811583972,2,102.0139952881858,0.0,102.0139952881858,140.04681787176537,0.0,0.25744203211591904,0.0,0.0,False,0.0042132739999942714,1,0,41,3,150.0,0.0,1,,,2,True,True,False,628.0,390.3176056816517,237.68239431834832,True,True,0,ML-Robust-MPC,150.31760568165166,240.6215811583972,102.0139952881858
591.5,149.59109696082172,238.94590736240056,1,109.89006650635432,0.0,109.89006650635432,93.07292917042341,0.0,0.2562340772890893,0.0,0.0,False,0.004847270000027493,0,0,42,3,150.0,0.0,1,,,1,True,True,True,633.0,388.5370043232223,244.46299567677772,True,True,0,ML-Robust-MPC,149.59109696082172,238.94590736240056,109.89006650635432
571.0,152.55156407734134,237.40029449078432,1,103.35641434471049,0.0,103.35641434471049,77.69172708716386,0.0,0.25509794293626964,0.0,0.0,False,0.004420515000219893,0,0,43,3,150.0,0.0,1,,,1,True,True,True,591.5,389.95185856812566,201.54814143187434,True,True,0,ML-Robust-MPC,152.55156407734134,237.40029449078432,103.35641434471049
540.5,155.45925025700325,237.24502339641484,1,107.59024769426172,0.0,107.59024769426172,40.20547865232017,0.0,0.25391526862225805,0.0,0.0,False,0.00280049399998461,0,0,44,3,150.0,0.0,1,,,1,True,True,True,571.0,392.7042736534181,178.2957263465819,True,True,0,ML-Robust-MPC,155.45925025700325,237.24502339641484,107.59024769426172
515.0,154.72299652754586,234.2877069299959,1,109.4527677071038,0.0,109.4527677071038,16.536528835354417,0.0,0.2527121207558035,0.0,0.0,False,0.004335432000061701,0,0,45,3,150.0,0.0,1,,,1,True,True,True,542.9356079101562,389.01070345754175,153.9249044526145,True,True,0,ML-Robust-MPC,154.72299652754586,234.2877069299959,109.4527677071038
513.0,156.3087461336088,236.0204099291607,1,105.81757086704972,0.0,105.81757086704972,14.853273070180805,0.0,0.2515489324026064,0.0,0.0,False,0.00361072800023976,0,0,46,3,150.0,0.0,1,,,1,True,True,True,519.1324462890625,392.32915606276947,126.80329022629303,True,True,0,ML-Robust-MPC,156.3087461336088,236.0204099291607,105.81757086704972
487.0,155.25065180506408,237.286377459192,1,94.46297073574391,0.0,94.46297073574391,0.0,0.0,0.2505105582794065,0.0,0.0,False,0.003273557999818877,0,0,47,3,150.0,0.0,1,,,1,True,True,True,513.0,392.5370292642561,120.46297073574391,True,True,0,ML-Robust-MPC,155.25065180506408,237.286377459192,108.75775978223622
496.5,154.3627147206715,239.306580265936,1,102.8307050133925,0.0,102.8307050133925,0.0,0.0,0.24938020273029915,0.0,0.0,False,0.003790534000017942,0,0,48,3,150.0,0.0,1,,,1,True,True,True,489.993408203125,393.6692949866075,96.3241132165175,True,True,0,ML-Robust-MPC,154.3627147206715,239.306580265936,112.41143663452225
492.5,151.70706433558524,239.87386956494325,1,100.91906609947148,0.0,100.91906609947148,0.0,0.0,0.24827086066791212,0.0,0.0,False,0.004164490000221122,0,0,49,3,150.0,0.0,1,,,1,True,True,True,496.5,391.5809339005285,104.91906609947148,True,True,0,ML-Robust-MPC,151.70706433558524,239.87386956494325,118.22633177749574
439.5,152.61051695604235,239.3290236244394,1,47.560459419518224,0.0,47.560459419518224,0.0,0.0,0.24774805739416286,0.0,0.0,False,0.0035347859998182685,0,0,50,3,150.0,0.0,1,,,1,True,True,True,492.5,391.9395405804818,100.56045941951822,True,True,0,ML-Robust-MPC,152.61051695604235,239.3290236244394,115.96491464487966
479.5,156.36831967079766,239.5936767286222,1,83.53800360058017,0.0,83.53800360058017,0.0,0.0,0.2468297748061074,0.0,0.0,False,0.0036946700001863064,0,0,51,2,80.0,0.0,1,,,1,True,True,True,461.0917663574219,395.96199639941983,65.12976995800204,True,True,0,ML-Robust-MPC,156.36831967079766,239.5936767286222,108.76821992378204
439.5,153.2041178427539,240.21287850278637,2,46.08300365445973,0.0,46.08300365445973,0.0,0.0,0.24632321230715762,0.0,0.0,False,0.0036658110002463218,1,0,52,3,150.0,0.0,1,,,2,True,True,False,479.5,393.20411784275393,86.29588215724607,True,True,0,ML-Robust-MPC,153.2041178427539,240.21287850278637,113.844576797103
434.5,152.29617891526243,238.7296034307431,1,43.47421765399446,0.0,43.47421765399446,0.0,0.0,0.24584532660986622,0.0,0.0,False,0.0038592129999415192,0,0,53,2,80.0,0.0,1,,,1,True,True,True,457.9315185546875,391.02578234600554,66.90573620868196,True,True,0,ML-Robust-MPC,152.29617891526243,238.7296034307431,114.34654619437607
472.5,152.85800586078793,237.7365978628424,1,81.90539627636969,0.0,81.90539627636969,0.0,0.0,0.24494499028356395,0.0,0.0,False,0.00270910700010063,0,0,54,2,80.0,0.0,1,,,1,True,True,True,450.6622619628906,390.5946037236303,60.06765823926031,True,True,0,ML-Robust-MPC,152.85800586078793,237.7365978628424,105.90279180349792
488.0,147.23619284023022,238.07444743570548,1,99.12886221823292,0.0,99.12886221823292,3.56049750583135,0.0,0.243855326846262,0.0,0.0,False,0.0026353440002822026,0,0,55,3,150.0,0.0,1,,,1,True,True,True,472.5,385.3106402759357,87.18935972406427,True,True,0,ML-Robust-MPC,147.23619284023022,238.07444743570548,99.12886221823292
470.5,145.88524534548264,239.68374658451552,1,84.93100807000184,0.0,84.93100807000184,0.0,0.0,0.24292173180526033,0.0,0.0,False,0.002795567000248411,0,0,56,3,150.0,0.0,1,,,1,True,True,True,488.0,385.56899192999816,102.43100807000184,True,True,0,ML-Robust-MPC,145.88524534548264,239.68374658451552,108.65060032559322
439.5,146.45456553525412,239.5263467014132,1,53.519087763332664,0.0,53.519087763332664,0.0,0.0,0.24233342894544266,0.0,0.0,False,0.003986019999956625,0,0,57,3,150.0,0.0,1,,,1,True,True,True,479.9604187011719,385.98091223666734,93.97950646450454,True,True,0,ML-Robust-MPC,146.45456553525412,239.5263467014132,109.18911382090847
437.5,149.09856636660055,239.68159124341875,1,48.71984238998073,0.0,48.71984238998073,0.0,0.0,0.24179788127813864,0.0,0.0,False,0.003205167000032816,0,0,58,2,80.0,0.0,1,,,1,True,True,True,476.1928405761719,388.7801576100193,87.4126829661526,True,True,0,ML-Robust-MPC,149.09856636660055,239.68159124341875,111.14027365179336
456.0,150.9816821265601,239.59321580382627,1,65.42510206961367,0.0,65.42510206961367,0.0,0.0,0.24107870282686117,0.0,0.0,False,0.003770914000142511,0,0,59,2,80.0,0.0,1,,,1,True,True,True,468.2503356933594,390.5748979303863,77.67543776297305,True,True,0,ML-Robust-MPC,150.9816821265601,239.59321580382627,108.92154757523669
468.5,154.03302559971254,239.980580713458,1,74.48639368682944,0.0,74.48639368682944,0.0,0.0,0.24025991909464875,0.0,0.0,False,0.004092028999821196,0,0,60,2,80.0,0.0,1,,,1,True,True,True,477.7304382324219,394.01360631317056,83.71683191925132,True,True,0,ML-Robust-MPC,154.03302559971254,239.980580713458,115.33263237404022
427.0,149.69977031033486,240.2771856761555,2,37.02304401350966,0.0,37.02304401350966,0.0,0.0,0.239852947235027,0.0,0.0,False,0.004401497999879211,1,0,61,3,150.0,0.0,1,,,2,True,True,False,483.043212890625,389.6997703103349,93.34344258029012,True,True,0,ML-Robust-MPC,149.69977031033486,240.2771856761555,123.01877054256629
431.5,147.20471309883237,241.0854226080249,2,43.20986429314269,0.0,43.20986429314269,0.0,0.0,0.2393779674138387,0.0,0.0,False,0.00533102199960922,0,0,62,3,150.0,0.0,1,,,2,True,True,False,468.6164855957031,387.20471309883237,81.41177249687075,True,True,0,ML-Robust-MPC,147.20471309883237,241.0854226080249,124.65934093600175
422.5,146.05319495209852,240.84601497036425,2,35.600790077537226,0.0,35.600790077537226,0.0,0.0,0.23898662952880226,0.0,0.0,False,0.0037501850001717685,0,0,63,3,150.0,0.0,1,,,2,True,True,False,477.57977294921875,386.0531949520985,91.52657799712023,True,True,0,ML-Robust-MPC,146.05319495209852,240.84601497036425,128.52645600001284
422.0,145.07752153857527,241.17639559727772,2,35.74608286414701,0.0,35.74608286414701,0.0,0.0,0.23859369452831697,0.0,0.0,False,0.004620160999820655,0,0,64,2,80.0,0.0,1,,,2,True,True,False,477.8951721191406,385.0775215385753,92.81765058056533,True,True,0,ML-Robust-MPC,145.07752153857527,241.17639559727772,134.75522608864998
473.0,141.8150870192402,240.5659178665104,2,90.6189951142494,0.0,90.6189951142494,0.0,0.0,0.23759757489684522,0.0,0.0,False,0.005410422999830189,0,0,65,3,150.0,0.0,1,,,2,True,True,False,483.4048767089844,381.8150870192402,101.58978968974418,True,True,0,ML-Robust-MPC,141.8150870192402,240.5659178665104,134.43937832804033
444.0,140.94620140579246,239.6998612402394,1,63.35393735396815,0.0,63.35393735396815,0.0,0.0,0.23690116350263635,0.0,0.0,False,0.002937308000127814,0,0,66,3,150.0,0.0,1,,,1,True,True,True,511.5133361816406,380.64606264603185,130.86727353560877,True,True,0,ML-Robust-MPC,140.94620140579246,239.6998612402394,133.92996622752324
437.5,139.36356583368925,240.22774485974884,2,57.90868930656188,0.0,57.90868930656188,0.0,0.0,0.23626460841638386,0.0,0.0,False,0.0030247600002439867,1,0,67,3,150.0,0.0,1,,,2,True,True,False,530.6273803710938,379.3635658336892,151.26381453740453,True,True,0,ML-Robust-MPC,139.36356583368925,240.22774485974884,137.59271337304023
455.5,139.86430164279395,240.9753751318712,2,74.66032322533488,0.0,74.66032322533488,0.0,0.0,0.23544391278228397,0.0,0.0,False,0.004047777999858226,0,0,68,3,150.0,0.0,1,,,2,True,True,False,556.173828125,379.864301642794,176.30952648220602,True,True,0,ML-Robust-MPC,139.86430164279395,240.9753751318712,142.3307313553108
404.5,142.28722809151975,239.40642037730424,1,22.806351531176006,0.0,22.806351531176006,0.0,0.0,0.23519321639733942,0.0,0.0,False,0.004191115000139689,0,0,69,3,150.0,0.0,1,,,1,True,True,True,586.41357421875,381.693648468824,204.719925749926,True,True,0,ML-Robust-MPC,142.28722809151975,239.40642037730424,142.71609041052074
416.0,139.487876866865,240.48575085072287,2,36.026372282412126,0.0,36.026372282412126,0.0,0.0,0.23479720034534088,0.0,0.0,False,0.0041488619999654475,1,0,70,3,150.0,0.0,1,,,2,True,True,False,557.0859985351562,379.487876866865,177.59812166829124,True,True,0,ML-Robust-MPC,139.487876866865,240.48575085072287,144.7244763095846
427.0,140.68502409772188,240.52991655403204,2,45.78505934824608,0.0,45.78505934824608,0.0,0.0,0.23429391296737573,0.0,0.0,False,0.0040665400001671514,0,0,71,3,150.0,0.0,1,,,2,True,True,False,585.048828125,380.6850240977219,204.3638040272781,True,True,0,ML-Robust-MPC,140.68502409772188,240.52991655403204,143.55259516950807
411.5,141.9132954503519,241.31849583620027,2,28.268208713447848,0.0,28.268208713447848,0.0,0.0,0.23398317770033258,0.0,0.0,False,0.004209304000141856,0,0,72,3,150.0,0.0,1,,,2,True,True,False,610.62255859375,381.91329545035194,228.70926314339806,True,True,0,ML-Robust-MPC,141.9132954503519,241.31849583620027,144.27074785432603
460.0,141.0107676284864,242.2075568575528,2,76.7816755139608,0.0,76.7816755139608,0.0,0.0,0.23313916332762494,0.0,0.0,False,0.0042540350000308536,0,0,73,3,150.0,0.0,1,,,2,True,True,False,622.4119873046875,381.0107676284864,241.4012196762011,True,True,0,ML-Robust-MPC,141.0107676284864,242.2075568575528,148.05580307829436
399.0,143.18925147195873,241.6470729806996,2,14.163675547341654,0.0,14.163675547341654,0.0,0.0,0.23298347063594682,0.0,0.0,False,0.004022327999791742,0,0,74,3,150.0,0.0,1,,,2,True,True,False,656.70947265625,383.18925147195876,273.52022118429124,True,True,0,ML-Robust-MPC,143.18925147195873,241.6470729806996,150.9105427787272
428.0,144.7123260311912,241.76961484997412,2,41.518059118834685,0.0,41.518059118834685,0.0,0.0,0.23252708780256034,0.0,0.0,False,0.004253498999787553,0,0,75,3,150.0,0.0,1,,,2,True,True,False,649.1302490234375,384.7123260311912,264.4179229922463,True,True,0,ML-Robust-MPC,144.7123260311912,241.76961484997412,155.0865366676128
442.0,142.03097731859918,241.80419787405907,2,58.164824807341745,0.0,58.164824807341745,0.0,0.0,0.23188771717415443,0.0,0.0,False,0.004087819000233139,0,0,76,3,150.0,0.0,1,,,2,True,True,False,688.6318969726562,382.0309773185992,306.60091965405707,True,True,0,ML-Robust-MPC,142.03097731859918,241.80419787405907,159.80072286640925
487.0,143.79372292425842,241.4964156674576,2,101.70986140828398,0.0,101.70986140828398,0.0,0.0,0.23076968237874174,0.0,0.0,False,0.0042337929999121116,0,0,77,3,150.0,0.0,1,,,2,True,True,False,725.0089721679688,383.7937229242584,341.21524924371033,True,True,0,ML-Robust-MPC,143.79372292425842,241.4964156674576,162.3158977159147
429.5,142.17751263355277,244.63719914621385,2,42.68528822023336,0.0,42.68528822023336,0.0,0.0,0.23030046890404365,0.0,0.0,False,0.004163934999724006,0,0,78,3,150.0,0.0,1,,,2,True,True,False,781.7154541015625,382.17751263355274,399.53794146800976,True,True,0,ML-Robust-MPC,142.17751263355277,244.63719914621385,153.9987450014992
470.0,139.34837573903025,244.8446986645212,2,85.80692559644854,0.0,85.80692559644854,0.0,0.0,0.2293572454331246,0.0,0.0,False,0.004872743999840168,0,0,79,3,150.0,0.0,1,,,2,True,True,False,758.8941650390625,379.34837573903025,379.54578930003225,True,True,0,ML-Robust-MPC,139.34837573903025,244.8446986645212,153.51962350237537
491.0,138.83189959207556,242.3545951309653,2,109.81350527695918,0.0,109.81350527695918,0.0,0.0,0.22815013219743716,0.0,0.0,False,0.005960887000128423,0,0,80,3,150.0,0.0,1,,,2,True,True,False,809.091552734375,378.83189959207556,430.25965314229944,True,True,0,ML-Robust-MPC,138.83189959207556,242.3545951309653,151.29694980879202
511.0,140.20940435999674,243.81727766241283,2,126.97331797759045,0.0,126.97331797759045,0.0,0.0,0.22675439155221017,0.0,0.0,False,0.008676483999806806,0,0,81,3,150.0,0.0,1,,,2,True,True,False,833.9700927734375,380.2094043599967,453.7606884134408,True,True,0,ML-Robust-MPC,140.20940435999674,243.81727766241283,147.43769666965449
550.0,142.45070187060162,244.4367452221209,2,145.92624252701606,0.0,145.92624252701606,17.18631038026146,0.0,0.2251503129068356,0.0,0.0,False,0.00845209299995986,0,0,82,3,150.0,0.0,1,,,2,True,True,False,894.3190307617188,382.4507018706016,511.86832889111713,True,True,0,ML-Robust-MPC,142.45070187060162,244.4367452221209,145.92624252701606
563.5,142.85338466031487,243.3767883300314,2,144.83020088968198,0.0,144.83020088968198,32.43962611997176,0.0,0.22355828238217215,0.0,0.0,False,0.008566799000163883,0,0,83,3,150.0,0.0,1,,,2,True,True,False,948.707763671875,382.8533846603149,565.8543790115601,True,True,0,ML-Robust-MPC,142.85338466031487,243.3767883300314,144.83020088968198
596.0,141.3936692307655,242.24925029241865,2,139.50447879586633,0.0,139.50447879586633,72.8526016809495,0.0,0.22202479428917798,0.0,0.0,False,0.008504594999976689,0,0,84,3,150.0,0.0,1,,,2,True,True,False,1029.30078125,381.3936692307655,647.9071120192345,True,True,0,ML-Robust-MPC,141.3936692307655,242.24925029241865,139.50447879586633
580.5,137.98516143468754,241.2392384086951,2,137.6504484323359,0.0,137.6504484323359,63.625151724281466,0.0,0.22051168642706287,0.0,0.0,False,0.008684525999797188,0,0,85,3,150.0,0.0,1,,,2,True,True,False,1073.05029296875,377.98516143468754,695.0651315340624,True,True,0,ML-Robust-MPC,137.98516143468754,241.2392384086951,137.6504484323359
637.0,132.93216458599903,241.1371597891523,2,137.71728261177012,0.0,137.71728261177012,125.21339301307856,0.0,0.21899784389736396,0.0,0.0,False,0.008984154999780003,0,0,86,3,150.0,0.0,1,,,2,True,True,False,1107.495849609375,372.93216458599903,734.5636850233759,True,True,0,ML-Robust-MPC,132.93216458599903,241.1371597891523,137.71728261177012
646.5,133.2051681718887,238.9352036665999,1,136.0547312614665,0.0,136.0547312614665,138.30489690004492,0.0,0.21750227678592893,0.0,0.0,False,0.004335566999998264,0,0,87,3,150.0,0.0,1,,,1,True,True,True,1170.25146484375,372.1403718384886,798.1110930052614,True,True,0,ML-Robust-MPC,133.2051681718887,238.9352036665999,136.0547312614665
684.0,133.1034646956405,237.1239262554252,1,131.6335168846006,0.0,131.6335168846006,182.13909216433373,0.0,0.21605530940162826,0.0,0.0,False,0.004215325999666675,0,0,88,3,150.0,0.0,1,,,1,True,True,True,1197.9832763671875,370.2273909510657,827.7558854161218,True,True,0,ML-Robust-MPC,133.1034646956405,237.1239262554252,131.6335168846006
719.5,133.1272108983748,237.39215715210156,1,132.99487402116833,0.0,132.99487402116833,215.9857579283553,0.0,0.21459337744430987,0.0,0.0,False,0.004755716000090615,0,0,89,3,150.0,0.0,1,,,1,True,True,True,1227.64990234375,370.5193680504764,857.1305342932736,True,True,0,ML-Robust-MPC,133.1272108983748,237.39215715210156,132.99487402116833
751.5,133.54546782236363,236.13442645021985,1,130.33343048620637,0.0,130.33343048620637,251.48667524121012,0.0,0.21316070112097735,0.0,0.0,False,0.0044572369997695205,0,0,90,3,150.0,0.0,1,,,1,True,True,True,1240.3724365234375,369.6798942725835,870.692542250854,True,True,0,ML-Robust-MPC,133.54546782236363,236.13442645021985,130.33343048620637
808.5,130.97473798200969,236.3899519201807,1,131.5204237679032,0.0,131.5204237679032,309.6148863299064,0.0,0.21171497690069085,0.0,0.0,False,0.004069390000040585,0,0,91,3,150.0,0.0,1,,,1,True,True,True,1247.853759765625,367.3646899021904,880.4890698634347,True,True,0,ML-Robust-MPC,130.97473798200969,236.3899519201807,131.5204237679032
873.5,133.13097806317538,234.03395487770865,1,133.85013258738124,0.0,133.85013258738124,372.48493447173473,0.0,0.21024364360487036,0.0,0.0,False,0.004524239000147645,0,0,92,3,150.0,0.0,1,,,1,True,True,True,1240.3824462890625,367.164932940884,873.2175133481785,True,True,0,ML-Robust-MPC,133.13097806317538,234.03395487770865,133.85013258738124
929.5,132.47963955080246,233.6869370628077,1,134.71422687438687,0.0,134.71422687438687,428.619196512003,0.0,0.20876281184483006,0.0,0.0,False,0.004503369000303792,0,0,93,3,150.0,0.0,1,,,1,True,True,True,1259.62158203125,366.1665766136101,893.4550054176399,True,True,0,ML-Robust-MPC,132.47963955080246,233.6869370628077,134.71422687438687
1000.5,131.94703313655685,233.97737319852493,1,137.5448933274455,0.0,137.5448933274455,497.0307003374727,0.0,0.20725086428593892,0.0,0.0,False,0.004011043999980757,0,0,94,3,150.0,0.0,1,,,1,True,True,True,1260.36962890625,365.9244063350818,894.4452225711682,True,True,0,ML-Robust-MPC,131.94703313655685,233.97737319852493,137.5448933274455
1002.0,130.80929417967573,235.57126846763595,1,141.44101362078925,0.0,141.44101362078925,494.1784237318991,0.0,0.20569608904058004,0.0,0.0,False,0.003974072999881173,0,0,95,3,150.0,0.0,1,,,1,True,True,True,1263.660400390625,366.38056264731165,897.2798377433134,True,True,0,ML-Robust-MPC,130.80929417967573,235.57126846763595,141.44101362078925
1064.5,133.5728505040317,233.63315785193475,1,133.32227619560362,0.0,133.32227619560362,563.9717154484299,0.0,0.20423055814980481,0.0,0.0,False,0.004054984000049444,0,0,96,3,150.0,0.0,1,,,1,True,True,True,1262.6427001953125,367.20600835596645,895.436691839346,True,True,0,ML-Robust-MPC,133.5728505040317,233.63315785193475,133.32227619560362
1103.0,134.3284580129411,233.7046335792869,1,134.06502838031122,0.0,134.06502838031122,600.9018800274608,0.0,0.20275686263491768,0.0,0.0,False,0.004078398000274319,0,0,97,3,150.0,0.0,1,,,1,True,True,True,1250.60791015625,368.033091592228,882.574818564022,True,True,0,ML-Robust-MPC,134.3284580129411,233.7046335792869,134.06502838031122
1186.0,136.94070003973115,232.32725750164389,1,137.01164657051785,0.0,137.01164657051785,679.7203958881071,0.0,0.20125077673408537,0.0,0.0,False,0.003986261000136437,0,0,98,3,150.0,0.0,1,,,1,True,True,True,1252.203857421875,369.26795754137504,882.9358998805,True,True,0,ML-Robust-MPC,136.94070003973115,232.32725750164389,137.01164657051785
1244.5,137.97370828896103,230.03030490776624,1,142.02029516478723,0.0,142.02029516478723,734.4756916384854,0.0,0.19968963379818436,0.0,0.0,False,0.003999754999767902,0,0,99,3,150.0,0.0,1,,,1,True,True,True,1274.35546875,368.00401319672727,906.3514555532727,True,True,0,ML-Robust-MPC,137.97370828896103,230.03030490776624,142.02029516478723
1246.5,136.6651786683431,228.20621928911947,1,137.10272484139276,0.0,137.10272484139276,744.5258772011447,0.0,0.1981825467291808,0.0,0.0,False,0.004391592999581917,0,0,100,3,150.0,0.0,1,,,1,True,True,True,1264.9544677734375,364.8713979574626,900.0830698159749,True,True,0,ML-Robust-MPC,136.6651786683431,228.20621928911947,137.10272484139276
1213.5,134.27148671969036,228.50244423269703,1,136.64499842429922,0.0,136.64499842429922,714.0810706233133,0.0,0.19668049116896116,0.0,0.0,False,0.004323544000271795,0,0,101,3,150.0,0.0,1,,,1,True,True,True,1246.5,362.7739309523874,883.7260690476126,True,True,0,ML-Robust-MPC,134.27148671969036,228.50244423269703,136.64499842429922
1160.5,131.43583838372763,229.33044243453807,1,137.91831249668596,0.0,137.91831249668596,661.8154066850483,0.0,0.19516443883970946,0.0,0.0,False,0.0042313929998272215,0,0,102,3,150.0,0.0,1,,,1,True,True,True,1213.5,360.7662808182657,852.7337191817343,True,True,0,ML-Robust-MPC,131.43583838372763,229.33044243453807,137.91831249668596
1083.5,129.71063172974968,231.2602654384688,1,133.70710659724983,0.0,133.70710659724983,588.8219962345318,0.0,0.19369467774181945,0.0,0.0,False,0.004079486000136967,0,0,103,3,150.0,0.0,1,,,1,True,True,True,1160.5,360.97089716821847,799.5291028317815,True,True,0,ML-Robust-MPC,129.71063172974968,231.2602654384688,133.70710659724983
1029.0,129.5580731560146,230.42079168412667,1,135.2173913367967,0.0,135.2173913367967,533.8037438230621,0.0,0.19220831500013194,0.0,0.0,False,0.004212517999803822,0,0,104,3,150.0,0.0,1,,,1,True,True,True,1083.5,359.9788648401412,723.5211351598588,True,True,0,ML-Robust-MPC,129.5580731560146,230.42079168412667,135.2173913367967
981.0,130.1299335779479,231.94952515738828,1,139.65275493923917,0.0,139.65275493923917,479.26778632542465,0.0,0.19067319699745816,0.0,0.0,False,0.004330705000029411,0,0,105,3,150.0,0.0,1,,,1,True,True,True,1029.0,362.0794587353362,666.9205412646638,True,True,0,ML-Robust-MPC,130.1299335779479,231.94952515738828,139.65275493923917
919.0,130.46438626548144,231.99719581435124,1,141.56188132583245,0.0,141.56188132583245,414.9765365943349,0.0,0.18911709312675254,0.0,0.0,False,0.004304563999994571,0,0,106,3,150.0,0.0,1,,,1,True,True,True,981.0,362.4615820798327,618.5384179201674,True,True,0,ML-Robust-MPC,130.46438626548144,231.99719581435124,141.56188132583245
873.5,132.64633261802342,231.90010100095395,1,132.61392889390834,0.0,132.61392889390834,376.33963748711426,0.0,0.18765934866808495,0.0,0.0,False,0.0042205189997730486,0,0,107,3,150.0,0.0,1,,,1,True,True,True,919.0,364.5464336189774,554.4535663810226,True,True,0,ML-Robust-MPC,132.64633261802342,231.90010100095395,132.61392889390834
893.5,132.3464282858761,232.54165450485536,1,135.69026784965152,0.0,135.69026784965152,392.92164935961705,0.0,0.18616778788180288,0.0,0.0,False,0.004521454000041558,0,0,108,3,150.0,0.0,1,,,1,True,True,True,873.5,364.88808279073146,508.61191720926854,True,True,0,ML-Robust-MPC,132.3464282858761,232.54165450485536,135.69026784965152
822.0,132.8957544737219,232.79049223517157,1,131.40035423600344,0.0,131.40035423600344,324.9133990551031,0.0,0.18472338351303003,0.0,0.0,False,0.00434209600007307,0,0,109,3,150.0,0.0,1,,,1,True,True,True,893.5,365.68624670889346,527.8137532911065,True,True,0,ML-Robust-MPC,132.8957544737219,232.79049223517157,131.40035423600344
760.5,129.33289368220372,234.3157003161697,1,138.132243174617,0.0,138.132243174617,258.71916282700954,0.0,0.1832049795736353,0.0,0.0,False,0.003979026000251906,0,0,110,3,150.0,0.0,1,,,1,True,True,True,822.0,363.6485939983734,458.3514060016266,True,True,0,ML-Robust-MPC,129.33289368220372,234.3157003161697,138.132243174617
712.5,126.58031671333416,232.15303724733576,1,138.43780976733024,0.0,138.43780976733024,215.32883627199988,0.0,0.18168321672608517,0.0,0.0,False,0.003937064999718132,0,0,111,3,150.0,0.0,1,,,1,True,True,True,760.5,358.7333539606699,401.7666460393301,True,True,0,ML-Robust-MPC,126.58031671333416,232.15303724733576,138.43780976733024
709.5,127.36140370983088,230.128904549472,1,135.166602446753,0.0,135.166602446753,216.84308929394413,0.0,0.18019741227585045,0.0,0.0,False,0.004078501000094548,0,0,112,3,150.0,0.0,1,,,1,True,True,True,712.5,357.4903082593029,355.0096917406971,True,True,0,ML-Robust-MPC,127.36140370983088,230.128904549472,135.166602446753
653.5,129.2765292159658,231.3367412240032,1,124.93385733797597,0.0,124.93385733797597,167.95287222205502,0.0,0.17882409018402026,0.0,0.0,False,0.004111582999939856,0,0,113,3,150.0,0.0,1,,,1,True,True,True,709.5,360.613270439969,348.886729560031,True,True,0,ML-Robust-MPC,129.2765292159658,231.3367412240032,124.93385733797597
629.5,134.07167266093353,233.245693020198,1,112.81131827111876,0.0,112.81131827111876,149.37131604774976,0.0,0.17758402380896948,0.0,0.0,False,0.003955995000069379,0,0,114,3,150.0,0.0,1,,,1,True,True,True,653.5,367.3173656811315,286.1826343188685,True,True,0,ML-Robust-MPC,134.07167266093353,233.245693020198,112.81131827111876
568.5,137.35176234347912,232.86581657761823,1,98.1119671291792,0.0,98.1119671291792,100.17045394972344,0.0,0.1765055384823945,0.0,0.0,False,0.003999876999841945,0,0,115,3,150.0,0.0,1,,,1,True,True,True,629.5,370.21757892109736,259.28242107890264,True,True,0,ML-Robust-MPC,137.35176234347912,232.86581657761823,98.1119671291792
576.0,138.4505348722773,233.73507431589545,1,97.26437661617275,0.0,97.26437661617275,106.5500141956545,0.0,0.17543637020406522,0.0,0.0,False,0.003960989999995945,0,0,116,3,150.0,0.0,1,,,1,True,True,True,568.792724609375,372.18560918817275,196.60711542120225,True,True,0,ML-Robust-MPC,138.4505348722773,233.73507431589545,97.26437661617275
549.5,139.85180465323182,234.25649084146937,1,90.892437636453,0.0,90.892437636453,84.49926686884578,0.0,0.17443724478485434,0.0,0.0,False,0.003989464999904158,0,0,117,3,150.0,0.0,1,,,1,True,True,True,576.0,374.1082954947012,201.89170450529878,True,True,0,ML-Robust-MPC,139.85180465323182,234.25649084146937,90.892437636453
519.5,143.04913093515748,235.45774526726456,1,90.09583744769604,0.0,90.09583744769604,50.897286349881895,0.0,0.17344687590819233,0.0,0.0,False,0.0039730299999973795,0,0,118,3,150.0,0.0,1,,,1,True,True,True,549.5,378.50687620242206,170.99312379757794,True,True,0,ML-Robust-MPC,143.04913093515748,235.45774526726456,90.09583744769604
505.5,141.43245171537274,234.94530694961247,1,86.8206313097917,0.0,86.8206313097917,42.3016100252231,0.0,0.17249250938541838,0.0,0.0,False,0.004055738999795722,0,0,119,3,150.0,0.0,1,,,1,True,True,True,519.5,376.3777586649852,143.1222413350148,True,True,0,ML-Robust-MPC,141.43245171537274,234.94530694961247,86.8206313097917
478.0,138.6867303779973,233.8383018431749,1,81.14458802589061,0.0,81.14458802589061,24.330379752937205,0.0,0.17160053616260376,0.0,0.0,False,0.004051700000218261,0,0,120,3,150.0,0.0,1,,,1,True,True,True,505.5,372.5250322211722,132.97496777882782,True,True,0,ML-Robust-MPC,138.6867303779973,233.8383018431749,81.14458802589061
487.0,137.60612232306198,237.2942631577733,1,87.85930275388172,0.0,87.85930275388172,24.240311765283025,0.0,0.17063475215484444,0.0,0.0,False,0.003974730000209092,0,0,121,3,150.0,0.0,1,,,1,True,True,True,478.0,374.90038548083527,103.09961451916473,True,True,0,ML-Robust-MPC,137.60612232306198,237.2942631577733,87.85930275388172
485.5,137.91234498392112,236.64187256883497,1,89.40901713508603,0.0,89.40901713508603,21.536765312157883,0.0,0.16965193307716026,0.0,0.0,False,0.003921494000223902,0,0,122,3,150.0,0.0,1,,,1,True,True,True,487.0,374.5542175527561,112.44578244724391,True,True,0,ML-Robust-MPC,137.91234498392112,236.64187256883497,89.40901713508603
476.5,135.04436427510018,235.3085420673167,1,89.0649377648684,0.0,89.0649377648684,17.082155892714752,0.0,0.16867289625522747,0.0,0.0,False,0.004102650999811885,0,0,123,3,150.0,0.0,1,,,1,True,True,True,485.5,370.3529063424169,115.14709365758313,True,True,0,ML-Robust-MPC,135.04436427510018,235.3085420673167,89.0649377648684
433.5,139.20614357534637,235.2345239816124,1,59.05933244304124,0.0,59.05933244304124,0.0,0.0,0.16802369284711244,0.0,0.0,False,0.003928021000319859,0,0,124,3,150.0,0.0,1,,,1,True,True,True,476.5,374.4406675569588,102.05933244304123,True,True,0,ML-Robust-MPC,139.20614357534637,235.2345239816124,93.04642381027612
418.5,139.84629960032555,234.84834771215637,1,43.80535268751805,0.0,43.80535268751805,0.0,0.0,0.16754216718330908,0.0,0.0,False,0.004221013000005769,0,0,125,3,150.0,0.0,1,,,1,True,True,True,450.3830871582031,374.69464731248195,75.68843984572118,True,True,0,ML-Robust-MPC,139.84629960032555,234.84834771215637,84.36087783627018
413.5,146.92705585113245,233.9042458510888,1,32.66869829777875,0.0,32.66869829777875,0.0,0.0,0.16718306000420147,0.0,0.0,False,0.004134583999984898,0,0,126,3,150.0,0.0,1,,,1,True,True,True,445.0523986816406,380.83130170222125,64.22109697941937,True,True,0,ML-Robust-MPC,146.92705585113245,233.9042458510888,81.3587645460765
439.0,147.08701954761085,236.72731529596763,1,55.18566515642152,0.0,55.18566515642152,0.0,0.0,0.1665764374702743,0.0,0.0,False,0.0038300530000014987,0,0,127,3,150.0,0.0,1,,,1,True,True,True,451.4964599609375,383.8143348435785,67.68212511735902,True,True,0,ML-Robust-MPC,147.08701954761085,236.72731529596763,85.9551377884482
445.0,146.1316147900556,236.7004708068,1,62.16791440314438,0.0,62.16791440314438,0.0,0.0,0.16589306330676087,0.0,0.0,False,0.0047009570002956025,0,0,128,3,150.0,0.0,1,,,1,True,True,True,460.5972595214844,382.8320855968556,77.76517392462875,True,True,0,ML-Robust-MPC,146.1316147900556,236.7004708068,94.63316870875728
456.5,146.36237471820564,237.8422401893436,1,72.2953850924507,0.0,72.2953850924507,0.0,0.0,0.16509836400266234,0.0,0.0,False,0.00411412100038433,0,0,129,3,150.0,0.0,1,,,1,True,True,True,474.9403076171875,384.2046149075493,90.73569270963822,True,True,0,ML-Robust-MPC,146.36237471820564,237.8422401893436,100.56735820685924
417.0,145.34018884765086,239.57759973738985,1,32.08221141495926,0.0,32.08221141495926,0.0,0.0,0.16474570371801475,0.0,0.0,False,0.0039838430002419045,0,0,130,3,150.0,0.0,1,,,1,True,True,True,481.689208984375,384.91778858504074,96.77142039933426,True,True,0,ML-Robust-MPC,145.34018884765086,239.57759973738985,106.34872279053997
423.5,147.45564188675368,239.60760911379705,1,36.436748999449264,0.0,36.436748999449264,0.0,0.0,0.1643451766437562,0.0,0.0,False,0.003933303999929194,0,0,131,3,150.0,0.0,1,,,1,True,True,True,466.14117431640625,387.06325100055074,79.07792331585551,True,True,0,ML-Robust-MPC,147.45564188675368,239.60760911379705,103.72368861144486
445.5,146.4555196684234,240.3870429138847,2,58.65743741769188,0.0,58.65743741769188,0.0,0.0,0.1637003910238106,0.0,0.0,False,0.004112346000056277,1,0,132,3,150.0,0.0,1,,,2,True,True,False,466.52984619140625,386.4555196684234,80.07432652298286,True,True,0,ML-Robust-MPC,146.4555196684234,240.3870429138847,106.10711763668148
387.5,147.6672193367585,241.400046797259,2,-1.5672661340174727,1.5672661340174727,0.0,0.0,0.0,0.16371593929894965,0.0,1.5672661340174727,False,0.004323456999827613,0,0,133,3,150.0,0.0,1,,,2,True,True,False,477.39227294921875,387.66721933675854,89.72505361246021,True,True,0,ML-Robust-MPC,147.6672193367585,241.400046797259,105.25477888628282
425.0,145.98629103878235,239.58386070471377,1,39.429848256503874,0.0,39.429848256503874,0.0,0.0,0.16328251090057977,0.0,0.0,False,0.004144956999880378,0,0,134,3,150.0,0.0,1,,,1,True,True,True,456.99017333984375,385.5701517434961,71.42002159634762,True,True,0,ML-Robust-MPC,145.98629103878235,239.58386070471377,101.17267074041568
448.0,143.98047244405936,241.7216286152701,2,62.29789894067051,0.0,62.29789894067051,0.0,0.0,0.16259770789591163,0.0,0.0,False,0.004216391000227304,1,0,135,3,150.0,0.0,1,,,2,True,True,False,477.229736328125,383.9804724440594,93.24926388406561,True,True,0,ML-Robust-MPC,143.98047244405936,241.7216286152701,101.69948058233824
407.5,142.44444840803845,241.7046249996421,2,23.35092659231941,0.0,23.35092659231941,0.0,0.0,0.16234102532773328,0.0,0.0,False,0.004186871000001702,0,0,136,3,150.0,0.0,1,,,2,True,True,False,490.15582275390625,382.44444840803845,107.7113743458678,True,True,0,ML-Robust-MPC,142.44444840803845,241.7046249996421,96.22581797071348
454.5,142.67077736502654,240.1757188786185,2,71.65350375635495,0.0,71.65350375635495,0.0,0.0,0.16155338183570986,0.0,0.0,False,0.004226484000355413,0,0,137,3,150.0,0.0,1,,,2,True,True,False,488.03509521484375,382.67077736502654,105.36431784981721,True,True,0,ML-Robust-MPC,142.67077736502654,240.1757188786185,105.55421057033328
447.5,144.4193267913044,243.6997964861507,2,59.38087672254494,0.0,59.38087672254494,0.0,0.0,0.16090064388642278,0.0,0.0,False,0.004331032999743911,0,0,138,3,150.0,0.0,1,,,2,True,True,False,486.7278137207031,384.4193267913044,102.30848692939873,True,True,0,ML-Robust-MPC,144.4193267913044,243.6997964861507,102.73283144651846
421.5,142.0678059094452,243.9791551825824,2,35.45303890797243,0.0,35.45303890797243,0.0,0.0,0.16051093014034737,0.0,0.0,False,0.00422461000016483,0,0,139,3,150.0,0.0,1,,,2,True,True,False,498.79156494140625,382.0678059094452,116.72375903196104,True,True,0,ML-Robust-MPC,142.0678059094452,243.9791551825824,94.95544423690806
452.0,140.92905214085485,245.1864557457852,2,65.88449211335995,0.0,65.88449211335995,0.0,0.0,0.15978670189304753,0.0,0.0,False,0.0042494689996601664,0,0,140,3,150.0,0.0,1,,,2,True,True,False,499.1121826171875,380.9290521408549,118.18313047633262,True,True,0,ML-Robust-MPC,140.92905214085485,245.1864557457852,89.26278567052906
462.5,140.13349012424771,247.1525594214719,2,75.2139504542804,0.0,75.2139504542804,0.0,0.0,0.1589599205707255,0.0,0.0,False,0.004537400000117486,0,0,141,3,150.0,0.0,1,,,2,True,True,False,537.1474609375,380.1334901242477,157.01397081325229,True,True,0,ML-Robust-MPC,140.13349012424771,247.1525594214719,90.09709333245873
438.5,139.28390405107424,248.35612496501903,2,50.85997098390669,0.0,50.85997098390669,0.0,0.0,0.1584008477682818,0.0,0.0,False,0.004115474000172981,0,0,142,3,150.0,0.0,1,,,2,True,True,False,563.643310546875,379.2839040510743,184.35940649580073,True,True,0,ML-Robust-MPC,139.28390405107424,248.35612496501903,101.3786507408359
443.0,139.49436810840157,248.46302184363435,2,55.042610047964104,0.0,55.042610047964104,0.0,0.0,0.1577957977523652,0.0,0.0,False,0.004080730000168842,0,0,143,3,150.0,0.0,1,,,2,True,True,False,571.1370849609375,379.49436810840155,191.64271685253595,True,True,0,ML-Robust-MPC,139.49436810840157,248.46302184363435,98.92309069828556
487.0,139.80900238167337,246.189493894784,2,92.07159059355332,0.0,92.07159059355332,8.929913129989345,0.0,0.15678371062013163,0.0,0.0,False,0.004227362999699835,0,0,144,3,150.0,0.0,1,,,2,True,True,False,607.7630615234375,379.8090023816734,227.9540591417641,True,True,0,ML-Robust-MPC,139.80900238167337,246.189493894784,92.07159059355332
458.0,137.17615164368456,246.83416876680545,2,73.98967958950999,0.0,73.98967958950999,0.0,0.0,0.15597038696461665,0.0,0.0,False,0.007899939000253653,0,0,145,3,150.0,0.0,1,,,2,True,True,False,640.0845947265625,377.17615164368453,262.90844308287797,True,True,0,ML-Robust-MPC,137.17615164368456,246.83416876680545,100.6869723354138
446.0,136.54910482800136,248.2327085293641,2,61.21818664263458,0.0,61.21818664263458,0.0,0.0,0.15529745258214034,0.0,0.0,False,0.007819391999873915,0,0,146,3,150.0,0.0,1,,,2,True,True,False,646.0596313476562,376.54910482800136,269.5105265196549,True,True,0,ML-Robust-MPC,136.54910482800136,248.2327085293641,97.091103171647
449.5,139.79631479895295,246.38856684966515,2,63.3151183513819,0.0,63.3151183513819,0.0,0.0,0.15460146790167403,0.0,0.0,False,0.008696422999946662,0,0,147,3,150.0,0.0,1,,,2,True,True,False,645.7842407226562,379.79631479895295,265.9879259237033,True,True,0,ML-Robust-MPC,139.79631479895295,246.38856684966515,94.76617397350824
471.5,138.75887233875545,246.860124043298,2,85.88100361794659,0.0,85.88100361794659,0.0,0.0,0.15365743013601046,0.0,0.0,False,0.008090758999969694,0,0,148,3,150.0,0.0,1,,,2,True,True,False,677.5602416992188,378.75887233875545,298.8013693604633,True,True,0,ML-Robust-MPC,138.75887233875545,246.860124043298,97.71463122961168
424.5,139.3162594500663,249.4054992897672,2,35.77824126016651,0.0,35.77824126016651,0.0,0.0,0.1532641416377894,0.0,0.0,False,0.009775946999980079,0,0,149,3,150.0,0.0,1,,,2,True,True,False,690.4020385742188,379.3162594500663,311.08577912415245,True,True,0,ML-Robust-MPC,139.3162594500663,249.4054992897672,105.2038844985822
476.5,140.42143564139073,249.58790267704543,2,86.49066168156384,0.0,86.49066168156384,0.0,0.0,0.15231340227093407,0.0,0.0,False,0.008898518000023614,0,0,150,3,150.0,0.0,1,,,2,True,True,False,677.5560913085938,380.42143564139076,297.134655667203,True,True,0,ML-Robust-MPC,140.42143564139073,249.58790267704543,106.81329359284577
475.5,141.7667622579158,246.6860228247688,2,87.04721491731539,0.0,87.04721491731539,0.0,0.0,0.15135654505203908,0.0,0.0,False,0.008119551000163483,0,0,151,3,150.0,0.0,1,,,2,True,True,False,721.32470703125,381.7667622579158,339.5579447733342,True,True,0,ML-Robust-MPC,141.7667622579158,246.6860228247688,98.66876036253323
480.5,142.1813162200619,245.9143053494808,2,92.4043784304573,0.0,92.4043784304573,0.0,0.0,0.15034079978502882,0.0,0.0,False,0.008530024999799934,0,0,152,3,150.0,0.0,1,,,2,True,True,False,748.9439086914062,382.1813162200619,366.76259247134436,True,True,0,ML-Robust-MPC,142.1813162200619,245.9143053494808,104.3027768042092
516.5,142.65640316709386,242.22615475662428,2,31.003238043642035,0.0,31.003238043642035,100.61420403263983,0.0,0.15,0.0,0.0,False,0.010201202000189369,0,0,153,3,150.0,0.0,1,,,2,True,True,False,784.8631591796875,382.65640316709386,402.20675601259364,True,True,0,ML-Robust-MPC,142.65640316709386,242.22615475662428,98.53158676079543
532.5,140.33497285313345,239.67788447856373,1,0.0,0.0,0.0,152.4871426683028,0.0,0.15,0.0,0.0,False,0.004921866000131558,0,0,154,3,150.0,0.0,1,,,1,True,True,True,826.9295654296875,380.0128573316972,446.9167080979903,True,True,0,ML-Robust-MPC,140.33497285313345,239.67788447856373,94.06278702048714
523.5,140.91985383823595,239.844512851494,1,0.0,0.0,0.0,142.73563331027003,0.0,0.15,0.0,0.0,False,0.005199639000238676,0,0,155,3,150.0,0.0,1,,,1,True,True,True,885.5652465820312,380.76436668972997,504.8008798923013,True,True,0,ML-Robust-MPC,140.91985383823595,239.844512851494,97.7622423251888
561.5,137.62100319153518,239.94596634473947,1,0.0,0.0,0.0,183.93303046372534,0.0,0.15,0.0,0.0,False,0.004574458000206505,0,0,156,3,150.0,0.0,1,,,1,True,True,True,930.5721435546875,377.56696953627466,553.0051740184128,True,True,0,ML-Robust-MPC,137.62100319153518,239.94596634473947,95.4270583380447
556.0,136.06433532949404,241.7632041735408,2,0.0,0.0,0.0,178.1724604969652,0.0,0.15,0.0,0.0,False,0.00462844399999085,1,0,157,3,150.0,0.0,1,,,2,True,True,False,982.2747802734375,376.06433532949404,606.2104449439435,True,True,0,ML-Robust-MPC,136.06433532949404,241.7632041735408,101.28379518595096
572.5,136.59753537007902,238.052142098622,1,0.0,0.0,0.0,197.85032253129896,0.0,0.15,0.0,0.0,False,0.004660435999994661,0,0,158,3,150.0,0.0,1,,,1,True,True,True,1044.634765625,374.64967746870104,669.985088156299,True,True,0,ML-Robust-MPC,136.59753537007902,238.052142098622,93.2094261071004
628.5,137.06149118155474,236.1701686196281,1,0.0,0.0,0.0,255.26834019881716,0.0,0.15,0.0,0.0,False,0.004161632999966969,0,0,159,3,150.0,0.0,1,,,1,True,True,True,1114.919921875,373.23165980118284,741.6882620738172,True,True,0,ML-Robust-MPC,137.06149118155474,236.1701686196281,90.23398157934987
644.5,137.45339365138562,237.7447822251831,1,0.0,0.0,0.0,269.3018241234313,0.0,0.15,0.0,0.0,False,0.004399886000101105,0,0,160,3,150.0,0.0,1,,,1,True,True,True,1172.99365234375,375.1981758765687,797.7954764671813,True,True,0,ML-Robust-MPC,137.45339365138562,237.7447822251831,94.97502717949877
654.5,138.22504079234798,239.0896378089128,1,0.0,0.0,0.0,277.18532139873923,0.0,0.15,0.0,0.0,False,0.004122980999909487,0,0,161,3,150.0,0.0,1,,,1,True,True,True,1186.1676025390625,377.31467860126077,808.8529239378017,True,True,0,ML-Robust-MPC,138.22504079234798,239.0896378089128,91.5688911158325
714.5,136.2237591339617,238.6705708390196,1,0.0,0.0,0.0,339.60567002701873,0.0,0.15,0.0,0.0,False,0.004332255999997869,0,0,162,3,150.0,0.0,1,,,1,True,True,True,1226.891845703125,374.89432997298127,851.9975157301437,True,True,0,ML-Robust-MPC,136.2237591339617,238.6705708390196,95.98793381967852
752.0,138.32446785965976,242.08712719364743,2,0.0,0.0,0.0,371.5884049466928,0.0,0.15,0.0,0.0,False,0.004275371999938216,1,0,163,3,150.0,0.0,1,,,2,True,True,False,1240.1265869140625,378.32446785965976,861.8021190544027,True,True,0,ML-Robust-MPC,138.32446785965976,242.08712719364743,95.836692690124
781.5,137.8110102086385,243.60732557329703,2,0.0,0.0,0.0,400.0816642180645,0.0,0.15,0.0,0.0,False,0.005379639999773644,0,0,164,3,150.0,0.0,1,,,2,True,True,False,1233.27392578125,377.8110102086385,855.4629155726116,True,True,0,ML-Robust-MPC,137.8110102086385,243.60732557329703,102.61554707107108
784.0,135.13414670473193,243.12123101642564,2,0.0,0.0,0.0,405.7446222788424,0.0,0.15,0.0,0.0,False,0.005648881000070105,0,0,165,3,150.0,0.0,1,,,2,True,True,False,1226.0804443359375,375.13414670473196,850.9462976312055,True,True,0,ML-Robust-MPC,135.13414670473193,243.12123101642564,110.41686070319726
846.0,136.7040879555291,242.621299790364,2,0.0,0.0,0.0,466.67461225410693,0.0,0.15,0.0,0.0,False,0.0059142220002286194,0,0,166,3,150.0,0.0,1,,,2,True,True,False,1237.5018310546875,376.7040879555291,860.7977430991584,True,True,0,ML-Robust-MPC,136.7040879555291,242.621299790364,103.60712510709396
874.5,138.59780304203423,244.2059970917428,2,0.0,0.0,0.0,491.69619986622297,0.0,0.15,0.0,0.0,False,0.005902929000058066,0,0,167,3,150.0,0.0,1,,,2,True,True,False,1238.715576171875,378.59780304203423,860.1177731298408,True,True,0,ML-Robust-MPC,138.59780304203423,244.2059970917428,103.41641039426068
965.5,135.91787469454383,244.8673366697328,2,0.0,0.0,0.0,584.7147886357234,0.0,0.15,0.0,0.0,False,0.010072016999856714,0,0,168,3,150.0,0.0,1,,,2,True,True,False,1247.1668701171875,375.9178746945438,871.2489954226437,True,True,0,ML-Robust-MPC,135.91787469454383,244.8673366697328,103.8708389233786
1029.5,137.47398753878142,248.42976208034372,2,0.0,0.0,0.0,643.5962503808748,0.0,0.15,0.0,0.0,False,0.007780369999636605,0,0,169,3,150.0,0.0,1,,,2,True,True,False,1255.1207275390625,377.47398753878144,877.646740000281,True,True,0,ML-Robust-MPC,137.47398753878142,248.42976208034372,99.88359037587917
1058.0,140.76248762210187,248.04242501407344,2,0.0,0.0,0.0,669.1950873638247,0.0,0.15,0.0,0.0,False,0.007710619000135921,0,0,170,3,150.0,0.0,1,,,2,True,True,False,1263.613525390625,380.76248762210184,882.8510377685232,True,True,0,ML-Robust-MPC,140.76248762210187,248.04242501407344,101.5849032486624
1134.0,138.01955496871398,246.59875537033687,2,0.0,0.0,0.0,749.3816896609492,0.0,0.15,0.0,0.0,False,0.007660858999770426,0,0,171,3,150.0,0.0,1,,,2,True,True,False,1246.1348876953125,378.019554968714,868.1153327265986,True,True,0,ML-Robust-MPC,138.01955496871398,246.59875537033687,95.2193547866474
1172.0,138.51376008930632,244.42095321832176,2,0.0,0.0,0.0,789.065286692372,0.0,0.15,0.0,0.0,False,0.008081138000306964,0,0,172,3,150.0,0.0,1,,,2,True,True,False,1236.2774658203125,378.5137600893063,857.7637057310062,True,True,0,ML-Robust-MPC,138.51376008930632,244.42095321832176,94.880392337533
1218.5,138.11138474728887,242.8621176624809,2,0.0,0.0,0.0,837.5264975902303,0.0,0.15,0.0,0.0,False,0.010583904999748484,0,0,173,3,150.0,0.0,1,,,2,True,True,False,1230.23828125,378.11138474728887,852.1268965027111,True,True,0,ML-Robust-MPC,138.11138474728887,242.8621176624809,100.9552934358328
1238.0,141.87412934173622,245.0171077068764,2,0.0,0.0,0.0,851.1087629513873,0.0,0.15,0.0,0.0,False,0.007828066000001854,0,0,174,3,150.0,0.0,1,,,2,True,True,False,1231.6617431640625,381.8741293417362,849.7876138223263,True,True,0,ML-Robust-MPC,141.87412934173622,245.0171077068764,104.83705067874476
1172.5,136.76002022815456,244.60287076810903,2,0.0,0.0,0.0,791.1371090037364,0.0,0.15,0.0,0.0,False,0.007839712999611947,0,0,175,3,150.0,0.0,1,,,2,True,True,False,1238.0,376.76002022815453,861.2399797718455,True,True,0,ML-Robust-MPC,136.76002022815456,244.60287076810903,106.1857128343418
1126.5,137.01726090602725,245.6464956995604,2,0.0,0.0,0.0,743.8362433944123,0.0,0.15,0.0,0.0,False,0.007667866000247159,0,0,176,3,150.0,0.0,1,,,2,True,True,False,1172.5,377.0172609060272,795.4827390939728,True,True,0,ML-Robust-MPC,137.01726090602725,245.6464956995604,108.77291672469588
1104.0,139.80181670660463,248.06146798015368,2,0.0,0.0,0.0,716.1367153132417,0.0,0.15,0.0,0.0,False,0.007743312999991758,0,0,177,3,150.0,0.0,1,,,2,True,True,False,1126.5,379.80181670660465,746.6981832933953,True,True,0,ML-Robust-MPC,139.80181670660463,248.06146798015368,106.62796749228367
1042.5,138.86449146115044,247.34619761727276,2,0.0,0.0,0.0,656.2893109215768,0.0,0.15,0.0,0.0,False,0.00759165799991024,0,0,178,3,150.0,0.0,1,,,2,True,True,False,1104.0,378.86449146115046,725.1355085388495,True,True,0,ML-Robust-MPC,138.86449146115044,247.34619761727276,108.11614526929054
1017.5,139.2055754581402,246.70816046049063,2,0.0,0.0,0.0,631.5862640813691,0.0,0.15,0.0,0.0,False,0.007890202999988105,0,0,179,3,150.0,0.0,1,,,2,True,True,False,1042.5,379.2055754581402,663.2944245418598,True,True,0,ML-Robust-MPC,139.2055754581402,246.70816046049063,107.39416170505444
955.0,137.0961980785942,248.1606265756517,2,0.0,0.0,0.0,569.7431753457541,0.0,0.15,0.0,0.0,False,0.007835542000066198,0,0,180,3,150.0,0.0,1,,,2,True,True,False,1017.5,377.09619807859417,640.4038019214058,True,True,0,ML-Robust-MPC,137.0961980785942,248.1606265756517,101.80333775280954
935.0,135.17958924682804,248.1840565752177,2,0.0,0.0,0.0,551.6363541779542,0.0,0.15,0.0,0.0,False,0.007756133999919257,0,0,181,3,150.0,0.0,1,,,2,True,True,False,955.0,375.1795892468281,579.8204107531719,True,True,0,ML-Robust-MPC,135.17958924682804,248.1840565752177,94.57111198593472
836.5,133.72099566415292,248.00386498455217,2,0.0,0.0,0.0,454.7751393512949,0.0,0.15,0.0,0.0,False,0.007733260999884806,0,0,182,3,150.0,0.0,1,,,2,True,True,False,935.0,373.72099566415295,561.279004335847,True,True,0,ML-Robust-MPC,133.72099566415292,248.00386498455217,102.2937239261467
822.0,135.2788787377655,247.8470977121572,2,0.0,0.0,0.0,438.8740235500773,0.0,0.15,0.0,0.0,False,0.0075274219998391345,0,0,183,3,150.0,0.0,1,,,2,True,True,False,836.5,375.27887873776547,461.22112126223453,True,True,0,ML-Robust-MPC,135.2788787377655,247.8470977121572,103.90795495664251
769.0,134.85687753430497,251.5634801934137,2,0.0,0.0,0.0,382.5796422722813,0.0,0.15,0.0,0.0,False,0.007564381000065623,0,0,184,3,150.0,0.0,1,,,2,True,True,False,822.0,374.856877534305,447.143122465695,True,True,0,ML-Robust-MPC,134.85687753430497,251.5634801934137,110.29855566593984
774.0,136.5899746659676,250.5696339490616,2,0.0,0.0,0.0,386.8403913849708,0.0,0.15,0.0,0.0,False,0.0076634379997813085,0,0,185,3,150.0,0.0,1,,,2,True,True,False,769.0,376.5899746659676,392.4100253340324,True,True,0,ML-Robust-MPC,136.5899746659676,250.5696339490616,101.0467484524344
697.0,133.797427093032,249.62136186365117,2,0.0,0.0,0.0,313.5812110433168,0.0,0.15,0.0,0.0,False,0.007470728000043891,0,0,186,3,150.0,0.0,1,,,2,True,True,False,774.0,373.797427093032,400.202572906968,True,True,0,ML-Robust-MPC,133.797427093032,249.62136186365117,94.33610768331248
656.0,138.27488129905075,246.77428458599812,2,0.0,0.0,0.0,270.95083411495114,0.0,0.15,0.0,0.0,False,0.007548369000232924,0,0,187,3,150.0,0.0,1,,,2,True,True,False,697.0,378.2748812990508,318.7251187009492,True,True,0,ML-Robust-MPC,138.27488129905075,246.77428458599812,98.77226601074956
628.0,138.33230455550932,245.0941674822199,2,0.0,0.0,0.0,244.57352796227076,0.0,0.15,0.0,0.0,False,0.00748123499988651,0,0,188,3,150.0,0.0,1,,,2,True,True,False,656.0,378.3323045555093,277.6676954444907,True,True,0,ML-Robust-MPC,138.33230455550932,245.0941674822199,104.10326464346952
599.5,140.4279888434158,245.49510853978487,2,0.0,0.0,0.0,213.57690261679932,0.0,0.15,0.0,0.0,False,0.008143957999891427,0,0,189,3,150.0,0.0,1,,,2,True,True,False,628.0,380.4279888434158,247.5720111565842,True,True,0,ML-Robust-MPC,140.4279888434158,245.49510853978487,104.65825525987998
623.5,138.60802125209503,245.81145302083425,2,0.0,0.0,0.0,239.08052572707072,0.0,0.15,0.0,0.0,False,0.01045337899995502,0,0,190,3,150.0,0.0,1,,,2,True,True,False,599.5,378.608021252095,220.891978747905,True,True,0,ML-Robust-MPC,138.60802125209503,245.81145302083425,106.1470357558745
557.0,137.59055344443453,247.9572643440288,2,0.0,0.0,0.0,171.45218221153664,0.0,0.15,0.0,0.0,False,0.00949334999995699,0,0,191,3,150.0,0.0,1,,,2,True,True,False,623.5,377.59055344443453,245.90944655556547,True,True,0,ML-Robust-MPC,137.59055344443453,247.9572643440288,106.5775694485247
549.5,140.7875386149467,248.0656076796032,2,0.0,0.0,0.0,160.6468537054501,0.0,0.15,0.0,0.0,False,0.009065542999906029,0,0,192,3,150.0,0.0,1,,,2,True,True,False,557.0,380.7875386149467,176.2124613850533,True,True,0,ML-Robust-MPC,140.7875386149467,248.0656076796032,105.57189220607506
509.0,142.37177899999156,248.0957834389592,2,0.0,0.0,0.0,118.53243756104928,0.0,0.15,0.0,0.0,False,0.009010622000005242,0,0,193,3,150.0,0.0,1,,,2,True,True,False,549.5,382.37177899999153,167.12822100000847,True,True,0,ML-Robust-MPC,142.37177899999156,248.0957834389592,105.17729932552012
494.0,141.23375947743855,248.8890506822834,2,0.0,0.0,0.0,103.87718984027805,0.0,0.15,0.0,0.0,False,0.00903430699963792,0,0,194,3,150.0,0.0,1,,,2,True,True,False,509.0,381.2337594774385,127.76624052256147,True,True,0,ML-Robust-MPC,141.23375947743855,248.8890506822834,105.87227390008178
528.5,139.37650520849655,250.1490492750485,2,0.0,0.0,0.0,138.97444551645492,0.0,0.15,0.0,0.0,False,0.009893192000163253,0,0,195,3,150.0,0.0,1,,,2,True,True,False,494.0,379.37650520849655,114.62349479150345,True,True,0,ML-Robust-MPC,139.37650520849655,250.1490492750485,102.48899976935262
500.5,141.42059827187387,247.86152282197224,2,0.0,0.0,0.0,111.21787890615389,0.0,0.15,0.0,0.0,False,0.009763331999693037,0,0,196,3,150.0,0.0,1,,,2,True,True,False,528.5,381.42059827187387,147.07940172812613,True,True,0,ML-Robust-MPC,141.42059827187387,247.86152282197224,107.00223702539344
469.5,140.15315811570682,249.1247145160877,2,0.0,0.0,0.0,80.22212736820552,0.0,0.15,0.0,0.0,False,0.009443705000194313,0,0,197,3,150.0,0.0,1,,,2,True,True,False,500.5,380.1531581157068,120.34684188429321,True,True,0,ML-Robust-MPC,140.15315811570682,249.1247145160877,107.62921598582732
448.0,140.5727064045529,247.046136915092,2,0.0,0.0,0.0,60.381156680355105,0.0,0.15,0.0,0.0,False,0.010007336999933614,0,0,198,3,150.0,0.0,1,,,2,True,True,False,469.5,380.5727064045529,88.92729359544711,True,True,0,ML-Robust-MPC,140.5727064045529,247.046136915092,107.82998220262586
463.0,141.61917018912544,245.6747365829689,2,0.0,0.0,0.0,75.70609322790563,0.0,0.15,0.0,0.0,False,0.008051731999785261,0,0,199,3,150.0,0.0,1,,,2,True,True,False,455.7514343261719,381.61917018912544,74.13226413704643,True,True,0,ML-Robust-MPC,141.61917018912544,245.6747365829689,115.2224162064832
442.5,138.68337812043643,244.73079571081612,2,0.0,0.0,0.0,59.08582616874742,0.0,0.15,0.0,0.0,False,0.009004935000120895,0,0,200,2,80.0,0.0,1,,,2,True,True,False,463.0,378.68337812043643,84.31662187956357,True,True,0,ML-Robust-MPC,138.68337812043643,244.73079571081612,120.42507423221012
458.5,136.43403646770906,242.51940904062823,2,0.0,0.0,0.0,79.54655449166273,0.0,0.15,0.0,0.0,False,0.006700293999983842,0,0,201,2,80.0,0.0,1,,,2,True,True,False,444.3373107910156,376.43403646770906,67.90327432330656,True,True,0,ML-Robust-MPC,136.43403646770906,242.51940904062823,119.27368486568508
403.5,133.15950507876386,242.34643494430367,2,0.0,0.0,0.0,27.994059976932476,0.0,0.15,0.0,0.0,False,0.008124777999910293,0,0,202,2,80.0,0.0,1,,,2,True,True,False,460.1724853515625,373.15950507876386,87.01298027279864,True,True,0,ML-Robust-MPC,133.15950507876386,242.34643494430367,124.0102166000036
393.5,136.48997656864145,241.94613500092356,2,0.0,0.0,0.0,15.063888430434986,0.0,0.15,0.0,0.0,False,0.009908036000069842,0,0,203,2,80.0,0.0,1,,,2,True,True,False,435.40966796875,376.48997656864145,58.91969140010855,True,True,0,ML-Robust-MPC,136.48997656864145,241.94613500092356,119.10009508845302
436.0,134.91801735601163,244.11157525550763,2,0.0,0.0,0.0,56.97040738848074,0.0,0.15,0.0,0.0,False,0.009189104000142834,0,0,204,2,80.0,0.0,1,,,2,True,True,False,433.5498046875,374.91801735601166,58.63178733148834,True,True,0,ML-Robust-MPC,134.91801735601163,244.11157525550763,117.14488542971873
401.5,136.37877942601182,245.9567357411984,2,0.0,0.0,0.0,19.164484832789753,0.0,0.15,0.0,0.0,False,0.009592610000254354,0,0,205,2,80.0,0.0,1,,,2,True,True,False,439.57928466796875,376.3787794260118,63.20050524195693,True,True,0,ML-Robust-MPC,136.37877942601182,245.9567357411984,114.97368985758646
412.0,134.27771224547308,247.3829136857428,2,0.0,0.0,0.0,30.339374068784082,0.0,0.15,0.0,0.0,False,0.009104538999963552,0,0,206,2,80.0,0.0,1,,,2,True,True,False,440.4239807128906,374.2777122454731,66.14626846741754,True,True,0,ML-Robust-MPC,134.27771224547308,247.3829136857428,121.47685635280496
409.5,132.86833538362384,247.7874602921929,2,0.0,0.0,0.0,28.844204324183238,0.0,0.15,0.0,0.0,False,0.009322547000010672,0,0,207,2,80.0,0.0,1,,,2,True,True,False,452.83258056640625,372.86833538362384,79.9642451827824,True,True,0,ML-Robust-MPC,132.86833538362384,247.7874602921929,121.76718237674524
423.0,134.9686992171824,245.65975807759037,2,0.0,0.0,0.0,42.37154270522723,0.0,0.15,0.0,0.0,False,0.008768540999881225,0,0,208,3,150.0,0.0,1,,,2,True,True,False,459.21240234375,374.9686992171824,84.2437031265676,True,True,0,ML-Robust-MPC,134.9686992171824,245.65975807759037,117.94451109013808
398.0,133.57089211419347,244.1443493632862,2,0.0,0.0,0.0,20.284758522520292,0.0,0.15,0.0,0.0,False,0.008790659000169398,0,0,209,3,150.0,0.0,1,,,2,True,True,False,473.6805114746094,373.5708921141935,100.10961936041588,True,True,0,ML-Robust-MPC,133.57089211419347,244.1443493632862,118.5970650417878
394.0,130.5607358037825,245.36819064063863,2,0.0,0.0,0.0,18.07107355557889,0.0,0.15,0.0,0.0,False,0.009101460000238148,0,0,210,3,150.0,0.0,1,,,2,True,True,False,481.031494140625,370.5607358037825,110.4707583368425,True,True,0,ML-Robust-MPC,130.5607358037825,245.36819064063863,116.79504417274175
412.5,129.9409367927866,244.6214194408734,2,0.0,0.0,0.0,37.93764376633999,0.0,0.15,0.0,0.0,False,0.008987197000351443,0,0,211,3,150.0,0.0,1,,,2,True,True,False,489.7704772949219,369.9409367927866,119.82954050213527,True,True,0,ML-Robust-MPC,129.9409367927866,244.6214194408734,127.91962926087476
411.0,129.00052754188118,247.1040800178764,2,0.0,0.0,0.0,34.895392440242404,0.0,0.15,0.0,0.0,False,0.01144081999973423,0,0,212,3,150.0,0.0,1,,,2,True,True,False,506.2454528808594,369.0005275418812,137.2449253389782,True,True,0,ML-Robust-MPC,129.00052754188118,247.1040800178764,120.81969693898102
421.5,131.43583266242624,247.9070885466633,2,0.0,0.0,0.0,42.157078790910475,0.0,0.15,0.0,0.0,False,0.009332381999684003,0,0,213,3,150.0,0.0,1,,,2,True,True,False,510.48760986328125,371.43583266242626,139.05177720085499,True,True,0,ML-Robust-MPC,131.43583266242624,247.9070885466633,113.1437513353348
417.5,128.6129658078458,244.4997554777326,2,0.0,0.0,0.0,44.3872787144216,0.0,0.15,0.0,0.0,False,0.007818939000117098,0,0,214,3,150.0,0.0,1,,,2,True,True,False,511.4100341796875,368.6129658078458,142.7970683718417,True,True,0,ML-Robust-MPC,128.6129658078458,244.4997554777326,114.64267682641147
449.0,127.30191508180906,244.06061744982784,2,0.0,0.0,0.0,77.63746746836307,0.0,0.15,0.0,0.0,False,0.009166716999970959,0,0,215,3,150.0,0.0,1,,,2,True,True,False,520.0563354492188,367.30191508180906,152.7544203674097,True,True,0,ML-Robust-MPC,127.30191508180906,244.06061744982784,114.66695758953205
437.5,123.38232716000456,243.31877432273328,2,0.0,0.0,0.0,70.79889851726216,0.0,0.15,0.0,0.0,False,0.009233787000084703,0,0,216,3,150.0,0.0,1,,,2,True,True,False,556.8240356445312,363.3823271600046,193.44170848452666,True,True,0,ML-Robust-MPC,123.38232716000456,243.31877432273328,110.14565603693092
457.0,122.21069933625743,243.56760355708067,2,0.0,0.0,0.0,91.2216971066619,0.0,0.15,0.0,0.0,False,0.009106418000101257,0,0,217,3,150.0,0.0,1,,,2,True,True,False,598.3172607421875,362.21069933625745,236.10656140593005,True,True,0,ML-Robust-MPC,122.21069933625743,243.56760355708067,115.1357274287291
457.5,122.53678765088426,243.63665370546957,2,0.0,0.0,0.0,91.3265586436462,0.0,0.15,0.0,0.0,False,0.009316721000232064,0,0,218,3,150.0,0.0,1,,,2,True,True,False,627.7357177734375,362.53678765088426,265.19893012255324,True,True,0,ML-Robust-MPC,122.53678765088426,243.63665370546957,121.4649814297168
453.5,123.5073950293998,240.8139225154497,2,0.0,0.0,0.0,89.17868245515052,0.0,0.15,0.0,0.0,False,0.00821883499975229,0,0,219,3,150.0,0.0,1,,,2,True,True,False,664.2733764648438,363.5073950293998,300.76598143544396,True,True,0,ML-Robust-MPC,123.5073950293998,240.8139225154497,121.15081032061482
461.0,124.20020271084644,241.5660726924096,2,0.0,0.0,0.0,95.23372459674397,0.0,0.15,0.0,0.0,False,0.010090276000028098,0,0,220,3,150.0,0.0,1,,,2,True,True,False,671.508544921875,364.20020271084644,307.30834221102856,True,True,0,ML-Robust-MPC,124.20020271084644,241.5660726924096,116.36375515924166
481.0,127.41102355472756,242.3137584701118,2,0.0,0.0,0.0,111.27521797516067,0.0,0.15,0.0,0.0,False,0.009905508999963786,0,0,221,3,150.0,0.0,1,,,2,True,True,False,693.5929565429688,367.41102355472754,326.1819329882412,True,True,0,ML-Robust-MPC,127.41102355472756,242.3137584701118,105.17195548735292
491.5,129.09840630671962,242.64423590016457,2,0.0,0.0,0.0,119.75735779311583,0.0,0.15,0.0,0.0,False,0.009916741000324691,0,0,222,3,150.0,0.0,1,,,2,True,True,False,713.70556640625,369.09840630671965,344.60716009953035,True,True,0,ML-Robust-MPC,129.09840630671962,242.64423590016457,115.78594326663551
490.5,125.73430306434344,240.78047417111264,2,0.0,0.0,0.0,123.98522276454389,0.0,0.15,0.0,0.0,False,0.010546836999765219,0,0,223,3,150.0,0.0,1,,,2,True,True,False,743.043701171875,365.7343030643434,377.3093981075316,True,True,0,ML-Robust-MPC,125.73430306434344,240.78047417111264,117.27780640901594
474.0,125.3648448428294,241.41687127608503,2,0.0,0.0,0.0,107.21828388108554,0.0,0.15,0.0,0.0,False,0.009972437999749673,0,0,224,3,150.0,0.0,1,,,2,True,True,False,768.2893676757812,365.36484484282937,402.9245228329519,True,True,0,ML-Robust-MPC,125.3648448428294,241.41687127608503,119.14511340494094
485.0,124.87469651349596,240.76805993429844,2,0.0,0.0,0.0,119.3572435522056,0.0,0.15,0.0,0.0,False,0.009904971000196383,0,0,225,3,150.0,0.0,1,,,2,True,True,False,770.26953125,364.87469651349596,405.39483473650404,True,True,0,ML-Robust-MPC,124.87469651349596,240.76805993429844,112.69643612889708
519.0,126.01760720188597,239.8867183498747,1,0.0,0.0,0.0,153.09567444823932,0.0,0.15,0.0,0.0,False,0.004448659999980009,0,0,226,3,150.0,0.0,1,,,1,True,True,True,775.843017578125,365.9043255517607,409.9386920263643,True,True,0,ML-Robust-MPC,126.01760720188597,239.8867183498747,109.97245857181416
542.0,129.005197709774,241.11024226515377,2,0.0,0.0,0.0,171.88456002507223,0.0,0.15,0.0,0.0,False,0.004280166999706125,1,0,227,3,150.0,0.0,1,,,2,True,True,False,822.169189453125,369.005197709774,453.163991743351,True,True,0,ML-Robust-MPC,129.005197709774,241.11024226515377,104.7333169694698
545.0,130.0956156826092,240.17461491579647,2,0.0,0.0,0.0,174.72976940159435,0.0,0.15,0.0,0.0,False,0.005907890999878873,0,0,228,3,150.0,0.0,1,,,2,True,True,False,850.970703125,370.0956156826092,480.8750874423908,True,True,0,ML-Robust-MPC,130.0956156826092,240.17461491579647,106.06615055075066
576.0,130.7535454657039,241.7157208261308,2,0.0,0.0,0.0,203.53073370816531,0.0,0.15,0.0,0.0,False,0.0059878609999941546,0,0,229,3,150.0,0.0,1,,,2,True,True,False,899.842529296875,370.7535454657039,529.0889838311712,True,True,0,ML-Robust-MPC,130.7535454657039,241.7157208261308,103.8590785443435
581.0,127.8664009027091,242.93263469186996,2,0.0,0.0,0.0,210.2009644054209,0.0,0.15,0.0,0.0,False,0.010074640000311774,0,0,230,3,150.0,0.0,1,,,2,True,True,False,958.2168579101562,367.8664009027091,590.3504570074472,True,True,0,ML-Robust-MPC,127.8664009027091,242.93263469186996,109.69806027379308
609.0,130.65776002559977,242.24102882291905,2,0.0,0.0,0.0,236.10121115148115,0.0,0.15,0.0,0.0,False,0.005994752999868069,0,0,231,3,150.0,0.0,1,,,2,True,True,False,1015.367919921875,370.65776002559977,644.7101598962752,True,True,0,ML-Robust-MPC,130.65776002559977,242.24102882291905,107.63810270404458
614.5,129.0636842699313,241.49235255018183,2,0.0,0.0,0.0,243.94396317988685,0.0,0.15,0.0,0.0,False,0.009785368000393646,0,0,232,3,150.0,0.0,1,,,2,True,True,False,1066.51220703125,369.0636842699313,697.4485227613187,True,True,0,ML-Robust-MPC,129.0636842699313,241.49235255018183,107.25711901656244
629.5,131.12967100939025,241.5535850925341,2,0.0,0.0,0.0,256.81674389807563,0.0,0.15,0.0,0.0,False,0.009278697999889118,0,0,233,3,150.0,0.0,1,,,2,True,True,False,1139.8673095703125,371.1296710093902,768.7376385609223,True,True,0,ML-Robust-MPC,131.12967100939025,241.5535850925341,102.5481597642357
639.5,131.42982603043058,243.46724644215672,2,0.0,0.0,0.0,264.6029275274127,0.0,0.15,0.0,0.0,False,0.009231568000359403,0,0,234,3,150.0,0.0,1,,,2,True,True,False,1166.1533203125,371.4298260304306,794.7234942820694,True,True,0,ML-Robust-MPC,131.42982603043058,243.46724644215672,102.02843260734248
715.0,136.67737824849,240.87720153733972,2,0.0,0.0,0.0,337.4454202141703,0.0,0.15,0.0,0.0,False,0.008967129999746248,0,0,235,3,150.0,0.0,1,,,2,True,True,False,1181.6839599609375,376.67737824848996,805.0065817124475,True,True,0,ML-Robust-MPC,136.67737824849,240.87720153733972,104.87422009359248
750.5,141.06550823442652,239.9901452412868,1,0.0,0.0,0.0,369.4443465242867,0.0,0.15,0.0,0.0,False,0.004317566999816336,0,0,236,3,150.0,0.0,1,,,1,True,True,True,1203.8125,381.0556534757133,822.7568465242866,True,True,0,ML-Robust-MPC,141.06550823442652,239.9901452412868,98.87092412865796
731.5,138.17934685407127,236.6573365573337,1,0.0,0.0,0.0,356.663316588595,0.0,0.15,0.0,0.0,False,0.004239793999659014,0,0,237,3,150.0,0.0,1,,,1,True,True,True,1218.748046875,374.836683411405,843.9113634635951,True,True,0,ML-Robust-MPC,138.17934685407127,236.6573365573337,100.03764193472486
792.5,140.30009208891147,235.9069575439505,1,0.0,0.0,0.0,416.292950367138,0.0,0.15,0.0,0.0,False,0.004277825999906781,0,0,238,3,150.0,0.0,1,,,1,True,True,True,1207.674560546875,376.207049632862,831.467510914013,True,True,0,ML-Robust-MPC,140.30009208891147,235.9069575439505,100.11622225980918
798.0,138.19085572563594,233.8668823589636,1,0.0,0.0,0.0,425.9422619154004,0.0,0.15,0.0,0.0,False,0.004156410000177857,0,0,239,3,150.0,0.0,1,,,1,True,True,True,1226.1514892578125,372.0577380845996,854.0937511732129,True,True,0,ML-Robust-MPC,138.19085572563594,233.8668823589636,103.77820383979574
853.0,135.81406040302394,232.03447826100268,1,0.0,0.0,0.0,485.1514613359734,0.0,0.15,0.0,0.0,False,0.0042141349999837985,0,0,240,3,150.0,0.0,1,,,1,True,True,True,1219.9544677734375,367.8485386640266,852.1059291094109,True,True,0,ML-Robust-MPC,135.81406040302394,232.03447826100268,97.44462877457624
902.5,137.00921937135823,235.69395334654703,1,0.0,0.0,0.0,529.7968272820947,0.0,0.15,0.0,0.0,False,0.004204512999876897,0,0,241,3,150.0,0.0,1,,,1,True,True,True,1223.8472900390625,372.70317271790526,851.1441173211572,True,True,0,ML-Robust-MPC,137.00921937135823,235.69395334654703,105.46399201807482
934.0,133.13869074469633,236.5558358886879,1,0.0,0.0,0.0,564.3054733666157,0.0,0.15,0.0,0.0,False,0.0040707279999878665,0,0,242,3,150.0,0.0,1,,,1,True,True,True,1231.6600341796875,369.69452663338427,861.9655075463032,True,True,0,ML-Robust-MPC,133.13869074469633,236.5558358886879,98.74947432158535
1002.5,134.81184182224504,236.09178188048628,1,0.0,0.0,0.0,631.5963762972686,0.0,0.15,0.0,0.0,False,0.004358909000075073,0,0,243,3,150.0,0.0,1,,,1,True,True,True,1229.409912109375,370.90362370273135,858.5062884066436,True,True,0,ML-Robust-MPC,134.81184182224504,236.09178188048628,101.38798516121652
1050.0,136.20309266805373,234.9092050440606,1,0.0,0.0,0.0,678.8877022878856,0.0,0.15,0.0,0.0,False,0.004224281999995583,0,0,244,3,150.0,0.0,1,,,1,True,True,True,1212.531982421875,371.11229771211435,841.4196847097606,True,True,0,ML-Robust-MPC,136.20309266805373,234.9092050440606,102.37153160379393
1101.5,135.8394540189298,233.6472479146701,1,0.0,0.0,0.0,732.0132980664001,0.0,0.15,0.0,0.0,False,0.004443766000349569,0,0,245,3,150.0,0.0,1,,,1,True,True,True,1207.994384765625,369.4867019335999,838.5076828320251,True,True,0,ML-Robust-MPC,135.8394540189298,233.6472479146701,106.0151230271528
1162.5,136.49736957643862,234.6506556231827,1,0.0,0.0,0.0,791.3519748003787,0.0,0.15,0.0,0.0,False,0.004377708999982133,0,0,246,3,150.0,0.0,1,,,1,True,True,True,1201.90478515625,371.1480251996213,830.7567599566287,True,True,0,ML-Robust-MPC,136.49736957643862,234.6506556231827,110.8909485665909
1217.5,132.08813637154685,237.39268153483496,1,0.0,0.0,0.0,848.0191820936182,0.0,0.15,0.0,0.0,False,0.004371625999738171,0,0,247,3,150.0,0.0,1,,,1,True,True,True,1205.63623046875,369.48081790638184,836.1554125623682,True,True,0,ML-Robust-MPC,132.08813637154685,237.39268153483496,112.8878623363489
1185.5,130.30850144338442,237.43087591203263,1,0.0,0.0,0.0,817.760622644583,0.0,0.15,0.0,0.0,False,0.004184683999937988,0,0,248,3,150.0,0.0,1,,,1,True,True,True,1221.4417724609375,367.73937735541705,853.7023951055205,True,True,0,ML-Robust-MPC,130.30850144338442,237.43087591203263,108.08467935525807
1110.0,135.3676400234175,237.85629605422565,1,0.0,0.0,0.0,736.7760639223568,0.0,0.15,0.0,0.0,False,0.004311062999931892,0,0,249,3,150.0,0.0,1,,,1,True,True,True,1185.5,373.22393607764315,812.2760639223568,True,True,0,ML-Robust-MPC,135.3676400234175,237.85629605422565,117.11484014045205
1100.0,138.27329649677077,239.2097652675885,1,0.0,0.0,0.0,722.5169382356407,0.0,0.15,0.0,0.0,False,0.00435386200024368,0,0,250,3,150.0,0.0,1,,,1,True,True,True,1110.0,377.48306176435926,732.5169382356407,True,True,0,ML-Robust-MPC,138.27329649677077,239.2097652675885,112.30829832667136
1049.5,140.1823299839616,239.39274783453135,1,0.0,0.0,0.0,669.9249221815071,0.0,0.15,0.0,0.0,False,0.004317986999922141,0,0,251,3,150.0,0.0,1,,,1,True,True,True,1100.0,379.57507781849296,720.4249221815071,True,True,0,ML-Robust-MPC,140.1823299839616,239.39274783453135,110.1224997129218
1014.0,142.45245605602673,241.66915742458443,2,0.0,0.0,0.0,629.8783865193889,0.0,0.15,0.0,0.0,False,0.0042606900001374015,1,0,252,3,150.0,0.0,1,,,2,True,True,False,1049.5,382.45245605602673,667.0475439439733,True,True,0,ML-Robust-MPC,142.45245605602673,241.66915742458443,102.79325468906818
914.5,142.64003471324443,241.10933480323712,2,0.0,0.0,0.0,530.7506304835184,0.0,0.15,0.0,0.0,False,0.005943460000253253,0,0,253,3,150.0,0.0,1,,,2,True,True,False,1014.0,382.6400347132444,631.3599652867556,True,True,0,ML-Robust-MPC,142.64003471324443,241.10933480323712,95.91788178689777
915.5,140.2101740736939,239.89950053021315,1,0.0,0.0,0.0,535.390325396093,0.0,0.15,0.0,0.0,False,0.004422076999617275,0,0,254,3,150.0,0.0,1,,,1,True,True,True,914.5,380.109674603907,534.390325396093,True,True,0,ML-Robust-MPC,140.2101740736939,239.89950053021315,95.13429412811251
863.0,136.21293810529735,240.42474605397857,2,0.0,0.0,0.0,486.3623158407241,0.0,0.15,0.0,0.0,False,0.004471468999781791,1,0,255,3,150.0,0.0,1,,,2,True,True,False,915.5,376.2129381052973,539.2870618947027,True,True,0,ML-Robust-MPC,136.21293810529735,240.42474605397857,107.43425192003174
838.0,137.56737677270107,243.5850305253591,2,0.0,0.0,0.0,456.84759270193985,0.0,0.15,0.0,0.0,False,0.00521713699981774,0,0,256,3,150.0,0.0,1,,,2,True,True,False,863.0,377.5673767727011,485.4326232272989,True,True,0,ML-Robust-MPC,137.56737677270107,243.5850305253591,100.55622894944568
795.5,136.51571044900248,244.81395062868117,2,0.0,0.0,0.0,414.1703389223163,0.0,0.15,0.0,0.0,False,0.005238104000000021,0,0,257,3,150.0,0.0,1,,,2,True,True,False,838.0,376.5157104490025,461.4842895509975,True,True,0,ML-Robust-MPC,136.51571044900248,244.81395062868117,105.6665041578495
760.5,139.28654662104114,246.59124770487625,2,0.0,0.0,0.0,374.6222056740826,0.0,0.15,0.0,0.0,False,0.009322998000243388,0,0,258,3,150.0,0.0,1,,,2,True,True,False,795.5,379.2865466210411,416.2134533789589,True,True,0,ML-Robust-MPC,139.28654662104114,246.59124770487625,98.25625981945431
742.0,140.1668084173907,248.404549787066,2,0.0,0.0,0.0,353.4286417955433,0.0,0.15,0.0,0.0,False,0.005812993000290589,0,0,259,3,150.0,0.0,1,,,2,True,True,False,760.5,380.1668084173907,380.3331915826093,True,True,0,ML-Robust-MPC,140.1668084173907,248.404549787066,101.33700161918472
719.0,140.0200394423549,247.1927357831525,2,0.0,0.0,0.0,331.7872247744926,0.0,0.15,0.0,0.0,False,0.009185920000163605,0,0,260,3,150.0,0.0,1,,,2,True,True,False,742.0,380.0200394423549,361.9799605576451,True,True,0,ML-Robust-MPC,140.0200394423549,247.1927357831525,100.20064200158642
671.5,143.05994940721365,247.80284892795729,2,0.0,0.0,0.0,280.63720166482904,0.0,0.15,0.0,0.0,False,0.007425989999774174,0,0,261,3,150.0,0.0,1,,,2,True,True,False,719.0,383.05994940721365,335.94005059278635,True,True,0,ML-Robust-MPC,143.05994940721365,247.80284892795729,101.33282247600184
652.5,145.346106181982,246.5887144284152,2,0.0,0.0,0.0,260.5651793896028,0.0,0.15,0.0,0.0,False,0.007553242000085447,0,0,262,3,150.0,0.0,1,,,2,True,True,False,671.5,385.346106181982,286.153893818018,True,True,0,ML-Robust-MPC,145.346106181982,246.5887144284152,97.91419828880524
601.0,141.59475015382787,244.70525777693916,2,0.0,0.0,0.0,214.69999206923296,0.0,0.15,0.0,0.0,False,0.007554399000127887,0,0,263,3,150.0,0.0,1,,,2,True,True,False,652.5,381.5947501538279,270.9052498461721,True,True,0,ML-Robust-MPC,141.59475015382787,244.70525777693916,101.52495402955644
604.0,144.27431350974706,244.23072723165103,2,0.0,0.0,0.0,215.4949592586019,0.0,0.15,0.0,0.0,False,0.004324525999891193,0,0,264,3,150.0,0.0,1,,,2,True,True,False,601.0,384.27431350974706,216.72568649025294,True,True,0,ML-Robust-MPC,144.27431350974706,244.23072723165103,108.81848779768222
595.5,141.99794269591192,244.9366385907212,2,0.0,0.0,0.0,208.56541871336685,0.0,0.15,0.0,0.0,False,0.008174262000011367,0,0,265,3,150.0,0.0,1,,,2,True,True,False,604.0,381.9979426959119,222.0020573040881,True,True,0,ML-Robust-MPC,141.99794269591192,244.9366385907212,105.34990296080184
586.5,143.07660380368048,246.1191563431589,2,0.0,0.0,0.0,197.30423985316065,0.0,0.15,0.0,0.0,False,0.008315464000133943,0,0,266,3,150.0,0.0,1,,,2,True,True,False,595.5,383.0766038036805,212.42339619631952,True,True,0,ML-Robust-MPC,143.07660380368048,246.1191563431589,106.03907636990768
535.0,142.19007987531378,244.49959685508892,2,0.0,0.0,0.0,148.3103232695973,0.0,0.15,0.0,0.0,False,0.00837944700015214,0,0,267,3,150.0,0.0,1,,,2,True,True,False,586.5,382.1900798753138,204.3099201246862,True,True,0,ML-Robust-MPC,142.19007987531378,244.49959685508892,105.44816716857136
525.0,143.14676983691936,244.56981051004027,2,0.0,0.0,0.0,137.28341965304037,0.0,0.15,0.0,0.0,False,0.009004362999803561,0,0,268,3,150.0,0.0,1,,,2,True,True,False,540.9285888671875,383.14676983691936,157.78181903026814,True,True,0,ML-Robust-MPC,143.14676983691936,244.56981051004027,99.2014296692372
508.0,144.02788493428574,247.2489986043463,2,0.0,0.0,0.0,116.72311646136797,0.0,0.15,0.0,0.0,False,0.009704457000225375,0,0,269,3,150.0,0.0,1,,,2,True,True,False,525.0,384.02788493428574,140.97211506571426,True,True,0,ML-Robust-MPC,144.02788493428574,247.2489986043463,89.42666111450997
502.0,145.35526869266184,246.6746417110472,2,0.0,0.0,0.0,109.97008959629096,0.0,0.15,0.0,0.0,False,0.008766569999806961,0,0,270,3,150.0,0.0,1,,,2,True,True,False,508.0,385.35526869266187,122.64473130733813,True,True,0,ML-Robust-MPC,145.35526869266184,246.6746417110472,96.51605815009962
471.5,143.6339024419955,245.4598064186115,2,0.0,0.0,0.0,82.40629113939303,0.0,0.15,0.0,0.0,False,0.00889253600007578,0,0,271,3,150.0,0.0,1,,,2,True,True,False,502.0,383.6339024419955,118.36609755800453,True,True,0,ML-Robust-MPC,143.6339024419955,245.4598064186115,90.23638940398676
460.5,143.8428520527786,244.40623969663184,2,0.0,0.0,0.0,72.25090825058953,0.0,0.15,0.0,0.0,False,0.009138870000242605,0,0,272,3,150.0,0.0,1,,,2,True,True,False,473.6269836425781,383.8428520527786,89.78413158979953,True,True,0,ML-Robust-MPC,143.8428520527786,244.40623969663184,89.74896134212821
480.5,147.5405493968212,244.2780099399647,2,0.0,0.0,0.0,88.68144066321406,0.0,0.15,0.0,0.0,False,0.009131766999871616,0,0,273,3,150.0,0.0,1,,,2,True,True,False,464.5807189941406,387.54054939682123,77.04016959731939,True,True,0,ML-Robust-MPC,147.5405493968212,244.2780099399647,95.4761665686126
471.5,148.22893839967847,242.91581120218152,2,0.0,0.0,0.0,80.35525039814002,0.0,0.15,0.0,0.0,False,0.009537082999941049,0,0,274,3,150.0,0.0,1,,,2,True,True,False,480.5,388.22893839967844,92.27106160032156,True,True,0,ML-Robust-MPC,148.22893839967847,242.91581120218152,97.4101998043082
447.0,146.35006557649052,241.9671831787473,2,0.0,0.0,0.0,58.68275124476219,0.0,0.15,0.0,0.0,False,0.00673794700014696,0,0,275,3,150.0,0.0,1,,,2,True,True,False,471.5,386.3500655764905,85.14993442350948,True,True,0,ML-Robust-MPC,146.35006557649052,241.9671831787473,95.8671568988918
448.5,147.1428109487908,241.69897444804187,2,0.0,0.0,0.0,59.65821460316732,0.0,0.15,0.0,0.0,False,0.0066748069998538995,0,0,276,3,150.0,0.0,1,,,2,True,True,False,453.7859191894531,387.14281094879084,66.64310824066229,True,True,0,ML-Robust-MPC,147.1428109487908,241.69897444804187,95.7559616183992
421.0,149.2670021316208,240.92789122228123,2,0.0,0.0,0.0,30.805106646097954,0.0,0.15,0.0,0.0,False,0.006761930999800825,0,0,277,2,80.0,0.0,1,,,2,True,True,False,450.5865173339844,389.2670021316208,61.31951520236356,True,True,0,ML-Robust-MPC,149.2670021316208,240.92789122228123,97.0402640356373
427.5,148.0170798105754,242.9829635107496,2,0.0,0.0,0.0,36.49995667867495,0.0,0.15,0.0,0.0,False,0.006639964999976655,0,0,278,2,80.0,0.0,1,,,2,True,True,False,452.0333557128906,388.0170798105754,64.01627590231521,True,True,0,ML-Robust-MPC,148.0170798105754,242.9829635107496,104.78921284214574
453.5,148.0908387738353,245.96439448410607,2,0.0,0.0,0.0,59.44476674205862,0.0,0.15,0.0,0.0,False,0.009454812000058155,0,0,279,2,80.0,0.0,1,,,2,True,True,False,440.5052490234375,388.0908387738353,52.41441024960221,True,True,0,ML-Robust-MPC,148.0908387738353,245.96439448410607,104.7987358528806
430.5,148.3690288772418,247.4835348290204,2,0.0,0.0,0.0,34.64743629373777,0.0,0.15,0.0,0.0,False,0.010705554999731248,0,0,280,2,80.0,0.0,1,,,2,True,True,False,458.1264343261719,388.3690288772418,69.75740544893006,True,True,0,ML-Robust-MPC,148.3690288772418,247.4835348290204,109.39307731834008
405.0,149.37636258291525,247.3910702642361,2,0.0,0.0,0.0,8.232567152848674,0.0,0.15,0.0,0.0,False,0.009251280000171391,0,0,281,2,80.0,0.0,1,,,2,True,True,False,453.0918884277344,389.37636258291525,63.715525844819126,True,True,0,ML-Robust-MPC,149.37636258291525,247.3910702642361,108.39066004940204
421.0,147.48640339336208,247.91242681233084,2,0.0,0.0,0.0,25.60116979430711,0.0,0.15,0.0,0.0,False,0.007715793999977905,0,0,282,2,80.0,0.0,1,,,2,True,True,False,450.8174743652344,387.4864033933621,63.33107097187229,True,True,0,ML-Robust-MPC,147.48640339336208,247.91242681233084,109.90503178648208
425.5,144.31386227329273,247.10378860533552,2,0.0,0.0,0.0,34.08234912137175,0.0,0.15,0.0,0.0,False,0.009470054999837885,0,0,283,3,150.0,0.0,1,,,2,True,True,False,456.83245849609375,384.3138622732927,72.51859622280102,True,True,0,ML-Robust-MPC,144.31386227329273,247.10378860533552,103.91139149330311
392.0,144.1089897598566,248.74049362375015,2,-0.8494833836067528,0.8494833836067528,0.0,0.0,0.0,0.1500084274145199,0.0,0.8494833836067528,False,0.009936035000009724,0,0,284,3,150.0,0.0,1,,,2,True,True,False,475.8789367675781,384.1089897598566,91.7699470077215,True,True,0,ML-Robust-MPC,144.1089897598566,248.74049362375015,110.3391250178975
456.5,145.56008437261772,251.27099342579132,2,0.7666587537039721,0.0,0.7666587537039721,58.90226344788696,0.0,0.15,0.0,0.0,False,0.009793836000426381,0,0,285,3,150.0,0.0,1,,,2,True,True,False,476.3591003417969,385.5600843726177,90.79901596917915,True,True,0,ML-Robust-MPC,145.56008437261772,251.27099342579132,111.15800213806214
425.0,147.5341390137083,252.0871082169953,2,0.0,0.0,0.0,25.378752769296398,0.0,0.15,0.0,0.0,False,0.008978656999715895,0,0,286,3,150.0,0.0,1,,,2,True,True,False,508.1911926269531,387.53413901370834,120.65705361324478,True,True,0,ML-Robust-MPC,147.5341390137083,252.0871082169953,114.5151839008449
409.5,148.47346724264636,249.34916839877909,2,0.0,0.0,0.0,11.67736435857455,0.0,0.15,0.0,0.0,False,0.00872713000035219,0,0,287,3,150.0,0.0,1,,,2,True,True,False,512.0150146484375,388.4734672426464,123.5415474057911,True,True,0,ML-Robust-MPC,148.47346724264636,249.34916839877909,111.78763606833624
410.5,147.5314365401587,246.2918945439961,2,0.0,0.0,0.0,16.676668915845198,0.0,0.15,0.0,0.0,False,0.009626969999771973,0,0,288,3,150.0,0.0,1,,,2,True,True,False,522.1736450195312,387.53143654015867,134.64220847937258,True,True,0,ML-Robust-MPC,147.5314365401587,246.2918945439961,106.58380363207982
422.5,146.25180662733518,244.39017720670896,2,0.0,0.0,0.0,31.85801616595586,0.0,0.15,0.0,0.0,False,0.010413453999717603,0,0,289,3,150.0,0.0,1,,,2,True,True,False,526.50439453125,386.2518066273352,140.2525879039148,True,True,0,ML-Robust-MPC,146.25180662733518,244.39017720670896,101.82662361778937
405.5,145.872547734152,243.91631538241745,2,0.0,0.0,0.0,15.711136883430527,0.0,0.15,0.0,0.0,False,0.009393543999976828,0,0,290,3,150.0,0.0,1,,,2,True,True,False,565.8174438476562,385.872547734152,179.94489611350423,True,True,0,ML-Robust-MPC,145.872547734152,243.91631538241745,96.90314182447833
392.5,148.16339597985845,244.00235414896403,2,0.0,0.0,0.0,0.33424987117751925,0.0,0.15,0.0,0.0,False,0.010189453999828402,0,0,291,3,150.0,0.0,1,,,2,True,True,False,559.2237548828125,388.1633959798585,171.06035890295402,True,True,0,ML-Robust-MPC,148.16339597985845,244.00235414896403,103.75633549678628
428.0,148.81893270400212,244.9748713064004,2,0.0,0.0,0.0,34.20619598959752,0.0,0.15,0.0,0.0,False,0.008766917000230023,0,0,292,3,150.0,0.0,1,,,2,True,True,False,579.9840698242188,388.8189327040021,191.16513712021663,True,True,0,ML-Robust-MPC,148.81893270400212,244.9748713064004,100.18904099235102
429.5,148.80883365824104,246.00337525655655,2,0.0,0.0,0.0,34.687791085202434,0.0,0.15,0.0,0.0,False,0.009057246999873314,0,0,293,3,150.0,0.0,1,,,2,True,True,False,607.7046508789062,388.80883365824104,218.8958172206652,True,True,0,ML-Robust-MPC,148.80883365824104,246.00337525655655,90.45470640321264
453.5,146.6385534406604,246.0948293317484,2,0.0,0.0,0.0,60.76661722759121,0.0,0.15,0.0,0.0,False,0.008984513999621413,0,0,294,3,150.0,0.0,1,,,2,True,True,False,629.0244750976562,386.6385534406604,242.38592165699583,True,True,0,ML-Robust-MPC,146.6385534406604,246.0948293317484,89.41356400833735
445.0,147.82266898025927,245.0212766436263,2,0.0,0.0,0.0,52.15605437611441,0.0,0.15,0.0,0.0,False,0.00879703900000095,0,0,295,3,150.0,0.0,1,,,2,True,True,False,652.675048828125,387.82266898025927,264.85237984786573,True,True,0,ML-Robust-MPC,147.82266898025927,245.0212766436263,87.08891925444259
467.5,149.63519609011334,244.17961652661805,2,0.0,0.0,0.0,73.68518738326861,0.0,0.15,0.0,0.0,False,0.007773301000270294,0,0,296,3,150.0,0.0,1,,,2,True,True,False,671.6027221679688,389.63519609011337,281.9675260778554,True,True,0,ML-Robust-MPC,149.63519609011334,244.17961652661805,88.71103510066199
472.5,146.22703453584734,243.346754794235,2,0.0,0.0,0.0,82.92621066991762,0.0,0.15,0.0,0.0,False,0.009930244000315724,0,0,297,3,150.0,0.0,1,,,2,True,True,False,727.4307861328125,386.22703453584734,341.20375159696516,True,True,0,ML-Robust-MPC,146.22703453584734,243.346754794235,89.71804246160933
491.5,146.63730559271812,244.6804861885222,2,0.0,0.0,0.0,100.18220821875968,0.0,0.15,0.0,0.0,False,0.007550791000085155,0,0,298,3,150.0,0.0,1,,,2,True,True,False,751.1105346679688,386.6373055927181,364.47322907525063,True,True,0,ML-Robust-MPC,146.63730559271812,244.6804861885222,89.6272747269399
496.5,145.98790089984888,243.73044376062396,2,0.0,0.0,0.0,106.78165533952716,0.0,0.15,0.0,0.0,False,0.007700332000240451,0,0,299,3,150.0,0.0,1,,,2,True,True,False,800.568359375,385.9879008998489,414.5804584751511,True,True,0,ML-Robust-MPC,145.98790089984888,243.73044376062396,92.47790842226776
516.0,142.782326494261,244.1238864559664,2,0.0,0.0,0.0,129.09378704977257,0.0,0.15,0.0,0.0,False,0.007692576999943412,0,0,300,3,150.0,0.0,1,,,2,True,True,False,832.9420166015625,382.78232649426104,450.15969010730146,True,True,0,ML-Robust-MPC,142.782326494261,244.1238864559664,82.53268481983372
537.0,143.53451019905827,243.76660956560377,2,0.0,0.0,0.0,149.69888023533792,0.0,0.15,0.0,0.0,False,0.007640278000053513,0,0,301,3,150.0,0.0,1,,,2,True,True,False,860.2742309570312,383.5345101990583,476.739720757973,True,True,0,ML-Robust-MPC,143.53451019905827,243.76660956560377,83.30920934061666
564.0,143.75614928793544,242.6994550376202,2,0.0,0.0,0.0,177.54439567444433,0.0,0.15,0.0,0.0,False,0.009854753000126948,0,0,302,3,150.0,0.0,1,,,2,True,True,False,897.5125732421875,383.75614928793544,513.7564239542521,True,True,0,ML-Robust-MPC,143.75614928793544,242.6994550376202,78.4339246522802
563.5,143.160278584363,242.7266621395087,2,0.0,0.0,0.0,177.6130592761283,0.0,0.15,0.0,0.0,False,0.00986923799973738,0,0,303,3,150.0,0.0,1,,,2,True,True,False,935.4200439453125,383.160278584363,552.2597653609495,True,True,0,ML-Robust-MPC,143.160278584363,242.7266621395087,82.16201433003202
550.5,144.20636853904546,242.45068944913956,2,0.0,0.0,0.0,163.842942011815,0.0,0.15,0.0,0.0,False,0.00982927400036715,0,0,304,3,150.0,0.0,1,,,2,True,True,False,969.8225708007812,384.20636853904546,585.6162022617358,True,True,0,ML-Robust-MPC,144.20636853904546,242.45068944913956,85.13062832499162
616.5,142.25667536349033,240.88422420163863,2,0.0,0.0,0.0,233.35910043487104,0.0,0.15,0.0,0.0,False,0.009906842000418692,0,0,305,3,150.0,0.0,1,,,2,True,True,False,988.1458740234375,382.25667536349033,605.8891986599472,True,True,0,ML-Robust-MPC,142.25667536349033,240.88422420163863,95.52640090276576
636.0,145.37469700741852,241.76313726619915,2,0.0,0.0,0.0,248.86216572638233,0.0,0.15,0.0,0.0,False,0.009673889000168856,0,0,306,3,150.0,0.0,1,,,2,True,True,False,1051.1199951171875,385.3746970074185,665.745298109769,True,True,0,ML-Robust-MPC,145.37469700741852,241.76313726619915,103.3097386079002
644.5,148.8991346100308,243.8776000570548,2,0.0,0.0,0.0,251.72326533291437,0.0,0.15,0.0,0.0,False,0.007627189999766415,0,0,307,3,150.0,0.0,1,,,2,True,True,False,1106.055419921875,388.89913461003084,717.1562853118442,True,True,0,ML-Robust-MPC,148.8991346100308,243.8776000570548,105.83980959525158
680.5,145.80076238816036,244.2874349841924,2,0.0,0.0,0.0,290.41180262764726,0.0,0.15,0.0,0.0,False,0.007580584000152157,0,0,308,3,150.0,0.0,1,,,2,True,True,False,1140.669677734375,385.80076238816036,754.8689153462146,True,True,0,ML-Robust-MPC,145.80076238816036,244.2874349841924,104.42271678281392
714.0,145.52462629948158,240.20408651747152,2,0.0,0.0,0.0,328.27128718304687,0.0,0.15,0.0,0.0,False,0.009983185999772104,0,0,309,3,150.0,0.0,1,,,2,True,True,False,1172.93896484375,385.5246262994816,787.4143385442684,True,True,0,ML-Robust-MPC,145.52462629948158,240.20408651747152,110.9397678743244
721.0,147.06161603014942,239.0586558372316,1,0.0,0.0,0.0,334.879728132619,0.0,0.15,0.0,0.0,False,0.0041995110000243585,0,0,310,3,150.0,0.0,1,,,1,True,True,True,1193.8482666015625,386.120271867381,807.7279947341815,True,True,0,ML-Robust-MPC,147.06161603014942,239.0586558372316,114.10901467948936
758.5,148.47554453643653,238.25208970120863,1,0.0,0.0,0.0,371.77236576235487,0.0,0.15,0.0,0.0,False,0.004239046999828133,0,0,311,3,150.0,0.0,1,,,1,True,True,True,1184.8369140625,386.72763423764513,798.1092798248549,True,True,0,ML-Robust-MPC,148.47554453643653,238.25208970120863,119.99898429642458
809.5,147.39938410954088,238.3237057993269,1,0.0,0.0,0.0,423.7769100911322,0.0,0.15,0.0,0.0,False,0.004149675999997271,0,0,312,3,150.0,0.0,1,,,1,True,True,True,1189.180419921875,385.7230899088678,803.4573300130072,True,True,0,ML-Robust-MPC,147.39938410954088,238.3237057993269,125.34345346925772
839.5,143.9781698942408,237.839636167345,1,0.0,0.0,0.0,457.68219393841423,0.0,0.15,0.0,0.0,False,0.004116689000056795,0,0,313,3,150.0,0.0,1,,,1,True,True,True,1201.3126220703125,381.81780606158577,819.4948160087267,True,True,0,ML-Robust-MPC,143.9781698942408,237.839636167345,127.39632148426932
913.5,145.0439741717093,238.9278842165766,1,0.0,0.0,0.0,529.5281416117141,0.0,0.15,0.0,0.0,False,0.004174010000042472,0,0,314,3,150.0,0.0,1,,,1,True,True,True,1208.303466796875,383.9718583882859,824.3316084085891,True,True,0,ML-Robust-MPC,145.0439741717093,238.9278842165766,137.30226171594495
928.0,146.99066565004543,237.44860520567204,1,0.0,0.0,0.0,543.5607291442825,0.0,0.15,0.0,0.0,False,0.004127930999857199,0,0,315,3,150.0,0.0,1,,,1,True,True,True,1232.4815673828125,384.4392708557175,848.042296527095,True,True,0,ML-Robust-MPC,146.99066565004543,237.44860520567204,145.63211395801892
967.5,148.132070915642,235.22263727639336,1,0.0,0.0,0.0,584.1452918079647,0.0,0.15,0.0,0.0,False,0.004209953999634308,0,0,316,3,150.0,0.0,1,,,1,True,True,True,1217.551025390625,383.35470819203533,834.1963171985897,True,True,0,ML-Robust-MPC,148.132070915642,235.22263727639336,145.7688729708887
1006.0,150.1058485679972,234.9657381342202,1,0.0,0.0,0.0,620.9284132977825,0.0,0.15,0.0,0.0,False,0.004094249999980093,0,0,317,3,150.0,0.0,1,,,1,True,True,True,1203.4559326171875,385.0715867022174,818.38434591497,True,True,0,ML-Robust-MPC,150.1058485679972,234.9657381342202,142.72270288492498
1078.0,146.47372847693188,237.05301362699407,1,0.0,0.0,0.0,694.4732578960741,0.0,0.15,0.0,0.0,False,0.0042755870003929886,0,0,318,3,150.0,0.0,1,,,1,True,True,True,1193.35693359375,383.5267421039259,809.8301914898241,True,True,0,ML-Robust-MPC,146.47372847693188,237.05301362699407,133.86170251451782
1147.0,149.33529240934593,237.31301455164527,1,0.0,0.0,0.0,760.3516930390088,0.0,0.15,0.0,0.0,False,0.004162362999977631,0,0,319,3,150.0,0.0,1,,,1,True,True,True,1206.587158203125,386.6483069609912,819.9388512421338,True,True,0,ML-Robust-MPC,149.33529240934593,237.31301455164527,137.68733373609706
1183.0,148.77814487209525,236.00064781362389,1,0.0,0.0,0.0,798.2212073142808,0.0,0.15,0.0,0.0,False,0.003991394999957265,0,0,320,3,150.0,0.0,1,,,1,True,True,True,1220.327392578125,384.77879268571917,835.5485998924058,True,True,0,ML-Robust-MPC,148.77814487209525,236.00064781362389,135.84922217298768
1250.0,149.5865906882025,236.80107389822595,1,0.0,0.0,0.0,863.6123354135716,0.0,0.15,0.0,0.0,False,0.004133834000185743,0,0,321,3,150.0,0.0,1,,,1,True,True,True,1202.7203369140625,386.38766458642846,816.3326723276341,True,True,0,ML-Robust-MPC,149.5865906882025,236.80107389822595,137.6428791739547
1197.0,152.73178298007076,238.31952064157863,1,0.0,0.0,0.0,805.9486963783506,0.0,0.15,0.0,0.0,False,0.004117355000289535,0,0,322,3,150.0,0.0,1,,,1,True,True,True,1250.0,391.05130362164937,858.9486963783506,True,True,0,ML-Robust-MPC,152.73178298007076,238.31952064157863,138.68705409701172
1138.0,150.4086502745062,238.13684625343976,1,0.0,0.0,0.0,749.4545034720541,0.0,0.15,0.0,0.0,False,0.004183027000181028,0,0,323,3,150.0,0.0,1,,,1,True,True,True,1197.0,388.54549652794594,808.4545034720541,True,True,0,ML-Robust-MPC,150.4086502745062,238.13684625343976,146.24700847979696
1080.0,148.72363936377064,238.52197287101092,1,0.0,0.0,0.0,692.7543877652184,0.0,0.15,0.0,0.0,False,0.004079815999830316,0,0,324,3,150.0,0.0,1,,,1,True,True,True,1138.0,387.24561223478156,750.7543877652184,True,True,0,ML-Robust-MPC,148.72363936377064,238.52197287101092,156.7199029375301
1019.0,148.3480950258403,238.5791445525399,1,0.0,0.0,0.0,632.0727604216198,0.0,0.15,0.0,0.0,False,0.004136131999985082,0,0,325,3,150.0,0.0,1,,,1,True,True,True,1080.0,386.9272395783802,693.0727604216198,True,True,0,ML-Robust-MPC,148.3480950258403,238.5791445525399,154.9232084819669
998.5,144.9529111784462,236.8195918095868,1,0.0,0.0,0.0,616.727497011967,0.0,0.15,0.0,0.0,False,0.00407495099989319,0,0,326,3,150.0,0.0,1,,,1,True,True,True,1019.0,381.772502988033,637.227497011967,True,True,0,ML-Robust-MPC,144.9529111784462,236.8195918095868,157.84298362172402
968.5,144.98702345890536,239.96844659375543,1,0.0,0.0,0.0,583.5445299473392,0.0,0.15,0.0,0.0,False,0.0042887859999609645,0,0,327,3,150.0,0.0,1,,,1,True,True,True,998.5,384.95547005266076,613.5445299473392,True,True,0,ML-Robust-MPC,144.98702345890536,239.96844659375543,153.69559609366777
900.5,142.64239733183862,241.19323629019664,2,0.0,0.0,0.0,516.6643663779647,0.0,0.15,0.0,0.0,False,0.004384995000236813,1,0,328,3,150.0,0.0,1,,,2,True,True,False,968.5,382.64239733183865,585.8576026681613,True,True,0,ML-Robust-MPC,142.64239733183862,241.19323629019664,150.87657494724786
820.5,143.11931979738387,240.81017830991192,2,0.0,0.0,0.0,436.5705018927042,0.0,0.15,0.0,0.0,False,0.005730810999921232,0,0,329,3,150.0,0.0,1,,,2,True,True,False,900.5,383.11931979738387,517.3806802026161,True,True,0,ML-Robust-MPC,143.11931979738387,240.81017830991192,146.57862820620264
820.5,144.32634635884384,239.7157722476643,1,0.0,0.0,0.0,436.4578813934919,0.0,0.15,0.0,0.0,False,0.004274372000054427,0,0,330,3,150.0,0.0,1,,,1,True,True,True,820.5,384.0421186065081,436.4578813934919,True,True,0,ML-Robust-MPC,144.32634635884384,239.7157722476643,143.27554353335614
767.0,143.71517939755415,240.1561133174937,2,0.0,0.0,0.0,383.12870728495216,0.0,0.15,0.0,0.0,False,0.004438576999746147,1,0,331,3,150.0,0.0,1,,,2,True,True,False,820.5,383.71517939755415,436.78482060244585,True,True,0,ML-Robust-MPC,143.71517939755415,240.1561133174937,142.32806653413104
722.0,143.38652163381445,242.66068223227356,2,0.0,0.0,0.0,335.952796133912,0.0,0.15,0.0,0.0,False,0.005030429999806074,0,0,332,3,150.0,0.0,1,,,2,True,True,False,767.0,383.3865216338145,383.6134783661855,True,True,0,ML-Robust-MPC,143.38652163381445,242.66068223227356,136.71070088541305
642.0,143.30701049339822,241.68494554740948,2,0.0,0.0,0.0,257.00804395919226,0.0,0.15,0.0,0.0,False,0.005257351999716775,0,0,333,3,150.0,0.0,1,,,2,True,True,False,722.0,383.30701049339825,338.69298950660175,True,True,0,ML-Robust-MPC,143.30701049339822,241.68494554740948,139.56349910438803
617.5,149.09850432243908,240.01096886306811,2,0.0,0.0,0.0,228.39052681449277,0.0,0.15,0.0,0.0,False,0.0042806030000974715,0,0,334,3,150.0,0.0,1,,,2,True,True,False,646.4447631835938,389.0985043224391,257.34625886115464,True,True,0,ML-Robust-MPC,149.09850432243908,240.01096886306811,136.34727329632156
613.5,150.0350290178796,241.442154267178,2,0.0,0.0,0.0,222.0228167149424,0.0,0.15,0.0,0.0,False,0.004398417999709636,0,0,335,3,150.0,0.0,1,,,2,True,True,False,617.5,390.0350290178796,227.4649709821204,True,True,0,ML-Robust-MPC,150.0350290178796,241.442154267178,130.3621330714443
637.0,149.55533189540884,240.7410067836569,2,0.0,0.0,0.0,246.70366132093426,0.0,0.15,0.0,0.0,False,0.004293927000162512,0,0,336,3,150.0,0.0,1,,,2,True,True,False,613.5,389.5553318954088,223.9446681045912,True,True,0,ML-Robust-MPC,149.55533189540884,240.7410067836569,130.49828002451227
585.0,152.24522171256388,240.3513683621041,2,0.0,0.0,0.0,192.40340992533203,0.0,0.15,0.0,0.0,False,0.004156657999828894,0,0,337,3,150.0,0.0,1,,,2,True,True,False,637.0,392.2452217125639,244.75477828743612,True,True,0,ML-Robust-MPC,152.24522171256388,240.3513683621041,127.3562902826082
561.5,155.20822121022482,238.19116288752005,1,0.0,0.0,0.0,168.10061590225513,0.0,0.15,0.0,0.0,False,0.0055783360003260896,0,0,338,3,150.0,0.0,1,,,1,True,True,True,585.0,393.39938409774487,191.60061590225513,True,True,0,ML-Robust-MPC,155.20822121022482,238.19116288752005,133.472262095075
573.5,155.42257735761618,237.85498152632,1,0.0,0.0,0.0,180.2224411160638,0.0,0.15,0.0,0.0,False,0.004590057999848796,0,0,339,3,150.0,0.0,1,,,1,True,True,True,561.5,393.2775588839362,168.2224411160638,True,True,0,ML-Robust-MPC,155.42257735761618,237.85498152632,128.82580777019842
547.5,157.1246892859137,239.79672097335828,1,0.0,0.0,0.0,150.57858974072803,0.0,0.15,0.0,0.0,False,0.004438171999936458,0,0,340,3,150.0,0.0,1,,,1,True,True,True,573.5,396.92141025927197,176.57858974072803,True,True,0,ML-Robust-MPC,157.1246892859137,239.79672097335828,121.65554642080612
505.5,159.0409321592,238.93077813823447,1,0.0,0.0,0.0,107.52828970256553,0.0,0.15,0.0,0.0,False,0.004207485999813798,0,0,341,3,150.0,0.0,1,,,1,True,True,True,547.5,397.97171029743447,149.52828970256553,True,True,0,ML-Robust-MPC,159.0409321592,238.93077813823447,122.06108046627833
501.5,157.40151489836143,236.2054091785047,1,0.0,0.0,0.0,107.89307592313389,0.0,0.15,0.0,0.0,False,0.004681410000102915,0,0,342,3,150.0,0.0,1,,,1,True,True,True,514.027099609375,393.6069240768661,120.42017553250889,True,True,0,ML-Robust-MPC,157.40151489836143,236.2054091785047,122.65186132383188
517.5,156.75353765056403,237.7415864261823,1,0.0,0.0,0.0,123.00487592325368,0.0,0.15,0.0,0.0,False,0.004559863999929803,0,0,343,3,150.0,0.0,1,,,1,True,True,True,501.5,394.4951240767463,107.00487592325368,True,True,0,ML-Robust-MPC,156.75353765056403,237.7415864261823,124.04859771727166
497.0,157.0685499632092,237.1809372338336,1,0.0,0.0,0.0,102.75051280295725,0.0,0.15,0.0,0.0,False,0.004622421000021859,0,0,344,3,150.0,0.0,1,,,1,True,True,True,517.5,394.24948719704275,123.25051280295725,True,True,0,ML-Robust-MPC,157.0685499632092,237.1809372338336,123.33025644546883
471.5,154.25322739950877,235.0635654143371,1,0.0,0.0,0.0,82.18320718615416,0.0,0.15,0.0,0.0,False,0.00453135400039173,0,0,345,3,150.0,0.0,1,,,1,True,True,True,497.0,389.31679281384584,107.68320718615416,True,True,0,ML-Robust-MPC,154.25322739950877,235.0635654143371,121.28904850824256
490.0,157.89629728463953,234.67330117966628,1,0.0,0.0,0.0,97.43040153569416,0.0,0.15,0.0,0.0,False,0.004465735999929166,0,0,346,3,150.0,0.0,1,,,1,True,True,True,483.0210266113281,392.56959846430584,90.45142814702228,True,True,0,ML-Robust-MPC,157.89629728463953,234.67330117966628,120.2700186091885
459.5,157.25593064943442,233.78094851818412,1,0.0,0.0,0.0,68.46312083238149,0.0,0.15,0.0,0.0,False,0.004423803999998199,0,0,347,3,150.0,0.0,1,,,1,True,True,True,490.0,391.0368791676185,98.96312083238149,True,True,0,ML-Robust-MPC,157.25593064943442,233.78094851818412,123.0559068564501
448.0,158.23762843679617,232.01906139452652,1,0.0,0.0,0.0,57.74331016867734,0.0,0.15,0.0,0.0,False,0.004513877000135835,0,0,348,2,80.0,0.0,1,,,1,True,True,True,470.11285400390625,390.25668983132266,79.85616417258359,True,True,0,ML-Robust-MPC,158.23762843679617,232.01906139452652,123.92891401449714
482.0,156.83889170391814,231.36709064929929,1,0.0,0.0,0.0,93.79401764678255,0.0,0.15,0.0,0.0,False,0.004087229000106163,0,0,349,2,80.0,0.0,1,,,1,True,True,True,459.1085510253906,388.20598235321745,70.90256867217317,True,True,0,ML-Robust-MPC,156.83889170391814,231.36709064929929,122.67591953656716
470.0,154.93090991365358,233.0116782386772,1,0.0,0.0,0.0,82.05741184766919,0.0,0.15,0.0,0.0,False,0.0044413040000108595,0,0,350,3,150.0,0.0,1,,,1,True,True,True,482.0,387.9425881523308,94.05741184766919,True,True,0,ML-Robust-MPC,154.93090991365358,233.0116782386772,124.51745435222114
463.5,153.44967190581258,231.28733307915425,1,0.0,0.0,0.0,78.7629950150332,0.0,0.15,0.0,0.0,False,0.004435547999946721,0,0,351,3,150.0,0.0,1,,,1,True,True,True,472.98651123046875,384.7370049849668,88.24950624550195,True,True,0,ML-Robust-MPC,153.44967190581258,231.28733307915425,123.26383843364728
420.0,153.4934158173371,231.7098683938528,1,0.0,0.0,0.0,34.796715788810104,0.0,0.15,0.0,0.0,False,0.004058158000134426,0,0,352,2,80.0,0.0,1,,,1,True,True,True,474.17718505859375,385.2032842111899,88.97390084740385,True,True,0,ML-Robust-MPC,153.4934158173371,231.7098683938528,123.0538616450522
459.5,150.33499453324043,231.0411601846929,1,0.0,0.0,0.0,78.12384528206667,0.0,0.15,0.0,0.0,False,0.004611070999999356,0,0,353,2,80.0,0.0,1,,,1,True,True,True,457.48138427734375,381.37615471793333,76.10522955941042,True,True,0,ML-Robust-MPC,150.33499453324043,231.0411601846929,120.82195516481828
462.0,149.43943366444142,230.68772750796464,1,0.0,0.0,0.0,81.87283882759391,0.0,0.15,0.0,0.0,False,0.004283849999865197,0,0,354,3,150.0,0.0,1,,,1,True,True,True,474.1810607910156,380.1271611724061,94.05389961860953,True,True,0,ML-Robust-MPC,149.43943366444142,230.68772750796464,123.96376605891052
455.5,149.6640676996237,231.7469972278556,1,0.0,0.0,0.0,74.08893507252071,0.0,0.15,0.0,0.0,False,0.004418067000187875,0,0,355,3,150.0,0.0,1,,,1,True,True,True,477.24285888671875,381.4110649274793,95.83179395923946,True,True,0,ML-Robust-MPC,149.6640676996237,231.7469972278556,118.77969845491036
443.5,152.95489791248875,233.3192337639913,1,0.0,0.0,0.0,57.22586832351999,0.0,0.15,0.0,0.0,False,0.004728398000224843,0,0,356,3,150.0,0.0,1,,,1,True,True,True,475.8511657714844,386.27413167648,89.57703409500436,True,True,0,ML-Robust-MPC,152.95489791248875,233.3192337639913,118.48786390552546
438.5,157.0187136907054,234.226156296632,1,0.0,0.0,0.0,47.25513001266256,0.0,0.15,0.0,0.0,False,0.004811717999928078,0,0,357,2,80.0,0.0,1,,,1,True,True,True,471.755126953125,391.24486998733744,80.51025696578756,True,True,0,ML-Robust-MPC,157.0187136907054,234.226156296632,119.6572359799618
426.5,157.80393609827033,232.85109743491145,1,0.0,0.0,0.0,35.84496646681822,0.0,0.15,0.0,0.0,False,0.004863956999997754,0,0,358,2,80.0,0.0,1,,,1,True,True,True,479.7081298828125,390.6550335331818,89.05309634963072,True,True,0,ML-Robust-MPC,157.80393609827033,232.85109743491145,128.34002139127986
389.0,157.99654980979142,231.65164849442948,1,-0.6481983042208981,0.6481983042208981,0.0,0.0,0.0,0.15000643053873233,0.0,0.6481983042208981,False,0.004823900000246795,0,0,359,2,80.0,0.0,1,,,1,True,True,True,479.1441345214844,389.6481983042209,89.49593621726348,True,True,0,ML-Robust-MPC,157.99654980979142,231.65164849442948,128.32500736705464
