load_kw,grid_kw,generator_kw,generator_units_on,storage_kw,charge_kw,discharge_kw,unserved_kw,spill_kw,soc,grid_headroom_storage_preservation_kw,grid_headroom_storage_charge_kw,v15_generator_first_guard_active,decision_seconds,generator_startup_units,generator_shutdown_units,step,risk_level,risk_reserve_kw,applied_risk_reserve_kw,forecast_scenario_count,cvar_alpha,cvar_weight,minimum_committed_generator_units,low_soc_commitment_guard_evaluated,low_soc_commitment_guard_triggered,low_soc_commitment_reachability_truncated,low_soc_commitment_forecast_peak_kw,low_soc_single_unit_firm_supply_kw,low_soc_commitment_deficit_kw,generator_before_storage,supervisory_protection_active,supervisory_safe_exit_counter,selected_controller,grid_available_capacity_kw,generator_available_capacity_kw,storage_available_power_kw
1163.5,953.0843032134756,0.0,0,210.4156967865244,0.0,210.4156967865244,0.0,0.0,0.19243439919246774,100.0,0.0,False,0.00442964200010465,0,0,0,0,0.0,0.0,1,,,0,True,False,False,1181.553466796875,1438.4790104510553,-256.9255436541803,True,True,0,ML-Robust-MPC,1198.4790104510553,790.595957869802,495.98688245364167
1171.5,872.9210821728965,0.0,0,298.5789178271035,0.0,298.5789178271035,0.0,0.0,0.18915230230741406,100.0,0.0,False,0.004235903999870061,0,0,1,0,0.0,0.0,1,,,0,True,False,False,1179.2991943359375,1438.7785797053891,-259.4793853694516,True,True,0,ML-Robust-MPC,1198.7785797053891,789.1214617989638,495.7887183842768
1166.5,832.7213361654522,0.0,0,333.7786638345479,0.0,333.7786638345479,0.0,0.0,0.18548327597145853,100.0,0.0,False,0.0040474669999639445,0,0,2,0,0.0,0.0,1,,,0,True,False,False,1177.7421875,1441.065026139236,-263.3228386392359,True,True,0,ML-Robust-MPC,1201.065026139236,787.8007973325623,496.9616472773374
1167.0,812.1399999999996,0.0,0,354.86000000000035,0.0,354.86000000000035,0.0,0.0,0.18158251529784467,100.0,0.0,False,0.004339656999945873,0,0,3,0,0.0,0.0,1,,,0,True,False,False,1166.5,1440.557672559415,-274.0576725594151,True,True,0,ML-Robust-MPC,1200.557672559415,787.411497239469,496.4553857631688
1132.0,1205.2602808102738,0.0,0,-73.2602808102738,73.2602808102738,0.0,0.0,0.0,0.18230930379794658,0.0,73.2602808102738,False,0.0041580010001780465,0,0,4,0,0.0,0.0,1,,,0,True,False,False,1167.0,1445.2602808102738,-278.2602808102738,True,True,0,ML-Robust-MPC,1205.2602808102738,787.6033664919071,496.4386413131486
1120.5,1205.6560403885353,0.0,0,-85.1560403885353,85.1560403885353,0.0,0.0,0.0,0.18315410578592808,0.0,85.1560403885353,False,0.004271132999747351,0,0,5,0,0.0,0.0,1,,,0,True,False,False,1162.13623046875,1445.6560403885353,-283.5198099197853,True,True,0,ML-Robust-MPC,1205.6560403885353,788.1337443226511,496.7496513724551
1083.5,774.6140064252472,0.0,0,308.8859935747528,0.0,308.8859935747528,0.0,0.0,0.17975870947085584,100.0,0.0,False,0.0038340600003721192,0,0,6,0,0.0,0.0,1,,,0,True,False,False,1170.396728515625,1448.07567619194,-277.6789476763149,True,True,0,ML-Robust-MPC,1208.07567619194,790.0834956161559,497.1558743533089
1130.0,1212.4686923092845,0.0,0,-82.4686923092845,82.4686923092845,0.0,0.0,0.0,0.18057685125963843,0.0,82.4686923092845,False,0.0038886239999555983,0,0,7,0,0.0,0.0,1,,,0,True,False,False,1165.806396484375,1452.4686923092845,-286.6622958249095,True,True,0,ML-Robust-MPC,1212.4686923092845,791.0728045987898,497.3780710968351
1113.0,1207.5872617206917,0.0,0,-94.58726172069169,94.58726172069169,0.0,0.0,0.0,0.18151521695131195,0.0,94.58726172069169,False,0.0041536869998708426,0,0,8,0,0.0,0.0,1,,,0,True,False,False,1186.1337890625,1447.5872617206917,-261.4534726581917,True,True,0,ML-Robust-MPC,1207.5872617206917,790.214009998355,499.9424036678346
1127.5,1208.4244825018773,0.0,0,-80.92448250187726,80.92448250187726,0.0,0.0,0.0,0.18231803919835438,0.0,80.92448250187726,False,0.004273343000022578,0,0,9,0,0.0,0.0,1,,,0,True,False,False,1188.19482421875,1448.4244825018773,-260.22965828312726,True,True,0,ML-Robust-MPC,1208.4244825018773,791.1371198397338,499.7661904525843
1151.5,1208.0962441779163,0.0,0,-56.59624417791633,56.59624417791633,0.0,0.0,0.0,0.1828795098747226,0.0,56.59624417791633,False,0.004277325000202836,0,0,10,0,0.0,0.0,1,,,0,True,False,False,1183.779541015625,1448.0962441779163,-264.31670316229133,True,True,0,ML-Robust-MPC,1208.0962441779163,790.2152103901974,500.0
1148.5,1202.776614579573,0.0,0,-54.276614579573106,54.276614579573106,0.0,0.0,0.0,0.18341796835269455,0.0,54.276614579573106,False,0.004323472000123729,0,0,11,0,0.0,0.0,1,,,0,True,False,False,1179.037841796875,1442.776614579573,-263.7387727826981,True,True,0,ML-Robust-MPC,1202.776614579573,788.6092593732698,500.0
1106.0,822.159162052935,0.0,0,283.840837947065,0.0,283.840837947065,0.0,0.0,0.18029787823763646,100.0,0.0,False,0.004297780999877432,0,0,12,0,0.0,0.0,1,,,0,True,False,False,1185.610595703125,1444.1999114771463,-258.5893157740213,True,True,0,ML-Robust-MPC,1204.1999114771463,791.8174751858171,500.0
1080.0,1180.0,0.0,0,-100.0,100.0,0.0,0.0,0.0,0.18128994172969995,0.0,100.0,False,0.004149252999923192,0,0,13,0,0.0,0.0,1,,,0,True,False,False,1166.971923828125,1441.765501152124,-274.793577323999,True,True,0,ML-Robust-MPC,1201.765501152124,791.627579104552,500.0
1055.5,1155.5,0.0,0,-100.0,100.0,0.0,0.0,0.0,0.18228200522176344,0.0,100.0,False,0.004317008999805694,0,0,14,0,0.0,0.0,1,,,0,True,False,False,1173.74755859375,1442.626646371176,-268.8790877774261,True,True,0,ML-Robust-MPC,1202.626646371176,791.1813056081407,500.0
1069.5,1169.5,0.0,0,-100.0,100.0,0.0,0.0,0.0,0.18327406871382693,0.0,100.0,False,0.0038854709996485326,0,0,15,0,0.0,0.0,1,,,0,True,False,False,1175.1279296875,1442.2184662103436,-267.09053652284365,True,True,0,ML-Robust-MPC,1202.2184662103436,792.0593083660762,500.0
1073.0,906.8977887118483,0.0,0,166.10221128815175,0.0,166.10221128815175,0.0,0.0,0.18144820788535057,100.0,0.0,False,0.004126344000269455,0,0,16,0,0.0,0.0,1,,,0,True,False,False,1203.9942626953125,1442.149845273286,-238.15558257797352,True,True,0,ML-Robust-MPC,1202.149845273286,790.1821204092068,500.0
1101.0,1201.0,0.0,0,-100.0,100.0,0.0,0.0,0.0,0.18244027137741406,0.0,100.0,False,0.004113711999707448,0,0,17,0,0.0,0.0,1,,,0,True,False,False,1220.2205810546875,1444.1440049856717,-223.9234239309842,True,True,0,ML-Robust-MPC,1204.1440049856717,792.9365735790483,500.0
1141.5,1202.1656432162408,0.0,0,-60.665643216240824,60.665643216240824,0.0,0.0,0.0,0.1830421130759879,0.0,60.665643216240824,False,0.004410139000356139,0,0,18,0,0.0,0.0,1,,,0,True,False,False,1216.531982421875,1442.1656432162408,-225.63366079436582,True,True,0,ML-Robust-MPC,1202.1656432162408,791.5777576116325,499.7987188656948
1145.5,1052.3439386552855,0.0,0,93.15606134471452,0.0,93.15606134471452,0.0,0.0,0.1820181050147744,100.0,0.0,False,0.004416109999965556,0,0,19,0,0.0,0.0,1,,,0,True,False,False,1215.722412109375,1444.6383626595675,-228.91595055019252,True,True,0,ML-Robust-MPC,1204.6383626595675,792.6114312423177,500.0
1135.5,1203.5664787495336,0.0,0,-68.06647874953364,68.06647874953364,0.0,0.0,0.0,0.18269336770078168,0.0,68.06647874953364,False,0.0043752910000876,0,0,20,0,0.0,0.0,1,,,0,True,False,False,1215.590087890625,1443.5664787495336,-227.97639085890864,True,True,0,ML-Robust-MPC,1203.5664787495336,794.5658809291145,500.0
1125.0,1199.9579535744278,0.0,0,-74.95795357442785,74.95795357442785,0.0,0.0,0.0,0.1834369981925915,0.0,74.95795357442785,False,0.00425573299980897,0,0,21,0,0.0,0.0,1,,,0,True,False,False,1211.259033203125,1439.9579535744278,-228.69892037130285,True,True,0,ML-Robust-MPC,1199.9579535744278,795.6465783827524,500.0
1134.5,923.8897329762017,0.0,0,210.61026702379826,0.0,210.61026702379826,0.0,0.0,0.18112188731205903,100.0,0.0,False,0.004179316999852745,0,0,22,0,0.0,0.0,1,,,0,True,False,False,1206.081298828125,1438.41428184384,-232.33298301571494,True,True,0,ML-Robust-MPC,1198.41428184384,795.9720966707655,500.0
1118.5,1195.6543160926926,0.0,0,-77.15431609269262,77.15431609269262,0.0,0.0,0.0,0.1818873071145659,0.0,77.15431609269262,False,0.004010692999599996,0,0,23,0,0.0,0.0,1,,,0,True,False,False,1205.5562744140625,1435.6543160926926,-230.09804167863012,True,True,0,ML-Robust-MPC,1195.6543160926926,796.3008020203587,500.0
1111.0,1195.8367947316076,0.0,0,-84.8367947316076,84.8367947316076,0.0,0.0,0.0,0.18272894198293504,0.0,84.8367947316076,False,0.004467750000003434,0,0,24,0,0.0,0.0,1,,,0,True,False,False,1215.87548828125,1435.8367947316076,-219.9613064503576,True,True,0,ML-Robust-MPC,1195.8367947316076,794.4658464279731,500.0
1141.0,1194.3784350356316,0.0,0,-53.37843503563158,53.37843503563158,0.0,0.0,0.0,0.18325848994955837,0.0,53.37843503563158,False,0.0042683310002757935,0,0,25,0,0.0,0.0,1,,,0,True,False,False,1215.5645751953125,1434.3784350356316,-218.81385984031908,True,True,0,ML-Robust-MPC,1194.3784350356316,791.6675461645339,500.0
1183.0,971.9507291618323,0.0,0,211.04927083816767,0.0,211.04927083816767,0.0,0.0,0.18093855336645404,100.0,0.0,False,0.004375745000288589,0,0,26,0,0.0,0.0,1,,,0,True,False,False,1207.87353515625,1436.694305556361,-228.8207704001111,True,True,0,ML-Robust-MPC,1196.694305556361,793.4583071616099,500.0
1210.0,1196.8534917229044,0.0,0,13.146508277095563,0.0,13.146508277095563,0.0,0.0,0.18079404177742558,0.0,0.0,False,0.004397531999984494,0,0,27,0,0.0,0.0,1,,,0,True,False,False,1218.687255859375,1436.8534917229044,-218.16623586352944,True,True,0,ML-Robust-MPC,1196.8534917229044,796.3290180920462,500.0
1221.0,1194.0474159601367,0.0,0,26.952584039863268,0.0,26.952584039863268,0.0,0.0,0.18049776837418213,0.0,0.0,False,0.004325341999901866,0,0,28,0,0.0,0.0,1,,,0,True,False,False,1229.0498046875,1434.0474159601367,-204.99761127263673,True,True,0,ML-Robust-MPC,1194.0474159601367,795.2167649361814,500.0
1215.0,1192.0976949834153,0.0,0,22.902305016584705,0.0,22.902305016584705,0.0,0.0,0.18024601723079092,0.0,0.0,False,0.0044383049998941715,0,0,29,0,0.0,0.0,1,,,0,True,False,False,1224.18505859375,1432.0976949834153,-207.9126363896653,True,True,0,ML-Robust-MPC,1192.0976949834153,793.4879059489127,500.0
1180.0,1193.9074729391843,0.0,0,-13.907472939184345,13.907472939184345,0.0,0.0,0.0,0.1803839881924892,0.0,13.907472939184345,False,0.004199588000119547,0,0,30,0,0.0,0.0,1,,,0,True,False,False,1215.0,1433.9074729391843,-218.90747293918434,True,True,0,ML-Robust-MPC,1193.9074729391843,792.8453690233059,500.0
1147.0,1193.271234629765,0.0,0,-46.271234629765104,46.271234629765104,0.0,0.0,0.0,0.18084302821857812,0.0,46.271234629765104,False,0.00455108599999221,0,0,31,0,0.0,0.0,1,,,0,True,False,False,1184.5389404296875,1433.271234629765,-248.7322942000776,True,True,0,ML-Robust-MPC,1193.271234629765,794.6583973261218,500.0
1100.5,1195.3665865616442,0.0,0,-94.86658656164423,94.86658656164423,0.0,0.0,0.0,0.181784164990023,0.0,94.86658656164423,False,0.00439887299990005,0,0,32,0,0.0,0.0,1,,,0,True,False,False,1181.9327392578125,1435.3665865616442,-253.43384730383173,True,True,0,ML-Robust-MPC,1195.3665865616442,793.7627701520139,500.0
1112.5,1192.5341979775496,0.0,0,-80.03419797754964,80.03419797754964,0.0,0.0,0.0,0.1825781550493241,0.0,80.03419797754964,False,0.004493394999826705,0,0,33,0,0.0,0.0,1,,,0,True,False,False,1179.9609375,1432.5341979775496,-252.57326047754964,True,True,0,ML-Robust-MPC,1192.5341979775496,795.8820940778121,500.0
1108.0,1193.2454879586385,0.0,0,-85.24548795863848,85.24548795863848,0.0,0.0,0.0,0.18342384441399312,0.0,85.24548795863848,False,0.004252702000030695,0,0,34,0,0.0,0.0,1,,,0,True,False,False,1176.356689453125,1433.2454879586385,-256.8887985055135,True,True,0,ML-Robust-MPC,1193.2454879586385,795.1642927614339,500.0
1125.0,828.8905475307295,0.0,0,296.1094524692706,0.0,296.1094524692706,0.0,0.0,0.18016889286330423,100.0,0.0,False,0.004198037999685766,0,0,35,0,0.0,0.0,1,,,0,True,False,False,1175.4422607421875,1433.259216903819,-257.8169561616314,True,True,0,ML-Robust-MPC,1193.259216903819,793.2201705973063,500.0
1186.0,1192.5501304792715,0.0,0,-6.550130479271502,6.550130479271502,0.0,0.0,0.0,0.18023387431647162,0.0,6.550130479271502,False,0.004427908999787178,0,0,36,0,0.0,0.0,1,,,0,True,False,False,1172.693359375,1432.5501304792715,-259.8567711042715,True,True,0,ML-Robust-MPC,1192.5501304792715,792.3338949167369,500.0
1150.5,1192.6012975063618,0.0,0,-42.10129750636179,42.10129750636179,0.0,0.0,0.0,0.18065154591871727,0.0,42.10129750636179,False,0.004373822000161454,0,0,37,0,0.0,0.0,1,,,0,True,False,False,1198.06640625,1432.6012975063618,-234.5348912563618,True,True,0,ML-Robust-MPC,1192.6012975063618,793.2314900588176,500.0
1165.5,1194.61587412959,0.0,0,-29.11587412959011,29.11587412959011,0.0,0.0,0.0,0.18094039387635208,0.0,29.11587412959011,False,0.004145000999869808,0,0,38,0,0.0,0.0,1,,,0,True,False,False,1167.810302734375,1434.61587412959,-266.8055713952151,True,True,0,ML-Robust-MPC,1194.61587412959,795.1602717909568,500.0
1137.5,1198.1103587976345,0.0,0,-60.61035879763449,60.61035879763449,0.0,0.0,0.0,0.1815416871183921,0.0,60.61035879763449,False,0.004392813999857026,0,0,39,0,0.0,0.0,1,,,0,True,False,False,1165.5,1438.1103587976345,-272.6103587976345,True,True,0,ML-Robust-MPC,1198.1103587976345,795.6427099263076,500.0
1117.0,1198.914113759211,0.0,0,-81.91411375921098,81.91411375921098,0.0,0.0,0.0,0.1823543271358446,0.0,81.91411375921098,False,0.004284796999854734,0,0,40,0,0.0,0.0,1,,,0,True,False,False,1159.143798828125,1438.914113759211,-279.770314931086,True,True,0,ML-Robust-MPC,1198.914113759211,795.2920755429602,499.8372759749568
1088.0,1188.0,0.0,0,-100.0,100.0,0.0,0.0,0.0,0.18334639062790808,0.0,100.0,False,0.004241843000272638,0,0,41,0,0.0,0.0,1,,,0,True,False,False,1151.565673828125,1437.577016297115,-286.01134246899005,True,True,0,ML-Robust-MPC,1197.577016297115,796.4470668559642,498.0837976731445
1108.5,753.6399999999996,0.0,0,354.86000000000035,0.0,354.86000000000035,0.0,0.0,0.17944562995429422,100.0,0.0,False,0.0041747109999050735,0,0,42,0,0.0,0.0,1,,,0,True,False,False,1159.7230224609375,1439.5784857964356,-279.85546333549814,True,True,0,ML-Robust-MPC,1199.5784857964356,796.112486950714,498.3058083138317
1100.0,1200.0,0.0,0,-100.0,100.0,0.0,0.0,0.0,0.1804376934463577,0.0,100.0,False,0.003961099999742146,0,0,43,0,0.0,0.0,1,,,0,True,False,False,1162.120361328125,1441.0497460465358,-278.9293847184108,True,True,0,ML-Robust-MPC,1201.0497460465358,795.0097265815778,498.4877187978014
1122.5,1199.6603262903805,0.0,0,-77.16032629038045,77.16032629038045,0.0,0.0,0.0,0.18120317287384163,0.0,77.16032629038045,False,0.0038796669996372657,0,0,44,0,0.0,0.0,1,,,0,True,False,False,1165.85107421875,1439.6603262903805,-273.80925207163045,True,True,0,ML-Robust-MPC,1199.6603262903805,799.0974552675925,497.8976929971668
1125.5,1199.766291582332,0.0,0,-74.26629158233209,74.26629158233209,0.0,0.0,0.0,0.18193994163953936,0.0,74.26629158233209,False,0.004202212000109284,0,0,45,0,0.0,0.0,1,,,0,True,False,False,1166.541748046875,1439.766291582332,-273.2245435354571,True,True,0,ML-Robust-MPC,1199.766291582332,801.3494891688108,500.0
1126.5,1195.896783271385,0.0,0,-69.39678327138495,69.39678327138495,0.0,0.0,0.0,0.1826284017910412,0.0,69.39678327138495,False,0.004029097000056936,0,0,46,0,0.0,0.0,1,,,0,True,False,False,1163.5849609375,1435.896783271385,-272.31182233388495,True,True,0,ML-Robust-MPC,1195.896783271385,803.2327012753577,499.08438133782914
1136.0,1194.126250596188,0.0,0,-58.1262505961879,58.1262505961879,0.0,0.0,0.0,0.1832050511025113,0.0,58.1262505961879,False,0.004321740000250429,0,0,47,0,0.0,0.0,1,,,0,True,False,False,1166.2738037109375,1434.126250596188,-267.8524468852504,True,True,0,ML-Robust-MPC,1194.126250596188,804.2508652980919,499.4775634111744
1105.5,773.1244970703121,0.0,0,332.37550292968785,0.0,332.37550292968785,0.0,0.0,0.17955144886303445,100.0,0.0,False,0.004127938999772596,0,0,48,0,0.0,0.0,1,,,0,True,False,False,1175.386962890625,1431.847975263555,-256.4610123729301,True,True,0,ML-Robust-MPC,1191.847975263555,806.2517676978925,499.82312959606975
1102.5,1193.0984980864444,0.0,0,-90.59849808644435,90.59849808644435,0.0,0.0,0.0,0.1804502434869079,0.0,90.59849808644435,False,0.00429414199970779,0,0,49,0,0.0,0.0,1,,,0,True,False,False,1163.5675048828125,1433.0984980864444,-269.53099320363185,True,True,0,ML-Robust-MPC,1193.0984980864444,803.7692747439999,500.0
1055.5,1155.5,0.0,0,-100.0,100.0,0.0,0.0,0.0,0.1814423069789714,0.0,100.0,False,0.004047340999932203,0,0,50,0,0.0,0.0,1,,,0,True,False,False,1167.736083984375,1431.8054836717529,-264.0693996873779,True,True,0,ML-Robust-MPC,1191.8054836717529,803.3005857053016,500.0
1056.5,1156.5,0.0,0,-100.0,100.0,0.0,0.0,0.0,0.1824343704710349,0.0,100.0,False,0.004098096000234364,0,0,51,0,0.0,0.0,1,,,0,True,False,False,1164.701171875,1436.4822347462098,-271.78106287120977,True,True,0,ML-Robust-MPC,1196.4822347462098,803.3005549422667,500.0
1078.0,1178.0,0.0,0,-100.0,100.0,0.0,0.0,0.0,0.18342643396309838,0.0,100.0,False,0.004425050999998348,0,0,52,0,0.0,0.0,1,,,0,True,False,False,1200.182373046875,1435.7070194713067,-235.5246464244317,True,True,0,ML-Robust-MPC,1195.7070194713067,804.3236620440897,500.0
1093.0,911.3290932177346,0.0,0,181.67090678226543,0.0,181.67090678226543,0.0,0.0,0.1814294359111454,100.0,0.0,False,0.004285038000034547,0,0,53,0,0.0,0.0,1,,,0,True,False,False,1207.0792236328125,1436.3334533024215,-229.254229669609,True,True,0,ML-Robust-MPC,1196.3334533024215,806.5647897189615,500.0
1125.5,1197.6091024293764,0.0,0,-72.10910242937643,72.10910242937643,0.0,0.0,0.0,0.18214480399080193,0.0,72.10910242937643,False,0.004814740999790956,0,0,54,0,0.0,0.0,1,,,0,True,False,False,1204.859619140625,1437.6091024293764,-232.74948328875143,True,True,0,ML-Robust-MPC,1197.6091024293764,804.3158037709435,500.0
1125.0,1200.6563119781208,0.0,0,-75.65631197812081,75.65631197812081,0.0,0.0,0.0,0.18289536264137854,0.0,75.65631197812081,False,0.004517487000157416,0,0,55,0,0.0,0.0,1,,,0,True,False,False,1200.5252685546875,1440.6563119781208,-240.1310434234333,True,True,0,ML-Robust-MPC,1200.6563119781208,805.2297658585572,500.0
1135.0,1202.590610892605,0.0,0,-67.5906108926049,67.5906108926049,0.0,0.0,0.0,0.18356590441610676,0.0,67.5906108926049,False,0.004215572000248358,0,0,56,0,0.0,0.0,1,,,0,True,False,False,1195.255126953125,1442.590610892605,-247.3354839394799,True,True,0,ML-Robust-MPC,1202.590610892605,805.7473263408276,500.0
1143.0,833.0845756792672,0.0,0,309.91542432073277,0.0,309.91542432073277,0.0,0.0,0.1801591921934368,100.0,0.0,False,0.004147439999997005,0,0,57,0,0.0,0.0,1,,,0,True,False,False,1195.129150390625,1441.1451837579525,-246.0160333673275,True,True,0,ML-Robust-MPC,1201.1451837579525,806.7643267700698,500.0
1110.5,1201.8648727483087,0.0,0,-91.3648727483087,91.3648727483087,0.0,0.0,0.0,0.18106558974054301,0.0,91.3648727483087,False,0.004149181999764551,0,0,58,0,0.0,0.0,1,,,0,True,False,False,1197.3753662109375,1441.8648727483087,-244.4895065373712,True,True,0,ML-Robust-MPC,1201.8648727483087,804.9790801471933,500.0
1100.5,1200.5,0.0,0,-100.0,100.0,0.0,0.0,0.0,0.1820576532326065,0.0,100.0,False,0.0039052450001690886,0,0,59,0,0.0,0.0,1,,,0,True,False,False,1193.7972412109375,1444.9488304135473,-251.15158920260978,True,True,0,ML-Robust-MPC,1204.9488304135473,802.7806832184252,500.0
1091.0,1191.0,0.0,0,-100.0,100.0,0.0,0.0,0.0,0.18304971672467,0.0,100.0,False,0.004056964000028529,0,0,60,0,0.0,0.0,1,,,0,True,False,False,1189.6845703125,1448.721985222332,-259.037414909832,True,True,0,ML-Robust-MPC,1208.721985222332,802.8743133470568,500.0
1114.5,824.5689549847341,0.0,0,289.9310450152659,0.0,289.9310450152659,0.0,0.0,0.1798626806584599,100.0,0.0,False,0.004150021999976161,0,0,61,0,0.0,0.0,1,,,0,True,False,False,1185.693115234375,1441.5155029608177,-255.82238772644268,True,True,0,ML-Robust-MPC,1201.5155029608177,800.6693745002067,500.0
1148.0,1201.5165436184818,0.0,0,-53.51654361848182,53.51654361848182,0.0,0.0,0.0,0.1803935987499131,0.0,53.51654361848182,False,0.004266743000243878,0,0,62,0,0.0,0.0,1,,,0,True,False,False,1189.461669921875,1441.5165436184818,-252.05487369660682,True,True,0,ML-Robust-MPC,1201.5165436184818,800.0060997629367,500.0
1181.5,1196.6424286290082,0.0,0,-15.142428629008236,15.142428629008236,0.0,0.0,0.0,0.18054382125615326,0.0,15.142428629008236,False,0.004385619999993651,0,0,63,0,0.0,0.0,1,,,0,True,False,False,1190.5521240234375,1436.6424286290082,-246.09030460557074,True,True,0,ML-Robust-MPC,1196.6424286290082,800.0489668274255,500.0
1186.5,1198.1984905946083,0.0,0,-11.698490594608302,11.698490594608302,0.0,0.0,0.0,0.18065987771046485,0.0,11.698490594608302,False,0.004274634000012156,0,0,64,0,0.0,0.0,1,,,0,True,False,False,1199.1998291015625,1438.1984905946083,-238.9986614930458,True,True,0,ML-Robust-MPC,1198.1984905946083,797.5662956624047,500.0
1181.5,1197.771416913437,0.0,0,-16.27141691343695,16.27141691343695,0.0,0.0,0.0,0.1808213004973045,0.0,16.27141691343695,False,0.004273044000001391,0,0,65,0,0.0,0.0,1,,,0,True,False,False,1186.5,1437.771416913437,-251.27141691343695,True,True,0,ML-Robust-MPC,1197.771416913437,797.6794689154289,500.0
1150.0,1198.591581118128,0.0,0,-48.59158111812803,48.59158111812803,0.0,0.0,0.0,0.18130335983379386,0.0,48.59158111812803,False,0.004135342000154196,0,0,66,0,0.0,0.0,1,,,0,True,False,False,1181.5,1438.591581118128,-257.09158111812803,True,True,0,ML-Robust-MPC,1198.591581118128,800.4239453999315,500.0
1099.5,1199.5,0.0,0,-100.0,100.0,0.0,0.0,0.0,0.18229542332585735,0.0,100.0,False,0.0041842699997687305,0,0,67,0,0.0,0.0,1,,,0,True,False,False,1150.0,1439.588207232244,-289.58820723224403,True,True,0,ML-Robust-MPC,1199.588207232244,799.6927395976877,500.0
1114.0,1201.0742581803877,0.0,0,-87.07425818038769,87.07425818038769,0.0,0.0,0.0,0.18315925525225007,0.0,87.07425818038769,False,0.0042831629998545395,0,0,68,0,0.0,0.0,1,,,0,True,False,False,1140.10546875,1441.0742581803877,-300.9687894303877,True,True,0,ML-Robust-MPC,1201.0742581803877,800.2193607248121,500.0
1059.0,756.5457617187496,0.0,0,302.45423828125035,0.0,302.45423828125035,0.0,0.0,0.17983455932074094,100.0,0.0,False,0.004205574000025081,0,0,69,0,0.0,0.0,1,,,0,True,False,False,1150.1279296875,1441.9986146250217,-291.8706849375217,True,True,0,ML-Robust-MPC,1201.9986146250217,797.3847744870518,500.0
1077.5,1177.5,0.0,0,-100.0,100.0,0.0,0.0,0.0,0.18082662281280443,0.0,100.0,False,0.003940210999644478,0,0,70,0,0.0,0.0,1,,,0,True,False,False,1162.6524658203125,1441.6874619850896,-279.0349961647771,True,True,0,ML-Robust-MPC,1201.6874619850896,794.241951599812,500.0
1091.0,1191.0,0.0,0,-100.0,100.0,0.0,0.0,0.0,0.18181868630486792,0.0,100.0,False,0.004315033999773732,0,0,71,0,0.0,0.0,1,,,0,True,False,False,1184.81298828125,1444.522395474865,-259.7094071936151,True,True,0,ML-Robust-MPC,1204.522395474865,793.4095681731695,500.0
1136.5,1204.0186422336235,0.0,0,-67.5186422336235,67.5186422336235,0.0,0.0,0.0,0.18248851410480466,0.0,67.5186422336235,False,0.0041919999998754065,0,0,72,0,0.0,0.0,1,,,0,True,False,False,1190.1395263671875,1444.0186422336235,-253.879115866436,True,True,0,ML-Robust-MPC,1204.0186422336235,794.7162742769417,500.0
1164.5,1208.7353540945796,0.0,0,-44.235354094579634,44.235354094579634,0.0,0.0,0.0,0.18292735690336198,0.0,44.235354094579634,False,0.004267277000053582,0,0,73,0,0.0,0.0,1,,,0,True,False,False,1192.4254150390625,1448.7353540945796,-256.30993905551713,True,True,0,ML-Robust-MPC,1208.7353540945796,795.1336228294305,500.0
1111.0,1208.197585190681,0.0,0,-97.19758519068091,97.19758519068091,0.0,0.0,0.0,0.18389161866120604,0.0,97.19758519068091,False,0.00429480999991938,0,0,74,0,0.0,0.0,1,,,0,True,False,False,1197.19140625,1448.197585190681,-251.0061789406809,True,True,0,ML-Robust-MPC,1208.197585190681,797.1294573154482,500.0
1122.0,783.276861100177,0.0,0,338.7231388998229,0.0,338.7231388998229,0.0,0.0,0.18016824071084964,100.0,0.0,False,0.0038786459999755607,0,0,75,0,0.0,0.0,1,,,0,True,False,False,1202.07421875,1444.9351094889737,-242.8608907389737,True,True,0,ML-Robust-MPC,1204.9351094889737,796.3742908367935,500.0
1075.0,1175.0,0.0,0,-100.0,100.0,0.0,0.0,0.0,0.18116030420291312,0.0,100.0,False,0.0041183449998243304,0,0,76,0,0.0,0.0,1,,,0,True,False,False,1201.2601318359375,1445.6160542683372,-244.35592243239967,True,True,0,ML-Robust-MPC,1205.6160542683372,792.9576736126807,500.0
1099.5,1199.5,0.0,0,-100.0,100.0,0.0,0.0,0.0,0.1821523676949766,0.0,100.0,False,0.003986183000051824,0,0,77,0,0.0,0.0,1,,,0,True,False,False,1189.694091796875,1445.5727760689597,-255.87868427208468,True,True,0,ML-Robust-MPC,1205.5727760689597,792.5819492710693,500.0
1073.5,1173.5,0.0,0,-100.0,100.0,0.0,0.0,0.0,0.1831444311870401,0.0,100.0,False,0.004293716000120185,0,0,78,0,0.0,0.0,1,,,0,True,False,False,1195.361083984375,1442.5650333454782,-247.20394936110324,True,True,0,ML-Robust-MPC,1202.5650333454782,793.9021465195196,500.0
1106.5,830.1841667169907,0.0,0,276.3158332830093,0.0,276.3158332830093,0.0,0.0,0.1801070588825617,100.0,0.0,False,0.004039626000121643,0,0,79,0,0.0,0.0,1,,,0,True,False,False,1199.8626708984375,1444.0784968949708,-244.21582599653334,True,True,0,ML-Robust-MPC,1204.0784968949708,795.2028137539079,500.0
1161.0,1204.961364963915,0.0,0,-43.961364963915,43.961364963915,0.0,0.0,0.0,0.1805431835349815,0.0,43.961364963915,False,0.0057778129998951044,0,0,80,0,0.0,0.0,1,,,0,True,False,False,1193.488037109375,1444.961364963915,-251.47332785454,True,True,0,ML-Robust-MPC,1204.961364963915,792.9819032970864,500.0
1185.0,1207.136729112481,0.0,0,-22.136729112480907,22.136729112480907,0.0,0.0,0.0,0.18076279394284342,0.0,22.136729112480907,False,0.0043187960000068415,0,0,81,0,0.0,0.0,1,,,0,True,False,False,1197.577392578125,1447.136729112481,-249.5593365343559,True,True,0,ML-Robust-MPC,1207.136729112481,794.0213329941437,500.0
1189.5,1204.6928182955928,0.0,0,-15.192818295592815,15.192818295592815,0.0,0.0,0.0,0.18091351634656955,0.0,15.192818295592815,False,0.004240023999955156,0,0,82,0,0.0,0.0,1,,,0,True,False,False,1199.789306640625,1444.6928182955928,-244.90351165496782,True,True,0,ML-Robust-MPC,1204.6928182955928,796.9087715162407,500.0
1184.0,1203.9260790871494,0.0,0,-19.926079087149446,19.926079087149446,0.0,0.0,0.0,0.18111119570259285,0.0,19.926079087149446,False,0.004300838999824919,0,0,83,0,0.0,0.0,1,,,0,True,False,False,1189.5,1443.9260790871494,-254.42607908714945,True,True,0,ML-Robust-MPC,1203.9260790871494,793.3579134758194,500.0
1176.0,1199.042947610723,0.0,0,-23.042947610723104,23.042947610723104,0.0,0.0,0.0,0.18133979637333414,0.0,23.042947610723104,False,0.0041476060000604775,0,0,84,0,0.0,0.0,1,,,0,True,False,False,1184.0,1439.042947610723,-255.0429476107231,True,True,0,ML-Robust-MPC,1199.042947610723,792.3448507910728,500.0
1143.0,1197.8486616165903,0.0,0,-54.848661616590334,54.848661616590334,0.0,0.0,0.0,0.18188392992111777,0.0,54.848661616590334,False,0.004444178999619908,0,0,85,0,0.0,0.0,1,,,0,True,False,False,1180.25244140625,1437.8486616165903,-257.59622021034033,True,True,0,ML-Robust-MPC,1197.8486616165903,792.3264970335451,500.0
1106.5,1199.888821569161,0.0,0,-93.38882156916111,93.38882156916111,0.0,0.0,0.0,0.18281040632557372,0.0,93.38882156916111,False,0.004246500000135711,0,0,86,0,0.0,0.0,1,,,0,True,False,False,1179.083740234375,1439.888821569161,-260.8050813347861,True,True,0,ML-Robust-MPC,1199.888821569161,793.4283880520742,500.0
1118.0,1199.348443794554,0.0,0,-81.34844379455399,81.34844379455399,0.0,0.0,0.0,0.18361743453782128,0.0,81.34844379455399,False,0.003936007999982394,0,0,87,0,0.0,0.0,1,,,0,True,False,False,1178.7398681640625,1439.348443794554,-260.6085756304915,True,True,0,ML-Robust-MPC,1199.348443794554,794.5631959593378,500.0
1129.5,786.7953478407496,0.0,0,342.7046521592504,0.0,342.7046521592504,0.0,0.0,0.17985029022793197,100.0,0.0,False,0.004207630999644607,0,0,88,0,0.0,0.0,1,,,0,True,False,False,1180.1015625,1442.04973028425,-261.94816778425,True,True,0,ML-Robust-MPC,1202.04973028425,792.1185709940979,500.0
1114.0,1201.7955808251884,0.0,0,-87.79558082518838,87.79558082518838,0.0,0.0,0.0,0.18072127813294375,0.0,87.79558082518838,False,0.0042970989998138975,0,0,89,0,0.0,0.0,1,,,0,True,False,False,1182.680908203125,1441.7955808251884,-259.1146726220634,True,True,0,ML-Robust-MPC,1201.7955808251884,793.3307479528119,500.0
1146.5,1201.1109909760894,0.0,0,-54.6109909760894,54.6109909760894,0.0,0.0,0.0,0.1812630538370716,0.0,54.6109909760894,False,0.004408719999901223,0,0,90,0,0.0,0.0,1,,,0,True,False,False,1169.253173828125,1441.1109909760894,-271.8578171479644,True,True,0,ML-Robust-MPC,1201.1109909760894,795.7572156455359,500.0
1158.0,1203.397018178997,0.0,0,-45.39701817899709,45.39701817899709,0.0,0.0,0.0,0.18171342108091088,0.0,45.39701817899709,False,0.0043398890002208645,0,0,91,0,0.0,0.0,1,,,0,True,False,False,1168.9072265625,1443.397018178997,-274.4897916164971,True,True,0,ML-Robust-MPC,1203.397018178997,793.831321431054,500.0
1177.5,1198.5721145985367,0.0,0,-21.0721145985367,21.0721145985367,0.0,0.0,0.0,0.18192246983684873,0.0,21.0721145985367,False,0.004004456000075152,0,0,92,0,0.0,0.0,1,,,0,True,False,False,1160.8699951171875,1438.5721145985367,-277.7021194813492,True,True,0,ML-Robust-MPC,1198.5721145985367,794.0037745287577,500.0
1151.0,1198.7131006939296,0.0,0,-47.71310069392962,47.71310069392962,0.0,0.0,0.0,0.1823958140897647,0.0,47.71310069392962,False,0.004210798999793042,0,0,93,0,0.0,0.0,1,,,0,True,False,False,1177.5,1438.7131006939296,-261.2131006939296,True,True,0,ML-Robust-MPC,1198.7131006939296,795.5136946916257,500.0
1119.0,1202.329512090264,0.0,0,-83.32951209026396,83.32951209026396,0.0,0.0,0.0,0.18322249575732685,0.0,83.32951209026396,False,0.004095827000128338,0,0,94,0,0.0,0.0,1,,,0,True,False,False,1164.5394287109375,1442.329512090264,-277.79008337932646,True,True,0,ML-Robust-MPC,1202.329512090264,795.2602414908214,500.0
1109.5,756.2165380859371,0.0,0,353.28346191406285,0.0,353.28346191406285,0.0,0.0,0.17933906501034907,100.0,0.0,False,0.00408849099994768,0,0,95,0,0.0,0.0,1,,,0,True,False,False,1163.8480224609375,1443.8267776002886,-279.97875513935105,True,True,0,ML-Robust-MPC,1203.8267776002886,795.0050577049445,500.0
1076.5,1176.5,0.0,0,-100.0,100.0,0.0,0.0,0.0,0.18033112850241256,0.0,100.0,False,0.004314489999615034,0,0,96,0,0.0,0.0,1,,,0,True,False,False,1169.850830078125,1448.8114108889229,-278.96058081079786,True,True,0,ML-Robust-MPC,1208.8114108889229,795.9075231637091,500.0
1105.5,1205.5,0.0,0,-100.0,100.0,0.0,0.0,0.0,0.18132319199447605,0.0,100.0,False,0.004290514999865991,0,0,97,0,0.0,0.0,1,,,0,True,False,False,1162.4967041015625,1451.338668901967,-288.8419648004044,True,True,0,ML-Robust-MPC,1211.338668901967,792.9895843468424,500.0
1132.5,1210.4740546133191,0.0,0,-77.97405461331914,77.97405461331914,0.0,0.0,0.0,0.18209674412357643,0.0,77.97405461331914,False,0.004190331000245351,0,0,98,0,0.0,0.0,1,,,0,True,False,False,1166.848388671875,1450.4740546133191,-283.62566594144414,True,True,0,ML-Robust-MPC,1210.4740546133191,793.215374836472,500.0
1150.5,1211.6510545525873,0.0,0,-61.15105455258731,61.15105455258731,0.0,0.0,0.0,0.1827034014108045,0.0,61.15105455258731,False,0.0041402000001653505,0,0,99,0,0.0,0.0,1,,,0,True,False,False,1163.8079833984375,1451.6510545525873,-287.8430711541498,True,True,0,ML-Robust-MPC,1211.6510545525873,794.6743688224473,500.0
1185.0,1214.7128881384251,0.0,0,-29.712888138425114,29.712888138425114,0.0,0.0,0.0,0.18299817212646347,0.0,29.712888138425114,False,0.0043173310000383935,0,0,100,0,0.0,0.0,1,,,0,True,False,False,1163.663330078125,1454.7128881384251,-291.0495580603001,True,True,0,ML-Robust-MPC,1214.7128881384251,793.5110191867286,500.0
1163.5,822.5633398437496,0.0,0,340.93666015625035,0.0,340.93666015625035,0.0,0.0,0.1792504622799585,100.0,0.0,False,0.004080145999978413,0,0,101,0,0.0,0.0,1,,,0,True,False,False,1185.0,1451.2358143679996,-266.23581436799964,True,True,0,ML-Robust-MPC,1211.2358143679996,793.5510652066929,500.0
1096.5,1196.5,0.0,0,-100.0,100.0,0.0,0.0,0.0,0.180242525772022,0.0,100.0,False,0.004092535999916436,0,0,102,0,0.0,0.0,1,,,0,True,False,False,1163.5,1450.5046110000044,-287.0046110000044,True,True,0,ML-Robust-MPC,1210.5046110000044,795.0586491631907,500.0
1104.0,1204.0,0.0,0,-100.0,100.0,0.0,0.0,0.0,0.18123458926408548,0.0,100.0,False,0.0044314060000942845,0,0,103,0,0.0,0.0,1,,,0,True,False,False,1107.575927734375,1448.566304879483,-340.9903771451079,True,True,0,ML-Robust-MPC,1208.566304879483,795.4226214464227,500.0
1044.5,1144.5,0.0,0,-100.0,100.0,0.0,0.0,0.0,0.18222665275614897,0.0,100.0,False,0.004219228000238218,0,0,104,0,0.0,0.0,1,,,0,True,False,False,1117.3548583984375,1447.4259050093383,-330.0710466109008,True,True,0,ML-Robust-MPC,1207.4259050093383,794.1357886237466,500.0
1056.5,1156.5,0.0,0,-100.0,100.0,0.0,0.0,0.0,0.18321871624821245,0.0,100.0,False,0.004448289000265504,0,0,105,0,0.0,0.0,1,,,0,True,False,False,1128.2110595703125,1445.1738684746852,-316.96280890437265,True,True,0,ML-Robust-MPC,1205.1738684746852,793.2746963209269,500.0
1039.5,729.7089819196199,0.0,0,309.7910180803802,0.0,309.7910180803802,0.0,0.0,0.17981337154786092,100.0,0.0,False,0.004559867999887501,0,0,106,0,0.0,0.0,1,,,0,True,False,False,1166.960693359375,1444.361926283504,-277.4012329241291,True,True,0,ML-Robust-MPC,1204.361926283504,792.9410655279723,500.0
1052.0,1152.0,0.0,0,-100.0,100.0,0.0,0.0,0.0,0.1808054350399244,0.0,100.0,False,0.0042552649997560366,0,0,107,0,0.0,0.0,1,,,0,True,False,False,1193.620361328125,1447.1383478029309,-253.51798647480587,True,True,0,ML-Robust-MPC,1207.1383478029309,792.8870671024672,500.0
1082.0,1182.0,0.0,0,-100.0,100.0,0.0,0.0,0.0,0.1817974985319879,0.0,100.0,False,0.004360975000054168,0,0,108,0,0.0,0.0,1,,,0,True,False,False,1195.6280517578125,1441.711407297861,-246.0833555400484,True,True,0,ML-Robust-MPC,1201.711407297861,790.4639056466236,500.0
1115.0,1202.4523707092703,0.0,0,-87.45237070927033,87.45237070927033,0.0,0.0,0.0,0.1826650815747386,0.0,87.45237070927033,False,0.005284286999994947,0,0,109,0,0.0,0.0,1,,,0,True,False,False,1182.4930419921875,1442.4523707092703,-259.9593287170828,True,True,0,ML-Robust-MPC,1202.4523707092703,791.5420074914042,500.0
1104.0,1202.837436965368,0.0,0,-98.83743696536794,98.83743696536794,0.0,0.0,0.0,0.18364561170336327,0.0,98.83743696536794,False,0.004452144999959273,0,0,110,0,0.0,0.0,1,,,0,True,False,False,1183.9891357421875,1442.837436965368,-258.84830122318044,True,True,0,ML-Robust-MPC,1202.837436965368,790.2147141724106,500.0
1079.5,770.0185433144522,0.0,0,309.48145668554776,0.0,309.48145668554776,0.0,0.0,0.18024366982360304,100.0,0.0,False,0.004272662999937893,0,0,111,0,0.0,0.0,1,,,0,True,False,False,1184.705078125,1441.9884627177732,-257.28338459277325,True,True,0,ML-Robust-MPC,1201.9884627177732,789.5646538473882,500.0
1062.5,1162.5,0.0,0,-100.0,100.0,0.0,0.0,0.0,0.18123573331566653,0.0,100.0,False,0.004258629999640107,0,0,112,0,0.0,0.0,1,,,0,True,False,False,1187.373046875,1439.5728153070615,-252.19976843206155,True,True,0,ML-Robust-MPC,1199.5728153070615,790.7820420526921,500.0
1070.0,1170.0,0.0,0,-100.0,100.0,0.0,0.0,0.0,0.18222779680773002,0.0,100.0,False,0.004233440000007249,0,0,113,0,0.0,0.0,1,,,0,True,False,False,1196.42578125,1438.151854256085,-241.72607300608502,True,True,0,ML-Robust-MPC,1198.151854256085,790.2956733854376,500.0
1063.0,1163.0,0.0,0,-100.0,100.0,0.0,0.0,0.0,0.1832198602997935,0.0,100.0,False,0.004170634999809408,0,0,114,0,0.0,0.0,1,,,0,True,False,False,1192.2603759765625,1433.218523829967,-240.9581478534044,True,True,0,ML-Robust-MPC,1193.218523829967,791.0477487579534,500.0
1087.0,834.1552088343135,0.0,0,252.84479116568644,0.0,252.84479116568644,0.0,0.0,0.18044049092058137,100.0,0.0,False,0.00417113799994695,0,0,115,0,0.0,0.0,1,,,0,True,False,False,1190.451904296875,1434.245556922281,-243.7936526254059,True,True,0,ML-Robust-MPC,1194.245556922281,790.719246480088,500.0
1121.5,1193.4950587004282,0.0,0,-71.99505870042822,71.99505870042822,0.0,0.0,0.0,0.181154727614038,0.0,71.99505870042822,False,0.0038679930003127083,0,0,116,0,0.0,0.0,1,,,0,True,False,False,1192.32421875,1433.4950587004282,-241.17083995042822,True,True,0,ML-Robust-MPC,1193.4950587004282,789.5464382509081,500.0
1196.0,1194.8421434915902,0.0,0,1.15785650840985,0.0,1.15785650840985,0.0,0.0,0.18114199999995445,0.0,0.0,False,0.004071676999956253,0,0,117,0,0.0,0.0,1,,,0,True,False,False,1186.1956787109375,1434.8421434915902,-248.64646478065265,True,True,0,ML-Robust-MPC,1194.8421434915902,787.0817766344243,500.0
1188.5,1192.9811514805124,0.0,0,-4.481151480512381,4.481151480512381,0.0,0.0,0.0,0.18118645586781668,0.0,4.481151480512381,False,0.00432485099963742,0,0,118,0,0.0,0.0,1,,,0,True,False,False,1207.273681640625,1432.9811514805124,-225.70746983988738,True,True,0,ML-Robust-MPC,1192.9811514805124,785.668771276929,500.0
1200.5,1190.24068291946,0.0,0,10.259317080540086,0.0,10.259317080540086,0.0,0.0,0.18107368141984873,0.0,0.0,False,0.004142546000366565,0,0,119,0,0.0,0.0,1,,,0,True,False,False,1191.933349609375,1430.24068291946,-238.3073333100849,True,True,0,ML-Robust-MPC,1190.24068291946,785.1783045924082,500.0
1186.0,1188.4686394010405,0.0,0,-2.468639401040491,2.468639401040491,0.0,0.0,0.0,0.18109817189009714,0.0,2.468639401040491,False,0.00433836699994572,0,0,120,0,0.0,0.0,1,,,0,True,False,False,1200.5,1428.4686394010405,-227.9686394010405,True,True,0,ML-Robust-MPC,1188.4686394010405,785.4302666987568,499.9638856841455
1135.0,1186.7739568250645,0.0,0,-51.77395682506449,51.77395682506449,0.0,0.0,0.0,0.1816118024141553,0.0,51.77395682506449,False,0.004513406000114628,0,0,121,0,0.0,0.0,1,,,0,True,False,False,1186.0,1426.7739568250645,-240.7739568250645,True,True,0,ML-Robust-MPC,1186.7739568250645,788.2700158280697,499.4741413151018
1129.5,1185.966202147274,0.0,0,-56.46620214727409,56.46620214727409,0.0,0.0,0.0,0.1821719829910132,0.0,56.46620214727409,False,0.004112022000299476,0,0,122,0,0.0,0.0,1,,,0,True,False,False,1162.9151611328125,1425.966202147274,-263.0510410144616,True,True,0,ML-Robust-MPC,1185.966202147274,787.2334822960561,498.97514858025846
1106.5,1186.802171863315,0.0,0,-80.30217186331492,80.30217186331492,0.0,0.0,0.0,0.18296863152140322,0.0,80.30217186331492,False,0.004101188000277034,0,0,123,0,0.0,0.0,1,,,0,True,False,False,1171.5712890625,1426.802171863315,-255.23088280081492,True,True,0,ML-Robust-MPC,1186.802171863315,789.1506899725332,499.1475568555786
1134.0,779.1399999999996,0.0,0,354.86000000000035,0.0,354.86000000000035,0.0,0.0,0.17906787084778936,100.0,0.0,False,0.004242832999807433,0,0,124,0,0.0,0.0,1,,,0,True,False,False,1166.129150390625,1426.759854998419,-260.6307046077941,True,True,0,ML-Robust-MPC,1186.759854998419,788.910328608725,497.73084478789457
1146.5,1187.477860461241,0.0,0,-40.97786046124111,40.97786046124111,0.0,0.0,0.0,0.17947439724125405,0.0,40.97786046124111,False,0.004902356999991753,0,0,125,0,0.0,0.0,1,,,0,True,False,False,1168.7412109375,1427.477860461241,-258.7366495237411,True,True,0,ML-Robust-MPC,1187.477860461241,787.864919184862,497.4321206514397
1153.0,1192.9294818323374,0.0,0,-39.92948183233739,39.92948183233739,0.0,0.0,0.0,0.1798705230530828,0.0,39.92948183233739,False,0.004066577000230609,0,0,126,0,0.0,0.0,1,,,0,True,False,False,1170.3905029296875,1432.9294818323374,-262.5389789026499,True,True,0,ML-Robust-MPC,1192.9294818323374,786.9174874587922,497.7663701432086
1145.0,1192.960717864066,0.0,0,-47.960717864066055,47.960717864066055,0.0,0.0,0.0,0.18034632382554378,0.0,47.960717864066055,False,0.004144048999933148,0,0,127,0,0.0,0.0,1,,,0,True,False,False,1171.8946533203125,1432.960717864066,-261.06606454375355,True,True,0,ML-Robust-MPC,1192.960717864066,785.9914983359952,496.14322693127775
1161.5,1193.0473661485098,0.0,0,-31.54736614850981,31.54736614850981,0.0,0.0,0.0,0.18065929372781073,0.0,31.54736614850981,False,0.004283011000097758,0,0,128,0,0.0,0.0,1,,,0,True,False,False,1160.7255859375,1433.0473661485098,-272.3217802110098,True,True,0,ML-Robust-MPC,1193.0473661485098,787.9876849239662,497.1215201904156
1136.5,1193.746101529625,0.0,0,-57.24610152962509,57.24610152962509,0.0,0.0,0.0,0.18122721140171574,0.0,57.24610152962509,False,0.004125873999782925,0,0,129,0,0.0,0.0,1,,,0,True,False,False,1172.27587890625,1433.746101529625,-261.4702226233751,True,True,0,ML-Robust-MPC,1193.746101529625,787.5162578019971,497.9416655717417
1102.0,1196.101537579049,0.0,0,-94.10153757904891,94.10153757904891,0.0,0.0,0.0,0.1821607584015079,0.0,94.10153757904891,False,0.004321619000165811,0,0,130,0,0.0,0.0,1,,,0,True,False,False,1173.868408203125,1436.101537579049,-262.2331293759239,True,True,0,ML-Robust-MPC,1196.101537579049,788.9016288465481,498.0537605536065
1068.5,1168.5,0.0,0,-100.0,100.0,0.0,0.0,0.0,0.18315282189357138,0.0,100.0,False,0.003930050999770174,0,0,131,0,0.0,0.0,1,,,0,True,False,False,1172.566162109375,1437.866235921981,-265.3000738126059,True,True,0,ML-Robust-MPC,1197.866235921981,788.0455374153491,498.36653956574366
1058.0,724.8361669921871,0.0,0,333.16383300781285,0.0,333.16383300781285,0.0,0.0,0.17949055401985406,100.0,0.0,False,0.004122106000068015,0,0,132,0,0.0,0.0,1,,,0,True,False,False,1164.116943359375,1440.737378683988,-276.620435324613,True,True,0,ML-Robust-MPC,1200.737378683988,788.6293079085551,499.8385230305343
1092.5,1192.5,0.0,0,-100.0,100.0,0.0,0.0,0.0,0.18048261751191755,0.0,100.0,False,0.004227218000323774,0,0,133,0,0.0,0.0,1,,,0,True,False,False,1159.79443359375,1440.01901155063,-280.22457795688,True,True,0,ML-Robust-MPC,1200.01901155063,788.631467528305,498.8370434269141
1103.0,1203.0,0.0,0,-100.0,100.0,0.0,0.0,0.0,0.18147468100398104,0.0,100.0,False,0.003979750999860698,0,0,134,0,0.0,0.0,1,,,0,True,False,False,1176.060302734375,1443.1162423704516,-267.0559396360766,True,True,0,ML-Robust-MPC,1203.1162423704516,790.8333741749651,497.5018481318282
1155.0,1202.8416729692833,0.0,0,-47.84167296928331,47.84167296928331,0.0,0.0,0.0,0.1819493007755017,0.0,47.84167296928331,False,0.004209842999898683,0,0,135,0,0.0,0.0,1,,,0,True,False,False,1169.6597900390625,1442.8416729692833,-273.1818829302208,True,True,0,ML-Robust-MPC,1202.8416729692833,792.8954575610591,499.0907702056556
1155.5,1199.6914875630346,0.0,0,-44.19148756303457,44.19148756303457,0.0,0.0,0.0,0.18238770839021434,0.0,44.19148756303457,False,0.004169239000020752,0,0,136,0,0.0,0.0,1,,,0,True,False,False,1176.6260986328125,1439.6914875630346,-263.06538893022207,True,True,0,ML-Robust-MPC,1199.6914875630346,792.3622921998823,498.94959439004464
1152.0,1200.419072520693,0.0,0,-48.41907252069291,48.41907252069291,0.0,0.0,0.0,0.18286805633188788,0.0,48.41907252069291,False,0.0042985589998352225,0,0,137,0,0.0,0.0,1,,,0,True,False,False,1170.492919921875,1440.419072520693,-269.9261525988179,True,True,0,ML-Robust-MPC,1200.419072520693,793.0829446771929,498.72046360192064
1133.0,1198.9456436028138,0.0,0,-65.94564360281379,65.94564360281379,0.0,0.0,0.0,0.1835222789866777,0.0,65.94564360281379,False,0.004181096999673173,0,0,138,0,0.0,0.0,1,,,0,True,False,False,1167.5672607421875,1438.9456436028138,-271.3783828606263,True,True,0,ML-Robust-MPC,1198.9456436028138,793.2497950300317,498.9510132706903
1105.0,767.9291845703121,0.0,0,337.07081542968785,0.0,337.07081542968785,0.0,0.0,0.17981706402570413,100.0,0.0,False,0.0044971480001549935,0,0,139,0,0.0,0.0,1,,,0,True,False,False,1164.443359375,1439.0904748789187,-274.6471155039187,True,True,0,ML-Robust-MPC,1199.0904748789187,791.3365178647344,498.8407095783597
1090.5,1190.5,0.0,0,-100.0,100.0,0.0,0.0,0.0,0.18080912751776762,0.0,100.0,False,0.0044229879999875266,0,0,140,0,0.0,0.0,1,,,0,True,False,False,1166.4345703125,1435.7179414161817,-269.2833711036817,True,True,0,ML-Robust-MPC,1195.7179414161817,789.1374730946295,497.5964614476783
1094.0,1194.0,0.0,0,-100.0,100.0,0.0,0.0,0.0,0.1818011910098311,0.0,100.0,False,0.004191240000182006,0,0,141,0,0.0,0.0,1,,,0,True,False,False,1167.3919677734375,1434.419192949935,-267.0272251764975,True,True,0,ML-Robust-MPC,1194.419192949935,790.5108826254481,498.7752238250103
1111.5,1191.1576240839197,0.0,0,-79.6576240839197,79.6576240839197,0.0,0.0,0.0,0.18259144521701284,0.0,79.6576240839197,False,0.004376637999939703,0,0,142,0,0.0,0.0,1,,,0,True,False,False,1169.714111328125,1431.1576240839197,-261.4435127557947,True,True,0,ML-Robust-MPC,1191.1576240839197,790.7274471359797,496.7904554354796
1131.5,1188.302454553973,0.0,0,-56.80245455397289,56.80245455397289,0.0,0.0,0.0,0.18315496163123876,0.0,56.80245455397289,False,0.003915141000106814,0,0,143,0,0.0,0.0,1,,,0,True,False,False,1183.716064453125,1428.302454553973,-244.5863901008479,True,True,0,ML-Robust-MPC,1188.302454553973,792.25544111546,497.4940362867289
1176.5,824.1627755509528,0.0,0,352.33722444904726,0.0,352.33722444904726,0.0,0.0,0.17928193229859743,100.0,0.0,False,0.004091851000339375,0,0,144,0,0.0,0.0,1,,,0,True,False,False,1173.72216796875,1431.7201443709218,-257.99797640217184,True,True,0,ML-Robust-MPC,1191.7201443709218,794.9606208079882,497.1210005000004
1161.0,1192.1692936570598,0.0,0,-31.169293657059825,31.169293657059825,0.0,0.0,0.0,0.17959115148170318,0.0,31.169293657059825,False,0.003905788999873039,0,0,145,0,0.0,0.0,1,,,0,True,False,False,1179.3343505859375,1432.1692936570598,-252.83494307112232,True,True,0,ML-Robust-MPC,1192.1692936570598,794.2630682478054,496.1680821600367
1167.5,1193.1860595203532,0.0,0,-25.686059520353183,25.686059520353183,0.0,0.0,0.0,0.1798459735007543,0.0,25.686059520353183,False,0.003866210000069259,0,0,146,0,0.0,0.0,1,,,0,True,False,False,1176.149658203125,1433.1860595203532,-257.0364013172282,True,True,0,ML-Robust-MPC,1193.1860595203532,791.9423351263703,495.343287873306
1141.0,1194.434160542002,0.0,0,-53.43416054200202,53.43416054200202,0.0,0.0,0.0,0.18037607429978209,0.0,53.43416054200202,False,0.0041996559998551675,0,0,147,0,0.0,0.0,1,,,0,True,False,False,1174.8338623046875,1434.434160542002,-259.6002982373145,True,True,0,ML-Robust-MPC,1194.434160542002,789.756446080676,495.7684100407327
1120.0,1196.3203139332936,0.0,0,-76.32031393329362,76.32031393329362,0.0,0.0,0.0,0.18113322027134254,0.0,76.32031393329362,False,0.00437727000007726,0,0,148,0,0.0,0.0,1,,,0,True,False,False,1173.37060546875,1436.3203139332936,-262.9497084645436,True,True,0,ML-Robust-MPC,1196.3203139332936,788.7934915972792,495.89520506525895
1114.0,1193.7581895186725,0.0,0,-79.75818951867245,79.75818951867245,0.0,0.0,0.0,0.1819244721514881,0.0,79.75818951867245,False,0.003998866000074486,0,0,149,0,0.0,0.0,1,,,0,True,False,False,1180.0023193359375,1433.7581895186725,-253.75587018273495,True,True,0,ML-Robust-MPC,1193.7581895186725,789.9995200955127,495.57828418535513
1072.5,1172.5,0.0,0,-100.0,100.0,0.0,0.0,0.0,0.1829165356435516,0.0,100.0,False,0.003911100000095757,0,0,150,0,0.0,0.0,1,,,0,True,False,False,1188.786865234375,1435.6958583890075,-246.90899315463253,True,True,0,ML-Robust-MPC,1195.6958583890075,788.7801285356662,495.8877247079653
1116.5,780.4615460887737,0.0,0,336.0384539112263,0.0,336.0384539112263,0.0,0.0,0.17922266880637944,100.0,0.0,False,0.004101298000023235,0,0,151,0,0.0,0.0,1,,,0,True,False,False,1177.8592529296875,1434.2158749048317,-256.3566219751442,True,True,0,ML-Robust-MPC,1194.2158749048317,788.9731266764155,495.3926679114202
1129.0,1194.8972620449383,0.0,0,-65.89726204493832,65.89726204493832,0.0,0.0,0.0,0.17987641148539668,0.0,65.89726204493832,False,0.003899698000168428,0,0,152,0,0.0,0.0,1,,,0,True,False,False,1180.716552734375,1434.8972620449383,-254.18070931056332,True,True,0,ML-Robust-MPC,1194.8972620449383,789.6024162681651,496.4313373012561
1149.5,1188.7117857130436,0.0,0,-39.21178571304358,39.21178571304358,0.0,0.0,0.0,0.18026541729604195,0.0,39.21178571304358,False,0.004179716000180633,0,0,153,0,0.0,0.0,1,,,0,True,False,False,1178.6204833984375,1428.7117857130436,-250.09130231460608,True,True,0,ML-Robust-MPC,1188.7117857130436,791.1179488163111,496.23743911013895
1188.5,1186.902540801651,0.0,0,1.5974591983490427,0.0,1.5974591983490427,0.0,0.0,0.18024785739631072,0.0,0.0,False,0.0039478970002164715,0,0,154,0,0.0,0.0,1,,,0,True,False,False,1176.8162841796875,1426.902540801651,-250.08625662196346,True,True,0,ML-Robust-MPC,1186.902540801651,791.0782444541679,497.0279008409055
1180.0,1186.4554194532157,0.0,0,-6.455419453215654,6.455419453215654,0.0,0.0,0.0,0.18031189925596564,0.0,6.455419453215654,False,0.004052587000387575,0,0,155,0,0.0,0.0,1,,,0,True,False,False,1188.5,1426.4554194532157,-237.95541945321565,True,True,0,ML-Robust-MPC,1186.4554194532157,790.3048576454311,495.2935363174476
1165.0,1187.9739760999046,0.0,0,-22.973976099904576,22.973976099904576,0.0,0.0,0.0,0.18053981568552818,0.0,22.973976099904576,False,0.0064193279999926744,0,0,156,0,0.0,0.0,1,,,0,True,False,False,1180.0,1427.9739760999046,-247.97397609990458,True,True,0,ML-Robust-MPC,1187.9739760999046,791.3348579430573,495.7723052540048
1165.5,1188.5063208633646,0.0,0,-23.006320863364635,23.006320863364635,0.0,0.0,0.0,0.1807680529956806,0.0,23.006320863364635,False,0.003977587000008498,0,0,157,0,0.0,0.0,1,,,0,True,False,False,1165.0,1428.5063208633646,-263.50632086336464,True,True,0,ML-Robust-MPC,1188.5063208633646,792.3432230017204,495.87332412498296
1096.0,1186.6616676764215,0.0,0,-90.66166767642153,90.66166767642153,0.0,0.0,0.0,0.18166747430199431,0.0,90.66166767642153,False,0.003969394999785436,0,0,158,0,0.0,0.0,1,,,0,True,False,False,1165.5,1426.6616676764215,-261.16166767642153,True,True,0,ML-Robust-MPC,1186.6616676764215,791.2029476441454,495.8077595930144
1107.5,1191.7580136481583,0.0,0,-84.25801364815834,84.25801364815834,0.0,0.0,0.0,0.18250336729453556,0.0,84.25801364815834,False,0.004166839999925287,0,0,159,0,0.0,0.0,1,,,0,True,False,False,1142.2322998046875,1431.7580136481583,-289.52571384347084,True,True,0,ML-Robust-MPC,1191.7580136481583,787.4362488808513,496.3028399022362
1085.0,1185.0,0.0,0,-100.0,100.0,0.0,0.0,0.0,0.18349543078659905,0.0,100.0,False,0.004231400999742618,0,0,160,0,0.0,0.0,1,,,0,True,False,False,1141.0078125,1435.539547528268,-294.53173502826803,True,True,0,ML-Robust-MPC,1195.539547528268,788.5393097769778,495.7323354440824
1087.0,775.3785253906246,0.0,0,311.62147460937535,0.0,311.62147460937535,0.0,0.0,0.1800699649882284,100.0,0.0,False,0.004558438000003662,0,0,161,0,0.0,0.0,1,,,0,True,False,False,1157.90576171875,1435.958239926809,-278.05247820805903,True,True,0,ML-Robust-MPC,1195.958239926809,791.3059754816051,495.2488081515905
1106.0,1193.944659539605,0.0,0,-87.94465953960503,87.94465953960503,0.0,0.0,0.0,0.18094243184874034,0.0,87.94465953960503,False,0.0041930810002668295,0,0,162,0,0.0,0.0,1,,,0,True,False,False,1167.3828125,1433.944659539605,-266.561847039605,True,True,0,ML-Robust-MPC,1193.944659539605,788.670452974669,495.6432109511618
1165.5,1190.6201652292857,0.0,0,-25.120165229285703,25.120165229285703,0.0,0.0,0.0,0.1811916398371261,0.0,25.120165229285703,False,0.004234180999901582,0,0,163,0,0.0,0.0,1,,,0,True,False,False,1162.716796875,1430.6201652292857,-267.9033683542857,True,True,0,ML-Robust-MPC,1190.6201652292857,789.3033075468736,496.7827372982439
1123.5,1186.558052302841,0.0,0,-63.058052302840906,63.058052302840906,0.0,0.0,0.0,0.1818172157528289,0.0,63.058052302840906,False,0.0038287559996206255,0,0,164,0,0.0,0.0,1,,,0,True,False,False,1169.2442626953125,1426.558052302841,-257.3137896075284,True,True,0,ML-Robust-MPC,1186.558052302841,790.8381100416899,494.8258611535996
1091.5,1188.6295408915762,0.0,0,-97.1295408915762,97.1295408915762,0.0,0.0,0.0,0.18278080246802308,0.0,97.1295408915762,False,0.00411771500012037,0,0,165,0,0.0,0.0,1,,,0,True,False,False,1169.6541748046875,1428.6295408915762,-258.9753660868887,True,True,0,ML-Robust-MPC,1188.6295408915762,792.2907608500533,494.3208146976512
1094.5,745.5075653738934,0.0,0,348.9924346261067,0.0,348.9924346261067,0.0,0.0,0.17894454038050048,100.0,0.0,False,0.0042105580000679765,0,0,166,0,0.0,0.0,1,,,0,True,False,False,1169.2330322265625,1429.3780400948554,-260.14500786829285,True,True,0,ML-Robust-MPC,1189.3780400948554,792.7761452560143,493.1125167748232
1056.5,1156.5,0.0,0,-100.0,100.0,0.0,0.0,0.0,0.17993660387256397,0.0,100.0,False,0.0043465379999361176,0,0,167,0,0.0,0.0,1,,,0,True,False,False,1181.635498046875,1430.6852486040675,-249.0497505571925,True,True,0,ML-Robust-MPC,1190.6852486040675,793.5816142433969,492.4677329309089
1046.5,1146.5,0.0,0,-100.0,100.0,0.0,0.0,0.0,0.18092866736462745,0.0,100.0,False,0.004386018999866792,0,0,168,0,0.0,0.0,1,,,0,True,False,False,1177.744384765625,1430.7687273981203,-253.0243426324953,True,True,0,ML-Robust-MPC,1190.7687273981203,793.3660591096043,491.4051580692348
1077.5,1177.5,0.0,0,-100.0,100.0,0.0,0.0,0.0,0.18192073085669094,0.0,100.0,False,0.004260477000116225,0,0,169,0,0.0,0.0,1,,,0,True,False,False,1197.04736328125,1432.3679931065735,-235.32062982532352,True,True,0,ML-Robust-MPC,1192.3679931065735,793.6625559101598,491.30148208860754
1083.0,1183.0,0.0,0,-100.0,100.0,0.0,0.0,0.0,0.18291279434875443,0.0,100.0,False,0.004285299999992276,0,0,170,0,0.0,0.0,1,,,0,True,False,False,1209.3533935546875,1430.5254004080912,-221.17200685340367,True,True,0,ML-Robust-MPC,1190.5254004080912,794.1973794510089,492.6556537801851
1133.0,990.4081571521083,0.0,0,142.59184284789177,0.0,142.59184284789177,0.0,0.0,0.1813453687359517,100.0,0.0,False,0.004594543999701273,0,0,171,0,0.0,0.0,1,,,0,True,False,False,1214.969970703125,1429.81873080668,-214.84876010355492,True,True,0,ML-Robust-MPC,1189.81873080668,794.0669694776799,493.6034890806529
1146.0,1187.671951273387,0.0,0,-41.671951273387094,41.671951273387094,0.0,0.0,0.0,0.18175878095096545,0.0,41.671951273387094,False,0.004302269999698183,0,0,172,0,0.0,0.0,1,,,0,True,False,False,1212.125244140625,1427.671951273387,-215.5467071327621,True,True,0,ML-Robust-MPC,1187.671951273387,795.5261835878952,494.0121918286331
1192.5,1187.160797058389,0.0,0,5.339202941610893,0.0,5.339202941610893,0.0,0.0,0.1817000903325157,0.0,0.0,False,0.004112000000077387,0,0,173,0,0.0,0.0,1,,,0,True,False,False,1202.132080078125,1427.160797058389,-225.0287169802641,True,True,0,ML-Robust-MPC,1187.160797058389,792.6617693043804,492.2834465774119
1166.0,1190.4097167547084,0.0,0,-24.40971675470837,24.40971675470837,0.0,0.0,0.0,0.18194225022095525,0.0,24.40971675470837,False,0.004194801999801712,0,0,174,0,0.0,0.0,1,,,0,True,False,False,1206.4412841796875,1430.4097167547084,-223.96843257502087,True,True,0,ML-Robust-MPC,1190.4097167547084,794.5390698807099,491.58216094298047
1161.5,1189.5428648913671,0.0,0,-28.042864891367117,28.042864891367117,0.0,0.0,0.0,0.1822204532456712,0.0,28.042864891367117,False,0.004284135000034439,0,0,175,0,0.0,0.0,1,,,0,True,False,False,1208.497314453125,1429.5428648913671,-221.04555043824212,True,True,0,ML-Robust-MPC,1189.5428648913671,794.6664477968159,491.85049454462535
1147.5,1191.2910480336673,0.0,0,-43.791048033667266,43.791048033667266,0.0,0.0,0.0,0.1826548882460052,0.0,43.791048033667266,False,0.004129854999973759,0,0,176,0,0.0,0.0,1,,,0,True,False,False,1215.0316162109375,1431.2910480336673,-216.25943182272977,True,True,0,ML-Robust-MPC,1191.2910480336673,797.8056731082601,491.172406252018
1130.5,950.8599854979393,0.0,0,179.64001450206064,0.0,179.64001450206064,0.0,0.0,0.1806802145606728,100.0,0.0,False,0.004248968999945646,0,0,177,0,0.0,0.0,1,,,0,True,False,False,1221.5413818359375,1430.501803681662,-208.96042184572457,True,True,0,ML-Robust-MPC,1190.501803681662,797.9728095577948,490.78052020058857
1124.0,1190.5078788759467,0.0,0,-66.50787887594674,66.50787887594674,0.0,0.0,0.0,0.18134001494634686,0.0,66.50787887594674,False,0.004416062000018428,0,0,178,0,0.0,0.0,1,,,0,True,False,False,1218.014892578125,1430.5078788759467,-212.49298629782174,True,True,0,ML-Robust-MPC,1190.5078788759467,798.107656228668,491.4740182393537
1177.5,1190.055491746352,0.0,0,-12.55549174635189,12.55549174635189,0.0,0.0,0.0,0.18146457339621147,0.0,12.55549174635189,False,0.0043911420002586965,0,0,179,0,0.0,0.0,1,,,0,True,False,False,1204.086669921875,1430.055491746352,-225.9688218244769,True,True,0,ML-Robust-MPC,1190.055491746352,799.3025479273572,492.6039806771892
1217.5,1189.709752547358,0.0,0,27.790247452642006,0.0,27.790247452642006,0.0,0.0,0.181159092067312,0.0,0.0,False,0.004132130000016332,0,0,180,0,0.0,0.0,1,,,0,True,False,False,1212.168701171875,1429.709752547358,-217.541051375483,True,True,0,ML-Robust-MPC,1189.709752547358,798.9865433746045,493.3692393491179
1199.5,1190.0252323484303,0.0,0,9.474767651569664,0.0,9.474767651569664,0.0,0.0,0.18105494169520225,0.0,0.0,False,0.004116006000003836,0,0,181,0,0.0,0.0,1,,,0,True,False,False,1221.763671875,1430.0252323484303,-208.26156047343034,True,True,0,ML-Robust-MPC,1190.0252323484303,797.0630765336068,493.9855684089813
1213.0,1192.0706096217575,0.0,0,20.929390378242488,0.0,20.929390378242488,0.0,0.0,0.18082487760539173,0.0,0.0,False,0.004247301999839692,0,0,182,0,0.0,0.0,1,,,0,True,False,False,1204.8135986328125,1432.0706096217575,-227.257010988945,True,True,0,ML-Robust-MPC,1192.0706096217575,796.0574882177598,493.8282447658847
1178.5,1186.023344160945,0.0,0,-7.523344160945044,7.523344160945044,0.0,0.0,0.0,0.18089951395619475,0.0,7.523344160945044,False,0.004190323000329954,0,0,183,0,0.0,0.0,1,,,0,True,False,False,1213.0,1426.023344160945,-213.02334416094504,True,True,0,ML-Robust-MPC,1186.023344160945,795.8467591068196,494.16196336053326
1150.5,1190.1520414864171,0.0,0,-39.65204148641715,39.65204148641715,0.0,0.0,0.0,0.18129288738363936,0.0,39.65204148641715,False,0.004212224000184506,0,0,184,0,0.0,0.0,1,,,0,True,False,False,1178.5,1430.1520414864171,-251.65204148641715,True,True,0,ML-Robust-MPC,1190.1520414864171,797.0770976157911,494.0048215012633
1088.5,1188.5,0.0,0,-100.0,100.0,0.0,0.0,0.0,0.18228495087570284,0.0,100.0,False,0.004458969000097568,0,0,185,0,0.0,0.0,1,,,0,True,False,False,1177.5849609375,1430.6383458665027,-253.05338492900273,True,True,0,ML-Robust-MPC,1190.6383458665027,795.4096595507738,494.4023936236922
1104.0,1190.438868062413,0.0,0,-86.4388680624129,86.4388680624129,0.0,0.0,0.0,0.18314247932870298,0.0,86.4388680624129,False,0.0041236830002162606,0,0,186,0,0.0,0.0,1,,,0,True,False,False,1164.2249755859375,1430.438868062413,-266.2138924764754,True,True,0,ML-Robust-MPC,1190.438868062413,794.8328488225397,493.9680256604166
1116.5,761.6399999999996,0.0,0,354.86000000000035,0.0,354.86000000000035,0.0,0.0,0.17924171865508912,100.0,0.0,False,0.004211541000131547,0,0,187,0,0.0,0.0,1,,,0,True,False,False,1166.8111572265625,1429.8182738459475,-263.007116619385,True,True,0,ML-Robust-MPC,1189.8182738459475,795.8727679533248,495.17970894953055
1127.5,1192.5896493379578,0.0,0,-65.08964933795778,65.08964933795778,0.0,0.0,0.0,0.17988744930328315,0.0,65.08964933795778,False,0.003896057000019937,0,0,188,0,0.0,0.0,1,,,0,True,False,False,1169.7080078125,1432.5896493379578,-262.8816415254578,True,True,0,ML-Robust-MPC,1192.5896493379578,795.4496187122306,495.38984853026136
1163.0,1193.1579970423843,0.0,0,-30.157997042384295,30.157997042384295,0.0,0.0,0.0,0.18018663578187824,0.0,30.157997042384295,False,0.004018063000330585,0,0,189,0,0.0,0.0,1,,,0,True,False,False,1167.073486328125,1433.1579970423843,-266.0845107142593,True,True,0,ML-Robust-MPC,1193.1579970423843,794.1672251792252,496.8768990966981
1168.0,1192.296375525548,0.0,0,-24.296375525548,24.296375525548,0.0,0.0,0.0,0.18042767125336184,0.0,24.296375525548,False,0.004029145000004064,0,0,190,0,0.0,0.0,1,,,0,True,False,False,1176.6424560546875,1432.296375525548,-255.6539194708605,True,True,0,ML-Robust-MPC,1192.296375525548,796.7806611384659,496.6658477649554
1146.5,1193.153114732212,0.0,0,-46.65311473221209,46.65311473221209,0.0,0.0,0.0,0.1808904997725306,0.0,46.65311473221209,False,0.0042370470000605565,0,0,191,0,0.0,0.0,1,,,0,True,False,False,1168.3602294921875,1433.153114732212,-264.7928852400246,True,True,0,ML-Robust-MPC,1193.153114732212,798.4392104934408,495.4041927013815
1156.0,1191.1237061260558,0.0,0,-35.12370612605582,35.12370612605582,0.0,0.0,0.0,0.18123894923806688,0.0,35.12370612605582,False,0.004333776999828842,0,0,192,0,0.0,0.0,1,,,0,True,False,False,1150.2227783203125,1431.1237061260558,-280.9009278057433,True,True,0,ML-Robust-MPC,1191.1237061260558,800.8847264201937,497.3147549851904
1106.5,1192.1822787841672,0.0,0,-85.68227878416724,85.68227878416724,0.0,0.0,0.0,0.18208897184505266,0.0,85.68227878416724,False,0.004165189000104874,0,0,193,0,0.0,0.0,1,,,0,True,False,False,1161.3900146484375,1432.1822787841672,-270.79226413572974,True,True,0,ML-Robust-MPC,1192.1822787841672,800.1560934255839,497.4167539552957
1108.0,1190.795639907997,0.0,0,-82.79563990799693,82.79563990799693,0.0,0.0,0.0,0.18291035716160026,0.0,82.79563990799693,False,0.004245561000061571,0,0,194,0,0.0,0.0,1,,,0,True,False,False,1156.1282958984375,1430.795639907997,-274.66734400955943,True,True,0,ML-Robust-MPC,1190.795639907997,800.8501539277556,498.5742584135407
1073.5,1173.5,0.0,0,-100.0,100.0,0.0,0.0,0.0,0.18390242065366375,0.0,100.0,False,0.004002308000053745,0,0,195,0,0.0,0.0,1,,,0,True,False,False,1160.6904296875,1431.7598757957428,-271.0694461082428,True,True,0,ML-Robust-MPC,1191.7598757957428,799.7893980307989,500.0
1119.0,766.6682086371829,0.0,0,352.331791362817,0.0,352.331791362817,0.0,0.0,0.1800294510436429,100.0,0.0,False,0.004053633000239643,0,0,196,0,0.0,0.0,1,,,0,True,False,False,1158.48828125,1428.0870257378167,-269.5987444878167,True,True,0,ML-Robust-MPC,1188.0870257378167,799.0397085428875,500.0
1132.0,1185.832848308767,0.0,0,-53.8328483087671,53.8328483087671,0.0,0.0,0.0,0.1805635070784521,0.0,53.8328483087671,False,0.004229465999742388,0,0,197,0,0.0,0.0,1,,,0,True,False,False,1169.23291015625,1425.832848308767,-256.5999381525171,True,True,0,ML-Robust-MPC,1185.832848308767,797.1601091615182,500.0
1170.5,1189.5127954026768,0.0,0,-19.01279540267683,19.01279540267683,0.0,0.0,0.0,0.18075212608046276,0.0,19.01279540267683,False,0.004239268999754131,0,0,198,0,0.0,0.0,1,,,0,True,False,False,1173.5611572265625,1429.5127954026768,-255.95163817611433,True,True,0,ML-Robust-MPC,1189.5127954026768,798.3076489560842,500.0
1166.5,1190.7385192939803,0.0,0,-24.23851929398029,24.23851929398029,0.0,0.0,0.0,0.1809925875813951,0.0,24.23851929398029,False,0.004251438000210328,0,0,199,0,0.0,0.0,1,,,0,True,False,False,1179.82568359375,1430.7385192939803,-250.9128357002303,True,True,0,ML-Robust-MPC,1190.7385192939803,797.7395338133078,498.8455651515036
1134.0,1194.2628905480303,0.0,0,-60.26289054803033,60.26289054803033,0.0,0.0,0.0,0.1815904337177843,0.0,60.26289054803033,False,0.0041648060000625264,0,0,200,0,0.0,0.0,1,,,0,True,False,False,1173.69970703125,1434.2628905480303,-260.5631835167803,True,True,0,ML-Robust-MPC,1194.2628905480303,798.3285582891587,496.7200002480921
1111.0,1195.1384117379127,0.0,0,-84.13841173791275,84.13841173791275,0.0,0.0,0.0,0.1824251401834382,0.0,84.13841173791275,False,0.0040984860002026835,0,0,201,0,0.0,0.0,1,,,0,True,False,False,1163.588134765625,1435.1384117379127,-271.55027697228775,True,True,0,ML-Robust-MPC,1195.1384117379127,797.1413106723371,496.7989796183061
1113.5,1192.7525649573176,0.0,0,-79.25256495731765,79.25256495731765,0.0,0.0,0.0,0.18321137594690365,0.0,79.25256495731765,False,0.004184795999663038,0,0,202,0,0.0,0.0,1,,,0,True,False,False,1160.88037109375,1432.7525649573176,-271.87219386356765,True,True,0,ML-Robust-MPC,1192.7525649573176,797.2347537989962,496.4963204858384
1052.5,758.7508619885946,0.0,0,293.74913801140536,0.0,293.74913801140536,0.0,0.0,0.17998236990096197,100.0,0.0,False,0.004283008999664162,0,0,203,0,0.0,0.0,1,,,0,True,False,False,1173.417724609375,1433.917347326015,-260.49962271664003,True,True,0,ML-Robust-MPC,1193.917347326015,794.8450902805331,495.54691224608393
1080.0,1180.0,0.0,0,-100.0,100.0,0.0,0.0,0.0,0.18097443339302546,0.0,100.0,False,0.004507261000071594,0,0,204,0,0.0,0.0,1,,,0,True,False,False,1161.622802734375,1436.6483938716829,-275.02559113730786,True,True,0,ML-Robust-MPC,1196.6483938716829,795.2768298457117,495.2283362528409
1086.5,1186.5,0.0,0,-100.0,100.0,0.0,0.0,0.0,0.18196649688508895,0.0,100.0,False,0.004208127000310924,0,0,205,0,0.0,0.0,1,,,0,True,False,False,1173.0870361328125,1437.0971422077814,-264.0101060749689,True,True,0,ML-Robust-MPC,1197.0971422077814,796.8619009679377,494.3584961383176
1129.0,1198.965022273105,0.0,0,-69.96502227310498,69.96502227310498,0.0,0.0,0.0,0.18266059432827453,0.0,69.96502227310498,False,0.0043612520003080135,0,0,206,0,0.0,0.0,1,,,0,True,False,False,1190.7236328125,1438.965022273105,-248.24138946060498,True,True,0,ML-Robust-MPC,1198.965022273105,798.5846265121843,495.111412403609
1169.0,837.245441063636,0.0,0,331.754558936364,0.0,331.754558936364,0.0,0.0,0.17901381774936712,100.0,0.0,False,0.004241136999553419,0,0,207,0,0.0,0.0,1,,,0,True,False,False,1188.40966796875,1439.0515885502125,-250.6419205814625,True,True,0,ML-Robust-MPC,1199.0515885502125,799.062505829087,494.7619481480081
1154.5,1199.9196443046876,0.0,0,-45.41964430468761,45.41964430468761,0.0,0.0,0.0,0.179464409458739,0.0,45.41964430468761,False,0.004140702999848145,0,0,208,0,0.0,0.0,1,,,0,True,False,False,1182.8096923828125,1439.9196443046876,-257.1099519218751,True,True,0,ML-Robust-MPC,1199.9196443046876,797.7566410035389,494.376981971666
1170.5,1200.8547855470504,0.0,0,-30.35478554705037,30.35478554705037,0.0,0.0,0.0,0.17976554820424545,0.0,30.35478554705037,False,0.004204922000099032,0,0,209,0,0.0,0.0,1,,,0,True,False,False,1172.7100830078125,1440.8547855470504,-268.14470253923787,True,True,0,ML-Robust-MPC,1200.8547855470504,798.2763688631381,495.4304865204088
1161.5,1198.6149359394665,0.0,0,-37.11493593946648,37.11493593946648,0.0,0.0,0.0,0.18013375193380365,0.0,37.11493593946648,False,0.004230275999816513,0,0,210,0,0.0,0.0,1,,,0,True,False,False,1177.7816162109375,1438.6149359394665,-260.833319728529,True,True,0,ML-Robust-MPC,1198.6149359394665,800.9756935877989,497.2251448825563
1143.5,1197.6561220391684,0.0,0,-54.156122039168395,54.156122039168395,0.0,0.0,0.0,0.1806710150492716,0.0,54.156122039168395,False,0.004187421999631624,0,0,211,0,0.0,0.0,1,,,0,True,False,False,1175.014404296875,1437.6561220391684,-262.6417177422934,True,True,0,ML-Robust-MPC,1197.6561220391684,799.1287787092391,495.6965116171072
1109.0,1200.4854628207402,0.0,0,-91.48546282074017,91.48546282074017,0.0,0.0,0.0,0.1815786089264615,0.0,91.48546282074017,False,0.004027877000225999,0,0,212,0,0.0,0.0,1,,,0,True,False,False,1190.0107421875,1440.4854628207402,-250.47472063324017,True,True,0,ML-Robust-MPC,1200.4854628207402,800.0179187447452,496.1468151839574
1117.0,1197.144052252676,0.0,0,-80.14405225267592,80.14405225267592,0.0,0.0,0.0,0.18237368880992058,0.0,80.14405225267592,False,0.003955489999952988,0,0,213,0,0.0,0.0,1,,,0,True,False,False,1190.3369140625,1437.144052252676,-246.80713819017592,True,True,0,ML-Robust-MPC,1197.144052252676,799.7910799298559,496.7580276430928
1120.5,1197.0398322708202,0.0,0,-76.53983227082017,76.53983227082017,0.0,0.0,0.0,0.183133012542766,0.0,76.53983227082017,False,0.004494092999721033,0,0,214,0,0.0,0.0,1,,,0,True,False,False,1187.98095703125,1437.0398322708202,-249.05887523957017,True,True,0,ML-Robust-MPC,1197.0398322708202,799.5144679553459,496.9989597395519
1153.0,820.8563893891953,0.0,0,332.14361061080467,0.0,332.14361061080467,0.0,0.0,0.1794819593548532,100.0,0.0,False,0.0038204390002647415,0,0,215,0,0.0,0.0,1,,,0,True,False,False,1186.2099609375,1440.8319504545543,-254.62198951705432,True,True,0,ML-Robust-MPC,1200.8319504545543,798.5360014559918,494.9812519231399
1163.0,1198.2620088255976,0.0,0,-35.262008825597604,35.262008825597604,0.0,0.0,0.0,0.17983178087098015,0.0,35.262008825597604,False,0.0043161409998901945,0,0,216,0,0.0,0.0,1,,,0,True,False,False,1189.26513671875,1438.2620088255976,-248.9968721068476,True,True,0,ML-Robust-MPC,1198.2620088255976,798.0102128774317,497.5859390848918
1184.5,1199.0729719509193,0.0,0,-14.572971950919282,14.572971950919282,0.0,0.0,0.0,0.17997635400541387,0.0,14.572971950919282,False,0.004005203999895457,0,0,217,0,0.0,0.0,1,,,0,True,False,False,1178.0850830078125,1439.0729719509193,-260.9878889431068,True,True,0,ML-Robust-MPC,1199.0729719509193,801.3416340963403,497.3660760992115
1155.5,1198.791489362277,0.0,0,-43.291489362276934,43.291489362276934,0.0,0.0,0.0,0.18040583306654756,0.0,43.291489362276934,False,0.0041591669996705605,0,0,218,0,0.0,0.0,1,,,0,True,False,False,1184.5,1438.791489362277,-254.29148936227693,True,True,0,ML-Robust-MPC,1198.791489362277,798.8982330424175,497.05063065821577
1151.5,1198.302886071618,0.0,0,-46.802886071618104,46.802886071618104,0.0,0.0,0.0,0.18087014741249616,0.0,46.802886071618104,False,0.004086465000000317,0,0,219,0,0.0,0.0,1,,,0,True,False,False,1155.5,1438.302886071618,-282.8028860716181,True,True,0,ML-Robust-MPC,1198.302886071618,802.062847986921,496.7561284140299
1142.5,1198.901222621075,0.0,0,-56.40122262107502,56.40122262107502,0.0,0.0,0.0,0.1814296833511973,0.0,56.40122262107502,False,0.0039552339999318065,0,0,220,0,0.0,0.0,1,,,0,True,False,False,1151.5,1438.901222621075,-287.401222621075,True,True,0,ML-Robust-MPC,1198.901222621075,799.3742545063228,495.1592506096217
1060.5,1160.5,0.0,0,-100.0,100.0,0.0,0.0,0.0,0.1824217468432608,0.0,100.0,False,0.004028802999982872,0,0,221,0,0.0,0.0,1,,,0,True,False,False,1145.5416259765625,1438.0527613500103,-292.5111353734478,True,True,0,ML-Robust-MPC,1198.0527613500103,798.3662235091823,496.3979148346637
1070.5,1170.5,0.0,0,-100.0,100.0,0.0,0.0,0.0,0.18341381033532428,0.0,100.0,False,0.004262186000232759,0,0,222,0,0.0,0.0,1,,,0,True,False,False,1150.47802734375,1442.0865014189912,-291.60847407524125,True,True,0,ML-Robust-MPC,1202.0865014189912,799.3176146577566,496.8962022701194
1073.0,765.3092828681635,0.0,0,307.69071713183655,0.0,307.69071713183655,0.0,0.0,0.18003155296897158,100.0,0.0,False,0.004277085000012448,0,0,223,0,0.0,0.0,1,,,0,True,False,False,1189.1929931640625,1437.8233929130856,-248.63039974902313,True,True,0,ML-Robust-MPC,1197.8233929130856,802.0932664137156,496.80655756314985
1109.5,1199.9215791746,0.0,0,-90.42157917460008,90.42157917460008,0.0,0.0,0.0,0.18092859244491008,0.0,90.42157917460008,False,0.0044784009996874374,0,0,224,0,0.0,0.0,1,,,0,True,False,False,1208.743408203125,1439.9215791746,-231.17817097147508,True,True,0,ML-Robust-MPC,1199.9215791746,802.4384160620903,498.0041237980261
1120.5,1200.7878382955023,0.0,0,-80.2878382955023,80.2878382955023,0.0,0.0,0.0,0.18172509877720672,0.0,80.2878382955023,False,0.00421422999988863,0,0,225,0,0.0,0.0,1,,,0,True,False,False,1203.1546630859375,1440.7878382955023,-237.6331752095648,True,True,0,ML-Robust-MPC,1200.7878382955023,799.0606752225827,498.0916456230345
1157.0,1199.4541964190714,0.0,0,-42.45419641907142,42.45419641907142,0.0,0.0,0.0,0.18214627136072925,0.0,42.45419641907142,False,0.004351709999809827,0,0,226,0,0.0,0.0,1,,,0,True,False,False,1200.52099609375,1439.4541964190714,-238.93320032532142,True,True,0,ML-Robust-MPC,1199.4541964190714,798.8208421181471,498.940587663971
1178.0,1197.486012863301,0.0,0,-19.486012863301085,19.486012863301085,0.0,0.0,0.0,0.18233958498040487,0.0,19.486012863301085,False,0.004486057000121946,0,0,227,0,0.0,0.0,1,,,0,True,False,False,1201.1112060546875,1437.486012863301,-236.37480680861358,True,True,0,ML-Robust-MPC,1197.486012863301,799.5767549771203,497.0457551832774
1118.5,1195.987356317943,0.0,0,-77.48735631794307,77.48735631794307,0.0,0.0,0.0,0.18310830875340034,0.0,77.48735631794307,False,0.003929336000055628,0,0,228,0,0.0,0.0,1,,,0,True,False,False,1216.593994140625,1435.987356317943,-219.39336217731807,True,True,0,ML-Robust-MPC,1195.987356317943,795.5133820565258,498.3261291539224
1093.5,826.7581801247928,0.0,0,266.74181987520717,0.0,266.74181987520717,0.0,0.0,0.18017617776941397,100.0,0.0,False,0.004091247999895131,0,0,229,0,0.0,0.0,1,,,0,True,False,False,1201.8472900390625,1437.7432515996616,-235.89596156059906,True,True,0,ML-Robust-MPC,1197.7432515996616,793.4819424648881,498.2621536019116
1088.5,1188.5,0.0,0,-100.0,100.0,0.0,0.0,0.0,0.18116824126147746,0.0,100.0,False,0.004227480000281503,0,0,230,0,0.0,0.0,1,,,0,True,False,False,1206.404296875,1439.0631368296945,-232.65883995469449,True,True,0,ML-Robust-MPC,1199.0631368296945,794.0329130049312,498.52452595448426
1115.0,1199.7060174634546,0.0,0,-84.7060174634546,84.7060174634546,0.0,0.0,0.0,0.18200857873631332,0.0,84.7060174634546,False,0.003976899000008416,0,0,231,0,0.0,0.0,1,,,0,True,False,False,1205.0013427734375,1439.7060174634546,-234.7046746900171,True,True,0,ML-Robust-MPC,1199.7060174634546,795.9303907635298,496.5737239779505
1131.5,1200.5226721407662,0.0,0,-69.02267214076619,69.02267214076619,0.0,0.0,0.0,0.18269332746786854,0.0,69.02267214076619,False,0.0039422330000888905,0,0,232,0,0.0,0.0,1,,,0,True,False,False,1214.695556640625,1440.5226721407662,-225.8271155001412,True,True,0,ML-Robust-MPC,1200.5226721407662,795.4954648811193,495.8978153523294
1137.0,1204.936049153796,0.0,0,-67.93604915379592,67.93604915379592,0.0,0.0,0.0,0.18336729620947365,0.0,67.93604915379592,False,0.004000104000169813,0,0,233,0,0.0,0.0,1,,,0,True,False,False,1216.61474609375,1444.936049153796,-228.32130306004592,True,True,0,ML-Robust-MPC,1204.936049153796,792.70664784926,495.9947384937796
1183.5,880.1921178087623,0.0,0,303.30788219123764,0.0,303.30788219123764,0.0,0.0,0.1800332166883986,100.0,0.0,False,0.004257401999893773,0,0,234,0,0.0,0.0,1,,,0,True,False,False,1197.7779541015625,1444.489951615829,-246.7119975142666,True,True,0,ML-Robust-MPC,1204.489951615829,790.0433635854822,497.3783010773572
1210.0,1201.0644752550636,0.0,0,8.935524744936401,0.0,8.935524744936401,0.0,0.0,0.17993499388638332,0.0,0.0,False,0.004161427000326512,0,0,235,0,0.0,0.0,1,,,0,True,False,False,1199.904296875,1441.0644752550636,-241.1601783800636,True,True,0,ML-Robust-MPC,1201.0644752550636,791.0806736643101,497.598888068854
1192.5,1202.007281334767,0.0,0,-9.507281334766958,9.507281334766958,0.0,0.0,0.0,0.1800293121535933,0.0,9.507281334766958,False,0.0040311259999725735,0,0,236,0,0.0,0.0,1,,,0,True,False,False,1211.265380859375,1442.007281334767,-230.74190047539196,True,True,0,ML-Robust-MPC,1202.007281334767,792.306511972017,498.2326852364618
1163.5,1201.9159129091415,0.0,0,-38.415912909141525,38.415912909141525,0.0,0.0,0.0,0.1804104224007078,0.0,38.415912909141525,False,0.004150487000060821,0,0,237,0,0.0,0.0,1,,,0,True,False,False,1192.5,1441.9159129091415,-249.41591290914153,True,True,0,ML-Robust-MPC,1201.9159129091415,793.9705866223106,498.07276095595233
1144.5,1201.9515410730494,0.0,0,-57.451541073049384,57.451541073049384,0.0,0.0,0.0,0.18098037816532137,0.0,57.451541073049384,False,0.0041556109999874025,0,0,238,0,0.0,0.0,1,,,0,True,False,False,1181.0518798828125,1441.9515410730494,-260.8996611902369,True,True,0,ML-Robust-MPC,1201.9515410730494,794.2393351133984,498.40979766768254
1129.5,1201.479188082311,0.0,0,-71.97918808231111,71.97918808231111,0.0,0.0,0.0,0.1816944574121697,0.0,71.97918808231111,False,0.004235550999965199,0,0,239,0,0.0,0.0,1,,,0,True,False,False,1186.657470703125,1441.479188082311,-254.8217173791861,True,True,0,ML-Robust-MPC,1201.479188082311,794.4583919958237,498.7470448621224
1119.5,1201.064046115368,0.0,0,-81.564046115368,81.564046115368,0.0,0.0,0.0,0.1825036245363301,0.0,81.564046115368,False,0.004051028000048973,0,0,240,0,0.0,0.0,1,,,0,True,False,False,1194.68798828125,1441.064046115368,-246.376057834118,True,True,0,ML-Robust-MPC,1201.064046115368,794.0355866054954,497.5995215628277
1146.5,1204.019581933688,0.0,0,-57.51958193368796,57.51958193368796,0.0,0.0,0.0,0.18307425530948176,0.0,57.51958193368796,False,0.00420157400003518,0,0,241,0,0.0,0.0,1,,,0,True,False,False,1196.963623046875,1444.019581933688,-247.05595888681296,True,True,0,ML-Robust-MPC,1204.019581933688,795.6782015766029,497.36153362990814
1170.0,831.6664002499522,0.0,0,338.33359975004777,0.0,338.33359975004777,0.0,0.0,0.17935515932665136,100.0,0.0,False,0.0041850960001283966,0,0,242,0,0.0,0.0,1,,,0,True,False,False,1189.769287109375,1443.895840960985,-254.12655385160997,True,True,0,ML-Robust-MPC,1203.895840960985,797.5033974565384,496.4470736779549
1171.5,1203.8379372039385,0.0,0,-32.33793720393851,32.33793720393851,0.0,0.0,0.0,0.17967597219573805,0.0,32.33793720393851,False,0.004173468000317371,0,0,243,0,0.0,0.0,1,,,0,True,False,False,1194.4461669921875,1443.8379372039385,-249.391770211751,True,True,0,ML-Robust-MPC,1203.8379372039385,799.8927139127104,496.0179608800852
1169.0,1200.6380003909192,0.0,0,-31.63800039091916,31.63800039091916,0.0,0.0,0.0,0.17998984124723527,0.0,31.63800039091916,False,0.0042772169999807375,0,0,244,0,0.0,0.0,1,,,0,True,False,False,1190.50732421875,1440.6380003909192,-250.13067617216916,True,True,0,ML-Robust-MPC,1200.6380003909192,797.9701930011124,495.12166248673503
1201.0,1201.6953049260214,0.0,0,-0.6953049260214357,0.6953049260214357,0.0,0.0,0.0,0.17999673911356484,0.0,0.6953049260214357,False,0.004347499000232347,0,0,245,0,0.0,0.0,1,,,0,True,False,False,1173.3018798828125,1441.6953049260214,-268.39342504320894,True,True,0,ML-Robust-MPC,1201.6953049260214,799.8590515826517,495.53273901849127
1138.5,1198.3872530708504,0.0,0,-59.88725307085042,59.88725307085042,0.0,0.0,0.0,0.18059085868768043,0.0,59.88725307085042,False,0.0040003750000323635,0,0,246,0,0.0,0.0,1,,,0,True,False,False,1201.0,1438.3872530708504,-237.38725307085042,True,True,0,ML-Robust-MPC,1198.3872530708504,800.2297075380375,497.2494835828992
1097.0,1197.0,0.0,0,-100.0,100.0,0.0,0.0,0.0,0.18158292217974392,0.0,100.0,False,0.004046742000355152,0,0,247,0,0.0,0.0,1,,,0,True,False,False,1165.30810546875,1440.9125771491651,-275.60447168041514,True,True,0,ML-Robust-MPC,1200.9125771491651,800.5883775086559,498.08720886327495
1099.5,1199.5,0.0,0,-100.0,100.0,0.0,0.0,0.0,0.1825749856718074,0.0,100.0,False,0.0042127060000893835,0,0,248,0,0.0,0.0,1,,,0,True,False,False,1159.5841064453125,1441.087451091668,-281.5033446463556,True,True,0,ML-Robust-MPC,1201.087451091668,801.5508827738392,499.9634417179716
1105.5,1199.6526425654415,0.0,0,-94.15264256544151,94.15264256544151,0.0,0.0,0.0,0.18350903966551219,0.0,94.15264256544151,False,0.004114001999823813,0,0,249,0,0.0,0.0,1,,,0,True,False,False,1165.6016845703125,1439.6526425654415,-274.050957995129,True,True,0,ML-Robust-MPC,1199.6526425654415,799.6971185787854,500.0
1090.5,771.0739599609371,0.0,0,319.42604003906285,0.0,319.42604003906285,0.0,0.0,0.17999778301468486,100.0,0.0,False,0.004234568999891053,0,0,250,0,0.0,0.0,1,,,0,True,False,False,1166.919189453125,1440.868027114121,-273.9488376609961,True,True,0,ML-Robust-MPC,1200.868027114121,800.2202557614642,499.89843594680826
1127.5,1201.736141602521,0.0,0,-74.236141602521,74.236141602521,0.0,0.0,0.0,0.18073425267344004,0.0,74.236141602521,False,0.004258515999936208,0,0,251,0,0.0,0.0,1,,,0,True,False,False,1158.5003662109375,1441.736141602521,-283.2357753915835,True,True,0,ML-Robust-MPC,1201.736141602521,799.93601577576,500.0
1137.0,1198.2051434552586,0.0,0,-61.20514345525862,61.20514345525862,0.0,0.0,0.0,0.18134144655692475,0.0,61.20514345525862,False,0.00408337599992592,0,0,252,0,0.0,0.0,1,,,0,True,False,False,1163.6827392578125,1438.2051434552586,-274.5224041974461,True,True,0,ML-Robust-MPC,1198.2051434552586,801.8688463807274,500.0
1128.5,1200.6763059109967,0.0,0,-72.17630591099669,72.17630591099669,0.0,0.0,0.0,0.18205748133778782,0.0,72.17630591099669,False,0.004372719999992114,0,0,253,0,0.0,0.0,1,,,0,True,False,False,1157.483642578125,1440.6763059109967,-283.1926633328717,True,True,0,ML-Robust-MPC,1200.6763059109967,801.8029130070545,500.0
1113.0,1199.6270754468092,0.0,0,-86.62707544680916,86.62707544680916,0.0,0.0,0.0,0.1829168769275379,0.0,86.62707544680916,False,0.004112098999939917,0,0,254,0,0.0,0.0,1,,,0,True,False,False,1136.384521484375,1439.6270754468092,-303.24255396243416,True,True,0,ML-Robust-MPC,1199.6270754468092,801.1249951604221,499.8500380646146
1103.0,755.6478124999996,0.0,0,347.35218750000035,0.0,347.35218750000035,0.0,0.0,0.17909864508147538,100.0,0.0,False,0.0041676340001686185,0,0,255,0,0.0,0.0,1,,,0,True,False,False,1133.9869384765625,1437.2334660845706,-303.24652760800814,True,True,0,ML-Robust-MPC,1197.2334660845706,803.2801091170701,499.04797182273023
1069.0,1169.0,0.0,0,-100.0,100.0,0.0,0.0,0.0,0.18009070857353887,0.0,100.0,False,0.004150029999891558,0,0,256,0,0.0,0.0,1,,,0,True,False,False,1136.587646484375,1439.8571039611968,-303.2694574768218,True,True,0,ML-Robust-MPC,1199.8571039611968,805.5504407393738,499.5744830071768
1051.0,1151.0,0.0,0,-100.0,100.0,0.0,0.0,0.0,0.18108277206560236,0.0,100.0,False,0.003958975999921677,0,0,257,0,0.0,0.0,1,,,0,True,False,False,1136.5074462890625,1437.4335217498588,-300.92607546079626,True,True,0,ML-Robust-MPC,1197.4335217498588,803.8081986943885,500.0
1042.5,1142.5,0.0,0,-100.0,100.0,0.0,0.0,0.0,0.18207483555766585,0.0,100.0,False,0.004333333999966271,0,0,258,0,0.0,0.0,1,,,0,True,False,False,1162.16015625,1431.9456183138338,-269.78546206383385,True,True,0,ML-Robust-MPC,1191.9456183138338,803.5597225855641,500.0
1062.5,1162.5,0.0,0,-100.0,100.0,0.0,0.0,0.0,0.18306689904972934,0.0,100.0,False,0.004045454999868525,0,0,259,0,0.0,0.0,1,,,0,True,False,False,1191.257568359375,1430.5661109541866,-239.30854259481157,True,True,0,ML-Robust-MPC,1190.5661109541866,802.9105315832231,500.0
1087.0,875.0284572943631,0.0,0,211.97154270563686,0.0,211.97154270563686,0.0,0.0,0.1807368244915616,100.0,0.0,False,0.00425933199994688,0,0,260,0,0.0,0.0,1,,,0,True,False,False,1206.8275146484375,1429.636668206566,-222.8091535581284,True,True,0,ML-Robust-MPC,1189.636668206566,802.7603481507551,500.0
1086.0,1186.0,0.0,0,-100.0,100.0,0.0,0.0,0.0,0.18172888798362508,0.0,100.0,False,0.00424877999967066,0,0,261,0,0.0,0.0,1,,,0,True,False,False,1204.8052978515625,1431.6253012304885,-226.820003378926,True,True,0,ML-Robust-MPC,1191.6253012304885,805.9765089850789,500.0
1129.0,743.0589985669008,240.0,2,145.94100143309925,0.0,145.94100143309925,0.0,0.0,0.1801246471025507,0.0,0.0,False,0.006540751000102318,2,0,262,0,0.0,0.0,1,,,2,True,True,False,1201.7913818359375,983.0589985669008,218.73238326903675,True,True,0,ML-Robust-MPC,743.0589985669008,504.8809236345896,500.0
1094.5,741.3961889600082,300.0,2,53.1038110399918,0.0,53.1038110399918,0.0,0.0,0.1795409091277893,0.0,0.0,False,0.004274106000139,0,0,263,0,0.0,0.0,1,,,2,True,True,False,1197.5194091796875,981.3961889600082,216.1232202196793,True,True,0,ML-Robust-MPC,741.3961889600082,503.70909434702094,500.0
1087.5,743.0095214414713,360.0,2,-15.509521441471293,15.509521441471293,0.0,0.0,0.0,0.1796947734278039,0.0,15.509521441471293,False,0.005339653000191902,0,0,264,0,0.0,0.0,1,,,2,True,True,False,1188.70263671875,983.0095214414713,205.6931152772787,True,True,0,ML-Robust-MPC,743.0095214414713,503.75695457886025,500.0
1099.5,743.6768144785398,355.82318552146023,2,0.0,0.0,0.0,0.0,0.0,0.1796947734278039,0.0,0.0,False,0.005597859999852517,0,0,265,0,0.0,0.0,1,,,2,True,True,False,1188.6590576171875,983.6768144785398,204.98224313864773,True,True,0,ML-Robust-MPC,743.6768144785398,504.6331529427931,500.0
1100.5,743.4975652393005,360.25414374507454,2,-3.251708984375,3.251708984375,0.0,0.0,0.0,0.17972703244550603,0.0,3.251708984375,False,0.004349391000232572,0,0,266,0,0.0,0.0,1,,,2,True,True,False,1199.072998046875,983.4975652393005,215.57543280757454,True,True,0,ML-Robust-MPC,743.4975652393005,505.5913174260468,500.0
1098.5,742.0083019451507,375.6616199298493,2,-19.169921875,19.169921875,0.0,0.0,0.0,0.179917210241885,0.0,19.169921875,False,0.004038671000216709,0,0,267,0,0.0,0.0,1,,,2,True,True,False,1204.4505615234375,982.0083019451507,222.44225957828678,True,True,0,ML-Robust-MPC,742.0083019451507,506.2768275423847,500.0
1113.5,741.4401126099841,402.3203854368909,2,-30.260498046875,30.260498046875,0.0,0.0,0.0,0.18021741359552465,0.0,30.260498046875,False,0.004610745000263705,0,0,268,0,0.0,0.0,1,,,2,True,True,False,1206.7216796875,981.4401126099841,225.2815670775159,True,True,0,ML-Robust-MPC,741.4401126099841,508.8619079434458,500.0
1155.0,743.4152931093678,427.3333641171947,2,-15.7486572265625,15.7486572265625,0.0,0.0,0.0,0.1803736502743596,0.0,15.7486572265625,False,0.004956444000072224,0,0,269,0,0.0,0.0,1,,,2,True,True,False,1201.6636962890625,983.4152931093678,218.24840317969472,True,True,0,ML-Robust-MPC,743.4152931093678,507.4313358884645,500.0
1178.5,744.4317940222378,453.2037040246372,2,-19.135498046875,19.135498046875,0.0,0.0,0.0,0.18056348656450716,0.0,19.135498046875,False,0.004453181000371842,0,0,270,0,0.0,0.0,1,,,2,True,True,False,1200.068115234375,984.4317940222378,215.6363212121372,True,True,0,ML-Robust-MPC,744.4317940222378,505.5030009884276,500.0
1201.5,744.4907043653517,459.2181579393358,2,-2.2088623046875,2.2088623046875,0.0,0.0,0.0,0.1805853998810219,0.0,2.2088623046875,False,0.004187269000340166,0,0,271,0,0.0,0.0,1,,,2,True,True,False,1199.6416015625,984.4907043653517,215.1508971971483,True,True,0,ML-Robust-MPC,744.4907043653517,505.4295494418497,500.0
1188.0,747.7395114089883,453.2979641769492,2,-13.0374755859375,13.0374755859375,0.0,0.0,0.0,0.18071473991659667,0.0,13.0374755859375,False,0.004523200999756227,0,0,272,0,0.0,0.0,1,,,2,True,True,False,1201.5,987.7395114089883,213.76048859101172,True,True,0,ML-Robust-MPC,747.7395114089883,504.719389427896,500.0
1152.5,749.6637723691929,428.737106537057,2,-25.90087890625,25.90087890625,0.0,0.0,0.0,0.18097169308034916,0.0,25.90087890625,False,0.008560969999962253,0,0,273,0,0.0,0.0,1,,,2,True,True,False,1188.0,989.6637723691929,198.33622763080712,True,True,0,ML-Robust-MPC,749.6637723691929,505.7132329232856,500.0
1130.0,751.9293166896722,391.0721481540778,2,-13.00146484375,13.00146484375,0.0,0.0,0.0,0.18110067586649747,0.0,13.00146484375,False,0.009273746999951982,0,0,274,0,0.0,0.0,1,,,2,True,True,False,1152.5,991.9293166896722,160.5706833103278,True,True,0,ML-Robust-MPC,751.9293166896722,505.6305973535382,500.0
1095.0,748.1002938188691,374.5242178998809,2,-27.62451171875,27.62451171875,0.0,0.0,0.0,0.18137472856212,0.0,27.62451171875,False,0.007849194000300486,0,0,275,0,0.0,0.0,1,,,2,True,True,False,1148.1441650390625,988.1002938188691,160.0438712201934,True,True,0,ML-Robust-MPC,748.1002938188691,505.8890911808008,500.0
1088.5,750.2257912530679,353.9601218328696,2,-15.6859130859375,15.6859130859375,0.0,0.0,0.0,0.1815303427792424,0.0,15.6859130859375,False,0.009115304000260949,0,0,276,0,0.0,0.0,1,,,2,True,True,False,1149.56787109375,990.2257912530679,159.34207984068212,True,True,0,ML-Robust-MPC,750.2257912530679,506.1151155088345,500.0
1114.0,748.1311338731904,368.7227479627471,2,-2.8538818359375,2.8538818359375,0.0,0.0,0.0,0.18155865509904337,0.0,2.8538818359375,False,0.007905053000285989,0,0,277,0,0.0,0.0,1,,,2,True,True,False,1145.854736328125,988.1311338731904,157.72360245493462,True,True,0,ML-Robust-MPC,748.1311338731904,507.72716759484496,500.0
1131.5,747.3772868059526,397.7524739362349,2,-13.6297607421875,13.6297607421875,0.0,0.0,0.0,0.18169387097942222,0.0,13.6297607421875,False,0.005951451000328234,0,0,278,0,0.0,0.0,1,,,2,True,True,False,1160.729736328125,987.3772868059526,173.35244952217238,True,True,0,ML-Robust-MPC,747.3772868059526,508.99646044819735,500.0
1141.5,747.2997329532536,411.954783648309,2,-17.7545166015625,17.7545166015625,0.0,0.0,0.0,0.18187000705681866,0.0,17.7545166015625,False,0.007829322999896249,0,0,279,0,0.0,0.0,1,,,2,True,True,False,1161.209716796875,987.2997329532536,173.90998384362138,True,True,0,ML-Robust-MPC,747.2997329532536,511.6817245863242,500.0
1149.5,750.0195498839086,405.50010343640395,2,-6.0196533203125,6.0196533203125,0.0,0.0,0.0,0.18192972583975828,0.0,6.0196533203125,False,0.00631010500001139,0,0,280,0,0.0,0.0,1,,,2,True,True,False,1159.02783203125,990.0195498839086,169.00828214734145,True,True,0,ML-Robust-MPC,750.0195498839086,510.1501544454867,500.0
1121.0,751.9821628610985,396.5781398732764,2,-27.560302734375,27.560302734375,0.0,0.0,0.0,0.1822031415414882,0.0,27.560302734375,False,0.009063957999842387,0,0,281,0,0.0,0.0,1,,,2,True,True,False,1169.3331298828125,991.9821628610985,177.35096702171404,True,True,0,ML-Robust-MPC,751.9821628610985,511.92082674922295,500.0
1121.0,753.4194217980669,367.5805782019331,2,0.0,0.0,0.0,0.0,0.0,0.1822031415414882,0.0,0.0,False,0.006755238999630819,0,0,282,0,0.0,0.0,1,,,2,True,True,False,1163.136474609375,993.4194217980669,169.71705281130812,True,True,0,ML-Robust-MPC,753.4194217980669,510.8073969062244,500.0
1104.0,753.7239557440572,354.4081243340678,2,-4.132080078125,4.132080078125,0.0,0.0,0.0,0.1822441343994061,0.0,4.132080078125,False,0.00826111000014862,0,0,283,0,0.0,0.0,1,,,2,True,True,False,1171.3309326171875,993.7239557440572,177.6069768731303,True,True,0,ML-Robust-MPC,753.7239557440572,510.1991377913169,500.0
1067.0,754.1964237494608,344.2457149224141,2,-31.442138671875,31.442138671875,0.0,0.0,0.0,0.18255606037829375,0.0,31.442138671875,False,0.006208378999872366,0,0,284,0,0.0,0.0,1,,,2,True,True,False,1173.77392578125,994.1964237494608,179.5775020317892,True,True,0,ML-Robust-MPC,754.1964237494608,510.2437292260976,500.0
1059.5,753.1549102014866,331.2985810094509,2,-24.9534912109375,24.9534912109375,0.0,0.0,0.0,0.18280361485459273,0.0,24.9534912109375,False,0.00652124799989906,0,0,285,0,0.0,0.0,1,,,2,True,True,False,1165.62353515625,993.1549102014866,172.4686249547634,True,True,0,ML-Robust-MPC,753.1549102014866,510.7695280665773,500.0
1086.5,754.6355222935119,349.51657731586306,2,-17.652099609375,17.652099609375,0.0,0.0,0.0,0.18297873489040004,0.0,17.652099609375,False,0.007437367999955313,0,0,286,0,0.0,0.0,1,,,2,True,True,False,1178.424072265625,994.6355222935119,183.78854997211306,True,True,0,ML-Robust-MPC,754.6355222935119,511.2629418344046,500.0
1094.5,752.9094640530534,382.4363611422591,2,-40.8458251953125,40.8458251953125,0.0,0.0,0.0,0.1833839514101948,0.0,40.8458251953125,False,0.006392181999672175,0,0,287,0,0.0,0.0,1,,,2,True,True,False,1186.9559326171875,992.9094640530534,194.0464685641341,True,True,0,ML-Robust-MPC,752.9094640530534,509.45405887306833,500.0
1144.0,750.536983966391,402.56714201017155,2,-9.1041259765625,9.1041259765625,0.0,0.0,0.0,0.18347427012027975,0.0,9.1041259765625,False,0.006505885000024136,0,0,288,0,0.0,0.0,1,,,2,True,True,False,1183.6845703125,990.536983966391,193.14758634610905,True,True,0,ML-Robust-MPC,750.536983966391,509.48053380994463,500.0
1160.0,751.2382603855223,414.82008922385273,2,-6.058349609375,6.058349609375,0.0,0.0,0.0,0.18353437279497595,0.0,6.058349609375,False,0.007677776000036829,0,0,289,0,0.0,0.0,1,,,2,True,True,False,1179.9130859375,991.2382603855223,188.67482555197773,True,True,0,ML-Robust-MPC,751.2382603855223,508.3361505185752,500.0
1183.5,747.991796204685,435.5082037953151,2,0.0,0.0,0.0,0.0,0.0,0.18353437279497595,0.0,0.0,False,0.006284579999828566,0,0,290,0,0.0,0.0,1,,,2,True,True,False,1180.8924560546875,987.991796204685,192.9006598500025,True,True,0,ML-Robust-MPC,747.991796204685,506.6537364736989,500.0
1145.5,745.7607097754341,422.66165350581593,2,-22.92236328125,22.92236328125,0.0,0.0,0.0,0.1837617771926074,0.0,22.92236328125,False,0.006729058000018995,0,0,291,0,0.0,0.0,1,,,2,True,True,False,1183.5,985.7607097754341,197.73929022456593,True,True,0,ML-Robust-MPC,745.7607097754341,507.8174165587993,500.0
1147.0,746.050660106408,400.94933989359197,2,0.0,0.0,0.0,0.0,0.0,0.1837617771926074,0.0,0.0,False,0.008911921000162693,0,0,292,0,0.0,0.0,1,,,2,True,True,False,1183.6884765625,986.050660106408,197.63781645609197,True,True,0,ML-Robust-MPC,746.050660106408,510.7974951420746,500.0
1095.5,745.8644288388712,388.06757799706634,2,-38.4320068359375,38.4320068359375,0.0,0.0,0.0,0.18414304710169407,0.0,38.4320068359375,False,0.004701091000242741,0,0,293,0,0.0,0.0,1,,,2,True,True,False,1185.369384765625,985.8644288388712,199.50495592675384,True,True,0,ML-Robust-MPC,745.8644288388712,513.5195655350404,500.0
1089.5,745.8500773759847,363.6609089521403,2,-20.010986328125,20.010986328125,0.0,0.0,0.0,0.18434156879145722,0.0,20.010986328125,False,0.004660573999899498,0,0,294,0,0.0,0.0,1,,,2,True,True,False,1179.678955078125,985.8500773759847,193.8288777021403,True,True,0,ML-Robust-MPC,745.8500773759847,512.1850939944926,500.0
1110.5,745.2357470251436,380.3987744592314,2,-15.134521484375,15.134521484375,0.0,0.0,0.0,0.1844917128538022,0.0,15.134521484375,False,0.005244853000021976,0,0,295,0,0.0,0.0,1,,,2,True,True,False,1176.0615234375,985.2357470251436,190.8257764123564,True,True,0,ML-Robust-MPC,745.2357470251436,510.97218912892674,500.0
1158.5,746.4037188329332,412.09628116706676,2,0.0,0.0,0.0,0.0,0.0,0.1844917128538022,0.0,0.0,False,0.004785176000041247,0,0,296,0,0.0,0.0,1,,,2,True,True,False,1179.1080322265625,986.4037188329332,192.70431339362926,True,True,0,ML-Robust-MPC,746.4037188329332,510.8924604261347,500.0
1160.0,749.3008234810623,436.57246753456275,2,-25.873291015625,25.873291015625,0.0,0.0,0.0,0.18474839232816356,0.0,25.873291015625,False,0.005332447999990109,0,0,297,0,0.0,0.0,1,,,2,True,True,False,1186.37744140625,989.3008234810623,197.07661792518775,True,True,0,ML-Robust-MPC,749.3008234810623,511.5159954988771,500.0
1203.5,750.7137516192307,452.7862483807694,2,0.0,0.0,0.0,0.0,0.0,0.18474839232816356,0.0,0.0,False,0.006061844000214478,0,0,298,0,0.0,0.0,1,,,2,True,True,False,1180.4969482421875,990.7137516192307,189.78319662295678,True,True,0,ML-Robust-MPC,750.7137516192307,511.6696987279297,500.0
1149.5,750.7928360558078,448.4298201941922,2,-49.72265625,49.72265625,0.0,0.0,0.0,0.18524167264810404,0.0,49.72265625,False,0.007848153999930219,0,0,299,0,0.0,0.0,1,,,2,True,True,False,1203.5,990.7928360558078,212.7071639441922,True,True,0,ML-Robust-MPC,750.7928360558078,512.9648348578303,500.0
1138.5,750.5296512411588,397.88294641509117,2,-9.91259765625,9.91259765625,0.0,0.0,0.0,0.18534001191056684,0.0,9.91259765625,False,0.009897791000184952,0,0,300,0,0.0,0.0,1,,,2,True,True,False,1170.6865234375,990.5296512411588,180.15687219634117,True,True,0,ML-Robust-MPC,750.5296512411588,513.3633209408958,500.0
1133.5,750.126088974406,383.373911025594,2,0.0,0.0,0.0,0.0,0.0,0.18534001191056684,0.0,0.0,False,0.0073018030002458545,0,0,301,0,0.0,0.0,1,,,2,True,True,False,1164.235107421875,990.126088974406,174.109018447469,True,True,0,ML-Robust-MPC,750.126088974406,514.5923211464733,500.0
1135.0,749.95233104535,385.04766895465,2,0.0,0.0,0.0,0.0,0.0,0.18534001191056684,0.0,0.0,False,0.009445968999898469,0,0,302,0,0.0,0.0,1,,,2,True,True,False,1181.840576171875,989.95233104535,191.88824512652502,True,True,0,ML-Robust-MPC,749.95233104535,512.9707328658191,500.0
1092.5,748.0873842859612,383.8518246984138,2,-39.439208984375,39.439208984375,0.0,0.0,0.0,0.18573127390445945,0.0,39.439208984375,False,0.008070675999988453,0,0,303,0,0.0,0.0,1,,,2,True,True,False,1182.1663818359375,988.0873842859612,194.0789975499763,True,True,0,ML-Robust-MPC,748.0873842859612,511.55753256063656,500.0
1112.5,746.5981299256979,382.0261376524271,2,-16.124267578125,16.124267578125,0.0,0.0,0.0,0.18589123687646467,0.0,16.124267578125,False,0.008457083999928727,0,0,304,0,0.0,0.0,1,,,2,True,True,False,1180.2646484375,986.5981299256979,193.6665185118021,True,True,0,ML-Robust-MPC,746.5981299256979,508.6654232137535,500.0
1135.0,748.488960760897,403.09929607504046,2,-16.5882568359375,16.5882568359375,0.0,0.0,0.0,0.18605580291650373,0.0,16.5882568359375,False,0.00849758300000758,0,0,305,0,0.0,0.0,1,,,2,True,True,False,1170.07470703125,988.488960760897,181.58574627035296,True,True,0,ML-Robust-MPC,748.488960760897,508.73868949167183,500.0
1144.0,742.0430463776062,428.7224565520813,2,-26.7655029296875,26.7655029296875,0.0,0.0,0.0,0.18632133369953635,0.0,26.7655029296875,False,0.0051310569997440325,0,0,306,0,0.0,0.0,1,,,2,True,True,False,1170.10986328125,982.0430463776062,188.06681690364383,True,True,0,ML-Robust-MPC,742.0430463776062,510.9961918379898,500.0
1149.5,741.3086166680436,424.38425442570644,2,-16.19287109375,16.19287109375,0.0,0.0,0.0,0.18648197726197435,0.0,16.19287109375,False,0.006409394999991491,0,0,307,0,0.0,0.0,1,,,2,True,True,False,1166.16162109375,981.3086166680436,184.85300442570644,True,True,0,ML-Robust-MPC,741.3086166680436,511.5492487806007,500.0
1144.5,746.4351447561526,406.55350270478493,2,-8.4886474609375,8.4886474609375,0.0,0.0,0.0,0.18656619003440428,0.0,8.4886474609375,False,0.008891830999800732,0,0,308,0,0.0,0.0,1,,,2,True,True,False,1151.7977294921875,986.4351447561526,165.36258473603493,True,True,0,ML-Robust-MPC,746.4351447561526,511.5302286859749,500.0
1148.0,747.6196550300149,400.3803449699851,2,0.0,0.0,0.0,0.0,0.0,0.18656619003440428,0.0,0.0,False,0.005469258999710291,0,0,309,0,0.0,0.0,1,,,2,True,True,False,1144.5,987.6196550300149,156.88034496998512,True,True,0,ML-Robust-MPC,747.6196550300149,510.1617692421614,500.0
1090.0,749.2960768644674,376.8020676667826,2,-36.09814453125,36.09814453125,0.0,0.0,0.0,0.18692430654761114,0.0,36.09814453125,False,0.005631947999972908,0,0,310,0,0.0,0.0,1,,,2,True,True,False,1148.0,989.2960768644674,158.7039231355326,True,True,0,ML-Robust-MPC,749.2960768644674,509.444478541972,500.0
1069.0,752.5650724721604,330.4973054575271,2,-14.0623779296875,14.0623779296875,0.0,0.0,0.0,0.18706381426516755,0.0,14.0623779296875,False,0.009432775000277616,0,0,311,0,0.0,0.0,1,,,2,True,True,False,1111.0765380859375,992.5650724721604,118.51146561377709,True,True,0,ML-Robust-MPC,752.5650724721604,511.48538883818287,500.0
1072.0,751.8740936395479,320.61308897763956,2,-0.4871826171875,0.4871826171875,0.0,0.0,0.0,0.18706864742605234,0.0,0.4871826171875,False,0.009023959999922226,0,0,312,0,0.0,0.0,1,,,2,True,True,False,1115.6920166015625,991.8740936395479,123.81792296201456,True,True,0,ML-Robust-MPC,751.8740936395479,510.6184300474267,500.0
1046.0,754.2379873220367,338.4944345529633,2,-46.732421875,46.732421875,0.0,0.0,0.0,0.18753226272243131,0.0,46.732421875,False,0.007878300999891508,0,0,313,0,0.0,0.0,1,,,2,True,True,False,1151.9747314453125,994.2379873220367,157.7367441232758,True,True,0,ML-Robust-MPC,754.2379873220367,509.48308806592655,500.0
1119.0,751.7867121440322,367.2132878559678,2,0.0,0.0,0.0,0.0,0.0,0.18753226272243131,0.0,0.0,False,0.00811668300002566,0,0,314,0,0.0,0.0,1,,,2,True,True,False,1192.19287109375,991.7867121440322,200.4061589497178,True,True,0,ML-Robust-MPC,751.7867121440322,508.5254623680173,500.0
1090.0,751.0733409454855,386.005394406077,2,-47.0787353515625,47.0787353515625,0.0,0.0,0.0,0.18799931366837935,0.0,47.0787353515625,False,0.008139408000261028,0,0,315,0,0.0,0.0,1,,,2,True,True,False,1184.05224609375,991.0733409454855,192.97890514826452,True,True,0,ML-Robust-MPC,751.0733409454855,507.0157559315516,500.0
1119.0,752.6079658431714,376.1444755630786,2,-9.75244140625,9.75244140625,0.0,0.0,0.0,0.18809606407915563,0.0,9.75244140625,False,0.00765382800000225,0,0,316,0,0.0,0.0,1,,,2,True,True,False,1185.1302490234375,992.6079658431714,192.52228318026607,True,True,0,ML-Robust-MPC,752.6079658431714,504.3485742804774,500.0
1102.5,748.4783164488051,375.8800819886949,2,-21.8583984375,21.8583984375,0.0,0.0,0.0,0.18831291327000385,0.0,21.8583984375,False,0.006955182000183413,0,0,317,0,0.0,0.0,1,,,2,True,True,False,1180.8470458984375,988.4783164488051,192.36872944963238,True,True,0,ML-Robust-MPC,748.4783164488051,502.5703295164964,500.0
1099.5,745.8575101711242,358.1092867038758,2,-4.466796875,4.466796875,0.0,0.0,0.0,0.18835722673106536,0.0,4.466796875,False,0.006974765999984811,0,0,318,0,0.0,0.0,1,,,2,True,True,False,1177.274169921875,985.8575101711242,191.4166597507508,True,True,0,ML-Robust-MPC,745.8575101711242,501.14962467131744,500.0
1071.5,743.9189681606083,350.1396255893917,2,-22.55859375,22.55859375,0.0,0.0,0.0,0.18858102230398202,0.0,22.55859375,False,0.005258695000065927,0,0,319,0,0.0,0.0,1,,,2,True,True,False,1186.44970703125,983.9189681606083,202.5307388706417,True,True,0,ML-Robust-MPC,743.9189681606083,500.1432197070702,500.0
1076.0,743.5791469576344,332.9457553861156,2,-0.52490234375,0.52490234375,0.0,0.0,0.0,0.18858622966850336,0.0,0.52490234375,False,0.004723293000097328,0,0,320,0,0.0,0.0,1,,,2,True,True,False,1185.2548828125,983.5791469576344,201.6757358548656,True,True,0,ML-Robust-MPC,743.5791469576344,501.72346609246136,500.0
1066.5,746.4789489180879,343.5079895584746,2,-23.4869384765625,23.4869384765625,0.0,0.0,0.0,0.18881923501053274,0.0,23.4869384765625,False,0.0046083329998509726,0,0,321,0,0.0,0.0,1,,,2,True,True,False,1190.83251953125,986.4789489180879,204.3535706131621,True,True,0,ML-Robust-MPC,746.4789489180879,501.8639197396221,500.0
1061.0,742.7427655355602,367.23611630037726,2,-48.9788818359375,48.9788818359375,0.0,0.0,0.0,0.189305136616048,0.0,48.9788818359375,False,0.005225518999850465,0,0,322,0,0.0,0.0,1,,,2,True,True,False,1198.936279296875,982.7427655355602,216.19351376131476,True,True,0,ML-Robust-MPC,742.7427655355602,500.6455192709576,500.0
1116.5,743.5676059341698,385.8408413314552,2,-12.908447265625,12.908447265625,0.0,0.0,0.0,0.18943319660876254,0.0,12.908447265625,False,0.0053589380004268605,0,0,323,0,0.0,0.0,1,,,2,True,True,False,1206.4000244140625,983.5676059341698,222.83241847989268,True,True,0,ML-Robust-MPC,743.5676059341698,500.0778485110447,500.0
1166.5,741.0756951989496,429.5717657385504,2,-4.1474609375,4.1474609375,0.0,0.0,0.0,0.18947434205457106,0.0,4.1474609375,False,0.004704519999904733,0,0,324,0,0.0,0.0,1,,,2,True,True,False,1203.4696044921875,981.0756951989496,222.39390929323793,True,True,0,ML-Robust-MPC,741.0756951989496,502.2526673349682,500.0
1188.0,741.4284360858665,455.76724262507105,2,-9.1956787109375,9.1956787109375,0.0,0.0,0.0,0.18956556902590974,0.0,9.1956787109375,False,0.004754275000323105,0,0,325,0,0.0,0.0,1,,,2,True,True,False,1197.306640625,981.4284360858665,215.87820453913355,True,True,0,ML-Robust-MPC,741.4284360858665,500.2092412530948,500.0
1189.5,742.432213333037,456.737220260713,2,-9.66943359375,9.66943359375,0.0,0.0,0.0,0.18966149594648266,0.0,9.66943359375,False,0.006087917000058951,0,0,326,0,0.0,0.0,1,,,2,True,True,False,1191.4813232421875,982.432213333037,209.0491099091505,True,True,0,ML-Robust-MPC,742.432213333037,499.04869476390303,498.4243979283098
1156.5,741.8049137681364,443.61879228655107,2,-28.9237060546875,28.9237060546875,0.0,0.0,0.0,0.18994843747480297,0.0,28.9237060546875,False,0.006379324000135966,0,0,327,0,0.0,0.0,1,,,2,True,True,False,1189.5,981.8049137681364,207.69508623186357,True,True,0,ML-Robust-MPC,741.8049137681364,499.8680768853157,499.2745081453371
1135.0,744.032875352934,408.42024964706616,2,-17.453125,17.453125,0.0,0.0,0.0,0.1901215835561522,0.0,17.453125,False,0.00633071199990809,0,0,328,0,0.0,0.0,1,,,2,True,True,False,1192.6080322265625,984.032875352934,208.57515687362854,True,True,0,ML-Robust-MPC,744.032875352934,501.1398466614133,500.0
1138.5,742.2636644824188,396.2363355175812,2,0.0,0.0,0.0,0.0,0.0,0.1901215835561522,0.0,0.0,False,0.005029154000112612,0,0,329,0,0.0,0.0,1,,,2,True,True,False,1197.4044189453125,982.2636644824188,215.1407544628937,True,True,0,ML-Robust-MPC,742.2636644824188,500.4915445276878,500.0
1134.5,742.0447729403284,400.30251709873414,2,-7.8472900390625,7.8472900390625,0.0,0.0,0.0,0.19019943365574607,0.0,7.8472900390625,False,0.0056214199998976255,0,0,330,0,0.0,0.0,1,,,2,True,True,False,1205.86279296875,982.0447729403284,223.81802002842164,True,True,0,ML-Robust-MPC,742.0447729403284,502.1052324121163,500.0
1127.5,742.5360842172664,416.4200925405461,2,-31.4561767578125,31.4561767578125,0.0,0.0,0.0,0.1905114989013593,0.0,31.4561767578125,False,0.004887223999958223,0,0,331,0,0.0,0.0,1,,,2,True,True,False,1205.0784912109375,982.5360842172664,222.54240699367108,True,True,0,ML-Robust-MPC,742.5360842172664,503.9464062803053,499.1998484780771
1183.5,742.2562788165405,441.24372118345946,2,0.0,0.0,0.0,0.0,0.0,0.1905114989013593,0.0,0.0,False,0.005080738999822643,0,0,332,0,0.0,0.0,1,,,2,True,True,False,1188.825439453125,982.2562788165405,206.56916063658446,True,True,0,ML-Robust-MPC,742.2562788165405,502.3095720825313,499.1260707068456
1172.0,746.2276720167424,458.2416883348201,2,-32.4693603515625,32.4693603515625,0.0,0.0,0.0,0.19083361557151368,0.0,32.4693603515625,False,0.005422288000318076,0,0,333,0,0.0,0.0,1,,,2,True,True,False,1205.5567626953125,986.2276720167424,219.32909067857008,True,True,0,ML-Robust-MPC,746.2276720167424,504.1411363353061,499.4592019444038
1180.0,745.5040097329469,447.5782656576781,2,-13.082275390625,13.082275390625,0.0,0.0,0.0,0.19096340004959528,0.0,13.082275390625,False,0.004592538999986573,0,0,334,0,0.0,0.0,1,,,2,True,True,False,1190.6044921875,985.5040097329469,205.10048245455312,True,True,0,ML-Robust-MPC,745.5040097329469,502.1861076270399,499.9102804527245
1203.0,746.1240303347039,456.8759696652961,2,0.0,0.0,0.0,0.0,0.0,0.19096340004959528,0.0,0.0,False,0.006199551999998221,0,0,335,0,0.0,0.0,1,,,2,True,True,False,1180.0,986.1240303347039,193.8759696652961,True,True,0,ML-Robust-MPC,746.1240303347039,500.8359203763914,498.9665650488688
1152.0,749.1862901979611,434.17125374735144,2,-31.3575439453125,31.3575439453125,0.0,0.0,0.0,0.1912744867950845,0.0,31.3575439453125,False,0.008517668999957095,0,0,336,0,0.0,0.0,1,,,2,True,True,False,1203.0,989.1862901979611,213.81370980203894,True,True,0,ML-Robust-MPC,749.1862901979611,500.3503381269552,498.567886538508
1095.0,749.7662729954619,385.9270863795381,2,-40.693359375,40.693359375,0.0,0.0,0.0,0.19167819075713807,0.0,40.693359375,False,0.00829202599970813,0,0,337,0,0.0,0.0,1,,,2,True,True,False,1152.3917236328125,989.7662729954619,162.62545063735058,True,True,0,ML-Robust-MPC,749.7662729954619,500.83557553628606,500.0
1095.0,753.0884540838816,341.91154591611837,2,0.0,0.0,0.0,0.0,0.0,0.19167819075713807,0.0,0.0,False,0.006920853999872634,0,0,338,0,0.0,0.0,1,,,2,True,True,False,1147.26318359375,993.0884540838816,154.17472950986837,True,True,0,ML-Robust-MPC,753.0884540838816,498.959159247152,499.73717921896014
1084.5,754.7183030171085,340.5402419047665,2,-10.758544921875,10.758544921875,0.0,0.0,0.0,0.19178492235358524,0.0,10.758544921875,False,0.007454114000211121,0,0,339,0,0.0,0.0,1,,,2,True,True,False,1154.408447265625,994.7183030171085,159.6901442485165,True,True,0,ML-Robust-MPC,754.7183030171085,498.43527794660525,500.0
1086.0,753.1284550195147,354.0060664648603,2,-21.134521484375,21.134521484375,0.0,0.0,0.0,0.19199459022545404,0.0,21.134521484375,False,0.0066404889998921135,0,0,340,0,0.0,0.0,1,,,2,True,True,False,1153.1080322265625,993.1284550195147,159.97957720704778,True,True,0,ML-Robust-MPC,753.1284550195147,495.0414310431127,500.0
1118.0,755.380123949597,377.17090144102804,2,-14.551025390625,14.551025390625,0.0,0.0,0.0,0.1921389456360753,0.0,14.551025390625,False,0.006160305000321387,0,0,341,0,0.0,0.0,1,,,2,True,True,False,1169.3555908203125,995.380123949597,173.97546687071554,True,True,0,ML-Robust-MPC,755.380123949597,493.6369161159631,500.0
1119.5,750.6549563691393,407.5036129667982,2,-38.6585693359375,38.6585693359375,0.0,0.0,0.0,0.1925224631890112,0.0,38.6585693359375,False,0.008378402999824175,0,0,342,0,0.0,0.0,1,,,2,True,True,False,1158.686767578125,990.6549563691393,168.0318112089857,True,True,0,ML-Robust-MPC,750.6549563691393,494.2611758267774,500.0
1140.5,752.7519629225089,397.95665524155345,2,-10.2086181640625,10.2086181640625,0.0,0.0,0.0,0.19262373916286102,0.0,10.2086181640625,False,0.007663191000119696,0,0,343,0,0.0,0.0,1,,,2,True,True,False,1151.83251953125,992.7519629225089,159.08055660874106,True,True,0,ML-Robust-MPC,752.7519629225089,495.8859421509856,500.0
1165.5,753.6653053836126,411.8346946163874,2,0.0,0.0,0.0,0.0,0.0,0.19262373916286102,0.0,0.0,False,0.008202953999898455,0,0,344,0,0.0,0.0,1,,,2,True,True,False,1158.0360107421875,993.6653053836126,164.37070535857492,True,True,0,ML-Robust-MPC,753.6653053836126,495.4418080859729,500.0
1146.0,749.4281633585321,400.07159250084294,2,-3.499755859375,3.499755859375,0.0,0.0,0.0,0.19265845896305323,0.0,3.499755859375,False,0.008210126999983913,0,0,345,0,0.0,0.0,1,,,2,True,True,False,1165.5,989.4281633585321,176.07183664146794,True,True,0,ML-Robust-MPC,749.4281633585321,493.4164206995337,500.0
1113.0,750.7119774939346,380.06316899044043,2,-17.775146484375,17.775146484375,0.0,0.0,0.0,0.19283479970198553,0.0,17.775146484375,False,0.009850692000327399,0,0,346,0,0.0,0.0,1,,,2,True,True,False,1172.5323486328125,990.7119774939346,181.82037113887793,True,True,0,ML-Robust-MPC,750.7119774939346,491.5186210782733,500.0
1088.0,749.7533867024332,357.4997871256918,2,-19.253173828125,19.253173828125,0.0,0.0,0.0,0.19302580341059788,0.0,19.253173828125,False,0.008308943999963958,0,0,347,0,0.0,0.0,1,,,2,True,True,False,1165.91015625,989.7533867024332,176.1567695475668,True,True,0,ML-Robust-MPC,749.7533867024332,491.8590304898429,500.0
1095.0,746.9408813893646,348.09012447001044,2,-0.031005859375,0.031005859375,0.0,0.0,0.0,0.19302611100840913,0.0,0.031005859375,False,0.009614507000151207,0,0,348,0,0.0,0.0,1,,,2,True,True,False,1166.5966796875,986.9408813893646,179.65579829813544,True,True,0,ML-Robust-MPC,746.9408813893646,489.0871957512628,499.8720706807511
1101.5,747.4396206973878,371.8122103572997,2,-17.7518310546875,17.7518310546875,0.0,0.0,0.0,0.1932022204434755,0.0,17.7518310546875,False,0.006483747999936895,0,0,349,0,0.0,0.0,1,,,2,True,True,False,1172.9345703125,987.4396206973878,185.4949496151122,True,True,0,ML-Robust-MPC,747.4396206973878,492.6938099305617,498.3776812711692
1133.5,744.8129999958172,403.8332402385578,2,-15.146240234375,15.146240234375,0.0,0.0,0.0,0.19335248076326095,0.0,15.146240234375,False,0.005201203000069654,0,0,350,0,0.0,0.0,1,,,2,True,True,False,1181.066650390625,984.8129999958172,196.25365039480778,True,True,0,ML-Robust-MPC,744.8129999958172,490.8853644954476,499.2371476093368
1140.5,742.781610551787,431.817998823213,2,-34.099609375,34.099609375,0.0,0.0,0.0,0.1936907705388066,0.0,34.099609375,False,0.004704044999925827,0,0,351,0,0.0,0.0,1,,,2,True,True,False,1178.2672119140625,982.781610551787,195.48560136227547,True,True,0,ML-Robust-MPC,742.781610551787,491.60312956720986,499.26601501334295
1193.5,742.3658947342653,451.13410526573466,2,0.0,0.0,0.0,0.0,0.0,0.1936907705388066,0.0,0.0,False,0.006576991999736492,0,0,352,0,0.0,0.0,1,,,2,True,True,False,1176.359619140625,982.3658947342653,193.99372440635966,True,True,0,ML-Robust-MPC,742.3658947342653,492.546075834659,499.9277322224693
1164.5,741.0512752397175,448.98681069778263,2,-25.5380859375,25.5380859375,0.0,0.0,0.0,0.19394412456596433,0.0,25.5380859375,False,0.008272459999716375,0,0,353,0,0.0,0.0,1,,,2,True,True,False,1193.5,981.0512752397175,212.44872476028252,True,True,0,ML-Robust-MPC,741.0512752397175,494.0701074646213,498.6893210312396
1130.0,741.8109594384673,416.9707788427827,2,-28.78173828125,28.78173828125,0.0,0.0,0.0,0.19422965768383388,0.0,28.78173828125,False,0.008798494000075152,0,0,354,0,0.0,0.0,1,,,2,True,True,False,1175.5703125,981.8109594384673,193.7593530615327,True,True,0,ML-Robust-MPC,741.8109594384673,494.8600061209795,498.28662057188205
1104.0,743.7428315491395,378.5103422789855,2,-18.253173828125,18.253173828125,0.0,0.0,0.0,0.1944107407575256,0.0,18.253173828125,False,0.007963548000134324,0,0,355,0,0.0,0.0,1,,,2,True,True,False,1176.3642578125,983.7428315491395,192.6214262633605,True,True,0,ML-Robust-MPC,743.7428315491395,494.57082882603424,499.7545845096432
1076.5,746.3826402818542,355.43278940564585,2,-25.3154296875,25.3154296875,0.0,0.0,0.0,0.1946618858933143,0.0,25.3154296875,False,0.005118480999954045,0,0,356,0,0.0,0.0,1,,,2,True,True,False,1175.322021484375,986.3826402818542,188.93938120252085,True,True,0,ML-Robust-MPC,746.3826402818542,495.1772587343727,500.0
1083.0,748.7663478267153,340.18042951703467,2,-5.94677734375,5.94677734375,0.0,0.0,0.0,0.19472088170029594,0.0,5.94677734375,False,0.004974230000243551,0,0,357,0,0.0,0.0,1,,,2,True,True,False,1175.35888671875,988.7663478267153,186.59253889203467,True,True,0,ML-Robust-MPC,748.7663478267153,497.0288900388198,500.0
1089.5,746.4102887062436,371.2125140281314,2,-28.122802734375,28.122802734375,0.0,0.0,0.0,0.19499987775916872,0.0,28.122802734375,False,0.005353890000151296,0,0,358,0,0.0,0.0,1,,,2,True,True,False,1181.9002685546875,986.4102887062436,195.4899798484439,True,True,0,ML-Robust-MPC,746.4102887062436,497.90844713792507,499.9489393829708
1121.5,748.5076910890826,393.56457453591736,2,-20.572265625,20.572265625,0.0,0.0,0.0,0.19520396769592466,0.0,20.572265625,False,0.004783890999988216,0,0,359,0,0.0,0.0,1,,,2,True,True,False,1173.3218994140625,988.5076910890826,184.81420832497986,True,True,0,ML-Robust-MPC,748.5076910890826,495.6059677612959,500.0
