load_kw,grid_kw,generator_kw,generator_units_on,storage_kw,charge_kw,discharge_kw,unserved_kw,spill_kw,soc,grid_headroom_storage_preservation_kw,grid_headroom_storage_charge_kw,v15_generator_first_guard_active,decision_seconds,generator_startup_units,generator_shutdown_units,step,risk_level,risk_reserve_kw,applied_risk_reserve_kw,forecast_scenario_count,cvar_alpha,cvar_weight,minimum_committed_generator_units,low_soc_commitment_guard_evaluated,low_soc_commitment_guard_triggered,low_soc_commitment_reachability_truncated,low_soc_commitment_forecast_peak_kw,low_soc_single_unit_firm_supply_kw,low_soc_commitment_deficit_kw,generator_before_storage,supervisory_protection_active,supervisory_safe_exit_counter,selected_controller,grid_available_capacity_kw,generator_available_capacity_kw,storage_available_power_kw
1273.0,1194.6027476687998,120.0,1,-41.60274766879979,41.60274766879979,0.0,0.0,0.0,0.1514079554522581,0.0,41.60274766879979,False,0.006134734001534525,0,0,0,0,0.0,0.0,1,,,0,True,False,False,1274.132080078125,1434.6027476687998,-160.4706675906748,True,True,0,ML-Robust-MPC,1194.6027476687998,791.8725187431846,500.0
1263.5,1199.556621227685,128.3217698983802,1,-64.37839112606503,64.37839112606503,0.0,0.0,0.0,0.15204662996739765,0.0,64.37839112606503,False,0.004816509001102531,0,0,1,0,0.0,0.0,1,,,0,True,False,False,1273.0,1439.556621227685,-166.5566212276849,True,True,0,ML-Robust-MPC,1199.556621227685,792.2926962698942,500.0
1253.0,1185.3614814982054,158.3217698983802,1,-90.68325139658563,90.68325139658563,0.0,0.0,0.0,0.15294626539791933,9.31674860341436,90.68325139658563,False,0.006226800000149524,0,0,2,0,0.0,0.0,1,,,0,True,False,False,1263.5,1435.9217790620803,-172.4217790620803,True,True,0,ML-Robust-MPC,1195.9217790620803,790.4228048878504,500.0
1198.5,1072.2291147939695,188.3217698983802,1,-62.05088469234977,62.05088469234977,0.0,0.0,0.0,0.15356184957145455,37.94911530765023,62.05088469234977,False,0.007202221000625286,0,0,3,0,0.0,0.0,1,,,0,True,False,False,1253.0,1434.824236952345,-181.82423695234502,True,True,0,ML-Robust-MPC,1194.824236952345,790.6228765460106,500.0
1211.0,933.6671978373231,218.3217698983802,1,59.011032264296716,0.0,59.011032264296716,0.0,0.0,0.15291317709789898,100.0,0.0,False,0.0065372280005249195,0,0,4,0,0.0,0.0,1,,,0,True,False,False,1241.453369140625,1435.818898737999,-194.365529597374,True,True,0,ML-Robust-MPC,1195.818898737999,794.042880336321,500.0
1171.5,964.954840614781,240.0,1,-33.454840614781006,33.454840614781006,0.0,0.0,0.0,0.15324507035796625,66.545159385219,33.454840614781006,False,0.004013940997538157,0,0,5,0,0.0,0.0,1,,,0,True,False,False,1251.397216796875,1436.4579547748174,-185.06073797794238,True,True,0,ML-Robust-MPC,1196.4579547748174,792.0177858606057,500.0
1216.5,962.6053754463007,240.0,1,13.89462455369923,0.0,13.89462455369923,0.0,0.0,0.1530923351806183,100.0,0.0,False,0.003988145999755943,0,0,6,0,0.0,0.0,1,,,0,True,False,False,1245.1429443359375,1437.801099016321,-192.6581546803834,True,True,0,ML-Robust-MPC,1197.801099016321,792.3868095909319,500.0
1196.5,1033.5579095394105,240.0,1,-77.05790953941047,77.05790953941047,0.0,0.0,0.0,0.1538567985689061,22.942090460589526,77.05790953941047,False,0.006108091001806315,0,0,7,0,0.0,0.0,1,,,0,True,False,False,1253.2620849609375,1438.377921971876,-185.11583701093855,True,True,0,ML-Robust-MPC,1198.377921971876,791.8205987066685,500.0
1260.0,1019.7222227230368,240.0,1,0.27777727696323495,0.0,0.27777727696323495,0.0,0.0,0.15385374513183797,100.0,0.0,False,0.004737392002425622,0,0,8,0,0.0,0.0,1,,,0,True,False,False,1243.557861328125,1437.958999471991,-194.4011381438661,True,True,0,ML-Robust-MPC,1197.958999471991,790.4057557707264,500.0
1263.5,1124.7586504188068,238.74134958119316,1,-100.0,100.0,0.0,0.0,0.0,0.15484580862390146,0.0,100.0,False,0.004344476998085156,0,0,9,0,0.0,0.0,1,,,0,True,False,False,1260.0,1438.0515913695288,-178.05159136952875,True,True,0,ML-Robust-MPC,1198.0515913695288,790.0525367445566,500.0
1219.5,1195.8388336742285,0.0,0,23.66116632577166,0.0,23.66116632577166,0.0,0.0,0.15458571577856695,82.2730517321163,0.0,False,0.006231522998859873,0,1,10,0,0.0,0.0,1,,,0,True,False,False,1263.5,1435.8388336742285,-172.33883367422845,True,True,0,ML-Robust-MPC,1195.8388336742285,791.1829203148033,500.0
1207.0,999.1631683544535,0.0,0,207.8368316455465,0.0,207.8368316455465,0.0,0.0,0.15230109159040414,100.0,0.0,False,0.004838988999836147,0,0,11,0,0.0,0.0,1,,,0,True,False,False,1219.5,1439.5451773706757,-220.04517737067567,True,True,0,ML-Robust-MPC,1199.5451773706757,791.5406654376281,500.0
1175.0,1194.116434820824,0.0,0,-19.11643482082404,19.11643482082404,0.0,0.0,0.0,0.15249073876124564,61.876795063240664,19.11643482082404,False,0.0040044179986580275,0,0,12,0,0.0,0.0,1,,,0,True,False,False,1225.32177734375,1434.116434820824,-208.794657477074,True,True,0,ML-Robust-MPC,1194.116434820824,793.0799476533017,500.0
1162.0,1191.9175700677022,0.0,0,-29.917570067702115,29.917570067702115,0.0,0.0,0.0,0.15278754005159983,57.92912110623712,29.917570067702115,False,0.004676194999774452,0,0,13,0,0.0,0.0,1,,,0,True,False,False,1216.849365234375,1431.9175700677022,-215.06820483332717,True,True,0,ML-Robust-MPC,1191.9175700677022,793.6441196930482,500.0
1149.0,1188.9319283414366,0.0,0,-39.931928341436446,39.931928341436446,0.0,0.0,0.0,0.15318369013435218,47.834038992261526,39.931928341436446,False,0.004999284999939846,0,0,14,0,0.0,0.0,1,,,0,True,False,False,1219.62060546875,1428.9319283414366,-209.31132287268656,True,True,0,ML-Robust-MPC,1188.9319283414366,793.3320602835953,500.0
1148.5,1190.6682349478338,0.0,0,-42.1682349478338,42.1682349478338,0.0,0.0,0.0,0.1536020257985172,29.175009018977285,42.1682349478338,False,0.0037366049982665572,0,0,15,0,0.0,0.0,1,,,0,True,False,False,1224.068603515625,1430.6682349478338,-206.59963143220875,True,True,0,ML-Robust-MPC,1190.6682349478338,792.2794800904383,500.0
1191.0,1159.5892291298976,0.0,0,31.41077087010231,0.0,31.41077087010231,0.0,0.0,0.153256746252392,100.0,0.0,False,0.005103431001771241,0,0,16,0,0.0,0.0,1,,,0,True,False,False,1220.5059814453125,1430.2150447014408,-209.70906325612827,True,True,0,ML-Robust-MPC,1190.2150447014408,791.0804765117152,500.0
1205.0,1187.6149305955105,0.0,0,17.385069404489542,0.0,17.385069404489542,0.0,0.0,0.15306564273257833,71.68758580367717,0.0,False,0.004662890998588409,0,0,17,0,0.0,0.0,1,,,0,True,False,False,1222.42138671875,1427.6149305955105,-205.1935438767605,True,True,0,ML-Robust-MPC,1187.6149305955105,791.1472882885566,500.0
1203.0,1144.8457371035097,0.0,0,58.15426289649028,0.0,58.15426289649028,0.0,0.0,0.15242638820485013,100.0,0.0,False,0.004331097999966005,0,0,18,0,0.0,0.0,1,,,0,True,False,False,1216.6217041015625,1429.8476580276458,-213.22595392608332,True,True,0,ML-Robust-MPC,1189.8476580276458,791.1803196921759,500.0
1180.5,1146.3880668749143,0.0,0,34.111933125085784,0.0,34.111933125085784,0.0,0.0,0.15205141642094866,100.0,0.0,False,0.004699776000052225,0,0,19,0,0.0,0.0,1,,,0,True,False,False,1206.5966796875,1430.0479746956917,-223.45129500819166,True,True,0,ML-Robust-MPC,1190.0479746956917,795.3148879894098,500.0
1166.5,1132.078393144801,0.0,0,34.42160685519892,0.0,34.42160685519892,0.0,0.0,0.1516730405816223,100.0,0.0,False,0.004761358999530785,0,0,20,0,0.0,0.0,1,,,0,True,False,False,1192.10107421875,1429.5976210599758,-237.49654684122584,True,True,0,ML-Robust-MPC,1189.5976210599758,793.2999223471495,500.0
1146.5,1188.8872623052434,0.0,0,-42.387262305243524,42.387262305243524,0.0,0.0,0.0,0.1520935491362378,48.51024955137714,42.387262305243524,False,0.004157437997491797,0,0,21,0,0.0,0.0,1,,,0,True,False,False,1201.8087158203125,1428.8872623052434,-227.07854648493094,True,True,0,ML-Robust-MPC,1188.8872623052434,794.2594808609366,500.0
1110.0,1170.1305072762589,0.0,0,-60.130507276258754,60.130507276258754,0.0,0.0,0.0,0.15269008194651815,39.869492723741246,60.130507276258754,False,0.004862570000113919,0,0,22,0,0.0,0.0,1,,,0,True,False,False,1202.03857421875,1429.898454439903,-227.85988022115293,True,True,0,ML-Robust-MPC,1189.898454439903,793.3750895243434,500.0
1122.5,1175.1077962649606,0.0,0,-52.607796264960506,52.607796264960506,0.0,0.0,0.0,0.15321198468724195,47.392203735039494,52.607796264960506,False,0.005125362000399036,0,0,23,0,0.0,0.0,1,,,0,True,False,False,1214.01220703125,1433.5342855712736,-219.52207854002359,True,True,0,ML-Robust-MPC,1193.5342855712736,792.3668926219431,500.0
1102.5,1192.1794340501788,0.0,0,-89.67943405017877,89.67943405017877,0.0,0.0,0.0,0.15410166161234293,0.0,89.67943405017877,False,0.004526435001025675,0,0,24,0,0.0,0.0,1,,,0,True,False,False,1250.0625,1432.1794340501788,-182.11693405017877,True,True,0,ML-Robust-MPC,1192.1794340501788,792.2845534125983,500.0
1140.5,1180.4238913146357,0.0,0,-39.92389131463578,39.92389131463578,0.0,0.0,0.0,0.15449773196268654,60.07610868536422,39.92389131463578,False,0.004743573001178447,0,0,25,0,0.0,0.0,1,,,0,True,False,False,1259.4683837890625,1436.2875277650144,-176.81914397595187,True,True,0,ML-Robust-MPC,1196.2875277650144,792.5091541642313,500.0
1176.5,1194.3257005241803,0.0,0,-17.82570052418025,17.82570052418025,0.0,0.0,0.0,0.1546745742297915,53.11395761472029,17.82570052418025,False,0.004807168999832356,0,0,26,0,0.0,0.0,1,,,0,True,False,False,1263.675048828125,1434.3257005241803,-170.65065169605532,True,True,0,ML-Robust-MPC,1194.3257005241803,792.8701418736517,500.0
1192.0,1193.5614820639234,0.0,0,-1.5614820639235347,1.5614820639235347,0.0,0.0,0.0,0.15469006512328282,42.03693756912358,1.5614820639235347,False,0.004384977997688111,0,0,27,0,0.0,0.0,1,,,0,True,False,False,1263.31396484375,1433.5614820639234,-170.24751722017345,True,True,0,ML-Robust-MPC,1193.5614820639234,793.1418498634191,500.0
1222.0,1193.8816954484687,0.0,0,28.118304551531367,0.0,28.118304551531367,0.0,0.0,0.15438097766173936,100.0,0.0,False,0.004330109000875382,0,0,28,0,0.0,0.0,1,,,0,True,False,False,1253.9200439453125,1437.488763665364,-183.5687197200516,True,True,0,ML-Robust-MPC,1197.488763665364,794.9713512781245,500.0
1161.5,1198.0078644234443,0.0,0,-36.5078644234443,36.5078644234443,0.0,0.0,0.0,0.15474315885641637,39.392174215679674,36.5078644234443,False,0.003785534001508495,0,0,29,0,0.0,0.0,1,,,0,True,False,False,1261.2861328125,1438.0078644234443,-176.7217316109443,True,True,0,ML-Robust-MPC,1198.0078644234443,795.2756601059108,500.0
1147.0,1196.7487881641089,0.0,0,-49.7487881641088,49.7487881641088,0.0,0.0,0.0,0.1552366984215365,48.73847510337289,49.7487881641088,False,0.004895140998996794,0,0,30,0,0.0,0.0,1,,,0,True,False,False,1256.389892578125,1436.7487881641089,-180.35889558598387,True,True,0,ML-Robust-MPC,1196.7487881641089,798.0356504684144,499.6883460158228
1135.0,1159.4224258633358,0.0,0,-24.422425863335803,24.422425863335803,0.0,0.0,0.0,0.15547898439240293,75.5775741366642,24.422425863335803,False,0.004011566998087801,0,0,31,0,0.0,0.0,1,,,0,True,False,False,1257.761474609375,1436.2767205266837,-178.51524591730868,True,True,0,ML-Robust-MPC,1196.2767205266837,796.4817283412294,499.4919486956628
1163.5,1188.2738271685275,0.0,0,-24.773827168527575,24.773827168527575,0.0,0.0,0.0,0.1557247564873288,75.22617283147243,24.773827168527575,False,0.004548978999082465,0,0,32,0,0.0,0.0,1,,,0,True,False,False,1261.33154296875,1437.801107139987,-176.46956417123693,True,True,0,ML-Robust-MPC,1197.801107139987,795.4556101793492,499.8783895794267
1202.0,1193.9990631543749,0.0,0,8.0009368456251,0.0,8.0009368456251,0.0,0.0,0.1556368070430424,0.0,0.0,False,0.003936442000849638,0,0,33,0,0.0,0.0,1,,,0,True,False,False,1264.6990966796875,1433.9990631543749,-169.29996647468738,True,True,0,ML-Robust-MPC,1193.9990631543749,793.8955478899275,499.5425185313362
1220.5,1195.2378785856954,0.0,0,25.262121414304573,0.0,25.262121414304573,0.0,0.0,0.15535911586977694,0.0,0.0,False,0.004105504001927329,0,0,34,0,0.0,0.0,1,,,0,True,False,False,1277.2451171875,1435.2378785856954,-157.9927613981954,True,True,0,ML-Robust-MPC,1195.2378785856954,794.700835585261,498.9971899540217
1199.5,1194.403670407867,0.0,0,5.096329592133145,0.0,5.096329592133145,0.0,0.0,0.15530309501069794,68.08225095366629,0.0,False,0.0038273469981504604,0,0,35,0,0.0,0.0,1,,,0,True,False,False,1268.566650390625,1434.403670407867,-165.8370200172419,True,True,0,ML-Robust-MPC,1194.403670407867,795.0870987115597,499.63804853592654
1247.5,1022.9018625507529,0.0,0,224.59813744924713,0.0,224.59813744924713,0.0,0.0,0.15283422395752502,100.0,0.0,False,0.004223424002702814,0,0,36,0,0.0,0.0,1,,,0,True,False,False,1247.386962890625,1433.6074013320351,-186.22043844141012,True,True,0,ML-Robust-MPC,1193.6074013320351,797.0095826839731,499.914398836862
1250.5,1189.1791679090782,0.0,0,61.32083209092184,0.0,61.32083209092184,0.0,0.0,0.1521601612559144,0.0,0.0,False,0.01483310799812898,0,0,37,0,0.0,0.0,1,,,0,True,False,False,1247.5,1429.1791679090782,-181.67916790907816,True,True,0,ML-Robust-MPC,1189.1791679090782,797.6497908453877,500.0
1243.0,1187.5651741579393,0.0,0,55.43482584206072,0.0,55.43482584206072,0.0,0.0,0.1515507998497448,37.20296421286889,0.0,False,0.07540721799887251,0,0,38,0,0.0,0.0,1,,,0,True,False,False,1250.5,1427.5651741579393,-177.06517415793928,True,True,0,ML-Robust-MPC,1187.5651741579393,796.3834861106274,499.7270135411558
1222.0,1188.2720557416462,0.0,0,33.72794425835377,0.0,33.72794425835377,0.0,0.0,0.15118004902247537,0.0,0.0,False,0.06636700499802828,0,0,39,0,0.0,0.0,1,,,0,True,False,False,1243.0,1428.2720557416462,-185.27205574164623,True,True,0,ML-Robust-MPC,1188.2720557416462,796.5125759379781,500.0
1153.5,1192.6747511751912,0.0,0,-39.174751175191204,39.174751175191204,0.0,0.0,0.0,0.15156868742699114,0.0,39.174751175191204,False,0.06800306900186115,0,0,40,0,0.0,0.0,1,,,0,True,False,False,1222.0,1432.6747511751912,-210.6747511751912,True,True,0,ML-Robust-MPC,1192.6747511751912,798.2433580188743,500.0
1202.0,1194.6671177062824,0.0,0,7.332882293717688,0.0,7.332882293717688,0.0,0.0,0.151488081501061,56.79246528027488,0.0,False,0.006075397002859972,0,0,41,0,0.0,0.0,1,,,0,True,False,False,1205.83935546875,1434.6671177062824,-228.8277622375324,True,True,0,ML-Robust-MPC,1194.6671177062824,800.3145825423078,500.0
1173.5,1197.914388602311,0.0,0,-24.414388602310964,24.414388602310964,0.0,0.0,0.0,0.15173028773719502,0.0,24.414388602310964,False,0.009409186000993941,0,0,42,0,0.0,0.0,1,,,0,True,False,False,1226.8492431640625,1437.914388602311,-211.06514543824846,True,True,0,ML-Robust-MPC,1197.914388602311,800.3256387937085,500.0
1188.5,1194.5631772329746,0.0,0,-6.063177232974567,6.063177232974567,0.0,0.0,0.0,0.15179043830498246,0.0,6.063177232974567,False,0.004138699998293305,0,0,43,0,0.0,0.0,1,,,0,True,False,False,1228.13330078125,1434.5631772329746,-206.42987645172457,True,True,0,ML-Robust-MPC,1194.5631772329746,799.7591351208127,500.0
1195.0,1192.8359569538377,0.0,0,2.1640430461623197,0.0,2.1640430461623197,0.0,0.0,0.1517666502927791,0.0,0.0,False,0.004360884999186965,0,0,44,0,0.0,0.0,1,,,0,True,False,False,1223.1890869140625,1432.8359569538377,-209.6468700397752,True,True,0,ML-Robust-MPC,1192.8359569538377,799.9220862491338,500.0
1217.0,1191.8282630100412,0.0,0,25.17173698995882,0.0,25.17173698995882,0.0,0.0,0.151489952660651,0.0,0.0,False,0.0036929220004822128,0,0,45,0,0.0,0.0,1,,,0,True,False,False,1214.5108642578125,1431.8282630100412,-217.31739875222866,True,True,0,ML-Robust-MPC,1191.8282630100412,801.2020174989863,500.0
1197.5,1192.904263030425,0.0,0,4.595736969575004,0.0,4.595736969575004,0.0,0.0,0.15143943451254416,0.0,0.0,False,0.0049851510011649225,0,0,46,0,0.0,0.0,1,,,0,True,False,False,1220.76025390625,1432.904263030425,-212.144009124175,True,True,0,ML-Robust-MPC,1192.904263030425,802.8432808571741,500.0
1176.0,1188.077355485805,0.0,0,-12.077355485804901,12.077355485804901,0.0,0.0,0.0,0.15155924954712555,0.0,12.077355485804901,False,0.004752543001814047,0,0,47,0,0.0,0.0,1,,,0,True,False,False,1222.166015625,1428.077355485805,-205.9113398608049,True,True,0,ML-Robust-MPC,1188.077355485805,801.0586863092246,500.0
1161.5,1187.1542923233842,0.0,0,-25.654292323384198,25.654292323384198,0.0,0.0,0.0,0.1518137564154131,0.0,25.654292323384198,False,0.004394813997350866,0,0,48,0,0.0,0.0,1,,,0,True,False,False,1231.78955078125,1427.1542923233842,-195.3647415421342,True,True,0,ML-Robust-MPC,1187.1542923233842,801.488277866605,500.0
1154.0,1190.3600978658146,0.0,0,-36.36009786581462,36.36009786581462,0.0,0.0,0.0,0.1521744716720184,0.0,2.169189453125,False,0.07072771799721522,0,0,49,0,0.0,0.0,1,,,0,True,False,False,1242.183837890625,1430.3600978658146,-188.17625997518962,True,True,0,ML-Robust-MPC,1190.3600978658146,801.9238750262448,500.0
1127.5,1188.5043337905074,0.0,0,-61.004333790507495,61.004333790507495,0.0,0.0,0.0,0.15277967339613058,2.889341050530142,61.004333790507495,False,0.06605728300201008,0,0,50,0,0.0,0.0,1,,,0,True,False,False,1245.9036865234375,1428.5043337905074,-182.60064726706992,True,True,0,ML-Robust-MPC,1188.5043337905074,800.8089874944993,500.0
1145.0,1184.7889875944584,0.0,0,-39.788987594458376,39.788987594458376,0.0,0.0,0.0,0.15317440541591687,0.0,39.788987594458376,False,0.06684002700058045,0,0,51,0,0.0,0.0,1,,,0,True,False,False,1247.279296875,1424.7889875944584,-177.50969071945838,True,True,0,ML-Robust-MPC,1184.7889875944584,800.1294963066492,500.0
1200.0,1179.1200694591498,0.0,0,20.879930540850182,0.0,20.879930540850182,0.0,0.0,0.15294488500808973,13.557039409764002,0.0,False,0.06491881599868066,0,0,52,0,0.0,0.0,1,,,0,True,False,False,1249.481201171875,1419.1200694591498,-169.63886828727482,True,True,0,ML-Robust-MPC,1179.1200694591498,799.3800669203688,500.0
1233.5,1181.3327065375054,0.0,0,52.16729346249463,0.0,52.16729346249463,0.0,0.0,0.15237144160283872,0.0,0.0,False,0.06734322900229017,0,0,53,0,0.0,0.0,1,,,0,True,False,False,1247.664306640625,1421.3327065375054,-173.66839989688037,True,True,0,ML-Robust-MPC,1181.3327065375054,798.3458247611899,500.0
1257.5,1179.6695753807765,0.0,0,77.83042461922355,0.0,77.83042461922355,0.0,0.0,0.1515158989675309,0.0,0.0,False,0.06412044700118713,0,0,54,0,0.0,0.0,1,,,0,True,False,False,1243.31396484375,1419.6695753807765,-176.35561053702645,True,True,0,ML-Robust-MPC,1179.6695753807765,798.7473120462033,500.0
1236.5,1182.7462933403265,0.0,0,53.753706659673426,0.0,53.753706659673426,0.0,0.0,0.1509250170845375,4.506322554876988,0.0,False,0.06741896000312408,0,0,55,0,0.0,0.0,1,,,0,True,False,False,1257.5,1422.7462933403265,-165.24629334032647,True,True,0,ML-Robust-MPC,1182.7462933403265,798.9163105025118,500.0
1225.5,1188.2142505073114,0.0,0,37.28574949268864,0.0,37.28574949268864,0.0,0.0,0.15051515746297606,10.63213374459292,0.0,False,0.07737336699938169,0,0,56,0,0.0,0.0,1,,,0,True,False,False,1246.20166015625,1428.2142505073114,-182.01259035106136,True,True,0,ML-Robust-MPC,1188.2142505073114,798.1503761049826,500.0
1170.5,1190.7717871444383,0.0,0,-20.27178714443835,20.27178714443835,0.0,0.0,0.0,0.15071626646242486,0.0,20.27178714443835,False,0.07026296600088244,0,0,57,0,0.0,0.0,1,,,0,True,False,False,1251.713623046875,1430.7717871444383,-179.05816409756335,True,True,0,ML-Robust-MPC,1190.7717871444383,799.6534420786671,500.0
1181.0,1189.6637723280994,0.0,0,-8.663772328099412,8.663772328099412,0.0,0.0,0.0,0.15080221658472745,0.0,8.663772328099412,False,0.07251167999856989,0,0,58,0,0.0,0.0,1,,,0,True,False,False,1245.666748046875,1429.6637723280994,-183.9970242812244,True,True,0,ML-Robust-MPC,1189.6637723280994,794.9015776974026,500.0
1172.0,1186.2884293098643,0.0,0,-14.28842930986433,14.28842930986433,0.0,0.0,0.0,0.1509439668754999,1.5137473668762702,14.28842930986433,False,0.02662986399809597,0,0,59,0,0.0,0.0,1,,,0,True,False,False,1254.272216796875,1426.2884293098643,-172.01621251298934,True,True,0,ML-Robust-MPC,1186.2884293098643,795.5055980216803,500.0
1201.5,1189.7355389110414,0.0,0,11.76446108895857,0.0,11.76446108895857,0.0,0.0,0.1508146472926727,0.0,0.0,False,0.02606756099703489,0,0,60,0,0.0,0.0,1,,,0,True,False,False,1248.4913330078125,1429.7355389110414,-181.24420590322893,True,True,0,ML-Robust-MPC,1189.7355389110414,794.5950308266836,500.0
1190.0,1191.03894514241,0.0,0,-1.038945142410057,1.038945142410057,0.0,0.0,0.0,0.1508249542881331,26.541856204278474,1.038945142410057,False,0.0254903880013444,0,0,61,0,0.0,0.0,1,,,0,True,False,False,1259.04248046875,1431.03894514241,-171.99646467366006,True,True,0,ML-Robust-MPC,1191.03894514241,791.907821602536,500.0
1232.0,1191.8377437842312,0.0,0,40.16225621576882,0.0,40.16225621576882,0.0,0.0,0.15038347497344542,25.819567315505537,0.0,False,0.020951810998667497,0,0,62,0,0.0,0.0,1,,,0,True,False,False,1243.17041015625,1431.8377437842312,-188.66733362798118,True,True,0,ML-Robust-MPC,1191.8377437842312,791.5133303793837,500.0
1251.5,1189.176282675096,120.0,1,-57.67628267509591,57.67628267509591,0.0,0.0,0.0,0.1509556603174444,34.88548528427767,57.67628267509591,False,0.008087656999123283,1,0,63,0,0.0,0.0,1,,,0,True,False,False,1242.2725830078125,1429.176282675096,-186.9036996672835,True,True,0,ML-Robust-MPC,1189.176282675096,790.6621583062173,500.0
1276.5,1187.2514866275042,150.0,1,-60.751486627504136,60.751486627504136,0.0,0.0,0.0,0.1515583536371617,36.277219369806545,60.751486627504136,False,0.004453158999240259,0,0,64,0,0.0,0.0,1,,,0,True,False,False,1251.5,1427.2514866275042,-175.75148662750416,True,True,0,ML-Robust-MPC,1187.2514866275042,789.2580338662806,500.0
1225.0,1128.8640512426584,180.0,1,-83.86405124265843,83.86405124265843,0.0,0.0,0.0,0.15239033827250553,16.135948757341566,83.86405124265843,False,0.00546820499948808,0,0,65,0,0.0,0.0,1,,,0,True,False,False,1276.5,1428.6922081629527,-152.19220816295274,True,True,0,ML-Robust-MPC,1188.6922081629527,788.2496873672754,500.0
1180.0,964.1302424789211,210.0,1,5.869757521079094,0.0,5.869757521079094,0.0,0.0,0.1523258155894703,100.0,0.0,False,0.004091484002856305,0,0,66,0,0.0,0.0,1,,,0,True,False,False,1252.727294921875,1424.3266707962682,-171.59937587439322,True,True,0,ML-Robust-MPC,1184.3266707962682,788.8706298074421,498.7469570567906
1147.0,886.7536786786771,240.0,1,20.246321321322853,0.0,20.246321321322853,0.0,0.0,0.15210326006335984,100.0,0.0,False,0.003969429999415297,0,0,67,0,0.0,0.0,1,,,0,True,False,False,1234.89599609375,1423.0782411410305,-188.1822450472805,True,True,0,ML-Robust-MPC,1183.0782411410305,787.5009963334534,499.0500198448452
1158.0,863.2459391667737,240.0,1,54.754060833226305,0.0,54.754060833226305,0.0,0.0,0.15150138189388762,100.0,0.0,False,0.006337098999210866,0,0,68,0,0.0,0.0,1,,,0,True,False,False,1230.4554443359375,1422.017164170721,-191.5617198347834,True,True,0,ML-Robust-MPC,1182.017164170721,787.1421877390038,498.7704612576677
1170.5,966.9114488548435,240.0,1,-36.4114488548434,36.4114488548434,0.0,0.0,0.0,0.15186260658490788,63.5885511451566,36.4114488548434,False,0.0039260930025193375,0,0,69,0,0.0,0.0,1,,,0,True,False,False,1236.39208984375,1422.040848236598,-185.6487583928481,True,True,0,ML-Robust-MPC,1182.040848236598,785.9988404299571,498.4200336598184
1209.0,987.4353120583795,240.0,1,-18.435312058379523,18.435312058379523,0.0,0.0,0.0,0.15204549658548705,81.56468794162048,18.435312058379523,False,0.00408827499995823,0,0,70,0,0.0,0.0,1,,,0,True,False,False,1243.7275390625,1421.2421328614082,-177.5145937989082,True,True,0,ML-Robust-MPC,1181.2421328614082,784.9658706143327,498.14977378631255
1210.0,1024.532397215148,240.0,1,-54.53239721514764,54.53239721514764,0.0,0.0,0.0,0.15258649258960558,45.46760278485236,54.53239721514764,False,0.004013861998828361,0,0,71,0,0.0,0.0,1,,,0,True,False,False,1246.85986328125,1423.4705409976095,-176.61067771635953,True,True,0,ML-Robust-MPC,1183.4705409976095,784.1641225690837,499.60672072923904
1229.5,974.4226779610752,240.0,1,15.077322038924564,0.0,15.077322038924564,0.0,0.0,0.15242075673638783,100.0,0.0,False,0.0038526210009877104,0,0,72,0,0.0,0.0,1,,,0,True,False,False,1232.197509765625,1421.689695184502,-189.49218541887694,True,True,0,ML-Robust-MPC,1181.689695184502,784.9464565766073,499.6389690082991
1213.5,987.976000232168,240.0,1,-14.476000232168019,14.476000232168019,0.0,0.0,0.0,0.1525643678498022,85.52399976783198,14.476000232168019,False,0.005862234000233002,0,0,73,0,0.0,0.0,1,,,0,True,False,False,1229.5,1425.207509436172,-195.7075094361719,True,True,0,ML-Robust-MPC,1185.207509436172,781.2398285941932,500.0
1204.5,927.3185026833914,240.0,1,37.181497316608585,0.0,37.181497316608585,0.0,0.0,0.15215565420915883,100.0,0.0,False,0.005109345001983456,0,0,74,0,0.0,0.0,1,,,0,True,False,False,1213.5,1425.1687890803184,-211.66878908031845,True,True,0,ML-Robust-MPC,1185.1687890803184,785.584063224054,500.0
1161.5,1151.8443992958767,0.0,0,9.655600704123287,0.0,9.655600704123287,0.0,0.0,0.15204951604902028,100.0,0.0,False,0.004033805998915341,0,1,75,0,0.0,0.0,1,,,0,True,False,False,1204.5,1426.794106497131,-222.294106497131,True,True,0,ML-Robust-MPC,1186.794106497131,785.553615427362,500.0
1134.5,1134.6105876329977,0.0,0,-0.11058763299767804,0.11058763299767804,0.0,0.0,0.0,0.152050613148554,99.88941236700232,0.11058763299767804,False,0.005173754998395452,0,0,76,0,0.0,0.0,1,,,0,True,False,False,1189.494384765625,1423.0692687096555,-233.5748839440305,True,True,0,ML-Robust-MPC,1183.0692687096555,785.7156877715671,500.0
1111.5,1170.295786144932,0.0,0,-58.795786144931995,58.795786144931995,0.0,0.0,0.0,0.1526339046777696,41.204213855068005,58.795786144931995,False,0.004323755001678364,0,0,77,0,0.0,0.0,1,,,0,True,False,False,1205.724609375,1423.7058739322124,-217.9812645572124,True,True,0,ML-Robust-MPC,1183.7058739322124,785.5769000403059,500.0
1139.5,1133.6392651306571,0.0,0,5.860734869342934,0.0,5.860734869342934,0.0,0.0,0.15256948117527055,100.0,0.0,False,0.006031256998539902,0,0,78,0,0.0,0.0,1,,,0,True,False,False,1206.3486328125,1425.461355142157,-219.1127223296569,True,True,0,ML-Robust-MPC,1185.461355142157,786.9911708429944,500.0
1140.0,1184.9444905568062,0.0,0,-44.94449055680616,44.94449055680616,0.0,0.0,0.0,0.15301535905777855,0.0,44.94449055680616,False,0.0048477700001967605,0,0,79,0,0.0,0.0,1,,,0,True,False,False,1244.7529296875,1424.9444905568062,-180.19156086930616,True,True,0,ML-Robust-MPC,1184.9444905568062,788.6348319537057,500.0
1190.5,1184.0080407081273,0.0,0,6.491959291872724,0.0,6.491959291872724,0.0,0.0,0.1529439968881893,0.0,0.0,False,0.005620656000246527,0,0,80,0,0.0,0.0,1,,,0,True,False,False,1239.1246337890625,1424.0080407081273,-184.88340691906478,True,True,0,ML-Robust-MPC,1184.0080407081273,787.9721806427921,499.9468366821717
1197.0,1183.2167321496836,0.0,0,13.783267850316395,0.0,13.783267850316395,0.0,0.0,0.15279248578751747,0.0,0.0,False,0.006140468001831323,0,0,81,0,0.0,0.0,1,,,0,True,False,False,1255.488525390625,1423.2167321496836,-167.7282067590586,True,True,0,ML-Robust-MPC,1183.2167321496836,790.0104752190462,498.21446061580434
1152.5,1185.07960863083,0.0,0,-32.57960863083008,32.57960863083008,0.0,0.0,0.0,0.1531156961906011,0.0,32.57960863083008,False,0.004762898999615572,0,0,82,0,0.0,0.0,1,,,0,True,False,False,1244.2542724609375,1425.07960863083,-180.82533616989258,True,True,0,ML-Robust-MPC,1185.07960863083,790.4437628947292,498.6544732605224
1138.0,1185.607611902674,0.0,0,-47.60761190267408,47.60761190267408,0.0,0.0,0.0,0.15358799392773081,0.0,47.60761190267408,False,0.0054873940025572665,0,0,83,0,0.0,0.0,1,,,0,True,False,False,1247.54345703125,1425.607611902674,-178.06415487142408,True,True,0,ML-Robust-MPC,1185.607611902674,788.8702724940163,498.9199397734464
1116.5,1188.2247191061758,0.0,0,-71.72471910617583,71.72471910617583,0.0,0.0,0.0,0.15429954868076828,0.0,71.72471910617583,False,0.00527670000155922,0,0,84,0,0.0,0.0,1,,,0,True,False,False,1243.37109375,1428.2247191061758,-184.85362535617583,True,True,0,ML-Robust-MPC,1188.2247191061758,791.619547319968,498.4734777415673
1139.0,1191.2156572942506,0.0,0,-52.21565729425053,52.21565729425053,0.0,0.0,0.0,0.15481756115392553,0.0,45.06680778265331,False,0.0057740540032682475,0,0,85,0,0.0,0.0,1,,,0,True,False,False,1246.4580078125,1431.2156572942506,-184.7576494817506,True,True,0,ML-Robust-MPC,1191.2156572942506,791.1792789512625,499.0692930959965
1108.0,1190.6721511346254,0.0,0,-82.67215113462544,82.67215113462544,0.0,0.0,0.0,0.1556377213834357,0.0,58.896010304875745,False,0.06548734099851572,0,0,86,0,0.0,0.0,1,,,0,True,False,False,1251.39501953125,1430.6721511346254,-179.27713160337544,True,True,0,ML-Robust-MPC,1190.6721511346254,790.3254134551265,498.715002438432
1129.5,1188.9001973836312,0.0,0,-59.400197383631166,59.400197383631166,0.0,0.0,0.0,0.15622700905589237,0.0,59.400197383631166,False,0.06758783500117715,0,0,87,0,0.0,0.0,1,,,0,True,False,False,1258.455078125,1428.9001973836312,-170.44511925863117,True,True,0,ML-Robust-MPC,1188.9001973836312,790.0415770694282,498.5855164189618
1178.0,1189.3176402166578,0.0,0,-11.317640216657765,11.317640216657765,0.0,0.0,0.0,0.15633928723264492,0.0,11.317640216657765,False,0.05912967599942931,0,0,88,0,0.0,0.0,1,,,0,True,False,False,1269.9652099609375,1429.3176402166578,-159.35243025572026,True,True,0,ML-Robust-MPC,1189.3176402166578,789.033203982624,499.51276104775343
1208.0,1190.0238614983546,0.0,0,17.976138501645437,0.0,17.976138501645437,0.0,0.0,0.1561416864488692,0.0,0.0,False,0.06256761500117136,0,0,89,0,0.0,0.0,1,,,0,True,False,False,1265.8868408203125,1430.0238614983546,-164.13702067804206,True,True,0,ML-Robust-MPC,1190.0238614983546,790.1649491886687,499.3197489707704
1223.5,1189.104121935457,0.0,0,34.39587806454301,0.0,34.39587806454301,0.0,0.0,0.15576359343052792,0.0,0.0,False,0.06617148499935865,0,0,90,0,0.0,0.0,1,,,0,True,False,False,1259.4130859375,1429.104121935457,-169.691035997957,True,True,0,ML-Robust-MPC,1189.104121935457,790.8662481306915,498.5412526905024
1231.5,1186.8624441190032,0.0,0,44.63755588099684,0.0,44.63755588099684,0.0,0.0,0.1552729198619464,0.0,0.0,False,0.06481229799828725,0,0,91,0,0.0,0.0,1,,,0,True,False,False,1258.3525390625,1426.8624441190032,-168.50990505650316,True,True,0,ML-Robust-MPC,1186.8624441190032,790.299007093872,498.8410086143939
1217.5,1183.391575043111,0.0,0,34.10842495688894,0.0,34.10842495688894,0.0,0.0,0.15489798664120938,0.0,0.0,False,0.021921166000538506,0,0,92,0,0.0,0.0,1,,,0,True,False,False,1256.9815673828125,1423.391575043111,-166.41000766029856,True,True,0,ML-Robust-MPC,1183.391575043111,790.5560035466248,497.2797526670323
1202.5,1185.6040417094723,0.0,0,16.89595829052766,0.0,16.89595829052766,0.0,0.0,0.1547122596231101,15.909120318819078,0.0,False,0.007639056999323657,0,0,93,0,0.0,0.0,1,,,0,True,False,False,1260.793701171875,1425.6040417094723,-164.8103405375973,True,True,0,ML-Robust-MPC,1185.6040417094723,792.2522428423266,497.7106586813061
1208.5,1187.2753489193933,0.0,0,21.224651080606634,0.0,21.224651080606634,0.0,0.0,0.15447894991154384,47.41047993467487,0.0,False,0.004145738999795867,0,0,94,0,0.0,0.0,1,,,0,True,False,False,1254.064697265625,1427.2753489193933,-173.2106516537683,True,True,0,ML-Robust-MPC,1187.2753489193933,792.7732506040846,498.0545689709093
1220.0,1187.0134447108,0.0,0,32.98655528919994,0.0,32.98655528919994,0.0,0.0,0.15411634872338484,0.0,0.0,False,0.04808137799773249,0,0,95,0,0.0,0.0,1,,,0,True,False,False,1262.177978515625,1427.0134447108,-164.83546619517506,True,True,0,ML-Robust-MPC,1187.0134447108,791.1592813179673,497.5453111037413
1195.5,1188.0150956404773,0.0,0,7.484904359522716,0.0,7.484904359522716,0.0,0.0,0.15403407171112257,66.55678440694646,0.0,False,0.07852885199827142,0,0,96,0,0.0,0.0,1,,,0,True,False,False,1275.3421630859375,1428.0150956404773,-152.67293255453978,True,True,0,ML-Robust-MPC,1188.0150956404773,790.3035273060966,497.3802362277616
1216.0,1187.5333334957384,0.0,0,28.46666650426164,0.0,28.46666650426164,0.0,0.0,0.15372115491799654,0.0,0.0,False,0.011469987999589648,0,0,97,0,0.0,0.0,1,,,0,True,False,False,1263.4639892578125,1427.5333334957384,-164.06934423792586,True,True,0,ML-Robust-MPC,1187.5333334957384,793.1854563105134,498.06209600322
1247.5,1185.464369409626,0.0,0,62.03563059037401,0.0,62.03563059037401,0.0,0.0,0.1530392348701755,0.0,0.0,False,0.047445906999200815,0,0,98,0,0.0,0.0,1,,,0,True,False,False,1258.23291015625,1425.464369409626,-167.231459253376,True,True,0,ML-Robust-MPC,1185.464369409626,795.6823386590162,499.6599713727627
1276.0,1182.8608348884195,0.0,0,93.1391651115805,0.0,93.1391651115805,0.0,0.0,0.1520154125390013,0.0,0.0,False,0.06536603100175853,0,0,99,0,0.0,0.0,1,,,0,True,False,False,1253.4527587890625,1422.8608348884195,-169.408076099357,True,True,0,ML-Robust-MPC,1182.8608348884195,795.9271118782206,499.6397732747489
1231.0,1183.7365900157763,0.0,0,47.2634099842237,0.0,47.2634099842237,0.0,0.0,0.15149587454946362,0.0,0.0,False,0.06811441600075341,0,0,100,0,0.0,0.0,1,,,0,True,False,False,1276.0,1423.7365900157763,-147.7365900157763,True,True,0,ML-Robust-MPC,1183.7365900157763,794.598766638905,499.7136284665376
1212.5,1187.5254356914647,0.0,0,24.974564308535264,0.0,24.974564308535264,0.0,0.0,0.1512213443169906,0.0,0.0,False,0.013451398997858632,0,0,101,0,0.0,0.0,1,,,0,True,False,False,1231.0,1427.5254356914647,-196.52543569146474,True,True,0,ML-Robust-MPC,1187.5254356914647,793.5288117303212,497.9339392701648
1147.0,1184.2369549415405,0.0,0,-37.23695494154049,37.23695494154049,0.0,0.0,0.0,0.15159075855252177,0.0,37.23695494154049,False,0.04781492499751039,0,0,102,0,0.0,0.0,1,,,0,True,False,False,1216.8873291015625,1424.2369549415405,-207.349625839978,True,True,0,ML-Robust-MPC,1184.2369549415405,791.5392655074977,499.1232799529381
1200.0,1183.063468038666,0.0,0,16.936531961333934,0.0,16.936531961333934,0.0,0.0,0.15140458553267683,0.0,0.0,False,0.00446959200053243,0,0,103,0,0.0,0.0,1,,,0,True,False,False,1209.967041015625,1423.063468038666,-213.0964270230411,True,True,0,ML-Robust-MPC,1183.063468038666,792.5350927177778,499.4560042001752
1158.0,1182.308574997377,0.0,0,-24.308574997377036,24.308574997377036,0.0,0.0,0.0,0.1516457420306667,19.37396815675811,24.308574997377036,False,0.07174206099807634,0,0,104,0,0.0,0.0,1,,,0,True,False,False,1228.0029296875,1422.308574997377,-194.30564530987704,True,True,0,ML-Robust-MPC,1182.308574997377,791.9636836045069,498.9216430502268
1173.0,1183.8824596185966,0.0,0,-10.882459618596613,10.882459618596613,0.0,0.0,0.0,0.15175370293958135,0.0,10.882459618596613,False,0.07117844599997625,0,0,105,0,0.0,0.0,1,,,0,True,False,False,1241.1051025390625,1423.8824596185966,-182.7773570795341,True,True,0,ML-Robust-MPC,1183.8824596185966,793.438570633147,498.6479313862768
1197.0,1186.6187827337226,0.0,0,10.381217266277417,0.0,10.381217266277417,0.0,0.0,0.15163958851683285,0.0,0.0,False,0.06106426399855991,0,0,106,0,0.0,0.0,1,,,0,True,False,False,1236.1483154296875,1426.6187827337226,-190.47046730403508,True,True,0,ML-Robust-MPC,1186.6187827337226,792.5337515089157,499.2309200442762
1214.0,1182.0761605042917,0.0,0,31.923839495708307,0.0,31.923839495708307,0.0,0.0,0.15128866911860364,39.15796658534123,0.0,False,0.07201343799897586,0,0,107,0,0.0,0.0,1,,,0,True,False,False,1231.002685546875,1422.0761605042917,-191.0734749574167,True,True,0,ML-Robust-MPC,1182.0761605042917,792.8661531932382,500.0
1230.0,1183.3914428439211,0.0,0,46.60855715607886,0.0,46.60855715607886,0.0,0.0,0.15077632952888287,0.0,0.0,False,0.0666552699985914,0,0,108,0,0.0,0.0,1,,,0,True,False,False,1225.2349853515625,1423.3914428439211,-198.15645749235864,True,True,0,ML-Robust-MPC,1183.3914428439211,792.9025930227617,499.9690611541403
1244.5,1185.0966247647757,0.0,0,59.4033752352243,0.0,59.4033752352243,0.0,0.0,0.15012334426709656,0.0,0.0,False,0.0705706589978945,0,0,109,0,0.0,0.0,1,,,0,True,False,False,1230.0,1425.0966247647757,-195.0966247647757,True,True,0,ML-Robust-MPC,1185.0966247647757,796.4666526252195,498.7267354069469
1209.0,1186.5121604903045,120.0,1,-97.5121604903045,97.5121604903045,0.0,0.0,0.0,0.15109072681164323,0.0,97.5121604903045,False,0.027946785998210544,1,0,110,0,0.0,0.0,1,,,0,True,False,False,1244.5,1426.5121604903045,-182.0121604903045,True,True,0,ML-Robust-MPC,1186.5121604903045,798.2675762505788,496.1703156044868
1178.5,1076.2690293974413,150.0,1,-47.76902939744127,47.76902939744127,0.0,0.0,0.0,0.15156462591280834,52.23097060255873,47.76902939744127,False,0.004989411001588451,0,0,111,0,0.0,0.0,1,,,0,True,False,False,1228.628173828125,1424.3280866618418,-195.69991283371678,True,True,0,ML-Robust-MPC,1184.3280866618418,799.8876794227649,496.4192281086937
1176.0,1013.6628514599995,180.0,1,-17.662851459999445,17.662851459999445,0.0,0.0,0.0,0.1517398526138004,82.33714854000056,17.662851459999445,False,0.004435499999090098,0,0,112,0,0.0,0.0,1,,,0,True,False,False,1233.4849853515625,1426.5084428535397,-193.0234575019772,True,True,0,ML-Robust-MPC,1186.5084428535397,799.9615583347552,496.7578570306917
1133.5,989.4801629385402,210.0,1,-65.98016293854019,65.98016293854019,0.0,0.0,0.0,0.15239441772231768,34.01983706145981,65.98016293854019,False,0.004804519998288015,0,0,113,0,0.0,0.0,1,,,0,True,False,False,1240.8321533203125,1429.998190664745,-189.16603734443243,True,True,0,ML-Robust-MPC,1189.998190664745,800.5440659634995,496.8533236701824
1179.5,966.7066381510448,240.0,1,-27.206638151044586,27.206638151044586,0.0,0.0,0.0,0.152664324846832,72.79336184895541,27.206638151044586,False,0.0064317190008296166,0,0,114,0,0.0,0.0,1,,,0,True,False,False,1230.3673095703125,1429.891056758697,-199.5237471883845,True,True,0,ML-Robust-MPC,1189.891056758697,800.3597002769229,498.3351690607996
1205.0,1002.6543120240306,240.0,1,-37.65431202403053,37.65431202403053,0.0,0.0,0.0,0.1530378795296101,62.34568797596947,37.65431202403053,False,0.0066241659988008905,0,0,115,0,0.0,0.0,1,,,0,True,False,False,1241.158935546875,1433.3743260033225,-192.2153904564475,True,True,0,ML-Robust-MPC,1193.3743260033225,800.7120559844512,498.2498245447462
1201.0,1034.0186290644988,240.0,1,-73.01862906449877,73.01862906449877,0.0,0.0,0.0,0.15376227069096424,26.981370935501232,73.01862906449877,False,0.004645245997380698,0,0,116,0,0.0,0.0,1,,,0,True,False,False,1244.257080078125,1432.772310750156,-188.51523067203107,True,True,0,ML-Robust-MPC,1192.772310750156,798.2380142304402,498.3983632175904
1227.5,982.4411865539084,240.0,1,5.058813446091506,0.0,5.058813446091506,0.0,0.0,0.1537066622241163,100.0,0.0,False,0.004366393997770501,0,0,117,0,0.0,0.0,1,,,0,True,False,False,1248.477783203125,1434.4441972123514,-185.96641400922636,True,True,0,ML-Robust-MPC,1194.4441972123514,797.4335000661891,499.0971537816644
1250.5,991.754171012412,240.0,1,18.74582898758777,0.0,18.74582898758777,0.0,0.0,0.15350060069982766,100.0,0.0,False,0.003956455002480652,0,0,118,0,0.0,0.0,1,,,0,True,False,False,1238.2435302734375,1434.3906687191609,-196.14713844572339,True,True,0,ML-Robust-MPC,1194.3906687191609,796.1762727344784,498.5892913519992
1213.0,1076.7116203013911,236.28837969860905,1,-100.0,100.0,0.0,0.0,0.0,0.15449266419189114,0.0,100.0,False,0.0038878480008861516,0,0,119,0,0.0,0.0,1,,,0,True,False,False,1250.5,1436.859383474353,-186.35938347435308,True,True,0,ML-Robust-MPC,1196.859383474353,797.7589077750946,498.0365721200256
1168.0,939.5826528585792,240.0,1,-11.582652858579308,11.582652858579308,0.0,0.0,0.0,0.15460757146231355,88.41734714142069,11.582652858579308,False,0.005289054999593645,0,0,120,0,0.0,0.0,1,,,0,True,False,False,1246.3450927734375,1436.6789315390572,-190.3338387656197,True,True,0,ML-Robust-MPC,1196.6789315390572,798.0251051170392,500.0
1160.5,909.9819492338625,240.0,1,10.518050766137549,0.0,10.518050766137549,0.0,0.0,0.15449195291192291,100.0,0.0,False,0.004873537000094075,0,0,121,0,0.0,0.0,1,,,0,True,False,False,1242.942626953125,1436.6980026252063,-193.7553756720813,True,True,0,ML-Robust-MPC,1196.6980026252063,798.0921616151666,500.0
1144.5,1175.1796245050682,0.0,0,-30.67962450506819,30.67962450506819,0.0,0.0,0.0,0.15479631426613985,69.32037549493181,30.67962450506819,False,0.003972378999606008,0,1,122,0,0.0,0.0,1,,,0,True,False,False,1242.46240234375,1436.3217030742298,-193.85930073047984,True,True,0,ML-Robust-MPC,1196.3217030742298,797.2123639491529,500.0
1160.0,1199.2859863217172,0.0,0,-39.28598632171732,39.28598632171732,0.0,0.0,0.0,0.15518605619393466,55.07424668050969,39.28598632171732,False,0.004801359998964472,0,0,123,0,0.0,0.0,1,,,0,True,False,False,1244.741943359375,1439.2859863217172,-194.54404296234225,True,True,0,ML-Robust-MPC,1199.2859863217172,796.2956352522011,500.0
1208.5,1148.113160406414,0.0,0,60.38683959358602,0.0,60.38683959358602,0.0,0.0,0.15452226030516025,100.0,0.0,False,0.004479187999095302,0,0,124,0,0.0,0.0,1,,,0,True,False,False,1244.82958984375,1441.5987986747846,-196.76920883103458,True,True,0,ML-Robust-MPC,1201.5987986747846,795.8527467730187,499.9613251892682
1244.5,1186.922916527793,0.0,0,57.57708347220699,0.0,57.57708347220699,0.0,0.0,0.15388935036064758,100.0,0.0,False,0.004701279001892544,0,0,125,0,0.0,0.0,1,,,0,True,False,False,1251.8489990234375,1443.9172108699895,-192.068211846552,True,True,0,ML-Robust-MPC,1203.9172108699895,794.8282780240766,500.0
1248.0,1200.7931842460985,0.0,0,47.20681575390154,0.0,47.20681575390154,0.0,0.0,0.15337043447714604,65.90302203621604,0.0,False,0.004449411000678083,0,0,126,0,0.0,0.0,1,,,0,True,False,False,1260.58154296875,1440.7931842460985,-180.21164127734846,True,True,0,ML-Robust-MPC,1200.7931842460985,795.988530776585,500.0
1233.0,1200.284253179915,0.0,0,32.71574682008503,0.0,32.71574682008503,0.0,0.0,0.15301081012217874,78.2645083272871,0.0,False,0.004690277000918286,0,0,127,0,0.0,0.0,1,,,0,True,False,False,1249.445556640625,1440.284253179915,-190.8386965392899,True,True,0,ML-Robust-MPC,1200.284253179915,797.5636433836546,500.0
1232.5,1187.271211605514,0.0,0,45.22878839448606,0.0,45.22878839448606,0.0,0.0,0.15251363749329858,100.0,0.0,False,0.004684580002503935,0,0,128,0,0.0,0.0,1,,,0,True,False,False,1233.0,1440.8509561911906,-207.85095619119056,True,True,0,ML-Robust-MPC,1200.8509561911906,799.5908084018099,500.0
1183.0,1201.101956615846,0.0,0,-18.101956615845936,18.101956615845936,0.0,0.0,0.0,0.15269322039623356,50.23781407137376,18.101956615845936,False,0.004903495999315055,0,0,129,0,0.0,0.0,1,,,0,True,False,False,1232.5,1441.101956615846,-208.6019566158459,True,True,0,ML-Robust-MPC,1201.101956615846,801.8074222760603,500.0
1172.0,1154.964772806349,0.0,0,17.035227193650996,0.0,17.035227193650996,0.0,0.0,0.15250596247958173,100.0,0.0,False,0.003716241000802256,0,0,130,0,0.0,0.0,1,,,0,True,False,False,1221.948974609375,1440.8695055193114,-218.92053090993636,True,True,0,ML-Robust-MPC,1200.8695055193114,801.9964484407695,500.0
1180.0,1180.406473452986,0.0,0,-0.40647345298580717,0.40647345298580717,0.0,0.0,0.0,0.15250999495431372,99.59352654701419,0.40647345298580717,False,0.004844691000471357,0,0,131,0,0.0,0.0,1,,,0,True,False,False,1223.694580078125,1442.148624131595,-218.45404405346994,True,True,0,ML-Robust-MPC,1202.148624131595,801.7661913042368,500.0
1190.5,1201.2989946343891,0.0,0,-10.798994634389182,10.798994634389182,0.0,0.0,0.0,0.1526171278375914,54.396123804213595,10.798994634389182,False,0.004696676001913147,0,0,132,0,0.0,0.0,1,,,0,True,False,False,1233.526123046875,1441.2989946343891,-207.77287158751415,True,True,0,ML-Robust-MPC,1201.2989946343891,800.9218073396096,500.0
1184.5,1201.987855834641,0.0,0,-17.48785583464118,17.48785583464118,0.0,0.0,0.0,0.15279061847087158,29.006078127067127,17.48785583464118,False,0.00457475599978352,0,0,133,0,0.0,0.0,1,,,0,True,False,False,1233.374267578125,1441.987855834641,-208.6135882565161,True,True,0,ML-Robust-MPC,1201.987855834641,799.8717516562591,500.0
1183.5,1200.1328149490705,0.0,0,-16.63281494907055,16.63281494907055,0.0,0.0,0.0,0.1529556265556838,48.78490382435798,16.63281494907055,False,0.005588518997683423,0,0,134,0,0.0,0.0,1,,,0,True,False,False,1223.962158203125,1440.1328149490705,-216.1706567459455,True,True,0,ML-Robust-MPC,1200.1328149490705,802.0081574855485,499.9368651961323
1225.5,1107.8113418593578,0.0,0,117.68865814064219,0.0,117.68865814064219,0.0,0.0,0.1516619465427057,100.0,0.0,False,0.00444934699771693,0,0,135,0,0.0,0.0,1,,,0,True,False,False,1211.4747314453125,1443.261096117134,-231.7863646718215,True,True,0,ML-Robust-MPC,1203.261096117134,803.5004295116121,499.3792377957183
1240.0,1205.6340461872908,0.0,0,34.36595381270922,0.0,34.36595381270922,0.0,0.0,0.15128418246350872,73.96544607729061,0.0,False,0.005090321999887237,0,0,136,0,0.0,0.0,1,,,0,True,False,False,1225.5,1445.6340461872908,-220.13404618729078,True,True,0,ML-Robust-MPC,1205.6340461872908,803.3603885975247,499.6435419396749
1149.5,1203.1236181619356,0.0,0,-53.62361816193561,53.62361816193561,0.0,0.0,0.0,0.1518161628024168,0.0,53.62361816193561,False,0.005094366999401245,0,0,137,0,0.0,0.0,1,,,0,True,False,False,1240.0,1443.1236181619356,-203.1236181619356,True,True,0,ML-Robust-MPC,1203.1236181619356,802.7651179115088,498.73719781745024
1122.5,1156.639680665931,0.0,0,-34.139680665931124,34.139680665931124,0.0,0.0,0.0,0.15215485011061056,65.86031933406888,34.139680665931124,False,0.0065512610017322,0,0,138,0,0.0,0.0,1,,,0,True,False,False,1207.2393798828125,1446.528863632214,-239.2894837494016,True,True,0,ML-Robust-MPC,1206.528863632214,804.1298868663076,498.1122443474029
1119.0,1085.1895687695105,0.0,0,33.81043123048963,0.0,33.81043123048963,0.0,0.0,0.15178319255410427,100.0,0.0,False,0.003962683000281686,0,0,139,0,0.0,0.0,1,,,0,True,False,False,1199.822021484375,1446.1947296716942,-246.37270818731918,True,True,0,ML-Robust-MPC,1206.1947296716942,803.8928281132644,496.049169807713
1098.0,1198.0,0.0,0,-100.0,100.0,0.0,0.0,0.0,0.15277525604616776,0.0,100.0,False,0.0043243679974693805,0,0,140,0,0.0,0.0,1,,,0,True,False,False,1228.8411865234375,1447.756398190144,-218.91521166670645,True,True,0,ML-Robust-MPC,1207.756398190144,801.7888336625385,494.9415632655948
1113.5,1204.4485803117122,0.0,0,-90.94858031171222,90.94858031171222,0.0,0.0,0.0,0.15367752370799032,9.051419688287773,90.94858031171222,False,0.00474693800060777,0,0,141,0,0.0,0.0,1,,,0,True,False,False,1254.19873046875,1449.447599260054,-195.24886879130395,True,True,0,ML-Robust-MPC,1209.447599260054,799.2281302203864,495.0749340837915
1161.5,1203.968857756356,0.0,0,-42.46885775635616,42.46885775635616,0.0,0.0,0.0,0.1540988417412875,3.9922460797651507,42.46885775635616,False,0.004481178999412805,0,0,142,0,0.0,0.0,1,,,0,True,False,False,1271.6737060546875,1443.968857756356,-172.2951517016686,True,True,0,ML-Robust-MPC,1203.968857756356,797.2750532947646,495.5535004488408
1181.5,1205.1642266379374,0.0,0,-23.664226637937418,23.664226637937418,0.0,0.0,0.0,0.15433360589444164,0.0,23.664226637937418,False,0.0048886430013226345,0,0,143,0,0.0,0.0,1,,,0,True,False,False,1278.333251953125,1445.1642266379374,-166.83097468481242,True,True,0,ML-Robust-MPC,1205.1642266379374,796.4974903017668,496.3768075071072
1160.5,1205.8477705425482,0.0,0,-45.34777054254823,45.34777054254823,0.0,0.0,0.0,0.15478348457045898,0.0,45.34777054254823,False,0.00523385799897369,0,0,144,0,0.0,0.0,1,,,0,True,False,False,1275.7987060546875,1445.8477705425482,-170.04906448786073,True,True,0,ML-Robust-MPC,1205.8477705425482,798.937799998292,495.6555149018275
1210.0,1178.9920354815276,0.0,0,31.00796451847242,0.0,31.00796451847242,0.0,0.0,0.15444263283016008,100.0,0.0,False,0.0053075819996593054,0,0,145,0,0.0,0.0,1,,,0,True,False,False,1275.451416015625,1446.461072839009,-171.00965682338392,True,True,0,ML-Robust-MPC,1206.461072839009,799.9905619411704,495.1459232283883
1211.0,1174.5021309088602,0.0,0,36.497869091139734,0.0,36.497869091139734,0.0,0.0,0.15404143389981734,100.0,0.0,False,0.004352888001449173,0,0,146,0,0.0,0.0,1,,,0,True,False,False,1273.1212158203125,1444.1474242305007,-171.02620841018825,True,True,0,ML-Robust-MPC,1204.1474242305007,799.8163090400811,494.973937373252
1166.5,1203.2954940000038,0.0,0,-36.79549400000383,36.79549400000383,0.0,0.0,0.0,0.15440646856251578,0.0,34.880859375,False,0.008436625998001546,0,0,147,0,0.0,0.0,1,,,0,True,False,False,1280.3369140625,1443.2954940000038,-162.95857993750383,True,True,0,ML-Robust-MPC,1203.2954940000038,799.2508143932391,495.8642440408573
1176.0,1200.0565122450862,0.0,0,-24.056512245086196,24.056512245086196,0.0,0.0,0.0,0.15464512443796305,0.0,24.056512245086196,False,0.004690030000347178,0,0,148,0,0.0,0.0,1,,,0,True,False,False,1274.51025390625,1440.0565122450862,-165.5462583388362,True,True,0,ML-Robust-MPC,1200.0565122450862,796.2912902419231,495.5435848992146
1171.5,1201.718149856486,0.0,0,-30.21814985648598,30.21814985648598,0.0,0.0,0.0,0.1549449076706663,0.0,15.640869140625,False,0.010299731002305634,0,0,149,0,0.0,0.0,1,,,0,True,False,False,1287.8121337890625,1441.718149856486,-153.90601606742348,True,True,0,ML-Robust-MPC,1201.718149856486,796.5135828063641,496.1229940772285
1183.0,1200.7165257258582,0.0,0,-17.71652572585822,17.71652572585822,0.0,0.0,0.0,0.15512066685445458,0.0,17.71652572585822,False,0.009503223998763133,0,0,150,0,0.0,0.0,1,,,0,True,False,False,1279.965576171875,1440.7165257258582,-160.75094955398322,True,True,0,ML-Robust-MPC,1200.7165257258582,798.5166734709126,496.82451668386
1213.0,1200.2995760847969,0.0,0,12.70042391520304,0.0,12.70042391520304,0.0,0.0,0.15498105880016091,2.2635822241093138,0.0,False,0.004497034999076277,0,0,151,0,0.0,0.0,1,,,0,True,False,False,1276.9296875,1440.2995760847969,-163.36988858479685,True,True,0,ML-Robust-MPC,1200.2995760847969,798.9272733520112,496.6122424128042
1238.5,1200.0403259549762,0.0,0,38.45967404502383,0.0,38.45967404502383,0.0,0.0,0.1545582949382581,30.72283722396196,0.0,False,0.0046806499995000195,0,0,152,0,0.0,0.0,1,,,0,True,False,False,1270.482421875,1440.0403259549762,-169.5579040799762,True,True,0,ML-Robust-MPC,1200.0403259549762,799.0957613682937,497.5807471825596
1274.0,1198.783710881694,0.0,0,75.2162891183058,0.0,75.2162891183058,0.0,0.0,0.15373148790842137,22.493949673419593,0.0,False,0.004777440997713711,0,0,153,0,0.0,0.0,1,,,0,True,False,False,1264.5516357421875,1438.783710881694,-174.2320751395066,True,True,0,ML-Robust-MPC,1198.783710881694,798.0770379603078,497.4221405550576
1269.0,1195.7710342432017,0.0,0,73.22896575679829,0.0,73.22896575679829,0.0,0.0,0.1529265263185168,0.0,0.0,False,0.06083899599980214,0,0,154,0,0.0,0.0,1,,,0,True,False,False,1274.0,1435.7710342432017,-161.7710342432017,True,True,0,ML-Robust-MPC,1195.7710342432017,798.5043796371942,498.0424190799442
1238.5,1193.6355889839874,0.0,0,44.86441101601258,0.0,44.86441101601258,0.0,0.0,0.1524333590690773,23.718550721957854,0.0,False,0.07151568200060865,0,0,155,0,0.0,0.0,1,,,0,True,False,False,1269.0,1433.6355889839874,-164.63558898398742,True,True,0,ML-Robust-MPC,1193.6355889839874,797.2822663014608,498.77220206943366
1225.0,1194.3123277221098,0.0,0,30.687672277890215,0.0,30.687672277890215,0.0,0.0,0.15209602810704623,0.0,0.0,False,0.0714852669989341,0,0,156,0,0.0,0.0,1,,,0,True,False,False,1240.6085205078125,1434.3123277221098,-193.70380721429729,True,True,0,ML-Robust-MPC,1194.3123277221098,796.9911584243924,496.8269624370773
1202.0,1195.6756390884457,0.0,0,6.324360911554322,0.0,6.324360911554322,0.0,0.0,0.15202650824476382,0.0,0.0,False,0.017280154999752995,0,0,157,0,0.0,0.0,1,,,0,True,False,False,1237.1204833984375,1435.6756390884457,-198.55515569000818,True,True,0,ML-Robust-MPC,1195.6756390884457,797.8133975149092,496.3101291445141
1176.0,1196.513250556499,0.0,0,-20.513250556499088,20.513250556499088,0.0,0.0,0.0,0.15223001271457037,0.0,20.513250556499088,False,0.06730953000078443,0,0,158,0,0.0,0.0,1,,,0,True,False,False,1249.1748046875,1436.513250556499,-187.3384458689991,True,True,0,ML-Robust-MPC,1196.513250556499,798.479628230637,496.843898511154
1213.5,1197.8136386607175,0.0,0,15.686361339282485,0.0,15.686361339282485,0.0,0.0,0.15205758206184994,0.0,0.0,False,0.009203449000779074,0,0,159,0,0.0,0.0,1,,,0,True,False,False,1239.020751953125,1437.8136386607175,-198.79288670759252,True,True,0,ML-Robust-MPC,1197.8136386607175,799.8346036702349,497.79979427782746
1181.5,1194.0070020682333,0.0,0,-12.507002068233305,12.507002068233305,0.0,0.0,0.0,0.15218165946332052,0.0,12.507002068233305,False,0.09412978999898769,0,0,160,0,0.0,0.0,1,,,0,True,False,False,1260.6171875,1434.0070020682333,-173.3898145682333,True,True,0,ML-Robust-MPC,1194.0070020682333,798.0390568685414,497.0543263600949
1220.5,1197.746783403362,0.0,0,22.753216596637962,0.0,22.753216596637962,0.0,0.0,0.15193154715847246,0.0,0.0,False,0.004709756001830101,0,0,161,0,0.0,0.0,1,,,0,True,False,False,1235.5108642578125,1437.746783403362,-202.2359191455496,True,True,0,ML-Robust-MPC,1197.746783403362,798.9581890796762,496.42090865352776
1213.5,1196.187373986955,0.0,0,17.31262601304494,0.0,17.31262601304494,0.0,0.0,0.1517412399649069,0.0,0.0,False,0.005408606000855798,0,0,162,0,0.0,0.0,1,,,0,True,False,False,1237.562744140625,1436.187373986955,-198.62462984632998,True,True,0,ML-Robust-MPC,1196.187373986955,800.716057808323,497.8954123264428
1237.0,1196.11068520634,0.0,0,40.88931479366006,0.0,40.88931479366006,0.0,0.0,0.15129176853640516,32.23420895055028,0.0,False,0.005515356999239884,0,0,163,0,0.0,0.0,1,,,0,True,False,False,1222.18798828125,1436.11068520634,-213.9226969250899,True,True,0,ML-Robust-MPC,1196.11068520634,802.7202529244756,496.172545249657
1221.5,1192.8210250754523,0.0,0,28.678974924547646,0.0,28.678974924547646,0.0,0.0,0.1509765179656301,0.0,0.0,False,0.04739922299995669,0,0,164,0,0.0,0.0,1,,,0,True,False,False,1237.0,1432.8210250754523,-195.82102507545233,True,True,0,ML-Robust-MPC,1192.8210250754523,801.6724823462553,496.97988374176754
1188.5,1194.5353909843318,0.0,0,-6.035390984331798,6.035390984331798,0.0,0.0,0.0,0.15103639287618895,0.0,6.035390984331798,False,0.009633118999772705,0,0,165,0,0.0,0.0,1,,,0,True,False,False,1221.5,1434.5353909843318,-213.0353909843318,True,True,0,ML-Robust-MPC,1194.5353909843318,800.8914660051139,499.340228700758
1131.5,1193.6681351023028,0.0,0,-62.16813510230281,62.16813510230281,0.0,0.0,0.0,0.1516531402482356,0.0,62.16813510230281,False,0.00457746099709766,0,0,166,0,0.0,0.0,1,,,0,True,False,False,1220.7742919921875,1433.6681351023028,-212.8938431101153,True,True,0,ML-Robust-MPC,1193.6681351023028,801.0567368935184,499.55122013651817
1182.0,1193.798575123399,0.0,0,-11.798575123398976,11.798575123398976,0.0,0.0,0.0,0.15177018960461852,32.911900156086105,11.798575123398976,False,0.004033190998598002,0,0,167,0,0.0,0.0,1,,,0,True,False,False,1210.721923828125,1433.798575123399,-223.0766512952739,True,True,0,ML-Robust-MPC,1193.798575123399,801.7424001138725,497.9639812248696
1177.0,1196.8334143798056,0.0,0,-19.833414379805618,19.833414379805618,0.0,0.0,0.0,0.15196694966791024,0.0,19.833414379805618,False,0.004671090002375422,0,0,168,0,0.0,0.0,1,,,0,True,False,False,1227.9534912109375,1436.8334143798056,-208.87992316886812,True,True,0,ML-Robust-MPC,1196.8334143798056,801.8990866622667,497.6959319531739
1147.0,1199.8745452628627,0.0,0,-52.87454526286274,52.87454526286274,0.0,0.0,0.0,0.1524914987280577,0.0,52.87454526286274,False,0.004023377998237265,0,0,169,0,0.0,0.0,1,,,0,True,False,False,1231.534912109375,1439.8745452628627,-208.33963315348774,True,True,0,ML-Robust-MPC,1199.8745452628627,803.1591430021246,498.83910462963945
1228.5,1201.786691059135,0.0,0,26.713308940865176,0.0,26.713308940865176,0.0,0.0,0.15219785553080067,94.82049422961018,0.0,False,0.005601717999525135,0,0,170,0,0.0,0.0,1,,,0,True,False,False,1212.1239013671875,1441.786691059135,-229.6627896919474,True,True,0,ML-Robust-MPC,1201.786691059135,804.6031151043719,499.8288576671072
1218.0,1202.0387343577734,0.0,0,15.96126564222655,0.0,15.96126564222655,0.0,0.0,0.15202240302187237,100.0,0.0,False,0.0038033889977668878,0,0,171,0,0.0,0.0,1,,,0,True,False,False,1234.4935302734375,1443.102320927596,-208.6087906541586,True,True,0,ML-Robust-MPC,1203.102320927596,803.9641951452616,499.3109995392311
1211.0,1186.338420165554,0.0,0,24.661579834446087,0.0,24.661579834446087,0.0,0.0,0.151751313237824,100.0,0.0,False,0.0038991750006971415,0,0,172,0,0.0,0.0,1,,,0,True,False,False,1218.0,1444.1564386522969,-226.15643865229686,True,True,0,ML-Robust-MPC,1204.1564386522969,806.7526632809842,498.4223494974164
1185.0,1176.815608790436,0.0,0,8.184391209564055,0.0,8.184391209564055,0.0,0.0,0.1516613471910232,100.0,0.0,False,0.004176200000074459,0,0,173,0,0.0,0.0,1,,,0,True,False,False,1211.0,1441.0982364903498,-230.0982364903498,True,True,0,ML-Robust-MPC,1201.0982364903498,805.4805423149649,497.3952224823773
1163.5,1199.5960825507873,0.0,0,-36.0960825507873,36.0960825507873,0.0,0.0,0.0,0.15201944324807465,52.692892216474306,36.0960825507873,False,0.0053025060005893465,0,0,174,0,0.0,0.0,1,,,0,True,False,False,1216.135498046875,1439.5960825507873,-223.4605845039123,True,True,0,ML-Robust-MPC,1199.5960825507873,804.8396026279246,497.121718835491
1130.0,1162.104432657221,0.0,0,-32.10443265722098,32.10443265722098,0.0,0.0,0.0,0.15233793960380104,67.89556734277902,32.10443265722098,False,0.003615284000261454,0,0,175,0,0.0,0.0,1,,,0,True,False,False,1213.3006591796875,1442.773812941217,-229.4731537615296,True,True,0,ML-Robust-MPC,1202.773812941217,803.6256133672587,498.154774769578
1118.0,1167.3577984130018,0.0,0,-49.35779841300176,49.35779841300176,0.0,0.0,0.0,0.15282760030234271,50.64220158699824,49.35779841300176,False,0.004141448996961117,0,0,176,0,0.0,0.0,1,,,0,True,False,False,1213.128173828125,1445.503898200939,-232.37572437281392,True,True,0,ML-Robust-MPC,1205.503898200939,805.9697323466708,499.1000336483715
1170.0,1153.474030961158,0.0,0,16.525969038841964,0.0,16.525969038841964,0.0,0.0,0.15264594035160137,100.0,0.0,False,0.004465714002435561,0,0,177,0,0.0,0.0,1,,,0,True,False,False,1228.120849609375,1449.465585722354,-221.34473611297904,True,True,0,ML-Robust-MPC,1209.465585722354,804.389530753218,497.6459659501581
1158.0,1208.4959825164203,0.0,0,-50.49598251642033,50.49598251642033,0.0,0.0,0.0,0.15314689255910555,0.0,50.49598251642033,False,0.0062809599985484965,0,0,178,0,0.0,0.0,1,,,0,True,False,False,1252.517822265625,1448.4959825164203,-195.97816025079533,True,True,0,ML-Robust-MPC,1208.4959825164203,804.8058255819707,498.0002365488451
1196.5,1206.717461567373,0.0,0,-10.217461567372993,10.217461567372993,0.0,0.0,0.0,0.15324825626513108,0.0,10.217461567372993,False,0.0050766280000971165,0,0,179,0,0.0,0.0,1,,,0,True,False,False,1257.8643798828125,1446.717461567373,-188.8530816845605,True,True,0,ML-Robust-MPC,1206.717461567373,803.8413378070788,497.4075459212432
1221.5,1176.0680312073284,0.0,0,45.431968792671654,0.0,45.431968792671654,0.0,0.0,0.15274885019741055,100.0,0.0,False,0.004318185998272384,0,0,180,0,0.0,0.0,1,,,0,True,False,False,1254.4100341796875,1452.9846598119832,-198.5746256322957,True,True,0,ML-Robust-MPC,1212.9846598119832,802.9842979633889,496.30122697556806
1220.5,1211.2925608520386,0.0,0,9.207439147961438,0.0,9.207439147961438,0.0,0.0,0.1526476384053431,47.62169721685132,0.0,False,0.003937809000490233,0,0,181,0,0.0,0.0,1,,,0,True,False,False,1251.1336669921875,1451.2925608520386,-200.1588938598511,True,True,0,ML-Robust-MPC,1211.2925608520386,804.4482416617166,496.0454180436223
1223.5,1211.7541703459665,0.0,0,11.745829654033571,0.0,11.745829654033571,0.0,0.0,0.15251852362657564,57.485592461670194,0.0,False,0.004496027999266516,0,0,182,0,0.0,0.0,1,,,0,True,False,False,1248.53515625,1451.7541703459665,-203.2190140959665,True,True,0,ML-Robust-MPC,1211.7541703459665,804.4559886578935,497.2640660179762
1173.5,1210.1603753493714,0.0,0,-36.66037534937141,36.66037534937141,0.0,0.0,0.0,0.1528822178264702,0.0,36.66037534937141,False,0.0045953179978823755,0,0,183,0,0.0,0.0,1,,,0,True,False,False,1259.015869140625,1450.1603753493714,-191.1445062087464,True,True,0,ML-Robust-MPC,1210.1603753493714,806.0106776347641,496.2903367925269
1183.0,1208.547018528924,0.0,0,-25.547018528923957,25.547018528923957,0.0,0.0,0.0,0.15313566047060637,38.36309263707989,25.547018528923957,False,0.0036742420015798416,0,0,184,0,0.0,0.0,1,,,0,True,False,False,1250.5849609375,1448.547018528924,-197.9620575914239,True,True,0,ML-Robust-MPC,1208.547018528924,803.9093403936417,494.71582914371794
1185.5,1205.6241050991505,0.0,0,-20.124105099150484,20.124105099150484,0.0,0.0,0.0,0.15333530437039952,0.0,20.124105099150484,False,0.005096404998766957,0,0,185,0,0.0,0.0,1,,,0,True,False,False,1258.1368408203125,1445.6241050991505,-187.48726427883798,True,True,0,ML-Robust-MPC,1205.6241050991505,802.70152237587,495.965249247863
1192.0,1206.0673755048629,0.0,0,-14.067375504862866,14.067375504862866,0.0,0.0,0.0,0.15347486166707475,0.0,14.067375504862866,False,0.0043872740025108214,0,0,186,0,0.0,0.0,1,,,0,True,False,False,1259.2615966796875,1446.0673755048629,-186.80577882517537,True,True,0,ML-Robust-MPC,1206.0673755048629,805.0946478482795,496.8734795396571
1235.0,1205.036266255318,0.0,0,29.963733744681917,0.0,29.963733744681917,0.0,0.0,0.15314548852209958,49.41083810903092,0.0,False,0.004768358998262556,0,0,187,0,0.0,0.0,1,,,0,True,False,False,1260.361572265625,1445.036266255318,-184.67469398969297,True,True,0,ML-Robust-MPC,1205.036266255318,804.9128823262976,496.7453298292997
1251.5,1207.8002848618837,0.0,0,43.699715138116204,0.0,43.699715138116204,0.0,0.0,0.15266512406778268,41.102122641573715,0.0,False,0.004350343002442969,0,0,188,0,0.0,0.0,1,,,0,True,False,False,1267.0147705078125,1447.8002848618837,-180.7855143540712,True,True,0,ML-Robust-MPC,1207.8002848618837,807.619980744371,497.6425330622055
1275.0,1207.1380181266577,0.0,0,67.8619818733424,0.0,67.8619818733424,0.0,0.0,0.15191915847536586,31.82827264508751,0.0,False,0.0057882020009856205,0,0,189,0,0.0,0.0,1,,,0,True,False,False,1264.1175537109375,1447.1380181266577,-183.0204644157202,True,True,0,ML-Robust-MPC,1207.1380181266577,809.2070906183873,497.9808941346414
1261.0,1203.1501138114784,0.0,0,57.84988618852162,0.0,57.84988618852162,0.0,0.0,0.151283249776112,0.0,0.0,False,0.06250432500019087,0,0,190,0,0.0,0.0,1,,,0,True,False,False,1275.0,1443.1501138114784,-168.15011381147838,True,True,0,ML-Robust-MPC,1203.1501138114784,807.7444875392538,497.9490016791213
1242.0,1203.8260645888315,0.0,0,38.17393541116842,0.0,38.17393541116842,0.0,0.0,0.15086362686564317,0.0,0.0,False,0.004535755997494562,0,0,191,0,0.0,0.0,1,,,0,True,False,False,1261.0,1443.8260645888315,-182.8260645888315,True,True,0,ML-Robust-MPC,1203.8260645888315,806.7680460234245,498.7636005939203
1207.5,1202.2936290929586,0.0,0,5.206370907041446,0.0,5.206370907041446,0.0,0.0,0.15080639638915544,0.0,0.0,False,0.00851674300065497,0,0,192,0,0.0,0.0,1,,,0,True,False,False,1242.0,1442.2936290929586,-200.29362909295855,True,True,0,ML-Robust-MPC,1202.2936290929586,804.9744133021464,498.8011745942442
1149.5,1201.390045643615,0.0,0,-51.89004564361494,51.89004564361494,0.0,0.0,0.0,0.15132117858800082,0.0,51.89004564361494,False,0.00370015400039847,0,0,193,0,0.0,0.0,1,,,0,True,False,False,1207.5,1441.390045643615,-233.89004564361494,True,True,0,ML-Robust-MPC,1201.390045643615,805.4414057890377,499.5247789187633
1160.5,1200.984039470689,0.0,0,-40.48403947068899,40.48403947068899,0.0,0.0,0.0,0.1517228059637021,57.81672400755239,40.48403947068899,False,0.003942675000871532,0,0,194,0,0.0,0.0,1,,,0,True,False,False,1202.57470703125,1440.984039470689,-238.4093324394389,True,True,0,ML-Robust-MPC,1200.984039470689,802.6084458292875,500.0
1182.0,1200.7752825886962,0.0,0,-18.7752825886962,18.7752825886962,0.0,0.0,0.0,0.15190906868779633,0.0,18.7752825886962,False,0.004256965999957174,0,0,195,0,0.0,0.0,1,,,0,True,False,False,1221.6058349609375,1440.7752825886962,-219.1694476277587,True,True,0,ML-Robust-MPC,1200.7752825886962,799.544902129963,500.0
1162.5,1200.6578971669703,0.0,0,-38.157897166970315,38.157897166970315,0.0,0.0,0.0,0.15228761925492898,0.0,38.157897166970315,False,0.006038253999577137,0,0,196,0,0.0,0.0,1,,,0,True,False,False,1252.2462158203125,1440.6578971669703,-188.41168134665782,True,True,0,ML-Robust-MPC,1200.6578971669703,799.2386399365415,500.0
1193.5,1204.458195434247,0.0,0,-10.958195434247045,10.958195434247045,0.0,0.0,0.0,0.15239633151122112,0.0,10.958195434247045,False,0.0054291419983201195,0,0,197,0,0.0,0.0,1,,,0,True,False,False,1247.2530517578125,1444.458195434247,-197.20514367643455,True,True,0,ML-Robust-MPC,1204.458195434247,800.611514129939,499.79695211007527
1233.0,1207.220007639114,0.0,0,25.7799923608858,0.0,25.7799923608858,0.0,0.0,0.1521129476968509,14.33559556568025,0.0,False,0.003887033999490086,0,0,198,0,0.0,0.0,1,,,0,True,False,False,1243.3143310546875,1447.220007639114,-203.9056765844266,True,True,0,ML-Robust-MPC,1207.220007639114,798.8445674355385,498.9615048980378
1187.0,1210.939142607182,0.0,0,-23.93914260718202,23.93914260718202,0.0,0.0,0.0,0.15235043919096977,0.0,23.93914260718202,False,0.0037888219994783867,0,0,199,0,0.0,0.0,1,,,0,True,False,False,1257.4200439453125,1450.939142607182,-193.51909866186952,True,True,0,ML-Robust-MPC,1210.939142607182,794.9732704962317,499.1512884544781
1213.5,1213.1772831082417,0.0,0,0.3227168917582546,0.0,0.3227168917582546,0.0,0.0,0.15234689175998267,39.544102730352506,0.0,False,0.004100153000763385,0,0,200,0,0.0,0.0,1,,,0,True,False,False,1248.7081298828125,1453.1772831082417,-204.46915322542918,True,True,0,ML-Robust-MPC,1213.1772831082417,795.3632251382174,499.62227704768776
1178.0,1211.6005475352245,0.0,0,-33.60054753522445,33.60054753522445,0.0,0.0,0.0,0.15268023052521307,0.0,33.60054753522445,False,0.004698330998508027,0,0,201,0,0.0,0.0,1,,,0,True,False,False,1255.4901123046875,1451.6005475352245,-196.11043523053695,True,True,0,ML-Robust-MPC,1211.6005475352245,795.095648447237,499.4750649910591
1158.5,1211.005945631643,0.0,0,-52.505945631643044,52.505945631643044,0.0,0.0,0.0,0.15320112284298731,0.0,52.505945631643044,False,0.0038031580006645527,0,0,202,0,0.0,0.0,1,,,0,True,False,False,1258.2562255859375,1451.005945631643,-192.74972004570554,True,True,0,ML-Robust-MPC,1211.005945631643,795.4262726670979,499.08432322203447
1144.5,1209.9305496284856,0.0,0,-65.43054962848555,65.43054962848555,0.0,0.0,0.0,0.153850235438508,0.0,21.3197021484375,False,0.06388052999682259,0,0,203,0,0.0,0.0,1,,,0,True,False,False,1264.3109130859375,1449.9305496284856,-185.61963654254805,True,True,0,ML-Robust-MPC,1209.9305496284856,797.3311730974752,499.7601419236612
1156.0,1207.1092842223234,0.0,0,-51.10928422232337,51.10928422232337,0.0,0.0,0.0,0.15435727198833266,0.0,34.97721554740019,False,0.06303841599947191,0,0,204,0,0.0,0.0,1,,,0,True,False,False,1272.461669921875,1447.1092842223234,-174.64761430044837,True,True,0,ML-Robust-MPC,1207.1092842223234,799.1509207764897,499.19077828311686
1215.5,1204.6617984095788,0.0,0,10.83820159042125,0.0,10.83820159042125,0.0,0.0,0.15423813421417773,0.0,0.0,False,0.06523546399694169,0,0,205,0,0.0,0.0,1,,,0,True,False,False,1268.949462890625,1444.6617984095788,-175.71233551895375,True,True,0,ML-Robust-MPC,1204.6617984095788,799.3758490063901,500.0
1221.5,1204.5830120128703,0.0,0,16.916987987129687,0.0,16.916987987129687,0.0,0.0,0.15405217602938318,0.0,0.0,False,0.06422266699883039,0,0,206,0,0.0,0.0,1,,,0,True,False,False,1262.0506591796875,1444.5830120128703,-182.5323528331828,True,True,0,ML-Robust-MPC,1204.5830120128703,798.5630374131861,498.7403438136674
1269.0,1201.6333987746625,0.0,0,67.36660122533749,0.0,67.36660122533749,0.0,0.0,0.15331165585586454,0.0,0.0,False,0.06492183299997123,0,0,207,0,0.0,0.0,1,,,0,True,False,False,1268.4979248046875,1441.6333987746625,-173.135473969975,True,True,0,ML-Robust-MPC,1201.6333987746625,797.7463492578917,499.21153123491865
1233.5,1204.0702732909483,0.0,0,29.429726709051693,0.0,29.429726709051693,0.0,0.0,0.15298815272623068,0.0,0.0,False,0.06574253600047086,0,0,208,0,0.0,0.0,1,,,0,True,False,False,1269.0,1444.0702732909483,-175.0702732909483,True,True,0,ML-Robust-MPC,1204.0702732909483,796.9863890489014,497.9946996420312
1237.0,1198.2518703912594,0.0,0,38.748129608740555,0.0,38.748129608740555,0.0,0.0,0.15256221804733233,0.0,0.0,False,0.06356837199928123,0,0,209,0,0.0,0.0,1,,,0,True,False,False,1258.927490234375,1438.2518703912594,-179.32438015688444,True,True,0,ML-Robust-MPC,1198.2518703912594,796.224387215162,496.89831361716585
1219.5,1200.3997153025457,0.0,0,19.100284697454256,0.0,19.100284697454256,0.0,0.0,0.1523522602064862,16.610885640049673,0.0,False,0.06627301600019564,0,0,210,0,0.0,0.0,1,,,0,True,False,False,1256.542236328125,1440.3997153025457,-183.8574789744207,True,True,0,ML-Robust-MPC,1200.3997153025457,795.3128932764529,493.9944108242287
1189.0,1199.262950999202,0.0,0,-10.262950999202076,10.262950999202076,0.0,0.0,0.0,0.15245407519655765,74.67406579046383,10.262950999202076,False,0.07955960300023435,0,0,211,0,0.0,0.0,1,,,0,True,False,False,1270.640625,1439.262950999202,-168.62232599920208,True,True,0,ML-Robust-MPC,1199.262950999202,795.6809858415006,493.5149136641345
1170.0,1200.1333912057275,0.0,0,-30.13339120572755,30.13339120572755,0.0,0.0,0.0,0.15275301756963033,0.0,30.13339120572755,False,0.07841152999753831,0,0,212,0,0.0,0.0,1,,,0,True,False,False,1266.1376953125,1440.1333912057275,-173.99569589322755,True,True,0,ML-Robust-MPC,1200.1333912057275,795.3642052530772,493.5464260629792
1213.5,1200.0247425944535,0.0,0,13.475257405546515,0.0,13.475257405546515,0.0,0.0,0.1526048922408968,54.48972202693676,0.0,False,0.07366931700016721,0,0,213,0,0.0,0.0,1,,,0,True,False,False,1260.390869140625,1440.0247425944535,-179.63387345382853,True,True,0,ML-Robust-MPC,1200.0247425944535,795.9377952280388,493.12423026805146
1219.5,1196.494164459546,0.0,0,23.005835540453972,0.0,23.005835540453972,0.0,0.0,0.1523520030492724,26.477089184681972,0.0,False,0.06508716700045625,0,0,214,0,0.0,0.0,1,,,0,True,False,False,1267.3524169921875,1436.494164459546,-169.14174746735853,True,True,0,ML-Robust-MPC,1196.494164459546,796.6496298166444,492.57400155808097
1235.5,1199.573720148847,0.0,0,35.92627985115291,0.0,35.92627985115291,0.0,0.0,0.15195708725264098,63.51767028985387,0.0,False,0.07287705199996708,0,0,215,0,0.0,0.0,1,,,0,True,False,False,1266.5281982421875,1439.573720148847,-173.0455219066596,True,True,0,ML-Robust-MPC,1199.573720148847,797.5728158686755,494.1188359228895
1228.0,1202.5506805929228,0.0,0,25.449319407077155,0.0,25.449319407077155,0.0,0.0,0.15167733832542077,6.87667439468305,0.0,False,0.06441870599883259,0,0,216,0,0.0,0.0,1,,,0,True,False,False,1254.1773681640625,1442.5506805929228,-188.37331242886034,True,True,0,ML-Robust-MPC,1202.5506805929228,796.849040178765,494.3448106364332
1236.5,1203.7452365266254,0.0,0,32.754763473374624,0.0,32.754763473374624,0.0,0.0,0.15131728508405667,0.0,0.0,False,0.06564893399990979,0,0,217,0,0.0,0.0,1,,,0,True,False,False,1242.3536376953125,1443.7452365266254,-201.39159883131288,True,True,0,ML-Robust-MPC,1203.7452365266254,795.8604080476115,493.9718490609389
1226.0,1199.5914740256435,0.0,0,26.408525974356508,0.0,26.408525974356508,0.0,0.0,0.15102699218102764,13.59054793564519,0.0,False,0.0643065430012939,0,0,218,0,0.0,0.0,1,,,0,True,False,False,1236.5,1439.5914740256435,-203.0914740256435,True,True,0,ML-Robust-MPC,1199.5914740256435,796.6841939666592,493.0248282501921
1193.5,1199.8492063029296,0.0,0,-6.349206302929588,6.349206302929588,0.0,0.0,0.0,0.15108998033879478,26.0212089701854,6.349206302929588,False,0.06619838400001754,0,0,219,0,0.0,0.0,1,,,0,True,False,False,1233.9517822265625,1439.8492063029296,-205.8974240763671,True,True,0,ML-Robust-MPC,1199.8492063029296,795.9749104354497,493.5116055487525
1168.0,1199.8437097019453,0.0,0,-31.8437097019453,31.8437097019453,0.0,0.0,0.0,0.15140589015726647,12.525164495473945,31.8437097019453,False,0.0628025219994015,0,0,220,0,0.0,0.0,1,,,0,True,False,False,1239.3563232421875,1439.8437097019453,-200.48738645975777,True,True,0,ML-Robust-MPC,1199.8437097019453,796.5549067615148,494.1612608542897
1172.5,1203.42250333422,0.0,0,-30.922503334219982,30.922503334219982,0.0,0.0,0.0,0.15171266102367736,0.0,4.3428955078125,False,0.015724783999758074,0,0,221,0,0.0,0.0,1,,,0,True,False,False,1234.388671875,1443.42250333422,-209.03383145921998,True,True,0,ML-Robust-MPC,1203.42250333422,796.3975970636009,494.2954190940288
1178.0,1203.46369373608,0.0,0,-25.463693736079904,25.463693736079904,0.0,0.0,0.0,0.15196527703296386,0.0,25.463693736079904,False,0.06306380599926342,0,0,222,0,0.0,0.0,1,,,0,True,False,False,1239.634521484375,1443.46369373608,-203.8291722517049,True,True,0,ML-Robust-MPC,1203.46369373608,796.0544961118851,494.3936931797939
1232.0,1202.5021250516863,0.0,0,29.497874948313665,0.0,29.497874948313665,0.0,0.0,0.1516410247910838,0.0,0.0,False,0.011095806999946944,0,0,223,0,0.0,0.0,1,,,0,True,False,False,1243.6651611328125,1442.5021250516863,-198.83696391887383,True,True,0,ML-Robust-MPC,1202.5021250516863,797.2925933817013,494.4600713351571
1229.0,1202.842609273271,0.0,0,26.15739072672909,0.0,26.15739072672909,0.0,0.0,0.1513534924654591,0.0,0.0,False,0.009526021000056062,0,0,224,0,0.0,0.0,1,,,0,True,False,False,1256.8048095703125,1442.842609273271,-186.0377997029584,True,True,0,ML-Robust-MPC,1202.842609273271,796.9318762843685,495.3856952982829
1240.0,1202.6260234117892,0.0,0,37.373976588210674,0.0,37.373976588210674,0.0,0.0,0.15094266301696713,0.0,0.0,False,0.005078277001302922,0,0,225,0,0.0,0.0,1,,,0,True,False,False,1241.684326171875,1442.6260234117892,-200.94169723991422,True,True,0,ML-Robust-MPC,1202.6260234117892,795.3769971364457,496.043301034227
1213.0,1201.1337560388697,0.0,0,11.86624396113038,0.0,11.86624396113038,0.0,0.0,0.15081222459678145,0.0,0.0,False,0.004113606999453623,0,0,226,0,0.0,0.0,1,,,0,True,False,False,1240.0,1441.1337560388697,-201.1337560388697,True,True,0,ML-Robust-MPC,1201.1337560388697,794.584469576975,497.8429196977887
1163.0,1199.7305834555427,0.0,0,-36.73058345554274,36.73058345554274,0.0,0.0,0.0,0.1511766153056658,9.899317478780162,36.73058345554274,False,0.00398045299880323,0,0,227,0,0.0,0.0,1,,,0,True,False,False,1213.0,1439.7305834555427,-226.73058345554273,True,True,0,ML-Robust-MPC,1199.7305834555427,795.0598029435665,497.1610176431311
1162.0,1156.882092129923,0.0,0,5.117907870077119,0.0,5.117907870077119,0.0,0.0,0.1511203572496697,100.0,0.0,False,0.004443052999704378,0,0,228,0,0.0,0.0,1,,,0,True,False,False,1179.77880859375,1443.7766141892964,-263.9978055955464,True,True,0,ML-Robust-MPC,1203.7766141892964,797.161900140099,497.21653864721566
1108.5,1153.3720731736714,0.0,0,-44.87207317367144,44.87207317367144,0.0,0.0,0.0,0.1515655167057577,55.12792682632856,44.87207317367144,False,0.00519649399939226,0,0,229,0,0.0,0.0,1,,,0,True,False,False,1188.5103759765625,1445.9611412177876,-257.4507652412251,True,True,0,ML-Robust-MPC,1205.9611412177876,799.1700675625385,498.36748470698535
1133.0,1114.611553758141,0.0,0,18.388446241858944,0.0,18.388446241858944,0.0,0.0,0.15136338367315583,100.0,0.0,False,0.0037707910014432855,0,0,230,0,0.0,0.0,1,,,0,True,False,False,1191.374267578125,1448.565940789709,-257.191673211584,True,True,0,ML-Robust-MPC,1208.565940789709,796.5692227899126,498.4811843275255
1128.5,1209.1158963544754,0.0,0,-80.61589635447544,80.61589635447544,0.0,0.0,0.0,0.15216314454968832,4.71200448983145,80.61589635447544,False,0.004045452002173988,0,0,231,0,0.0,0.0,1,,,0,True,False,False,1230.3929443359375,1449.1158963544754,-218.72295201853785,True,True,0,ML-Robust-MPC,1209.1158963544754,796.8946268229122,497.983276265144
1136.5,1210.2823579472958,0.0,0,-73.78235794729585,73.78235794729585,0.0,0.0,0.0,0.15289511238646705,0.0,73.78235794729585,False,0.004656151999370195,0,0,232,0,0.0,0.0,1,,,0,True,False,False,1252.210205078125,1450.2823579472958,-198.07215286917085,True,True,0,ML-Robust-MPC,1210.2823579472958,799.0944315248785,498.2073159457034
1183.5,1206.7372887663782,0.0,0,-23.23728876637816,23.23728876637816,0.0,0.0,0.0,0.15312564104486365,17.402282658258937,23.23728876637816,False,0.004866710998612689,0,0,233,0,0.0,0.0,1,,,0,True,False,False,1249.916259765625,1446.7372887663782,-196.82102900075324,True,True,0,ML-Robust-MPC,1206.7372887663782,802.053912513655,499.4412520912377
1175.0,1205.5597246449734,0.0,0,-30.559724644973258,30.559724644973258,0.0,0.0,0.0,0.15342881291634156,4.801544850392347,30.559724644973258,False,0.004865245002292795,0,0,234,0,0.0,0.0,1,,,0,True,False,False,1255.3785400390625,1445.5597246449734,-190.18118460591086,True,True,0,ML-Robust-MPC,1205.5597246449734,802.3557909835569,498.7218700098145
1193.5,1202.7218445763629,0.0,0,-9.221844576362756,9.221844576362756,0.0,0.0,0.0,0.1535202994696785,1.621415966414232,9.221844576362756,False,0.004134900998906232,0,0,235,0,0.0,0.0,1,,,0,True,False,False,1259.9052734375,1442.7218445763629,-182.81657113886286,True,True,0,ML-Robust-MPC,1202.7218445763629,800.843778508818,497.43684590007
1148.0,1200.178457584335,0.0,0,-52.17845758433509,52.17845758433509,0.0,0.0,0.0,0.1540379428980945,0.0,52.17845758433509,False,0.004258594999555498,0,0,236,0,0.0,0.0,1,,,0,True,False,False,1260.08984375,1440.178457584335,-180.0886138343351,True,True,0,ML-Robust-MPC,1200.178457584335,802.1811668175767,498.42592897859976
1146.0,1203.6340343869672,0.0,0,-57.63403438696709,57.63403438696709,0.0,0.0,0.0,0.15460970911225091,4.454618960254134,57.63403438696709,False,0.0043519290011317935,0,0,237,0,0.0,0.0,1,,,0,True,False,False,1260.105712890625,1443.6340343869672,-183.5283214963422,True,True,0,ML-Robust-MPC,1203.6340343869672,801.3368079451728,497.9316948803187
1146.0,1201.5148313294246,0.0,0,-55.514831329424624,55.514831329424624,0.0,0.0,0.0,0.15516045148655075,12.74196764482463,55.514831329424624,False,0.006033565998222912,0,0,238,0,0.0,0.0,1,,,0,True,False,False,1261.96435546875,1441.5148313294246,-179.55047586067462,True,True,0,ML-Robust-MPC,1201.5148313294246,802.9411445077943,497.9939366294015
1146.0,1205.5692545000063,0.0,0,-59.56925450000629,59.56925450000629,0.0,0.0,0.0,0.1557514163129397,0.0,21.78747990880038,False,0.004813629999262048,0,0,239,0,0.0,0.0,1,,,0,True,False,False,1269.847412109375,1445.5692545000063,-175.7218423906313,True,True,0,ML-Robust-MPC,1205.5692545000063,804.2065940001085,497.8954511351549
1174.5,1201.8491765384242,0.0,0,-27.349176538424217,27.349176538424217,0.0,0.0,0.0,0.15602273750875742,0.0,19.0194091796875,False,0.060440453999035526,0,0,240,0,0.0,0.0,1,,,0,True,False,False,1272.3240966796875,1441.8491765384242,-169.52507985873672,True,True,0,ML-Robust-MPC,1201.8491765384242,802.6605831650257,497.1367521719546
1196.0,1207.1398053875505,0.0,0,-11.139805387550496,11.139805387550496,0.0,0.0,0.0,0.15613325145109422,8.227013136392316,11.139805387550496,False,0.0654898869979661,0,0,241,0,0.0,0.0,1,,,0,True,False,False,1265.885986328125,1447.1398053875505,-181.2538190594255,True,True,0,ML-Robust-MPC,1207.1398053875505,803.0150730965805,497.4096720809584
1234.0,1205.4035936755945,0.0,0,28.596406324405564,0.0,28.596406324405564,0.0,0.0,0.15581890850684318,0.0,0.0,False,0.004890864998742472,0,0,242,0,0.0,0.0,1,,,0,True,False,False,1257.81298828125,1445.4035936755945,-187.5906053943445,True,True,0,ML-Robust-MPC,1205.4035936755945,804.6936002443607,494.7007935770317
1256.0,1207.4449658726223,0.0,0,48.55503412737763,0.0,48.55503412737763,0.0,0.0,0.15528517247677484,0.0,0.0,False,0.004524248000961961,0,0,243,0,0.0,0.0,1,,,0,True,False,False,1261.177978515625,1447.4449658726223,-186.26698735699733,True,True,0,ML-Robust-MPC,1207.4449658726223,803.334484475003,495.3422348687711
1272.0,1174.597384462459,0.0,0,97.4026155375409,0.0,97.4026155375409,0.0,0.0,0.1542144846218575,100.0,0.0,False,0.005298366999340942,0,0,244,0,0.0,0.0,1,,,0,True,False,False,1258.6358642578125,1446.8960340146916,-188.26016975687912,True,True,0,ML-Robust-MPC,1206.8960340146916,805.3600693727105,495.70571047448806
1229.5,1208.4918109960788,0.0,0,21.008189003921146,0.0,21.008189003921146,0.0,0.0,0.15398355434656485,54.39547548821906,0.0,False,0.004170180000073742,0,0,245,0,0.0,0.0,1,,,0,True,False,False,1272.0,1448.4918109960788,-176.4918109960788,True,True,0,ML-Robust-MPC,1208.4918109960788,805.2063668162507,495.991248061952
1224.5,1137.0719521327835,0.0,0,87.42804786721658,0.0,87.42804786721658,0.0,0.0,0.1530225108621167,100.0,0.0,False,0.004445667000254616,0,0,246,0,0.0,0.0,1,,,0,True,False,False,1240.8824462890625,1445.5525438415114,-204.67009755244885,True,True,0,ML-Robust-MPC,1205.5525438415114,804.1581607371027,495.6699705896461
1216.5,1204.984182963577,0.0,0,11.515817036422973,0.0,11.515817036422973,0.0,0.0,0.15289592447249767,84.65726814615755,0.0,False,0.00466865499765845,0,0,247,0,0.0,0.0,1,,,0,True,False,False,1244.297119140625,1444.984182963577,-200.68706382295204,True,True,0,ML-Robust-MPC,1204.984182963577,805.8319291997427,496.859497954211
1166.5,1204.7515100602095,0.0,0,-38.25151006020951,38.25151006020951,0.0,0.0,0.0,0.153275403738968,0.0,38.25151006020951,False,0.004817654000362381,0,0,248,0,0.0,0.0,1,,,0,True,False,False,1254.740234375,1444.7515100602095,-190.0112756852095,True,True,0,ML-Robust-MPC,1204.7515100602095,808.3641306164062,496.8600834092361
1204.0,1199.578981640189,0.0,0,4.421018359811001,0.0,4.421018359811001,0.0,0.0,0.1532268061665302,78.59333499303398,0.0,False,0.003969499997765524,0,0,249,0,0.0,0.0,1,,,0,True,False,False,1236.4638671875,1439.578981640189,-203.1151144526891,True,True,0,ML-Robust-MPC,1199.578981640189,809.7044360061443,496.08066361712815
1203.5,1197.6833125414576,0.0,0,5.816687458542361,0.0,5.816687458542361,0.0,0.0,0.15316286685049293,0.0,0.0,False,0.004151502002059715,0,0,250,0,0.0,0.0,1,,,0,True,False,False,1248.44677734375,1437.6833125414576,-189.23653519770755,True,True,0,ML-Robust-MPC,1197.6833125414576,807.4333110118058,497.1718154316096
1220.0,1194.2685238213855,0.0,0,25.73147617861435,0.0,25.73147617861435,0.0,0.0,0.15288001634507792,0.0,0.0,False,0.00490133199855336,0,0,251,0,0.0,0.0,1,,,0,True,False,False,1238.5709228515625,1434.2685238213855,-195.69760096982304,True,True,0,ML-Robust-MPC,1194.2685238213855,809.6003324880286,496.8016970278814
1227.5,1190.8523220779712,0.0,0,36.64767792202882,0.0,36.64767792202882,0.0,0.0,0.15247717065715163,0.0,0.0,False,0.005003713999030879,0,0,252,0,0.0,0.0,1,,,0,True,False,False,1235.5692138671875,1430.8523220779712,-195.28310821078367,True,True,0,ML-Robust-MPC,1190.8523220779712,807.219322805041,496.4209457564298
1230.5,1190.2779998252229,0.0,0,40.222000174777214,0.0,40.222000174777214,0.0,0.0,0.15203503461337137,0.0,0.0,False,0.006553285998961655,0,0,253,0,0.0,0.0,1,,,0,True,False,False,1227.5,1430.2779998252229,-202.77799982522288,True,True,0,ML-Robust-MPC,1190.2779998252229,807.6903094919629,496.64171512286674
1210.0,1190.2627262433127,0.0,0,19.737273756687163,0.0,19.737273756687163,0.0,0.0,0.15181807473828138,0.0,0.0,False,0.004216928999085212,0,0,254,0,0.0,0.0,1,,,0,True,False,False,1230.5,1430.2627262433127,-199.76272624331273,True,True,0,ML-Robust-MPC,1190.2627262433127,808.7419318782676,496.1763538366215
1140.5,1188.5278926669175,0.0,0,-48.02789266691752,48.02789266691752,0.0,0.0,0.0,0.1522945419274373,0.0,48.02789266691752,False,0.004616976002580486,0,0,255,0,0.0,0.0,1,,,0,True,False,False,1230.977294921875,1428.5278926669175,-197.55059774504252,True,True,0,ML-Robust-MPC,1188.5278926669175,805.181993598884,497.60067180065096
1133.0,1191.1328000481276,0.0,0,-58.13280004812762,58.13280004812762,0.0,0.0,0.0,0.15287125621362904,20.39060483971704,58.13280004812762,False,0.004222006002237322,0,0,256,0,0.0,0.0,1,,,0,True,False,False,1219.419921875,1431.1328000481276,-211.7128781731276,True,True,0,ML-Robust-MPC,1191.1328000481276,806.3993011850373,496.8212445640035
1148.0,1189.5661725513487,0.0,0,-41.56617255134864,41.56617255134864,0.0,0.0,0.0,0.1532836190365591,20.527601758514777,41.56617255134864,False,0.004301934000977781,0,0,257,0,0.0,0.0,1,,,0,True,False,False,1224.7379150390625,1429.5661725513487,-204.8282575122862,True,True,0,ML-Robust-MPC,1189.5661725513487,805.6904455836947,498.25378431572375
1165.5,1186.7242921729635,0.0,0,-21.224292172963487,21.224292172963487,0.0,0.0,0.0,0.15349417749065597,0.0,21.224292172963487,False,0.004802900999493431,0,0,258,0,0.0,0.0,1,,,0,True,False,False,1232.776611328125,1426.7242921729635,-193.9476808448385,True,True,0,ML-Robust-MPC,1186.7242921729635,805.6554591909835,498.6124049442765
1169.5,1189.1846153749584,0.0,0,-19.684615374958412,19.684615374958412,0.0,0.0,0.0,0.15368946137334405,0.0,19.684615374958412,False,0.005407889999332838,0,0,259,0,0.0,0.0,1,,,0,True,False,False,1234.5142822265625,1429.1846153749584,-194.6703331483959,True,True,0,ML-Robust-MPC,1189.1846153749584,804.7286139220004,498.7645323574949
1192.0,1189.2230971872168,0.0,0,2.7769028127831703,0.0,2.7769028127831703,0.0,0.0,0.15365893656557042,4.460665561402266,0.0,False,0.00492648200088297,0,0,260,0,0.0,0.0,1,,,0,True,False,False,1231.929931640625,1429.2230971872168,-197.2931655465918,True,True,0,ML-Robust-MPC,1189.2230971872168,802.94688331924,499.7052574649864
1220.5,1112.5127623211592,0.0,0,107.98723767884081,0.0,107.98723767884081,0.0,0.0,0.15247189838152653,100.0,0.0,False,0.004305788999772631,0,0,261,0,0.0,0.0,1,,,0,True,False,False,1231.375244140625,1430.1502881650758,-198.77504402445084,True,True,0,ML-Robust-MPC,1190.1502881650758,802.7542339665451,497.7272568655832
1210.5,1192.1617519952335,0.0,0,18.338248004766356,0.0,18.338248004766356,0.0,0.0,0.1522703171476879,40.30451841672402,0.0,False,0.004363627002021531,0,0,262,0,0.0,0.0,1,,,0,True,False,False,1227.55615234375,1432.1617519952335,-204.60559965148354,True,True,0,ML-Robust-MPC,1192.1617519952335,804.2619883206388,497.1716886959983
1208.0,1193.358653122159,0.0,0,14.641346877841087,0.0,14.641346877841087,0.0,0.0,0.15210937370489408,50.45308997707889,0.0,False,0.0037283099991327617,0,0,263,0,0.0,0.0,1,,,0,True,False,False,1230.0540771484375,1433.358653122159,-203.3045759737215,True,True,0,ML-Robust-MPC,1193.358653122159,803.7821301290289,497.0578779221487
1186.5,1191.3711377880477,0.0,0,-4.87113778804769,4.87113778804769,0.0,0.0,0.0,0.15215769848453742,0.0,4.87113778804769,False,0.005575070001214044,0,0,264,0,0.0,0.0,1,,,0,True,False,False,1232.0772705078125,1431.3711377880477,-199.2938672802352,True,True,0,ML-Robust-MPC,1191.3711377880477,803.1930256350396,495.9593083967344
1150.5,1191.141244067437,0.0,0,-40.6412440674369,40.6412440674369,0.0,0.0,0.0,0.15256088542965088,0.0,40.6412440674369,False,0.0038530460005858913,0,0,265,0,0.0,0.0,1,,,0,True,False,False,1234.9903564453125,1431.141244067437,-196.1508876221244,True,True,0,ML-Robust-MPC,1191.141244067437,803.2316310532866,495.5930608583138
1168.0,1185.790177218399,0.0,0,-17.79017721839903,17.79017721839903,0.0,0.0,0.0,0.15273737528300801,10.176575248549687,17.79017721839903,False,0.06123595200187992,0,0,266,0,0.0,0.0,1,,,0,True,False,False,1236.5457763671875,1425.790177218399,-189.2444008512116,True,True,0,ML-Robust-MPC,1185.790177218399,802.7615546671617,496.38439073068434
1177.0,1185.4700107069818,0.0,0,-8.470010706981862,8.470010706981862,0.0,0.0,0.0,0.15282140316700585,0.8053039095252412,8.470010706981862,False,0.06430621499748668,0,0,267,0,0.0,0.0,1,,,0,True,False,False,1238.0823974609375,1425.4700107069818,-187.38761324604434,True,True,0,ML-Robust-MPC,1185.4700107069818,801.6347820928618,497.2109373308363
1214.5,1182.821286177297,0.0,0,31.678713822703003,0.0,31.678713822703003,0.0,0.0,0.15247317828657336,8.678320922663488,0.0,False,0.06465974399907282,0,0,268,0,0.0,0.0,1,,,0,True,False,False,1247.5552978515625,1422.821286177297,-175.2659883257345,True,True,0,ML-Robust-MPC,1182.821286177297,800.9316624911023,494.6852110431252
1223.0,1182.0585887756545,0.0,0,40.94141122434553,0.0,40.94141122434553,0.0,0.0,0.15202313419361788,0.0,0.0,False,0.06852105399957509,0,0,269,0,0.0,0.0,1,,,0,True,False,False,1244.45263671875,1422.0585887756545,-177.60595205690447,True,True,0,ML-Robust-MPC,1182.0585887756545,801.4255603986531,495.6972610424444
1228.5,1180.5406985916518,0.0,0,47.95930140834821,0.0,47.95930140834821,0.0,0.0,0.15149594669187724,15.587163543011684,0.0,False,0.06637593800041941,0,0,270,0,0.0,0.0,1,,,0,True,False,False,1240.478271484375,1420.5406985916518,-180.0624271072768,True,True,0,ML-Robust-MPC,1180.5406985916518,800.7216303873629,494.7243807065743
1222.0,1185.1609020452247,0.0,0,36.8390979547753,0.0,36.8390979547753,0.0,0.0,0.15109099683967245,2.3655878108179422,0.0,False,0.06570813700091094,0,0,271,0,0.0,0.0,1,,,0,True,False,False,1240.9493408203125,1425.1609020452247,-184.2115612249122,True,True,0,ML-Robust-MPC,1185.1609020452247,799.4903249858095,493.80260618230335
1228.5,1185.9523343410012,0.0,0,42.54766565899877,0.0,42.54766565899877,0.0,0.0,0.15062329616628944,1.035331940770675,0.0,False,0.06935257800068939,0,0,272,0,0.0,0.0,1,,,0,True,False,False,1251.0625,1425.9523343410012,-174.88983434100123,True,True,0,ML-Robust-MPC,1185.9523343410012,801.3771600962749,493.120950834625
1202.5,1186.2280834431167,0.0,0,16.271916556883298,0.0,16.271916556883298,0.0,0.0,0.15044442886033946,0.0,0.0,False,0.09927702700224472,0,0,273,0,0.0,0.0,1,,,0,True,False,False,1258.393310546875,1426.2280834431167,-167.8347728962417,True,True,0,ML-Robust-MPC,1186.2280834431167,802.1744808129432,493.5425663726299
1136.5,1183.1665970627537,0.0,0,-46.66659706275368,46.66659706275368,0.0,0.0,0.0,0.15090739113278742,0.0,46.66659706275368,False,0.026388378002593527,0,0,274,0,0.0,0.0,1,,,0,True,False,False,1261.396484375,1423.1665970627537,-161.77011268775368,True,True,0,ML-Robust-MPC,1183.1665970627537,803.3605935804916,494.0380339537352
1172.5,1179.7495153667476,0.0,0,-7.249515366747566,7.249515366747566,0.0,0.0,0.0,0.15097931092809247,36.56745709980988,7.249515366747566,False,0.029734398998698452,0,0,275,0,0.0,0.0,1,,,0,True,False,False,1235.5732421875,1419.7495153667476,-184.17627317924757,True,True,0,ML-Robust-MPC,1179.7495153667476,804.6667066808787,495.1591687774711
1193.5,1177.1670438971692,0.0,0,16.33295610283085,0.0,16.33295610283085,0.0,0.0,0.15079977265144875,0.0,0.0,False,0.025590852997993352,0,0,276,0,0.0,0.0,1,,,0,True,False,False,1251.127685546875,1417.1670438971692,-166.03935835029415,True,True,0,ML-Robust-MPC,1177.1670438971692,804.0447107363833,498.0308537770226
1191.5,1180.0802043011552,0.0,0,11.419795698844823,0.0,11.419795698844823,0.0,0.0,0.1506742417661341,21.306116089372154,0.0,False,0.006259459998545935,0,0,277,0,0.0,0.0,1,,,0,True,False,False,1261.26806640625,1420.0802043011552,-158.81213789490516,True,True,0,ML-Robust-MPC,1180.0802043011552,799.6908888431482,497.74463381696654
1245.5,1182.6422979867689,120.0,1,-57.14229798676888,57.14229798676888,0.0,0.0,0.0,0.15124112964298694,0.0,57.14229798676888,False,0.009115130000282079,1,0,278,0,0.0,0.0,1,,,0,True,False,False,1242.0325927734375,1422.6422979867689,-180.60970521333138,True,True,0,ML-Robust-MPC,1182.6422979867689,798.5984258390611,499.0269556294383
1261.0,1153.0338897842146,150.0,1,-42.03388978421458,42.03388978421458,0.0,0.0,0.0,0.15165813251783034,57.96611021578542,42.03388978421458,False,0.0067038939996564295,0,0,279,0,0.0,0.0,1,,,0,True,False,False,1253.533447265625,1421.2580155058497,-167.7245682402247,True,True,0,ML-Robust-MPC,1181.2580155058497,797.692185671969,498.2050198831493
1246.0,1128.640454510737,180.0,1,-62.64045451073706,62.64045451073706,0.0,0.0,0.0,0.152279565598294,37.35954548926294,62.64045451073706,False,0.006756345002941089,0,0,280,0,0.0,0.0,1,,,0,True,False,False,1261.0,1423.1263042065682,-162.1263042065682,True,True,0,ML-Robust-MPC,1183.1263042065682,799.0411034088752,497.16263861095
1218.0,1008.5898679689385,210.0,1,-0.5898679689385631,0.5898679689385631,0.0,0.0,0.0,0.15228541746306523,99.41013203106144,0.5898679689385631,False,0.00507496899808757,0,0,281,0,0.0,0.0,1,,,0,True,False,False,1246.0,1425.638205172466,-179.6382051724661,True,True,0,ML-Robust-MPC,1185.638205172466,800.741516232685,496.40104851976906
1203.0,935.9403360897605,240.0,1,27.059663910239493,0.0,27.059663910239493,0.0,0.0,0.15198796699577596,100.0,0.0,False,0.004201626001304248,0,0,282,0,0.0,0.0,1,,,0,True,False,False,1218.0,1423.6179516165182,-205.6179516165182,True,True,0,ML-Robust-MPC,1183.6179516165182,801.0970849760782,496.5560626519472
1162.5,918.2739232957532,240.0,1,4.226076704246594,0.0,4.226076704246594,0.0,0.0,0.15194151229867964,100.0,0.0,False,0.003911900999810314,0,0,283,0,0.0,0.0,1,,,0,True,False,False,1221.092529296875,1426.0275000004535,-204.93497070357853,True,True,0,ML-Robust-MPC,1186.0275000004535,796.8339800897897,497.59610527782
1155.0,738.1816277994051,458.62017862393174,3,-41.80180642333676,41.80180642333676,0.0,0.0,0.0,0.15235621275922862,0.0,41.80180642333676,False,0.004499102000409039,2,0,284,0,0.0,0.0,1,,,2,True,True,False,1204.54345703125,978.1816277994051,226.36182923184492,True,True,0,ML-Robust-MPC,738.1816277994051,497.7153058931388,498.0710986138292
1174.0,739.4241354460676,442.1641213898684,3,-7.588256835935908,7.588256835935908,0.0,0.0,0.0,0.15243149308498194,0.0,7.588256835935908,False,0.00442484199811588,0,0,285,0,0.0,0.0,1,,,2,True,True,False,1208.800048828125,979.4241354460676,229.37591338205743,True,True,0,ML-Robust-MPC,739.4241354460676,499.0454313055853,499.5140765361486
1169.0,740.940742881781,465.52898368071897,3,-37.4697265625,37.4697265625,0.0,0.0,0.0,0.1528032165627845,0.0,37.4697265625,False,0.004482901000301354,0,0,286,0,0.0,0.0,1,,,2,True,True,False,1226.3095703125,980.940742881781,245.36882743071897,True,True,0,ML-Robust-MPC,740.940742881781,497.59865661465744,499.8059801894952
1184.0,741.1351829809495,474.69977795655063,3,-31.8349609375,31.8349609375,0.0,0.0,0.0,0.1531190395879581,0.0,31.8349609375,False,0.004751291999127716,0,0,287,0,0.0,0.0,1,,,2,True,True,False,1234.1177978515625,981.1351829809495,252.98261487061302,True,True,0,ML-Robust-MPC,741.1351829809495,500.4255896931574,500.0
1207.0,738.3374206792324,475.3700988520176,3,-6.70751953125,6.70751953125,0.0,0.0,0.0,0.15318558244045066,0.0,6.70751953125,False,0.004707267999037867,0,0,288,0,0.0,0.0,1,,,2,True,True,False,1229.588134765625,978.3374206792324,251.25071408639258,True,True,0,ML-Robust-MPC,738.3374206792324,500.36588917531634,497.8895736492569
1164.0,739.9793910846346,468.7580356731779,3,-44.7374267578125,44.7374267578125,0.0,0.0,0.0,0.15362940611860357,0.0,44.7374267578125,False,0.004834306997508975,0,0,289,0,0.0,0.0,1,,,2,True,True,False,1231.266845703125,979.9793910846346,251.28745461849041,True,True,0,ML-Robust-MPC,739.9793910846346,502.26174645175433,498.8593643545376
1142.5,742.7268550203352,423.83857466716483,2,-24.0654296875,24.0654296875,0.0,0.0,0.0,0.15386815046074145,0.0,24.0654296875,False,0.004292052999517182,0,1,290,0,0.0,0.0,1,,,2,True,True,False,1226.0966796875,982.7268550203352,243.36982466716483,True,True,0,ML-Robust-MPC,742.7268550203352,506.7224444915076,499.4296963475993
1130.5,745.2435509053373,393.33579479778757,2,-8.079345703125,8.079345703125,0.0,0.0,0.0,0.15394830269985976,0.0,8.079345703125,False,0.005051211999671068,0,0,291,0,0.0,0.0,1,,,2,True,True,False,1232.275390625,985.2435509053373,247.03183971966268,True,True,0,ML-Robust-MPC,745.2435509053373,505.6006816654904,499.1891208435449
1106.0,741.0191357696074,388.9710986053925,2,-23.990234375,23.990234375,0.0,0.0,0.0,0.1541863010567546,0.0,23.990234375,False,0.004799463000381365,0,0,292,0,0.0,0.0,1,,,2,True,True,False,1233.2215576171875,981.0191357696074,252.20242184758013,True,True,0,ML-Robust-MPC,741.0191357696074,504.9335801526772,498.8049455679886
1105.5,741.1511458773017,384.1708756070733,2,-19.822021484375,19.822021484375,0.0,0.0,0.0,0.15438294809529007,0.0,19.822021484375,False,0.004604142002790468,0,0,293,0,0.0,0.0,1,,,2,True,True,False,1235.4285888671875,981.1511458773017,254.2774429898858,True,True,0,ML-Robust-MPC,741.1511458773017,503.0545834195354,499.8434334930798
1138.5,740.8436518226334,408.96274466174157,2,-11.306396484375,11.306396484375,0.0,0.0,0.0,0.1544951147270795,0.0,11.306396484375,False,0.005436929001007229,0,0,294,0,0.0,0.0,1,,,2,True,True,False,1263.4593505859375,980.8436518226334,282.61569876330407,True,True,0,ML-Robust-MPC,740.8436518226334,504.1566350514812,498.985562399068
1165.5,738.3855076215418,451.7995509722082,2,-24.68505859375,24.68505859375,0.0,0.0,0.0,0.15474000618138256,0.0,24.68505859375,False,0.006673535001027631,0,0,295,0,0.0,0.0,1,,,2,True,True,False,1275.657958984375,978.3855076215418,297.2724513628332,True,True,0,ML-Robust-MPC,738.3855076215418,504.2324353323303,498.13388343980256
1203.0,740.7002755622004,480.0,2,-17.70027556220043,17.70027556220043,0.0,0.0,0.0,0.15491560415322977,0.0,17.70027556220043,False,0.0038015999998606276,0,0,296,0,0.0,0.0,1,,,2,True,True,False,1279.039794921875,980.7002755622004,298.33951935967457,True,True,0,ML-Robust-MPC,740.7002755622004,502.618143940736,498.8094256644245
1207.5,741.3637889242287,480.0,2,-13.86378892422863,13.86378892422863,0.0,0.0,0.0,0.1550531417417638,0.0,13.86378892422863,False,0.004152303001319524,0,0,297,0,0.0,0.0,1,,,2,True,True,False,1273.459228515625,981.3637889242287,292.09543959139626,True,True,0,ML-Robust-MPC,741.3637889242287,500.85874491234455,498.936430682437
1231.5,739.3998333365665,480.0,2,12.100166663433356,0.0,12.100166663433356,0.0,0.0,0.15492013195124107,0.0,0.0,False,0.005385607000789605,0,0,298,0,0.0,0.0,1,,,2,True,True,False,1274.435791015625,979.3998333365665,295.03595767905847,True,True,0,ML-Robust-MPC,739.3998333365665,497.8996488237969,498.83870845734606
1221.5,736.0802703865495,480.0,2,5.4197296134504995,0.0,5.4197296134504995,0.0,0.0,0.15486055615194624,0.0,0.0,False,0.004201930001727305,0,0,299,0,0.0,0.0,1,,,2,True,True,False,1268.6845703125,976.0802703865495,292.6042999259505,True,True,0,ML-Robust-MPC,736.0802703865495,496.2967658825933,498.8744860807533
1206.5,736.6892511221016,480.0,2,-10.189251122101723,10.189251122101723,0.0,0.0,0.0,0.15496163999244328,0.0,10.189251122101723,False,0.004373029998532729,0,0,300,0,0.0,0.0,1,,,2,True,True,False,1282.6119384765625,976.6892511221016,305.9226873544609,True,True,0,ML-Robust-MPC,736.6892511221016,498.0471765664697,497.750843621651
1213.5,738.6444524011031,474.8555475988969,2,0.0,0.0,0.0,0.0,0.0,0.15496163999244328,0.0,0.0,False,0.004451493998203659,0,0,301,0,0.0,0.0,1,,,2,True,True,False,1273.09912109375,978.6444524011031,294.4546686926469,True,True,0,ML-Robust-MPC,738.6444524011031,498.4514517767427,498.6422515742667
1201.0,739.9985522795484,478.85325436107655,2,-17.851806640625,17.851806640625,0.0,0.0,0.0,0.15513874124879867,0.0,17.851806640625,False,0.005620804000500357,0,0,302,0,0.0,0.0,1,,,2,True,True,False,1282.775146484375,979.9985522795484,302.77659420482655,True,True,0,ML-Robust-MPC,739.9985522795484,496.8796003318886,497.8455636958138
1212.0,737.4281808645435,480.0,2,-5.428180864543492,5.428180864543492,0.0,0.0,0.0,0.155192592249439,0.0,5.428180864543492,False,0.004568085998471361,0,0,303,0,0.0,0.0,1,,,2,True,True,False,1277.78662109375,977.4281808645435,300.3584402292065,True,True,0,ML-Robust-MPC,737.4281808645435,498.4104282520661,498.1570820704856
1264.5,734.3264630473639,480.0,2,50.17353695263614,0.0,50.17353695263614,0.0,0.0,0.15464106499981672,0.0,0.0,False,0.004711415000201669,0,0,304,0,0.0,0.0,1,,,2,True,True,False,1273.4140625,974.3264630473639,299.08759945263614,True,True,0,ML-Robust-MPC,734.3264630473639,496.3032984822111,498.83480830244616
1276.0,734.7630417208899,480.0,2,61.23695827911034,0.0,61.23695827911034,0.0,0.0,0.15396792427213007,0.0,0.0,False,0.004601507000188576,0,0,305,0,0.0,0.0,1,,,2,True,True,False,1286.47119140625,974.7630417208899,311.7081496853601,True,True,0,ML-Robust-MPC,734.7630417208899,495.911785858322,498.7756233691806
1298.5,739.5104851992019,480.0,2,78.98951480079813,0.0,78.98951480079813,0.0,0.0,0.1530996404617181,0.0,0.0,False,0.0044169040011183824,0,0,306,0,0.0,0.0,1,,,2,True,True,False,1282.01171875,979.5104851992019,302.50123355079813,True,True,0,ML-Robust-MPC,739.5104851992019,495.9509454379174,497.3850425517286
1286.5,741.0734586748788,496.2981953403577,3,49.128345984763484,0.0,49.128345984763484,0.0,0.0,0.15255960236225052,0.0,0.0,False,0.004796962999535026,1,0,307,0,0.0,0.0,1,,,2,True,True,False,1298.5,981.0734586748788,317.4265413251212,True,True,0,ML-Robust-MPC,741.0734586748788,496.2981953403577,497.1943505813723
1249.0,740.9761243598817,498.2265788266676,3,9.797296813450657,0.0,9.797296813450657,0.0,0.0,0.1524519066227543,0.0,0.0,False,0.005166487000678899,0,0,308,0,0.0,0.0,1,,,2,True,True,False,1286.5,980.9761243598817,305.52387564011826,True,True,0,ML-Robust-MPC,740.9761243598817,498.2265788266676,497.1680867847101
1200.0,741.3088421412795,480.0,2,-21.308842141279456,21.308842141279456,0.0,0.0,0.0,0.15266330386621937,0.0,21.308842141279456,False,0.006936939000297571,0,1,309,0,0.0,0.0,1,,,2,True,True,False,1249.0,981.3088421412795,267.69115785872054,True,True,0,ML-Robust-MPC,741.3088421412795,500.4225463919968,498.0438422744549
1185.0,737.9779613518316,454.1360523200433,2,-7.114013671875,7.114013671875,0.0,0.0,0.0,0.15273387939867844,0.0,7.114013671875,False,0.006369655999151291,0,0,310,0,0.0,0.0,1,,,2,True,True,False,1230.0673828125,977.9779613518316,252.0894214606684,True,True,0,ML-Robust-MPC,737.9779613518316,500.5521809335476,497.2323600833265
1151.5,735.7484514943023,452.03914616194766,2,-36.28759765625,36.28759765625,0.0,0.0,0.0,0.15309387540717298,0.0,36.28759765625,False,0.00604461100010667,0,0,311,0,0.0,0.0,1,,,2,True,True,False,1235.9150390625,975.7484514943023,260.16658756819766,True,True,0,ML-Robust-MPC,735.7484514943023,501.5772454359975,497.5015556372784
1170.0,733.0535501340493,449.4333883425131,2,-12.4869384765625,12.4869384765625,0.0,0.0,0.0,0.15321775376507538,0.0,12.4869384765625,False,0.005029968000599183,0,0,312,0,0.0,0.0,1,,,2,True,True,False,1226.62646484375,973.0535501340493,253.57291470970074,True,True,0,ML-Robust-MPC,733.0535501340493,501.89954334097416,497.3268490317293
1190.5,733.9168114564495,478.8292822935505,2,-22.24609375,22.24609375,0.0,0.0,0.0,0.15343844913957935,0.0,22.24609375,False,0.005453416997625027,0,0,313,0,0.0,0.0,1,,,2,True,True,False,1232.6646728515625,973.9168114564495,258.747861395113,True,True,0,ML-Robust-MPC,733.9168114564495,502.6929474919848,496.72654155453375
1241.0,731.6885800265546,480.0,2,29.31141997344548,0.0,29.31141997344548,0.0,0.0,0.15311624648410904,0.0,0.0,False,0.006653322001511697,0,0,314,0,0.0,0.0,1,,,2,True,True,False,1230.28857421875,971.6885800265546,258.59999419219537,True,True,0,ML-Robust-MPC,731.6885800265546,501.705901236167,495.758588622789
1236.0,732.6250883186865,480.0,2,23.374911681313506,0.0,23.374911681313506,0.0,0.0,0.15285930026240002,0.0,0.0,False,0.004381208000268089,0,0,315,0,0.0,0.0,1,,,2,True,True,False,1243.41259765625,972.6250883186865,270.7875093375635,True,True,0,ML-Robust-MPC,732.6250883186865,502.017159437416,496.47312440127394
1223.0,732.6114974181166,480.0,2,10.388502581883358,0.0,10.388502581883358,0.0,0.0,0.15274510575659733,0.0,0.0,False,0.003921735002222704,0,0,316,0,0.0,0.0,1,,,2,True,True,False,1236.0,972.6114974181166,263.38850258188336,True,True,0,ML-Robust-MPC,732.6114974181166,504.1956572458095,496.7314797756332
1199.5,733.1339460359063,479.1936906828437,2,-12.82763671875,12.82763671875,0.0,0.0,0.0,0.15287236405737858,0.0,12.82763671875,False,0.004731629996967968,0,0,317,0,0.0,0.0,1,,,2,True,True,False,1223.0,973.1339460359063,249.86605396409368,True,True,0,ML-Robust-MPC,733.1339460359063,502.042355709868,496.8230884767667
1182.5,738.2585200440395,447.6489506590856,2,-3.407470703125,3.407470703125,0.0,0.0,0.0,0.15290616833022705,0.0,3.407470703125,False,0.005638642000121763,0,0,318,0,0.0,0.0,1,,,2,True,True,False,1219.74560546875,978.2585200440395,241.48708542471047,True,True,0,ML-Robust-MPC,738.2585200440395,501.2485244516988,496.816713287967
1152.0,739.877783638191,434.1299067914965,2,-22.0076904296875,22.0076904296875,0.0,0.0,0.0,0.15312449859242633,0.0,22.0076904296875,False,0.00491872900238377,0,0,319,0,0.0,0.0,1,,,2,True,True,False,1229.78759765625,979.877783638191,249.90981401805902,True,True,0,ML-Robust-MPC,739.877783638191,499.92072579133264,496.7178163866683
1165.5,739.8036638921385,425.6963361078615,2,0.0,0.0,0.0,0.0,0.0,0.15312449859242633,0.0,0.0,False,0.0054140360007295385,0,0,320,0,0.0,0.0,1,,,2,True,True,False,1231.7294921875,979.8036638921385,251.9258282953615,True,True,0,ML-Robust-MPC,739.8036638921385,498.00711418049065,495.72325899462976
1172.5,737.8367653911675,450.80190648383245,2,-16.138671875,16.138671875,0.0,0.0,0.0,0.1532846044642021,0.0,16.138671875,False,0.00478071399993496,0,0,321,0,0.0,0.0,1,,,2,True,True,False,1239.9417724609375,977.8367653911675,262.10500706976995,True,True,0,ML-Robust-MPC,737.8367653911675,496.3431850391098,496.5467986582601
1204.0,741.8255164226334,470.9880822101791,2,-8.8135986328125,8.8135986328125,0.0,0.0,0.0,0.15337204095857526,0.0,8.8135986328125,False,0.0050624370014702436,0,0,322,0,0.0,0.0,1,,,2,True,True,False,1242.818603515625,981.8255164226334,260.9930870929916,True,True,0,ML-Robust-MPC,741.8255164226334,497.5321256182125,496.8163852352921
1222.5,741.658187084553,480.0,2,0.841812915447008,0.0,0.841812915447008,0.0,0.0,0.15336278741995407,0.0,0.0,False,0.005124308001541067,0,0,323,0,0.0,0.0,1,,,2,True,True,False,1241.4080810546875,981.658187084553,259.7498939701345,True,True,0,ML-Robust-MPC,741.658187084553,494.1355733244797,498.0544652287373
1217.0,742.6857824543176,480.0,2,-5.685782454317632,5.685782454317632,0.0,0.0,0.0,0.1534191939919215,0.0,5.685782454317632,False,0.0038648610025120433,0,0,324,0,0.0,0.0,1,,,2,True,True,False,1241.5908203125,982.6857824543176,258.90503785818237,True,True,0,ML-Robust-MPC,742.6857824543176,494.47122236721407,497.91374083209337
1243.0,741.4818315874383,480.0,2,21.51816841256175,0.0,21.51816841256175,0.0,0.0,0.1531826578224126,0.0,0.0,False,0.004236459000821924,0,0,325,0,0.0,0.0,1,,,2,True,True,False,1238.41064453125,981.4818315874383,256.92881294381175,True,True,0,ML-Robust-MPC,741.4818315874383,492.0342460588424,497.1424879812519
1199.5,742.7413653130491,480.0,2,-23.241365313049073,23.241365313049073,0.0,0.0,0.0,0.15341322692274048,0.0,23.241365313049073,False,0.0046290989994304255,0,0,326,0,0.0,0.0,1,,,2,True,True,False,1243.0,982.7413653130491,260.2586346869509,True,True,0,ML-Robust-MPC,742.7413653130491,494.186386721754,496.0448551303346
1181.5,743.0667477147681,446.4435061914819,2,-8.01025390625,8.01025390625,0.0,0.0,0.0,0.153492693727366,0.0,8.01025390625,False,0.004934467997372849,0,0,327,0,0.0,0.0,1,,,2,True,True,False,1247.2086181640625,983.0667477147681,264.1418704492944,True,True,0,ML-Robust-MPC,743.0667477147681,494.8465872869187,497.16499233584017
1176.0,744.2741456306899,431.7258543693101,2,0.0,0.0,0.0,0.0,0.0,0.153492693727366,0.0,0.0,False,0.00490698099747533,0,0,328,0,0.0,0.0,1,,,2,True,True,False,1251.9056396484375,984.2741456306899,267.6314940177476,True,True,0,ML-Robust-MPC,744.2741456306899,495.5757367330194,499.10717198737416
1134.0,745.9293729806847,434.88996295681534,2,-46.8193359375,46.8193359375,0.0,0.0,0.0,0.1539571712664285,0.0,46.8193359375,False,0.004466422000405146,0,0,329,0,0.0,0.0,1,,,2,True,True,False,1264.09326171875,985.9293729806847,278.16388873806534,True,True,0,ML-Robust-MPC,745.9293729806847,494.0050763597311,499.30266005084593
1159.0,740.9130259276745,436.88519184576296,2,-18.7982177734375,18.7982177734375,0.0,0.0,0.0,0.15414366152211736,0.0,18.7982177734375,False,0.004523816998698749,0,0,330,0,0.0,0.0,1,,,2,True,True,False,1254.3443603515625,980.9130259276745,273.43133442388796,True,True,0,ML-Robust-MPC,740.9130259276745,493.5654229255976,498.3607689687354
1189.0,745.6773702550109,468.43115025280156,2,-25.1085205078125,25.1085205078125,0.0,0.0,0.0,0.15439275398747265,0.0,25.1085205078125,False,0.004490444000111893,0,0,331,0,0.0,0.0,1,,,2,True,True,False,1253.08740234375,985.6773702550109,267.41003208873906,True,True,0,ML-Robust-MPC,745.6773702550109,494.9615475002772,497.4764617224635
1220.0,743.035668641716,480.0,2,-3.035668641716029,3.035668641716029,0.0,0.0,0.0,0.15442286974780714,0.0,3.035668641716029,False,0.004232404000504175,0,0,332,0,0.0,0.0,1,,,2,True,True,False,1253.560791015625,983.035668641716,270.52512237390897,True,True,0,ML-Robust-MPC,743.035668641716,495.5064821469541,497.7807690119855
1227.5,744.6105275844914,480.0,2,2.889472415508635,0.0,2.889472415508635,0.0,0.0,0.1543911075306908,0.0,0.0,False,0.003845974999421742,0,0,333,0,0.0,0.0,1,,,2,True,True,False,1248.529052734375,984.6105275844914,263.91852514988364,True,True,0,ML-Robust-MPC,744.6105275844914,496.7741656648515,498.1493332045586
1222.5,745.8606232974395,480.0,2,-3.3606232974393606,3.3606232974393606,0.0,0.0,0.0,0.15442444704753047,0.0,3.3606232974393606,False,0.004192784002952976,0,0,334,0,0.0,0.0,1,,,2,True,True,False,1233.5926513671875,985.8606232974395,247.73202806974803,True,True,0,ML-Robust-MPC,745.8606232974395,497.3560322269543,498.2328610593599
1246.5,745.7312272067084,480.0,2,20.768772793291646,0.0,20.768772793291646,0.0,0.0,0.15419614852937882,0.0,0.0,False,0.004405243002111092,0,0,335,0,0.0,0.0,1,,,2,True,True,False,1239.7882080078125,985.7312272067084,254.05698080110415,True,True,0,ML-Robust-MPC,745.7312272067084,496.87947942866833,500.0
1216.5,744.5246691288531,480.0,2,-8.02466912885302,8.02466912885302,0.0,0.0,0.0,0.15427575834216506,0.0,8.02466912885302,False,0.005149855998752173,0,0,336,0,0.0,0.0,1,,,2,True,True,False,1250.5389404296875,984.5246691288531,266.01427130083437,True,True,0,ML-Robust-MPC,744.5246691288531,498.70023406747583,500.0
1177.5,745.8288799986534,463.5065692200965,2,-31.83544921875,31.83544921875,0.0,0.0,0.0,0.15459158621139868,0.0,31.83544921875,False,0.004414402999827871,0,0,337,0,0.0,0.0,1,,,2,True,True,False,1251.1982421875,985.8288799986534,265.3693621888466,True,True,0,ML-Robust-MPC,745.8288799986534,499.0068484261448,500.0
1191.5,746.6061053575228,444.89389464247733,2,0.0,0.0,0.0,0.0,0.0,0.15459158621139868,0.0,0.0,False,0.004470749001484364,0,0,338,0,0.0,0.0,1,,,2,True,True,False,1250.98046875,986.6061053575228,264.3743633924772,True,True,0,ML-Robust-MPC,746.6061053575228,496.8128031969805,500.0
1182.0,748.116244635093,465.35384813834435,2,-31.4700927734375,31.4700927734375,0.0,0.0,0.0,0.15490378951272246,0.0,31.4700927734375,False,0.004351534000306856,0,0,339,0,0.0,0.0,1,,,2,True,True,False,1252.43896484375,988.116244635093,264.32272020865696,True,True,0,ML-Robust-MPC,748.116244635093,498.0600519846121,500.0
1228.0,745.3351063457345,480.0,2,2.6648936542654837,0.0,2.6648936542654837,0.0,0.0,0.1548744959536684,0.0,0.0,False,0.0037042180010757875,0,0,340,0,0.0,0.0,1,,,2,True,True,False,1255.57568359375,985.3351063457345,270.2405772480155,True,True,0,ML-Robust-MPC,745.3351063457345,497.42797419803577,500.0
1227.5,745.5134385821867,480.0,2,1.986561417813391,0.0,1.986561417813391,0.0,0.0,0.15485265888932098,0.0,0.0,False,0.0041971230020863,0,0,341,0,0.0,0.0,1,,,2,True,True,False,1252.626708984375,985.5134385821867,267.1132704021883,True,True,0,ML-Robust-MPC,745.5134385821867,497.0133555212672,500.0
1227.0,743.3755214565385,480.0,2,3.624478543461464,0.0,3.624478543461464,0.0,0.0,0.15481281719579482,0.0,0.0,False,0.004288067000743467,0,0,342,0,0.0,0.0,1,,,2,True,True,False,1244.492431640625,983.3755214565385,261.11691018408646,True,True,0,ML-Robust-MPC,743.3755214565385,497.5555889109993,500.0
1209.5,741.6812814517851,480.0,2,-12.181281451785253,12.181281451785253,0.0,0.0,0.0,0.1549336632419435,0.0,12.181281451785253,False,0.004386762997455662,0,0,343,0,0.0,0.0,1,,,2,True,True,False,1227.0,981.6812814517851,245.31871854821486,True,True,0,ML-Robust-MPC,741.6812814517851,495.8490529387776,500.0
1180.5,737.7337501402818,467.9618065003433,2,-25.195556640625,25.195556640625,0.0,0.0,0.0,0.15518361916099732,0.0,25.195556640625,False,0.004259526998794172,0,0,344,0,0.0,0.0,1,,,2,True,True,False,1209.5,977.7337501402818,231.7662498597182,True,True,0,ML-Robust-MPC,737.7337501402818,497.094863166526,500.0
1155.5,735.1331755221917,435.8367951809332,2,-15.469970703125,15.469970703125,0.0,0.0,0.0,0.15533709109257593,0.0,15.469970703125,False,0.0047740650006744545,0,0,345,0,0.0,0.0,1,,,2,True,True,False,1192.954345703125,975.1331755221917,217.82117018093334,True,True,0,ML-Robust-MPC,735.1331755221917,497.7138304604952,500.0
1128.5,733.3735649896103,414.90548774476474,2,-19.779052734375,19.779052734375,0.0,0.0,0.0,0.15553331185382965,0.0,19.779052734375,False,0.004469732997677056,0,0,346,0,0.0,0.0,1,,,2,True,True,False,1194.8731689453125,973.3735649896103,221.49960395570224,True,True,0,ML-Robust-MPC,733.3735649896103,497.388403711578,500.0
1134.5,735.4335811297933,402.2682010967692,2,-3.2017822265625,3.2017822265625,0.0,0.0,0.0,0.15556507556639476,0.0,3.2017822265625,False,0.005191716001718305,0,0,347,0,0.0,0.0,1,,,2,True,True,False,1210.85986328125,975.4335811297933,235.4262821514567,True,True,0,ML-Robust-MPC,735.4335811297933,496.82788791438566,499.2218732785319
1134.5,732.0238058987878,427.3509499605872,2,-24.874755859375,24.874755859375,0.0,0.0,0.0,0.15581184893801556,0.0,24.874755859375,False,0.0051525489980122074,0,0,348,0,0.0,0.0,1,,,2,True,True,False,1252.955810546875,972.0238058987878,280.9320046480872,True,True,0,ML-Robust-MPC,732.0238058987878,494.9015929614636,499.4945925297814
1155.0,735.5847862211346,447.43889541949045,2,-28.023681640625,28.023681640625,0.0,0.0,0.0,0.1560898616527043,0.0,28.023681640625,False,0.004078434001712594,0,0,349,0,0.0,0.0,1,,,2,True,True,False,1270.791748046875,975.5847862211346,295.20696182574045,True,True,0,ML-Robust-MPC,735.5847862211346,495.99057512882297,499.7873235248675
1178.5,733.7243320320937,469.0393398429063,2,-24.263671875,24.263671875,0.0,0.0,0.0,0.15633057268321027,0.0,24.263671875,False,0.005626738002320053,0,0,350,0,0.0,0.0,1,,,2,True,True,False,1280.98779296875,973.7243320320937,307.2634609366563,True,True,0,ML-Robust-MPC,733.7243320320937,496.2798333899343,500.0
1214.0,735.5528801302149,478.44711986978507,2,0.0,0.0,0.0,0.0,0.0,0.15633057268321027,0.0,0.0,False,0.004234534000715939,0,0,351,0,0.0,0.0,1,,,2,True,True,False,1269.22119140625,975.5528801302149,293.66831127603507,True,True,0,ML-Robust-MPC,735.5528801302149,495.50290993465154,500.0
1180.5,738.7126572557604,479.3041884473646,2,-37.516845703125,37.516845703125,0.0,0.0,0.0,0.15670276361280477,0.0,37.516845703125,False,0.004078073998243781,0,0,352,0,0.0,0.0,1,,,2,True,True,False,1265.736328125,978.7126572557604,287.0236708692396,True,True,0,ML-Robust-MPC,738.7126572557604,495.6074744522209,500.0
1166.0,741.565706558932,443.6714760582555,2,-19.2371826171875,19.2371826171875,0.0,0.0,0.0,0.15689360867845148,0.0,19.2371826171875,False,0.003887747003318509,0,0,353,0,0.0,0.0,1,,,2,True,True,False,1265.05419921875,981.565706558932,283.488492659818,True,True,0,ML-Robust-MPC,741.565706558932,493.66060912837673,500.0
1142.5,742.302537042885,424.57795612117764,2,-24.3804931640625,24.3804931640625,0.0,0.0,0.0,0.15713547865031718,0.0,24.3804931640625,False,0.004644218999601435,0,0,354,0,0.0,0.0,1,,,2,True,True,False,1262.13623046875,982.302537042885,279.833693425865,True,True,0,ML-Robust-MPC,742.302537042885,496.64617808669936,499.8706299618276
1186.0,740.2246558817626,445.7753441182374,2,0.0,0.0,0.0,0.0,0.0,0.15713547865031718,0.0,0.0,False,0.004976975000317907,0,0,355,0,0.0,0.0,1,,,2,True,True,False,1264.6082763671875,980.2246558817626,284.3836204854249,True,True,0,ML-Robust-MPC,740.2246558817626,498.2784624468133,497.7421125535993
1151.0,740.467674302048,449.44773097138955,2,-38.9154052734375,38.9154052734375,0.0,0.0,0.0,0.1575215441788235,0.0,38.9154052734375,False,0.004540147998341126,0,0,356,0,0.0,0.0,1,,,2,True,True,False,1277.373046875,980.467674302048,296.90537257295205,True,True,0,ML-Robust-MPC,740.467674302048,499.19573334374826,497.4157283973576
1148.0,735.4370286810503,470.1777174126995,2,-57.61474609374977,57.61474609374977,0.0,0.0,0.0,0.15809311904086468,0.0,57.61474609374977,False,0.09478154000316863,0,0,357,0,0.0,0.0,1,,,2,True,True,False,1281.606201171875,975.4370286810503,306.16917249082474,True,True,0,ML-Robust-MPC,735.4370286810503,499.9975080401584,497.404476451056
1205.0,737.792163235122,479.52558578831554,2,-12.3177490234375,12.3177490234375,0.0,0.0,0.0,0.15821531893197022,0.0,12.3177490234375,False,0.004572540998196928,0,0,358,0,0.0,0.0,1,,,2,True,True,False,1270.9508056640625,977.792163235122,293.15864242894054,True,True,0,ML-Robust-MPC,737.792163235122,498.8743668960797,497.57343418368816
1232.0,734.5880419316345,480.0,2,17.411958068365493,0.0,17.411958068365493,0.0,0.0,0.1580239198413889,0.0,0.0,False,0.007392831001197919,0,0,359,0,0.0,0.0,1,,,2,True,True,False,1258.6595458984375,974.5880419316345,284.071503966803,True,True,0,ML-Robust-MPC,734.5880419316345,497.61917408592456,497.2284817524505
