load_kw,grid_kw,generator_kw,generator_units_on,storage_kw,charge_kw,discharge_kw,unserved_kw,spill_kw,soc,grid_headroom_storage_preservation_kw,grid_headroom_storage_charge_kw,v15_generator_first_guard_active,decision_seconds,generator_startup_units,generator_shutdown_units,step,risk_level,risk_reserve_kw,applied_risk_reserve_kw,forecast_scenario_count,cvar_alpha,cvar_weight,minimum_committed_generator_units,low_soc_commitment_guard_evaluated,low_soc_commitment_guard_triggered,low_soc_commitment_reachability_truncated,low_soc_commitment_forecast_peak_kw,low_soc_single_unit_firm_supply_kw,low_soc_commitment_deficit_kw,generator_before_storage,supervisory_protection_active,supervisory_safe_exit_counter,selected_controller,grid_available_capacity_kw,generator_available_capacity_kw,storage_available_power_kw
1168.0,137.69806904427907,240.8996819872114,2,127.19350982687038,0.0,127.19350982687038,662.2087391416392,0.0,0.24131456670375795,0.0,0.0,False,0.004733687001134967,1,0,0,0,0.0,0.0,1,,,2,True,True,False,1279.729736328125,377.69806904427907,902.031667283846,True,True,0,ML-Robust-MPC,137.69806904427907,240.8996819872114,127.19350982687038
1247.5,137.63785053088338,241.0830113483802,2,131.83985617110113,0.0,131.83985617110113,736.9392819496353,0.0,0.23986533115687428,0.0,0.0,False,0.009461370998906204,0,0,1,0,0.0,0.0,1,,,2,True,True,False,1265.074951171875,377.6378505308834,887.4371006409916,True,True,0,ML-Robust-MPC,137.63785053088338,241.0830113483802,131.83985617110113
1246.0,138.9468297332021,240.92009997622003,2,128.65193419742494,0.0,128.65193419742494,737.4811360931529,0.0,0.23845113850201977,0.0,0.0,False,0.009121900002355687,0,0,2,0,0.0,0.0,1,,,2,True,True,False,1289.675537109375,378.9468297332021,910.7287073761729,True,True,0,ML-Robust-MPC,138.9468297332021,240.92009997622003,128.65193419742494
1246.0,141.241075368392,242.460406432412,2,124.69051938689616,0.0,124.69051938689616,737.6079988122998,0.0,0.23708049127664388,0.0,0.0,False,0.005687136002961779,0,0,3,0,0.0,0.0,1,,,2,True,True,False,1275.723388671875,381.241075368392,894.482313303483,True,True,0,ML-Robust-MPC,141.241075368392,242.460406432412,124.69051938689616
1252.0,142.15997933077165,242.28442398785413,2,126.64749390830438,0.0,126.64749390830438,740.9081027730699,0.0,0.2356883322177213,0.0,0.0,False,0.008854906001943164,0,0,4,0,0.0,0.0,1,,,2,True,True,False,1246.0,382.15997933077165,863.8400206692284,True,True,0,ML-Robust-MPC,142.15997933077165,242.28442398785413,126.64749390830438
1237.0,144.68043676891511,242.30655874291844,2,134.9763857032647,0.0,134.9763857032647,715.0366187849017,0.0,0.23420461870473638,0.0,0.0,False,0.009317117001046427,0,0,5,0,0.0,0.0,1,,,2,True,True,False,1252.0,384.6804367689151,867.3195632310849,True,True,0,ML-Robust-MPC,144.68043676891511,242.30655874291844,134.9763857032647
1240.5,143.75127245454993,239.5496176621652,1,133.40690985757567,0.0,133.40690985757567,723.7922000257092,0.0,0.2327381574874654,0.0,0.0,False,0.004582239998853765,0,0,6,0,0.0,0.0,1,,,1,True,True,True,1237.0,383.3008901167151,853.6991098832849,True,True,0,ML-Robust-MPC,143.75127245454993,239.5496176621652,133.40690985757567
1199.5,144.44784201651072,239.5352948164718,1,132.77050682650292,0.0,132.77050682650292,682.7463563405146,0.0,0.2312786918625863,0.0,0.0,False,0.00452306900115218,0,0,7,0,0.0,0.0,1,,,1,True,True,True,1240.5,383.9831368329825,856.5168631670175,True,True,0,ML-Robust-MPC,144.44784201651072,239.5352948164718,132.77050682650292
1116.0,143.09210918908482,241.8344464459836,2,129.33220862065906,0.0,129.33220862065906,601.7412357442724,0.0,0.22985702136374425,0.0,0.0,False,0.004323233999457443,1,0,8,0,0.0,0.0,1,,,2,True,True,False,1199.5,383.0921091890848,816.4078908109152,True,True,0,ML-Robust-MPC,143.09210918908482,241.8344464459836,129.33220862065906
1016.5,143.76230424238503,241.9717734556719,2,131.71340088649896,0.0,131.71340088649896,499.0525214154441,0.0,0.2284091758630792,0.0,0.0,False,0.0054228810004133265,0,0,9,0,0.0,0.0,1,,,2,True,True,False,1116.0,383.762304242385,732.237695757615,True,True,0,ML-Robust-MPC,143.76230424238503,241.9717734556719,131.71340088649896
1014.0,142.6639464814542,242.9404061147175,2,134.62294609907013,0.0,134.62294609907013,493.7727013047582,0.0,0.2269293474972186,0.0,0.0,False,0.005490187999384943,0,0,10,0,0.0,0.0,1,,,2,True,True,False,1016.5,382.6639464814542,633.8360535185458,True,True,0,ML-Robust-MPC,142.6639464814542,242.9404061147175,134.62294609907013
997.5,144.53105069559922,243.8441630541336,2,133.86864058824585,0.0,133.86864058824585,475.25614566202137,0.0,0.2254578107541741,0.0,0.0,False,0.008830681999825174,0,0,11,0,0.0,0.0,1,,,2,True,True,False,1014.0,384.5310506955992,629.4689493044008,True,True,0,ML-Robust-MPC,144.53105069559922,243.8441630541336,133.86864058824585
921.0,146.0942113091412,242.88040989588904,2,131.6372652917254,0.0,131.6372652917254,400.3881135032444,0.0,0.22401080216590818,0.0,0.0,False,0.009070822001376655,0,0,12,0,0.0,0.0,1,,,2,True,True,False,997.5,386.0942113091412,611.4057886908588,True,True,0,ML-Robust-MPC,146.0942113091412,242.88040989588904,131.6372652917254
941.0,145.7915857527801,242.9677963027872,2,130.80355694892745,0.0,130.80355694892745,421.4370609955052,0.0,0.22257295802761368,0.0,0.0,False,0.008980487000371795,0,0,13,0,0.0,0.0,1,,,2,True,True,False,921.0,385.79158575278007,535.2084142472199,True,True,0,ML-Robust-MPC,145.7915857527801,242.9677963027872,130.80355694892745
846.0,144.572013513875,243.30494806894765,2,121.834767608569,0.0,121.834767608569,336.28827080860833,0.0,0.22123370234884912,0.0,0.0,False,0.00828239600014058,0,0,14,0,0.0,0.0,1,,,2,True,True,False,941.0,384.572013513875,556.4279864861251,True,True,0,ML-Robust-MPC,144.572013513875,243.30494806894765,121.834767608569
819.5,144.34798907403385,243.4149997399656,2,116.59142086424087,0.0,116.59142086424087,315.1455903217597,0.0,0.219952083599517,0.0,0.0,False,0.008951823998359032,0,0,15,0,0.0,0.0,1,,,2,True,True,False,846.0,384.3479890740339,461.6520109259661,True,True,0,ML-Robust-MPC,144.34798907403385,243.4149997399656,116.59142086424087
797.5,145.78484516248835,242.9824972287826,2,118.01249338384,0.0,118.01249338384,290.720164224889,0.0,0.218654843862193,0.0,0.0,False,0.008795116998953745,0,0,16,0,0.0,0.0,1,,,2,True,True,False,819.5,385.78484516248835,433.71515483751165,True,True,0,ML-Robust-MPC,145.78484516248835,242.9824972287826,118.01249338384
738.5,146.15962010800774,243.5513619046081,2,118.72528573076796,0.0,118.72528573076796,230.06373225661622,0.0,0.2173497688310761,0.0,0.0,False,0.008953250999184093,0,0,17,0,0.0,0.0,1,,,2,True,True,False,797.5,386.15962010800774,411.34037989199226,True,True,0,ML-Robust-MPC,146.15962010800774,243.5513619046081,118.72528573076796
727.0,147.6196430154443,244.28243199403104,2,123.7116990128645,0.0,123.7116990128645,211.3862259776602,0.0,0.21598988118418624,0.0,0.0,False,0.008122682997054653,0,0,18,0,0.0,0.0,1,,,2,True,True,False,738.5,387.6196430154443,350.8803569845557,True,True,0,ML-Robust-MPC,147.6196430154443,244.28243199403104,123.7116990128645
698.5,144.91349909477063,244.36259467546083,2,118.8136564788804,0.0,118.8136564788804,190.41024975088814,0.0,0.21468383474705305,0.0,0.0,False,0.00840787700144574,0,0,19,0,0.0,0.0,1,,,2,True,True,False,727.0,384.9134990947706,342.0865009052294,True,True,0,ML-Robust-MPC,144.91349909477063,244.36259467546083,118.8136564788804
668.0,145.03101244715845,243.19257811900863,2,126.36675885299172,0.0,126.36675885299172,153.40965058084117,0.0,0.21329476163826142,0.0,0.0,False,0.008452286001556786,0,0,20,0,0.0,0.0,1,,,2,True,True,False,698.5,385.03101244715845,313.46898755284155,True,True,0,ML-Robust-MPC,145.03101244715845,243.19257811900863,126.36675885299172
674.5,148.6168842125371,242.771009807796,2,128.92747697013672,0.0,128.92747697013672,154.1846290095302,0.0,0.21187754010888823,0.0,0.0,False,0.005861591002030764,0,0,21,0,0.0,0.0,1,,,2,True,True,False,668.0,388.6168842125371,279.3831157874629,True,True,0,ML-Robust-MPC,148.6168842125371,242.771009807796,128.92747697013672
582.5,142.95814912127878,242.7778914969992,2,140.47012309358385,0.0,140.47012309358385,56.29383628813818,0.0,0.21033343727402054,0.0,0.0,False,0.007199635001597926,0,0,22,0,0.0,0.0,1,,,2,True,True,False,674.5,382.9581491212788,291.5418508787212,True,True,0,ML-Robust-MPC,142.95814912127878,242.7778914969992,140.47012309358385
572.0,139.02267960036613,241.57718861573176,2,147.70240676602683,0.0,147.70240676602683,43.697725017875285,0.0,0.20870983433282955,0.0,0.0,False,0.00618039699838846,0,0,23,0,0.0,0.0,1,,,2,True,True,False,605.962646484375,379.02267960036613,226.93996688400887,True,True,0,ML-Robust-MPC,139.02267960036613,241.57718861573176,147.70240676602683
556.0,138.51204016431666,239.4936970386376,1,143.49650348735426,0.0,143.49650348735426,34.497759309691475,0.0,0.2071324643345075,0.0,0.0,False,0.004081523002241738,0,0,24,0,0.0,0.0,1,,,1,True,True,True,572.0,378.00573720295426,193.99426279704574,True,True,0,ML-Robust-MPC,138.51204016431666,239.4936970386376,143.49650348735426
537.0,136.9241242522076,239.38231574315247,1,142.58855850008962,0.0,142.58855850008962,18.10500150455033,0.0,0.2055650748245474,0.0,0.0,False,0.004386949000036111,0,0,25,0,0.0,0.0,1,,,1,True,True,True,556.0,376.30643999536005,179.69356000463995,True,True,0,ML-Robust-MPC,136.9241242522076,239.38231574315247,142.58855850008962
505.5,138.7653614454062,237.89172326613632,1,128.84291528845742,0.0,128.84291528845742,0.0,0.0,0.20414878283043428,0.0,0.0,False,0.003951580001739785,0,0,26,0,0.0,0.0,1,,,1,True,True,True,537.0,376.65708471154255,160.34291528845745,True,True,0,ML-Robust-MPC,138.7653614454062,237.89172326613632,137.2060289047928
468.0,139.38064421454683,238.72342899106675,1,89.89592679438641,0.0,89.89592679438641,0.0,0.0,0.20316061145029107,0.0,0.0,False,0.004186092999589164,0,0,27,0,0.0,0.0,1,,,1,True,True,True,514.6643676757812,378.1040732056136,136.56029447016766,True,True,0,ML-Robust-MPC,139.38064421454683,238.72342899106675,138.47235736964362
490.0,142.15786652038776,239.0051807994265,1,108.83695268018573,0.0,108.83695268018573,0.0,0.0,0.2019642328647902,0.0,0.0,False,0.0039352830026473384,0,0,28,0,0.0,0.0,1,,,1,True,True,True,493.4819030761719,381.16304731981427,112.3188557563576,True,True,0,ML-Robust-MPC,142.15786652038776,239.0051807994265,143.25990064690575
478.5,145.50500610759372,238.86736340045604,1,94.12763049195024,0.0,94.12763049195024,0.0,0.0,0.20092954493342727,0.0,0.0,False,0.003977714000939159,0,0,29,0,0.0,0.0,1,,,1,True,True,True,490.0,384.37236950804976,105.62763049195024,True,True,0,ML-Robust-MPC,145.50500610759372,238.86736340045604,142.17068399325817
459.0,148.06351333892889,238.08795268676005,1,72.84853397431107,0.0,72.84853397431107,0.0,0.0,0.20012876519928588,0.0,0.0,False,0.003987419000623049,0,0,30,0,0.0,0.0,1,,,1,True,True,True,478.5,386.15146602568893,92.34853397431107,True,True,0,ML-Robust-MPC,148.06351333892889,238.08795268676005,144.0989481066343
435.5,149.32432021875292,237.52400356397524,1,48.65167621727187,0.0,48.65167621727187,0.0,0.0,0.19959396684135958,0.0,0.0,False,0.0039021219999995083,0,0,31,0,0.0,0.0,1,,,1,True,True,True,467.79730224609375,386.84832378272813,80.94897846336562,True,True,0,ML-Robust-MPC,149.32432021875292,237.52400356397524,144.03547517777056
469.5,152.0703875741694,236.70509108038848,1,80.72452134544208,0.0,80.72452134544208,0.0,0.0,0.1987066111566935,0.0,0.0,False,0.005141649999131914,0,0,32,0,0.0,0.0,1,,,1,True,True,True,447.37030029296875,388.7754786545579,58.59482163841085,True,True,0,ML-Robust-MPC,152.0703875741694,236.70509108038848,150.0766329829992
421.5,154.43515231711976,237.09717318063696,1,29.967674502243312,0.0,29.967674502243312,0.0,0.0,0.19837719469336146,0.0,0.0,False,0.004372061997855781,0,0,33,0,0.0,0.0,1,,,1,True,True,True,469.5,391.5323254977567,77.96767450224331,True,True,0,ML-Robust-MPC,154.43515231711976,237.09717318063696,155.2438361174839
424.0,156.24273066244552,238.717164172421,1,29.04010516513347,0.0,29.04010516513347,0.0,0.0,0.1980579744369624,0.0,0.0,False,0.004787591999047436,0,0,34,0,0.0,0.0,1,,,1,True,True,True,442.0860900878906,394.95989483486653,47.12619525302409,True,True,0,ML-Robust-MPC,156.24273066244552,238.717164172421,145.14198126089747
426.5,159.48385568667192,239.2904672875281,1,27.725677025799996,0.0,27.725677025799996,0.0,0.0,0.19775320289158801,0.0,0.0,False,0.004728257001261227,0,0,35,0,0.0,0.0,1,,,1,True,True,True,432.55682373046875,398.7743229742,33.782500756268746,True,True,0,ML-Robust-MPC,159.48385568667192,239.2904672875281,140.16743844086304
400.0,158.06058935838666,240.4599058737095,2,1.4795047679038476,0.0,1.4795047679038476,0.0,0.0,0.19773693959334346,0.0,0.0,False,0.004128918997594155,1,0,36,0,0.0,0.0,1,,,2,True,True,False,432.059814453125,398.06058935838666,33.999225094738335,True,True,0,ML-Robust-MPC,158.06058935838666,240.4599058737095,147.58154373680708
410.0,155.21058224099843,241.7249923965792,2,13.064425362422384,0.0,13.064425362422384,0.0,0.0,0.19759333029199336,0.0,0.0,False,0.004728660002001561,0,0,37,0,0.0,0.0,1,,,2,True,True,False,429.85614013671875,395.2105822409984,34.645557895720344,True,True,0,ML-Robust-MPC,155.21058224099843,241.7249923965792,147.9976766334893
424.5,154.48801281025683,239.0112568939096,1,31.00073029583359,0.0,31.00073029583359,0.0,0.0,0.19725255807311465,0.0,0.0,False,0.002554499002144439,0,0,38,0,0.0,0.0,1,,,1,True,True,True,430.523193359375,393.4992697041664,37.02392365520859,True,True,0,ML-Robust-MPC,154.48801281025683,239.0112568939096,146.01158505469812
381.5,151.42451639276987,238.7305660847425,1,-8.655082477512337,8.655082477512337,0.0,0.0,0.0,0.19733842198658202,0.0,8.655082477512337,False,0.0026648330021998845,0,0,39,0,0.0,0.0,1,,,1,True,True,True,433.69805908203125,390.15508247751234,43.54297660451891,True,True,0,ML-Robust-MPC,151.42451639276987,238.7305660847425,141.96862340377427
418.5,149.78416358933163,238.7495400871826,1,29.96629632348578,0.0,29.96629632348578,0.0,0.0,0.19700902067273288,0.0,0.0,False,0.002805738000461133,0,0,40,0,0.0,0.0,1,,,1,True,True,True,430.014892578125,388.5337036765142,41.48118890161078,True,True,0,ML-Robust-MPC,149.78416358933163,238.7495400871826,146.73045275623744
405.5,150.6550719658358,238.0979793337692,1,16.74694870039501,0.0,16.74694870039501,0.0,0.0,0.1968249316266484,0.0,0.0,False,0.003818485998635879,0,0,41,0,0.0,0.0,1,,,1,True,True,True,434.7447509765625,388.753051299605,45.99169967695752,True,True,0,ML-Robust-MPC,150.6550719658358,238.0979793337692,137.22691501288102
380.0,151.08388731953286,238.5659867351829,1,-9.649874054715724,9.649874054715724,0.0,0.0,0.0,0.19692066450417536,0.0,9.649874054715724,False,0.00481039599981159,0,0,42,0,0.0,0.0,1,,,1,True,True,True,447.4248352050781,389.6498740547157,57.7749611503624,True,True,0,ML-Robust-MPC,151.08388731953286,238.5659867351829,142.50800588754117
411.5,153.26147934573612,239.11162992050572,1,19.12689073375816,0.0,19.12689073375816,0.0,0.0,0.19671041419931498,0.0,0.0,False,0.003765288998692995,0,0,43,0,0.0,0.0,1,,,1,True,True,True,452.8714599609375,392.37310926624184,60.49835069469566,True,True,0,ML-Robust-MPC,153.26147934573612,239.11162992050572,135.62188623532276
407.0,155.05241258193576,238.77974612764052,1,13.167841290423723,0.0,13.167841290423723,0.0,0.0,0.19656566810941453,0.0,0.0,False,0.004233910000039032,0,0,44,0,0.0,0.0,1,,,1,True,True,True,467.043701171875,393.8321587095763,73.21154246229872,True,True,0,ML-Robust-MPC,155.05241258193576,238.77974612764052,145.12579433737136
405.5,156.67031488364745,238.6709892811812,1,10.15869583517133,0.0,10.15869583517133,0.0,0.0,0.19645399972974636,0.0,0.0,False,0.004115807998459786,0,0,45,0,0.0,0.0,1,,,1,True,True,True,479.4560546875,395.34130416482867,84.11475052267133,True,True,0,ML-Robust-MPC,156.67031488364745,238.6709892811812,149.6922650687126
385.5,155.32901848705953,236.51922839434985,1,-6.348246881409409,6.348246881409409,0.0,0.0,0.0,0.19651697836944287,0.0,6.348246881409409,False,0.004182820001005894,0,0,46,0,0.0,0.0,1,,,1,True,True,True,488.45953369140625,391.8482468814094,96.61128680999684,True,True,0,ML-Robust-MPC,155.32901848705953,236.51922839434985,152.18489235123295
415.5,154.97168963772,237.17103833224107,1,23.357272030038928,0.0,23.357272030038928,0.0,0.0,0.19626022604971768,0.0,0.0,False,0.004006354000011925,0,0,47,0,0.0,0.0,1,,,1,True,True,True,478.547607421875,392.1427279699611,86.40487945191393,True,True,0,ML-Robust-MPC,154.97168963772,237.17103833224107,148.46804687039898
435.0,153.61165179534487,235.1274062429416,1,46.26094196171357,0.0,46.26094196171357,0.0,0.0,0.19575170758291785,0.0,0.0,False,0.00446024499979103,0,0,48,0,0.0,0.0,1,,,1,True,True,True,495.9671936035156,388.73905803828643,107.2281355652292,True,True,0,ML-Robust-MPC,153.61165179534487,235.1274062429416,138.38458292359908
480.0,153.84670560995428,235.0164291477126,1,91.1368652423331,0.0,91.1368652423331,0.0,0.0,0.1947498953193386,0.0,0.0,False,0.004070355000294512,0,0,49,0,0.0,0.0,1,,,1,True,True,True,518.8011474609375,388.8631347576669,129.9380127032706,True,True,0,ML-Robust-MPC,153.84670560995428,235.0164291477126,134.71791750626565
469.0,155.47561956258326,235.5989661246136,1,77.92541431280313,0.0,77.92541431280313,0.0,0.0,0.19389330851996292,0.0,0.0,False,0.00497611699756817,0,0,50,0,0.0,0.0,1,,,1,True,True,True,560.6450805664062,391.0745856871969,169.57049487920938,True,True,0,ML-Robust-MPC,155.47561956258326,235.5989661246136,132.63518116769842
507.5,158.1246907780943,236.27747120470232,1,113.09783801720334,0.0,113.09783801720334,0.0,0.0,0.19265009260718532,0.0,0.0,False,0.0039553469978272915,0,0,51,0,0.0,0.0,1,,,1,True,True,True,590.0355224609375,394.40216198279666,195.63336047814084,True,True,0,ML-Robust-MPC,158.1246907780943,236.27747120470232,133.05233845499248
503.5,158.22009646385632,238.97858696731583,1,106.30131656882781,0.0,106.30131656882781,0.0,0.0,0.19148158673099455,0.0,0.0,False,0.004175259000476217,0,0,52,0,0.0,0.0,1,,,1,True,True,True,651.1669311523438,397.1986834311722,253.96824772117156,True,True,0,ML-Robust-MPC,158.22009646385632,238.97858696731583,138.6998678201827
510.5,158.7612929254185,236.1071307711812,1,115.63157630340027,0.0,115.63157630340027,0.0,0.0,0.1902105189705474,0.0,0.0,False,0.005367920999560738,0,0,53,0,0.0,0.0,1,,,1,True,True,True,679.0784912109375,394.86842369659973,284.21006751433777,True,True,0,ML-Robust-MPC,158.7612929254185,236.1071307711812,138.02495224562747
510.0,154.14270320431473,234.02545085564765,1,121.83184594003762,0.0,121.83184594003762,0.0,0.0,0.1888712954079123,0.0,0.0,False,0.005506164001417346,0,0,54,0,0.0,0.0,1,,,1,True,True,True,741.78955078125,388.1681540599624,353.6213967212876,True,True,0,ML-Robust-MPC,154.14270320431473,234.02545085564765,135.7829619160392
495.0,152.59778287229187,234.5623345900549,1,107.83988253765324,0.0,107.83988253765324,0.0,0.0,0.1876858770095298,0.0,0.0,False,0.0039006739971227944,0,0,55,0,0.0,0.0,1,,,1,True,True,True,772.646484375,387.16011746234676,385.48636691265324,True,True,0,ML-Robust-MPC,152.59778287229187,234.5623345900549,134.15096470421048
489.5,157.16127652303916,234.8061902777883,1,97.53253319917258,0.0,97.53253319917258,0.0,0.0,0.18661376104858388,0.0,0.0,False,0.004073233001690824,0,0,56,0,0.0,0.0,1,,,1,True,True,True,733.778076171875,391.9674668008274,341.8106093710476,True,True,0,ML-Robust-MPC,157.16127652303916,234.8061902777883,131.3040763013954
457.5,155.81252599367951,234.0227428816092,1,67.6647311247113,0.0,67.6647311247113,0.0,0.0,0.1858699637139676,0.0,0.0,False,0.0039609870000276715,0,0,57,0,0.0,0.0,1,,,1,True,True,True,716.5736694335938,389.8352688752887,326.73840055830505,True,True,0,ML-Robust-MPC,155.81252599367951,234.0227428816092,128.10704161622155
447.5,156.0763999634935,233.4391333465823,1,57.984466689924204,0.0,57.984466689924204,0.0,0.0,0.18523257565291668,0.0,0.0,False,0.00412011900334619,0,0,58,0,0.0,0.0,1,,,1,True,True,True,689.4417114257812,389.5155333100758,299.92617811570545,True,True,0,ML-Robust-MPC,156.0763999634935,233.4391333465823,130.44692877233058
491.0,154.77241882610434,232.3437240406916,1,103.88385713320406,0.0,103.88385713320406,0.0,0.0,0.1840906434415417,0.0,0.0,False,0.004122778998862486,0,0,59,0,0.0,0.0,1,,,1,True,True,True,691.3431396484375,387.11614286679594,304.22699678164156,True,True,0,ML-Robust-MPC,154.77241882610434,232.3437240406916,132.72816319518387
511.0,154.9602527346222,233.31176615461297,1,122.72798111076486,0.0,122.72798111076486,0.0,0.0,0.18274156920869242,0.0,0.0,False,0.00444495299962,0,0,60,0,0.0,0.0,1,,,1,True,True,True,712.830322265625,388.27201888923514,324.55830337638986,True,True,0,ML-Robust-MPC,154.9602527346222,233.31176615461297,133.23579590094477
504.5,158.278108237097,235.60885797060672,1,110.61303379229628,0.0,110.61303379229628,0.0,0.0,0.1815256672411387,0.0,0.0,False,0.0039012310007819906,0,0,61,0,0.0,0.0,1,,,1,True,True,True,760.9867553710938,393.8869662077037,367.09978916339,True,True,0,ML-Robust-MPC,158.278108237097,235.60885797060672,131.6104113544097
513.5,157.2555276303562,235.339803667138,1,120.90466870250577,0.0,120.90466870250577,0.0,0.0,0.18019663557532387,0.0,0.0,False,0.004361273997346871,0,0,62,0,0.0,0.0,1,,,1,True,True,True,781.0469970703125,392.5953312974942,388.4516657728183,True,True,0,ML-Robust-MPC,157.2555276303562,235.339803667138,144.16527099201846
531.0,153.87292658847778,233.72221508717035,1,137.8811517904457,0.0,137.8811517904457,5.523706533906136,0.0,0.1786809917311691,0.0,0.0,False,0.0039314670029853005,0,0,63,0,0.0,0.0,1,,,1,True,True,True,809.4445190429688,387.59514167564816,421.8493773673206,True,True,0,ML-Robust-MPC,153.87292658847778,233.72221508717035,137.8811517904457
521.0,153.39420502273936,233.61583833735943,1,133.9899566399012,0.0,133.9899566399012,0.0,0.0,0.1772081214343756,0.0,0.0,False,0.0038588779971178155,0,0,64,0,0.0,0.0,1,,,1,True,True,True,835.871337890625,387.0100433600988,448.8612945305262,True,True,0,ML-Robust-MPC,153.39420502273936,233.61583833735943,147.3231812505433
524.5,156.27699112722573,232.66475724954307,1,135.55825162323117,0.0,135.55825162323117,0.0,0.0,0.17571801182237154,0.0,0.0,False,0.003872916000545956,0,0,65,0,0.0,0.0,1,,,1,True,True,True,844.004150390625,388.9417483767688,455.0624020138562,True,True,0,ML-Robust-MPC,156.27699112722573,232.66475724954307,145.6940269527694
573.5,154.43816733510886,231.6983433783324,1,144.16295898028363,0.0,144.16295898028363,43.20053030627514,0.0,0.17413331588317835,0.0,0.0,False,0.0038797419983893633,0,0,66,0,0.0,0.0,1,,,1,True,True,True,848.1600341796875,386.1365107134412,462.0235234662463,True,True,0,ML-Robust-MPC,154.43816733510886,231.6983433783324,144.16295898028363
564.5,156.2506751903743,232.91900825802284,1,138.90190189864742,0.0,138.90190189864742,36.42841465295547,0.0,0.1726064515524101,0.0,0.0,False,0.0038833510006952565,0,0,67,0,0.0,0.0,1,,,1,True,True,True,915.3677368164062,389.1696834483971,526.1980533680091,True,True,0,ML-Robust-MPC,156.2506751903743,232.91900825802284,138.90190189864742
582.0,152.0589878419594,233.0618113534811,1,143.20681331459804,0.0,143.20681331459804,53.672387489961466,0.0,0.17103226594239165,0.0,0.0,False,0.004064494998601731,0,0,68,0,0.0,0.0,1,,,1,True,True,True,909.9817504882812,385.1207991954405,524.8609512928408,True,True,0,ML-Robust-MPC,152.0589878419594,233.0618113534811,143.20681331459804
618.0,151.68887719022223,232.39655428553093,1,141.00022355555927,0.0,141.00022355555927,92.9143449686876,0.0,0.16948233603477658,0.0,0.0,False,0.00393033999716863,0,0,69,0,0.0,0.0,1,,,1,True,True,True,953.68994140625,384.0854314757531,569.6045099304969,True,True,0,ML-Robust-MPC,151.68887719022223,232.39655428553093,141.00022355555927
603.0,153.17691639439275,233.3484525530575,1,144.99395456061913,0.0,144.99395456061913,71.48067649193061,0.0,0.1678885054653638,0.0,0.0,False,0.0038792060004197992,0,0,70,0,0.0,0.0,1,,,1,True,True,True,1008.4935913085938,386.52536894745026,621.9682223611435,True,True,0,ML-Robust-MPC,153.17691639439275,233.3484525530575,144.99395456061913
646.0,153.97902570490717,232.8722106367712,1,138.3506921180045,0.0,138.3506921180045,120.79807154031712,0.0,0.16636770024927527,0.0,0.0,False,0.00390821600012714,0,0,71,0,0.0,0.0,1,,,1,True,True,True,1030.2684326171875,386.8512363416784,643.4171962755091,True,True,0,ML-Robust-MPC,153.97902570490717,232.8722106367712,138.3506921180045
688.0,153.5448713662942,231.50187737812908,1,132.18949396369467,0.0,132.18949396369467,170.76375729188206,0.0,0.16491462134627552,0.0,0.0,False,0.003927322999516036,0,0,72,0,0.0,0.0,1,,,1,True,True,True,1089.240234375,385.04674874442327,704.1934856305768,True,True,0,ML-Robust-MPC,153.5448713662942,231.50187737812908,132.18949396369467
710.5,154.28441286255904,232.45744164069453,1,136.02429161576026,0.0,136.02429161576026,187.7338538809862,0.0,0.1634193888393969,0.0,0.0,False,0.0041401910020795185,0,0,73,0,0.0,0.0,1,,,1,True,True,True,1153.0006103515625,386.74185450325353,766.258755848309,True,True,0,ML-Robust-MPC,154.28441286255904,232.45744164069453,136.02429161576026
748.5,150.74769265263188,231.6016910166084,1,140.51045561288393,0.0,140.51045561288393,225.64016071787577,0.0,0.16187484265361574,0.0,0.0,False,0.004523299998254515,0,0,74,0,0.0,0.0,1,,,1,True,True,True,1201.37353515625,382.3493836692403,819.0241514870097,True,True,0,ML-Robust-MPC,150.74769265263188,231.6016910166084,140.51045561288393
771.0,149.24066291968313,233.37859080475155,1,139.8528867498194,0.0,139.8528867498194,248.52785952574595,0.0,0.16033752472337545,0.0,0.0,False,0.004570831999444636,0,0,75,0,0.0,0.0,1,,,1,True,True,True,1252.8765869140625,382.61925372443466,870.2573331896278,True,True,0,ML-Robust-MPC,149.24066291968313,233.37859080475155,139.8528867498194
798.0,151.8423392987646,231.77746482612187,1,142.202529937412,0.0,142.202529937412,272.1776659377015,0.0,0.1587743785911874,0.0,0.0,False,0.004793100000824779,0,0,76,0,0.0,0.0,1,,,1,True,True,True,1275.204345703125,383.6198041248865,891.5845415782385,True,True,0,ML-Robust-MPC,151.8423392987646,231.77746482612187,142.202529937412
831.5,147.5627292867913,231.9239569782941,1,140.57776686059006,0.0,140.57776686059006,311.4355468743246,0.0,0.15722909249370037,0.0,0.0,False,0.004062173997226637,0,0,77,0,0.0,0.0,1,,,1,True,True,True,1285.612060546875,379.4866862650854,906.1253742817896,True,True,0,ML-Robust-MPC,147.5627292867913,231.9239569782941,140.57776686059006
848.0,145.54092336398742,232.3384121824204,1,140.80583960484554,0.0,140.80583960484554,329.31482484874664,0.0,0.1556812993309157,0.0,0.0,False,0.003999810000095749,0,0,78,0,0.0,0.0,1,,,1,True,True,True,1293.271484375,377.8793355464078,915.3921488285922,True,True,0,ML-Robust-MPC,145.54092336398742,232.3384121824204,140.80583960484554
877.0,145.02109673778187,234.0176228172306,1,136.8320196382114,0.0,136.8320196382114,361.1292608067762,0.0,0.15417718795996407,0.0,0.0,False,0.004138118001719704,0,0,79,0,0.0,0.0,1,,,1,True,True,True,1270.9473876953125,379.03871955501245,891.9086681403,True,True,0,ML-Robust-MPC,145.02109673778187,234.0176228172306,136.8320196382114
962.5,147.76314465942795,233.6318384733024,1,142.18014937954365,0.0,142.18014937954365,438.92486748772603,0.0,0.15261428784366957,0.0,0.0,False,0.004151629000261892,0,0,80,0,0.0,0.0,1,,,1,True,True,True,1263.4757080078125,381.3949831327303,882.0807248750822,True,True,0,ML-Robust-MPC,147.76314465942795,233.6318384733024,142.18014937954365
996.0,149.3376561125501,233.45670823170107,1,144.66733923379127,0.0,144.66733923379127,468.5382964219576,0.0,0.15102404755837529,0.0,0.0,False,0.004074937998666428,0,0,81,0,0.0,0.0,1,,,1,True,True,True,1284.347412109375,382.79436434425116,901.5530477651239,True,True,0,ML-Robust-MPC,149.3376561125501,233.45670823170107,144.66733923379127
1086.0,150.40937590120726,234.07129697402283,1,93.15965448051693,0.0,93.15965448051693,608.359672644253,0.0,0.15,0.0,0.0,False,0.004168883999227546,0,0,82,0,0.0,0.0,1,,,1,True,True,True,1287.6766357421875,384.4806728752301,903.1959628669574,True,True,0,ML-Robust-MPC,150.40937590120726,234.07129697402283,146.7541571474394
1114.5,151.51817637689803,233.72001953594835,1,0.0,0.0,0.0,729.2618040871537,0.0,0.15,0.0,0.0,False,0.004044902001623996,0,0,83,0,0.0,0.0,1,,,1,True,True,True,1290.13330078125,385.2381959128464,904.8951048684037,True,True,0,ML-Robust-MPC,151.51817637689803,233.72001953594835,152.59481347637612
1168.0,152.9019501230334,234.0668523119792,1,0.0,0.0,0.0,781.0311975649875,0.0,0.15,0.0,0.0,False,0.004070283001055941,0,0,84,0,0.0,0.0,1,,,1,True,True,True,1281.42626953125,386.9688024350126,894.4574670962375,True,True,0,ML-Robust-MPC,152.9019501230334,234.0668523119792,152.97415523933947
1186.0,150.98836787563886,232.72072224368085,1,0.0,0.0,0.0,802.2909098806803,0.0,0.15,0.0,0.0,False,0.003930930997739779,0,0,85,0,0.0,0.0,1,,,1,True,True,True,1267.89599609375,383.70909011931974,884.1869059744303,True,True,0,ML-Robust-MPC,150.98836787563886,232.72072224368085,142.79623409493075
1251.5,152.5745759604284,232.3997755847693,1,0.0,0.0,0.0,866.5256484548023,0.0,0.15,0.0,0.0,False,0.003984153998317197,0,0,86,0,0.0,0.0,1,,,1,True,True,True,1269.046875,384.9743515451977,884.0725234548023,True,True,0,ML-Robust-MPC,152.5745759604284,232.3997755847693,141.77745375774498
1251.0,150.96293046554362,233.86344273489263,1,0.0,0.0,0.0,866.1736267995637,0.0,0.15,0.0,0.0,False,0.00400468700172496,0,0,87,0,0.0,0.0,1,,,1,True,True,True,1283.070556640625,384.82637320043625,898.2441834401887,True,True,0,ML-Robust-MPC,150.96293046554362,233.86344273489263,144.93485262044427
1250.5,152.59733569886808,233.24828665177856,1,0.0,0.0,0.0,864.6543776493534,0.0,0.15,0.0,0.0,False,0.0040222610005002934,0,0,88,0,0.0,0.0,1,,,1,True,True,True,1258.330810546875,385.84562235064664,872.4851881962284,True,True,0,ML-Robust-MPC,152.59733569886808,233.24828665177856,144.80292825591596
1233.5,150.97851663191938,233.02315277517164,1,0.0,0.0,0.0,849.498330592909,0.0,0.15,0.0,0.0,False,0.004025130001537036,0,0,89,0,0.0,0.0,1,,,1,True,True,True,1250.5,384.001669407091,866.498330592909,True,True,0,ML-Robust-MPC,150.97851663191938,233.02315277517164,146.50199331609974
1165.5,148.9006059194066,233.37762841923688,1,0.0,0.0,0.0,783.2217656613566,0.0,0.15,0.0,0.0,False,0.004053982996993,0,0,90,0,0.0,0.0,1,,,1,True,True,True,1233.5,382.2782343386435,851.2217656613566,True,True,0,ML-Robust-MPC,148.9006059194066,233.37762841923688,147.13603534154464
1102.0,149.36247011728818,232.3284149069393,1,0.0,0.0,0.0,720.3091149757726,0.0,0.15,0.0,0.0,False,0.0040005279988690745,0,0,91,0,0.0,0.0,1,,,1,True,True,True,1165.5,381.69088502422744,783.8091149757726,True,True,0,ML-Robust-MPC,149.36247011728818,232.3284149069393,142.99494722765337
1063.0,149.6841353876806,232.8089397748721,1,0.0,0.0,0.0,680.5069248374473,0.0,0.15,0.0,0.0,False,0.003974102997744922,0,0,92,0,0.0,0.0,1,,,1,True,True,True,1102.0,382.4930751625527,719.5069248374473,True,True,0,ML-Robust-MPC,149.6841353876806,232.8089397748721,139.83008059661617
1030.5,149.84329056335372,232.47419338492463,1,0.0,0.0,0.0,648.1825160517217,0.0,0.15,0.0,0.0,False,0.0040510919970984105,0,0,93,0,0.0,0.0,1,,,1,True,True,True,1063.0,382.3174839482783,680.6825160517217,True,True,0,ML-Robust-MPC,149.84329056335372,232.47419338492463,146.5569190060153
955.0,148.51554163136095,235.48234868382627,1,0.0,0.0,0.0,571.0021096848128,0.0,0.15,0.0,0.0,False,0.003957013999752235,0,0,94,0,0.0,0.0,1,,,1,True,True,True,1030.5,383.9978903151872,646.5021096848128,True,True,0,ML-Robust-MPC,148.51554163136095,235.48234868382627,140.39826045726556
920.0,146.36351738780152,234.3144948812458,1,0.0,0.0,0.0,539.3219877309527,0.0,0.15,0.0,0.0,False,0.004030965999845648,0,0,95,0,0.0,0.0,1,,,1,True,True,True,955.0,380.6780122690473,574.3219877309527,True,True,0,ML-Robust-MPC,146.36351738780152,234.3144948812458,137.1095910357076
907.0,147.8268167742475,234.04549469700763,1,0.0,0.0,0.0,525.1276885287449,0.0,0.15,0.0,0.0,False,0.003999923999799648,0,0,96,0,0.0,0.0,1,,,1,True,True,True,920.0,381.8723114712551,538.1276885287449,True,True,0,ML-Robust-MPC,147.8268167742475,234.04549469700763,128.5487239698619
831.5,153.24908029157717,233.58394387572383,1,0.0,0.0,0.0,444.666975832699,0.0,0.15,0.0,0.0,False,0.004010526998172281,0,0,97,0,0.0,0.0,1,,,1,True,True,True,907.0,386.833024167301,520.166975832699,True,True,0,ML-Robust-MPC,153.24908029157717,233.58394387572383,129.47257148422648
825.5,150.1855638026357,232.6645843025856,1,0.0,0.0,0.0,442.6498518947787,0.0,0.15,0.0,0.0,False,0.003949840000132099,0,0,98,0,0.0,0.0,1,,,1,True,True,True,831.5,382.8501481052213,448.6498518947787,True,True,0,ML-Robust-MPC,150.1855638026357,232.6645843025856,120.59068553681016
762.0,148.54339477431245,234.6275402469008,1,0.0,0.0,0.0,378.82906497878673,0.0,0.15,0.0,0.0,False,0.003943463001633063,0,0,99,0,0.0,0.0,1,,,1,True,True,True,825.5,383.17093502121327,442.32906497878673,True,True,0,ML-Robust-MPC,148.54339477431245,234.6275402469008,127.39853271001095
747.5,145.57790857604914,234.4882671199255,1,0.0,0.0,0.0,367.4338243040254,0.0,0.15,0.0,0.0,False,0.0040804449999995995,0,0,100,0,0.0,0.0,1,,,1,True,True,True,762.0,380.0661756959746,381.9338243040254,True,True,0,ML-Robust-MPC,145.57790857604914,234.4882671199255,128.33046010595123
715.5,146.2099460172318,235.81377372940577,1,0.0,0.0,0.0,333.47628025336246,0.0,0.15,0.0,0.0,False,0.004059390001202701,0,0,101,0,0.0,0.0,1,,,1,True,True,True,747.5,382.02371974663754,365.47628025336246,True,True,0,ML-Robust-MPC,146.2099460172318,235.81377372940577,124.02502235239852
673.0,146.60292329524432,236.33487899746143,1,0.0,0.0,0.0,290.0621977072942,0.0,0.15,0.0,0.0,False,0.004181885000434704,0,0,102,0,0.0,0.0,1,,,1,True,True,True,715.5,382.9378022927058,332.5621977072942,True,True,0,ML-Robust-MPC,146.60292329524432,236.33487899746143,123.555789892746
662.5,147.01366411381812,235.30081963545825,1,0.0,0.0,0.0,280.1855162507236,0.0,0.15,0.0,0.0,False,0.004108119999727933,0,0,103,0,0.0,0.0,1,,,1,True,True,True,673.0,382.3144837492764,290.6855162507236,True,True,0,ML-Robust-MPC,147.01366411381812,235.30081963545825,125.38471740495189
623.0,148.59261042833725,234.476373979521,1,0.0,0.0,0.0,239.93101559214176,0.0,0.15,0.0,0.0,False,0.004310935997636989,0,0,104,0,0.0,0.0,1,,,1,True,True,True,662.5,383.06898440785824,279.43101559214176,True,True,0,ML-Robust-MPC,148.59261042833725,234.476373979521,127.4545739883167
594.5,151.2124592632925,234.48897229964112,1,0.0,0.0,0.0,208.79856843706636,0.0,0.15,0.0,0.0,False,0.004172981000010623,0,0,105,0,0.0,0.0,1,,,1,True,True,True,623.0,385.70143156293364,237.29856843706636,True,True,0,ML-Robust-MPC,151.2124592632925,234.48897229964112,132.0748019613873
599.5,153.039650410643,233.9662664806654,1,0.0,0.0,0.0,212.4940831086916,0.0,0.15,0.0,0.0,False,0.004108209999685641,0,0,106,0,0.0,0.0,1,,,1,True,True,True,594.5,387.0059168913084,207.4940831086916,True,True,0,ML-Robust-MPC,153.039650410643,233.9662664806654,122.26733479041008
569.5,151.75169968861607,232.9042396865887,1,0.0,0.0,0.0,184.84406062479525,0.0,0.15,0.0,0.0,False,0.003946713000914315,0,0,107,0,0.0,0.0,1,,,1,True,True,True,599.5,384.65593937520475,214.84406062479525,True,True,0,ML-Robust-MPC,151.75169968861607,232.9042396865887,113.47594321652711
574.0,154.05843297375674,232.6368439708257,1,0.0,0.0,0.0,187.30472305541753,0.0,0.15,0.0,0.0,False,0.004179977000603685,0,0,108,0,0.0,0.0,1,,,1,True,True,True,569.5,386.6952769445825,182.80472305541753,True,True,0,ML-Robust-MPC,154.05843297375674,232.6368439708257,102.31326911825624
520.0,150.65297819398486,232.41143444506824,1,0.0,0.0,0.0,136.9355873609469,0.0,0.15,0.0,0.0,False,0.004450977998203598,0,0,109,0,0.0,0.0,1,,,1,True,True,True,574.0,383.0644126390531,190.9355873609469,True,True,0,ML-Robust-MPC,150.65297819398486,232.41143444506824,102.45190311861504
525.5,150.08822806594443,232.69009091153129,1,0.0,0.0,0.0,142.7216810225243,0.0,0.15,0.0,0.0,False,0.004267830998287536,0,0,110,0,0.0,0.0,1,,,1,True,True,True,532.96875,382.7783189774757,150.1904310225243,True,True,0,ML-Robust-MPC,150.08822806594443,232.69009091153129,106.73494003364408
510.0,151.48616744269216,232.8272588244857,1,0.0,0.0,0.0,125.68657373282213,0.0,0.15,0.0,0.0,False,0.004445482001756318,0,0,111,0,0.0,0.0,1,,,1,True,True,True,525.5,384.3134262671779,141.18657373282213,True,True,0,ML-Robust-MPC,151.48616744269216,232.8272588244857,110.92509349924738
477.5,149.1138232999203,231.77294408271268,1,0.0,0.0,0.0,96.61323261736698,0.0,0.15,0.0,0.0,False,0.004627006001101108,0,0,112,0,0.0,0.0,1,,,1,True,True,True,511.77252197265625,380.886767382633,130.88575459002323,True,True,0,ML-Robust-MPC,149.1138232999203,231.77294408271268,105.70807422333309
451.5,145.92899009186087,229.6313253432682,1,0.0,0.0,0.0,75.93968456487096,0.0,0.15,0.0,0.0,False,0.004463632998522371,0,0,113,0,0.0,0.0,1,,,1,True,True,True,493.20941162109375,375.56031543512904,117.64909618596471,True,True,0,ML-Robust-MPC,145.92899009186087,229.6313253432682,116.30042897656486
429.5,145.305800816076,228.8009789952661,1,0.0,0.0,0.0,55.39322018865789,0.0,0.15,0.0,0.0,False,0.0044754709997505415,0,0,114,0,0.0,0.0,1,,,1,True,True,True,475.1705017089844,374.1067798113421,101.06372189764227,True,True,0,ML-Robust-MPC,145.305800816076,228.8009789952661,114.52290894808417
400.5,147.66176354132764,230.1333357831901,1,0.0,0.0,0.0,22.704900675482236,0.0,0.15,0.0,0.0,False,0.003968326000176603,0,0,115,0,0.0,0.0,1,,,1,True,True,True,450.6917724609375,377.79509932451776,72.89667313641974,True,True,0,ML-Robust-MPC,147.66176354132764,230.1333357831901,106.18557064183928
466.5,149.63836167919823,229.06522512386027,1,0.0,0.0,0.0,87.7964131969415,0.0,0.15,0.0,0.0,False,0.0038495400003739633,0,0,116,0,0.0,0.0,1,,,1,True,True,True,437.0532531738281,378.7035868030585,58.349666370769626,True,True,0,ML-Robust-MPC,149.63836167919823,229.06522512386027,101.83159767120438
440.0,150.31155571076977,228.2559541061169,1,0.0,0.0,0.0,61.43249018311337,0.0,0.15,0.0,0.0,False,0.00433873399742879,0,0,117,0,0.0,0.0,1,,,1,True,True,True,466.5,378.5675098168866,87.93249018311337,True,True,0,ML-Robust-MPC,150.31155571076977,228.2559541061169,115.64323142811304
437.0,149.56314624451724,230.0865854544045,1,0.0,0.0,0.0,57.350268301078245,0.0,0.15,0.0,0.0,False,0.004267647997039603,0,0,118,0,0.0,0.0,1,,,1,True,True,True,447.293701171875,379.64973169892176,67.64396947295324,True,True,0,ML-Robust-MPC,149.56314624451724,230.0865854544045,119.48530763000728
413.5,149.3959302552415,229.72327935804185,1,0.0,0.0,0.0,34.380790386716626,0.0,0.15,0.0,0.0,False,0.004406780000863364,0,0,119,0,0.0,0.0,1,,,1,True,True,True,454.7945861816406,379.1192096132834,75.67537656835725,True,True,0,ML-Robust-MPC,149.3959302552415,229.72327935804185,118.53143281163815
398.0,149.94467930069115,230.49614154992224,1,0.0,0.0,0.0,17.559179149386637,0.0,0.15,0.0,0.0,False,0.004539745998044964,0,0,120,0,0.0,0.0,1,,,1,True,True,True,446.30413818359375,380.44082085061336,65.86331733298039,True,True,0,ML-Robust-MPC,149.94467930069115,230.49614154992224,118.5170899043895
398.0,145.6825198666705,234.46354606975532,1,0.0,0.0,0.0,17.853934063574172,0.0,0.15,0.0,0.0,False,0.004765196001244476,0,0,121,0,0.0,0.0,1,,,1,True,True,True,450.1036682128906,380.1460659364258,69.9576022764648,True,True,0,ML-Robust-MPC,145.6825198666705,234.46354606975532,122.07680047905248
406.5,146.02663925815193,237.04916121135184,1,0.0,0.0,0.0,23.424199530496253,0.0,0.15,0.0,0.0,False,0.004529137000645278,0,0,122,0,0.0,0.0,1,,,1,True,True,True,442.6388854980469,383.07580046950375,59.56308502854313,True,True,0,ML-Robust-MPC,146.02663925815193,237.04916121135184,122.44806562118627
380.0,146.98838648439212,238.1101436165242,1,-5.098530100916321,5.098530100916321,0.0,0.0,0.0,0.15005058065576304,0.0,5.098530100916321,False,0.00596670999948401,0,0,123,0,0.0,0.0,1,,,1,True,True,True,445.7980651855469,385.0985301009163,60.699535084630554,True,True,0,ML-Robust-MPC,146.98838648439212,238.1101436165242,116.8290147513312
406.5,149.74726335204366,236.94976391400093,1,4.601423416076138,0.0,4.601423416076138,15.201549317879277,0.0,0.15,0.0,0.0,False,0.005599763997452101,0,0,124,0,0.0,0.0,1,,,1,True,True,True,438.16461181640625,386.6970272660446,51.467584550361664,True,True,0,ML-Robust-MPC,149.74726335204366,236.94976391400093,121.36177820279433
403.0,147.72847648286117,239.53164674091744,1,0.0,0.0,0.0,15.739876776221422,0.0,0.15,0.0,0.0,False,0.004250956997566391,0,0,125,0,0.0,0.0,1,,,1,True,True,True,449.5636291503906,387.2601232237786,62.30350592661205,True,True,0,ML-Robust-MPC,147.72847648286117,239.53164674091744,126.19360964118064
389.0,150.23489176031748,241.1337586878798,2,-2.368650448197286,2.368650448197286,0.0,0.0,0.0,0.15002349851635116,0.0,2.368650448197286,False,0.004350111001258483,1,0,126,0,0.0,0.0,1,,,2,True,True,False,461.4514465332031,390.2348917603175,71.21655477288562,True,True,0,ML-Robust-MPC,150.23489176031748,241.1337586878798,125.49162385915008
418.5,147.06721362400145,244.30895204959097,2,2.13770702949836,0.0,2.13770702949836,24.986127296909217,0.0,0.15,0.0,0.0,False,0.004540483001619577,0,0,127,0,0.0,0.0,1,,,2,True,True,False,469.17047119140625,387.06721362400145,82.1032575674048,True,True,0,ML-Robust-MPC,147.06721362400145,244.30895204959097,118.2283764937138
407.5,144.2781856427805,244.7890735203948,2,0.0,0.0,0.0,18.432740836824678,0.0,0.15,0.0,0.0,False,0.004379483998491196,0,0,128,0,0.0,0.0,1,,,2,True,True,False,490.18463134765625,384.2781856427805,105.90644570487575,True,True,0,ML-Robust-MPC,144.2781856427805,244.7890735203948,116.0408892664564
392.5,146.32292323400878,247.09996932297813,2,-0.9228925569868807,0.9228925569868807,0.0,0.0,0.0,0.15000915568012882,0.0,0.9228925569868807,False,0.006181693999678828,0,0,129,0,0.0,0.0,1,,,2,True,True,False,494.9101257324219,386.3229232340088,108.58720249841309,True,True,0,ML-Robust-MPC,146.32292323400878,247.09996932297813,119.46387495410198
427.0,146.41343096536332,246.5149673408889,2,0.8329105326794733,0.0,0.8329105326794733,33.238691161068296,0.0,0.15,0.0,0.0,False,0.00486018500305363,0,0,130,0,0.0,0.0,1,,,2,True,True,False,493.272705078125,386.4134309653633,106.85927411276168,True,True,0,ML-Robust-MPC,146.41343096536332,246.5149673408889,121.904091323453
398.0,147.01770784602934,245.3351898886748,2,0.0,0.0,0.0,5.647102265295871,0.0,0.15,0.0,0.0,False,0.006555491003382485,0,0,131,0,0.0,0.0,1,,,2,True,True,False,511.67108154296875,387.01770784602934,124.65337369693941,True,True,0,ML-Robust-MPC,147.01770784602934,245.3351898886748,125.07550365512044
433.5,145.61368456720305,245.9660465454604,2,0.0,0.0,0.0,41.92026888733653,0.0,0.15,0.0,0.0,False,0.006349588999000844,0,0,132,0,0.0,0.0,1,,,2,True,True,False,526.7645263671875,385.61368456720305,141.15084179998445,True,True,0,ML-Robust-MPC,145.61368456720305,245.9660465454604,129.38343181418816
442.0,146.33336039997823,243.98775584580287,2,0.0,0.0,0.0,51.67888375421887,0.0,0.15,0.0,0.0,False,0.004837059001147281,0,0,133,0,0.0,0.0,1,,,2,True,True,False,540.5740356445312,386.33336039997823,154.24067524455302,True,True,0,ML-Robust-MPC,146.33336039997823,243.98775584580287,138.17493726516742
405.0,148.0100627779403,241.88608931209663,2,0.0,0.0,0.0,15.103847909963065,0.0,0.15,0.0,0.0,False,0.004254534000210697,0,0,134,0,0.0,0.0,1,,,2,True,True,False,568.7506103515625,388.01006277794033,180.74054757362217,True,True,0,ML-Robust-MPC,148.0100627779403,241.88608931209663,135.09056692028585
395.0,146.95735936066814,242.8954502893447,2,0.0,0.0,0.0,5.14719034998717,0.0,0.15,0.0,0.0,False,0.005159279997315025,0,0,135,0,0.0,0.0,1,,,2,True,True,False,542.41015625,386.95735936066814,155.45279688933186,True,True,0,ML-Robust-MPC,146.95735936066814,242.8954502893447,131.06529399576095
445.0,145.89882497732378,241.01473245272047,2,0.0,0.0,0.0,58.08644256995575,0.0,0.15,0.0,0.0,False,0.009639708998292917,0,0,136,0,0.0,0.0,1,,,2,True,True,False,544.863525390625,385.8988249773238,158.96470041330122,True,True,0,ML-Robust-MPC,145.89882497732378,241.01473245272047,132.25553262959008
422.0,149.4488869041451,241.4743344231725,2,0.0,0.0,0.0,31.076778672682394,0.0,0.15,0.0,0.0,False,0.00907564299996011,0,0,137,0,0.0,0.0,1,,,2,True,True,False,546.5897827148438,389.44888690414507,157.14089581069868,True,True,0,ML-Robust-MPC,149.4488869041451,241.4743344231725,125.59105063609228
438.5,151.09557515201607,241.6108772138029,2,0.0,0.0,0.0,45.79354763418104,0.0,0.15,0.0,0.0,False,0.009600910998415202,0,0,138,0,0.0,0.0,1,,,2,True,True,False,562.6092529296875,391.09557515201607,171.51367777767143,True,True,0,ML-Robust-MPC,151.09557515201607,241.6108772138029,123.05689303775414
431.0,151.54529909867836,241.0509254072533,2,0.0,0.0,0.0,38.40377549406833,0.0,0.15,0.0,0.0,False,0.006320847998722456,0,0,139,0,0.0,0.0,1,,,2,True,True,False,581.1566772460938,391.54529909867836,189.6113781474154,True,True,0,ML-Robust-MPC,151.54529909867836,241.0509254072533,123.8525339598846
490.0,151.80262416324263,241.3050990120853,2,0.0,0.0,0.0,96.89227682467208,0.0,0.15,0.0,0.0,False,0.009235828001692425,0,0,140,0,0.0,0.0,1,,,2,True,True,False,604.097900390625,391.8026241632426,212.29527622738237,True,True,0,ML-Robust-MPC,151.80262416324263,241.3050990120853,123.42224304718113
465.5,151.1098447252392,241.86910455668124,2,0.0,0.0,0.0,72.52105071807955,0.0,0.15,0.0,0.0,False,0.009301573998527601,0,0,141,0,0.0,0.0,1,,,2,True,True,False,632.69921875,391.1098447252392,241.5893740247608,True,True,0,ML-Robust-MPC,151.1098447252392,241.86910455668124,122.28099664327668
470.5,154.9022286329805,240.1463232537044,2,0.0,0.0,0.0,75.45144811331511,0.0,0.15,0.0,0.0,False,0.00861996999810799,0,0,142,0,0.0,0.0,1,,,2,True,True,False,671.31494140625,394.9022286329805,276.4127127732695,True,True,0,ML-Robust-MPC,154.9022286329805,240.1463232537044,125.17034811601542
499.5,152.25133473043434,238.3000216439065,1,0.0,0.0,0.0,108.9486436256592,0.0,0.15,0.0,0.0,False,0.004391066999232862,0,0,143,0,0.0,0.0,1,,,1,True,True,True,697.5726928710938,390.5513563743408,307.02133649675295,True,True,0,ML-Robust-MPC,152.25133473043434,238.3000216439065,129.79217439448743
479.5,153.68019553142594,238.18990458613712,1,0.0,0.0,0.0,87.62989988243692,0.0,0.15,0.0,0.0,False,0.004304748999857111,0,0,144,0,0.0,0.0,1,,,1,True,True,True,747.751953125,391.8701001175631,355.8818530074369,True,True,0,ML-Robust-MPC,153.68019553142594,238.18990458613712,126.48248986588725
494.0,152.6056738392595,235.68746728109872,1,0.0,0.0,0.0,105.7068588796418,0.0,0.15,0.0,0.0,False,0.00414486699810368,0,0,145,0,0.0,0.0,1,,,1,True,True,True,772.400390625,388.2931411203582,384.1072495046418,True,True,0,ML-Robust-MPC,152.6056738392595,235.68746728109872,134.83122227881503
483.0,154.28899572361493,237.54951000680185,1,0.0,0.0,0.0,91.16149426958322,0.0,0.15,0.0,0.0,False,0.004081450002558995,0,0,146,0,0.0,0.0,1,,,1,True,True,True,797.053466796875,391.8385057304168,405.2149610664582,True,True,0,ML-Robust-MPC,154.28899572361493,237.54951000680185,138.3278851568375
534.5,148.6364876129118,237.48316144418152,1,0.0,0.0,0.0,148.38035094290672,0.0,0.15,0.0,0.0,False,0.004126841999095632,0,0,147,0,0.0,0.0,1,,,1,True,True,True,789.1795043945312,386.1196490570933,403.05985533743797,True,True,0,ML-Robust-MPC,148.6364876129118,237.48316144418152,141.21353842400944
517.5,151.1846807886276,236.86282188800985,1,0.0,0.0,0.0,129.45249732336254,0.0,0.15,0.0,0.0,False,0.004075354001543019,0,0,148,0,0.0,0.0,1,,,1,True,True,True,836.91455078125,388.04750267663746,448.86704810461254,True,True,0,ML-Robust-MPC,151.1846807886276,236.86282188800985,135.368480158449
549.5,150.95269234957112,240.09143656875003,2,0.0,0.0,0.0,158.45587108167888,0.0,0.15,0.0,0.0,False,0.00427007600228535,1,0,149,0,0.0,0.0,1,,,2,True,True,False,835.6172485351562,390.9526923495711,444.6645561855851,True,True,0,ML-Robust-MPC,150.95269234957112,240.09143656875003,135.06605718983093
587.0,150.46540788856473,238.6704769206039,1,0.0,0.0,0.0,197.8641151908314,0.0,0.15,0.0,0.0,False,0.0038225839998631272,0,0,150,0,0.0,0.0,1,,,1,True,True,True,876.6443481445312,389.1358848091686,487.50846333536265,True,True,0,ML-Robust-MPC,150.46540788856473,238.6704769206039,147.7441580150647
598.5,151.00372228149348,237.11797958026787,1,0.0,0.0,0.0,210.37829813823862,0.0,0.15,0.0,0.0,False,0.004141266999795334,0,0,151,0,0.0,0.0,1,,,1,True,True,True,945.0234985351562,388.1217018617614,556.9017966733949,True,True,0,ML-Robust-MPC,151.00372228149348,237.11797958026787,145.46842490359154
597.5,149.48761841946978,237.30132590868865,1,0.0,0.0,0.0,210.71105567184156,0.0,0.15,0.0,0.0,False,0.004245503998390632,0,0,152,0,0.0,0.0,1,,,1,True,True,True,977.6083984375,386.78894432815844,590.8194541093416,True,True,0,ML-Robust-MPC,149.48761841946978,237.30132590868865,151.62874679742515
638.5,147.26229436666978,234.9215802163791,1,0.0,0.0,0.0,256.3161254169511,0.0,0.15,0.0,0.0,False,0.004191767999145668,0,0,153,0,0.0,0.0,1,,,1,True,True,True,1019.170166015625,382.1838745830489,636.9862914325761,True,True,0,ML-Robust-MPC,147.26229436666978,234.9215802163791,157.88924290846742
666.0,144.27148883262268,233.91830914703053,1,0.0,0.0,0.0,287.81020202034676,0.0,0.15,0.0,0.0,False,0.004164669000601862,0,0,154,0,0.0,0.0,1,,,1,True,True,True,1077.6944580078125,378.18979797965324,699.5046600281593,True,True,0,ML-Robust-MPC,144.27148883262268,233.91830914703053,152.89456509570627
652.0,147.82201606227275,233.4427159999792,1,0.0,0.0,0.0,270.73526793774806,0.0,0.15,0.0,0.0,False,0.004051910000271164,0,0,155,0,0.0,0.0,1,,,1,True,True,True,1124.805419921875,381.26473206225194,743.5406878596231,True,True,0,ML-Robust-MPC,147.82201606227275,233.4427159999792,149.465430062784
718.5,149.91256941141606,231.209591072151,1,0.0,0.0,0.0,337.3778395164329,0.0,0.15,0.0,0.0,False,0.004068447000463493,0,0,156,0,0.0,0.0,1,,,1,True,True,True,1157.2393798828125,381.1221604835671,776.1172193992454,True,True,0,ML-Robust-MPC,149.91256941141606,231.209591072151,153.05288043007857
714.5,150.35386810835283,232.4454430329408,1,0.0,0.0,0.0,331.70068885870637,0.0,0.15,0.0,0.0,False,0.004171495998889441,0,0,157,0,0.0,0.0,1,,,1,True,True,True,1210.04345703125,382.79931114129363,827.2441458899564,True,True,0,ML-Robust-MPC,150.35386810835283,232.4454430329408,156.9000500148681
760.5,147.43033995705795,233.6584729806748,1,0.0,0.0,0.0,379.41118706226723,0.0,0.15,0.0,0.0,False,0.004256675998476567,0,0,158,0,0.0,0.0,1,,,1,True,True,True,1235.5736083984375,381.08881293773277,854.4847954607047,True,True,0,ML-Robust-MPC,147.43033995705795,233.6584729806748,151.97905659850375
739.5,147.84892817402007,233.91150011983405,1,0.0,0.0,0.0,357.73957170614585,0.0,0.15,0.0,0.0,False,0.0040931420007837005,0,0,159,0,0.0,0.0,1,,,1,True,True,True,1264.3226318359375,381.76042829385415,882.5622035420834,True,True,0,ML-Robust-MPC,147.84892817402007,233.91150011983405,148.6542183116953
830.5,146.86138971434357,234.0292527677221,1,0.0,0.0,0.0,449.6093575179343,0.0,0.15,0.0,0.0,False,0.0041855570016196,0,0,160,0,0.0,0.0,1,,,1,True,True,True,1248.55810546875,380.8906424820657,867.6674629866843,True,True,0,ML-Robust-MPC,146.86138971434357,234.0292527677221,150.6431684738031
838.0,147.71413564562025,235.4585928321476,1,0.0,0.0,0.0,454.8272715222322,0.0,0.15,0.0,0.0,False,0.004111197002202971,0,0,161,0,0.0,0.0,1,,,1,True,True,True,1268.2769775390625,383.1727284777678,885.1042490612947,True,True,0,ML-Robust-MPC,147.71413564562025,235.4585928321476,150.27284135486215
857.5,144.8993934634439,234.68900694276863,1,0.0,0.0,0.0,477.9115995937875,0.0,0.15,0.0,0.0,False,0.0038729459993191995,0,0,162,0,0.0,0.0,1,,,1,True,True,True,1259.1807861328125,379.5884004062125,879.5923857266,True,True,0,ML-Robust-MPC,144.8993934634439,234.68900694276863,148.32437227067985
901.0,142.80754349655265,234.15871297080912,1,0.0,0.0,0.0,524.0337435326383,0.0,0.15,0.0,0.0,False,0.00399323999954504,0,0,163,0,0.0,0.0,1,,,1,True,True,True,1238.297119140625,376.96625646736175,861.3308626732633,True,True,0,ML-Robust-MPC,142.80754349655265,234.15871297080912,148.12017941979278
951.5,141.42497688799008,234.87056612278272,1,0.0,0.0,0.0,575.2044569892272,0.0,0.15,0.0,0.0,False,0.004001146000518929,0,0,164,0,0.0,0.0,1,,,1,True,True,True,1230.422607421875,376.2955430107728,854.1270644111022,True,True,0,ML-Robust-MPC,141.42497688799008,234.87056612278272,140.7343933726845
1010.0,141.0191559542541,235.47560814107223,1,0.0,0.0,0.0,633.5052359046737,0.0,0.15,0.0,0.0,False,0.004022777997306548,0,0,165,0,0.0,0.0,1,,,1,True,True,True,1229.310546875,376.49476409532633,852.8157827796737,True,True,0,ML-Robust-MPC,141.0191559542541,235.47560814107223,138.10793247457025
1056.5,142.27478916237143,235.12107550561552,1,0.0,0.0,0.0,679.104135332013,0.0,0.15,0.0,0.0,False,0.00404905500181485,0,0,166,0,0.0,0.0,1,,,1,True,True,True,1233.842041015625,377.395864667987,856.446176347638,True,True,0,ML-Robust-MPC,142.27478916237143,235.12107550561552,129.86850303852097
1117.0,143.3853153290454,235.32382700582104,1,0.0,0.0,0.0,738.2908576651336,0.0,0.15,0.0,0.0,False,0.004155533999437466,0,0,167,0,0.0,0.0,1,,,1,True,True,True,1238.5843505859375,378.70914233486644,859.8752082510711,True,True,0,ML-Robust-MPC,143.3853153290454,235.32382700582104,129.4806725882271
1136.5,141.30412051287612,234.77938792797087,1,0.0,0.0,0.0,760.416491559153,0.0,0.15,0.0,0.0,False,0.004334400997322518,0,0,168,0,0.0,0.0,1,,,1,True,True,True,1237.287841796875,376.083508440847,861.204333356028,True,True,0,ML-Robust-MPC,141.30412051287612,234.77938792797087,133.57690805417116
1229.0,143.34154925415274,232.80260622697253,1,0.0,0.0,0.0,852.8558445188747,0.0,0.15,0.0,0.0,False,0.004145220998907462,0,0,169,0,0.0,0.0,1,,,1,True,True,True,1234.212890625,376.14415548112527,858.0687351438747,True,True,0,ML-Robust-MPC,143.34154925415274,232.80260622697253,129.64571379973145
1265.0,142.82604087447606,230.47624479060016,1,0.0,0.0,0.0,891.6977143349238,0.0,0.15,0.0,0.0,False,0.0041716579980857205,0,0,170,0,0.0,0.0,1,,,1,True,True,True,1257.739013671875,373.3022856650762,884.4367280067988,True,True,0,ML-Robust-MPC,142.82604087447606,230.47624479060016,127.65589344933356
1248.0,141.56809741490244,231.26148280216296,1,0.0,0.0,0.0,875.1704197829346,0.0,0.15,0.0,0.0,False,0.004279421998944599,0,0,171,0,0.0,0.0,1,,,1,True,True,True,1265.0,372.8295802170654,892.1704197829346,True,True,0,ML-Robust-MPC,141.56809741490244,231.26148280216296,125.3860464529114
1246.5,138.11053664934167,232.3984820892333,1,0.0,0.0,0.0,875.9909812614251,0.0,0.15,0.0,0.0,False,0.004099156001757365,0,0,172,0,0.0,0.0,1,,,1,True,True,True,1248.0,370.509018738575,877.4909812614251,True,True,0,ML-Robust-MPC,138.11053664934167,232.3984820892333,117.95392961691942
1221.5,137.3937213456423,233.8322155486514,1,0.0,0.0,0.0,850.2740631057063,0.0,0.15,0.0,0.0,False,0.004030752999824472,0,0,173,0,0.0,0.0,1,,,1,True,True,True,1246.5,371.2259368942937,875.2740631057063,True,True,0,ML-Robust-MPC,137.3937213456423,233.8322155486514,114.46410292308724
1119.5,140.57764794682322,233.0566489555016,1,0.0,0.0,0.0,745.8657030976751,0.0,0.15,0.0,0.0,False,0.003950518999772612,0,0,174,0,0.0,0.0,1,,,1,True,True,True,1221.5,373.6342969023248,847.8657030976751,True,True,0,ML-Robust-MPC,140.57764794682322,233.0566489555016,115.2653068266074
1087.5,139.15265549951332,234.4212428687896,1,0.0,0.0,0.0,713.9261016316971,0.0,0.15,0.0,0.0,False,0.004040912997879786,0,0,175,0,0.0,0.0,1,,,1,True,True,True,1119.5,373.57389836830293,745.9261016316971,True,True,0,ML-Robust-MPC,139.15265549951332,234.4212428687896,109.71435718579646
1065.5,136.16792754963754,235.14670236312864,1,0.0,0.0,0.0,694.1853700872339,0.0,0.15,0.0,0.0,False,0.004271984002116369,0,0,176,0,0.0,0.0,1,,,1,True,True,True,1087.5,371.3146299127662,716.1853700872339,True,True,0,ML-Robust-MPC,136.16792754963754,235.14670236312864,111.54198655227611
985.5,136.33668187596686,234.30939797134624,1,0.0,0.0,0.0,614.8539201526869,0.0,0.15,0.0,0.0,False,0.004153117999521783,0,0,177,0,0.0,0.0,1,,,1,True,True,True,1065.5,370.6460798473131,694.8539201526869,True,True,0,ML-Robust-MPC,136.33668187596686,234.30939797134624,111.42822309848344
965.5,135.94540761107118,236.0459156212468,1,0.0,0.0,0.0,593.508676767682,0.0,0.15,0.0,0.0,False,0.004193745000520721,0,0,178,0,0.0,0.0,1,,,1,True,True,True,985.5,371.991323232318,613.508676767682,True,True,0,ML-Robust-MPC,135.94540761107118,236.0459156212468,107.0293431348404
914.5,134.41860983183784,234.66302813421737,1,0.0,0.0,0.0,545.4183620339447,0.0,0.15,0.0,0.0,False,0.004073177002283046,0,0,179,0,0.0,0.0,1,,,1,True,True,True,965.5,369.0816379660552,596.4183620339447,True,True,0,ML-Robust-MPC,134.41860983183784,234.66302813421737,121.7057896017424
855.0,137.21506078565338,236.5626669292968,1,0.0,0.0,0.0,481.2222722850498,0.0,0.15,0.0,0.0,False,0.004109757999685826,0,0,180,0,0.0,0.0,1,,,1,True,True,True,914.5,373.7777277149502,540.7222722850498,True,True,0,ML-Robust-MPC,137.21506078565338,236.5626669292968,123.21572343531956
828.5,138.25060799597256,237.5260410754477,1,0.0,0.0,0.0,452.72335092857975,0.0,0.15,0.0,0.0,False,0.004130729001190048,0,0,181,0,0.0,0.0,1,,,1,True,True,True,855.0,375.77664907142025,479.22335092857975,True,True,0,ML-Robust-MPC,138.25060799597256,237.5260410754477,126.34269359806828
842.0,136.18159716743224,236.96971343050976,1,0.0,0.0,0.0,468.84868940205797,0.0,0.15,0.0,0.0,False,0.004188915998383891,0,0,182,0,0.0,0.0,1,,,1,True,True,True,828.5,373.15131059794203,455.34868940205797,True,True,0,ML-Robust-MPC,136.18159716743224,236.96971343050976,125.6559141294774
775.0,136.05072803889323,236.19899461077648,1,0.0,0.0,0.0,402.7502773503303,0.0,0.15,0.0,0.0,False,0.004018636998807779,0,0,183,0,0.0,0.0,1,,,1,True,True,True,842.0,372.2497226496697,469.7502773503303,True,True,0,ML-Robust-MPC,136.05072803889323,236.19899461077648,126.80382408111966
764.5,134.20424623957817,235.5574473498958,1,0.0,0.0,0.0,394.73830641052604,0.0,0.15,0.0,0.0,False,0.0042355570003564935,0,0,184,0,0.0,0.0,1,,,1,True,True,True,775.0,369.76169358947396,405.23830641052604,True,True,0,ML-Robust-MPC,134.20424623957817,235.5574473498958,126.92014536497344
687.5,134.5468944638566,235.59574072824043,1,0.0,0.0,0.0,317.35736480790297,0.0,0.15,0.0,0.0,False,0.004028465998999309,0,0,185,0,0.0,0.0,1,,,1,True,True,True,764.5,370.14263519209703,394.35736480790297,True,True,0,ML-Robust-MPC,134.5468944638566,235.59574072824043,116.7378562880934
684.5,138.91211189807106,237.36967743788733,1,0.0,0.0,0.0,308.21821066404164,0.0,0.15,0.0,0.0,False,0.004240673002641415,0,0,186,0,0.0,0.0,1,,,1,True,True,True,687.5,376.28178933595836,311.21821066404164,True,True,0,ML-Robust-MPC,138.91211189807106,237.36967743788733,116.1595193472696
675.5,141.44414476800688,236.37470376130943,1,0.0,0.0,0.0,297.6811514706837,0.0,0.15,0.0,0.0,False,0.00427029999991646,0,0,187,0,0.0,0.0,1,,,1,True,True,True,684.5,377.8188485293163,306.6811514706837,True,True,0,ML-Robust-MPC,141.44414476800688,236.37470376130943,120.95868997997933
647.5,141.1532986654192,236.19164977340083,1,0.0,0.0,0.0,270.15505156118,0.0,0.15,0.0,0.0,False,0.004613989000063157,0,0,188,0,0.0,0.0,1,,,1,True,True,True,675.5,377.34494843882,298.15505156118,True,True,0,ML-Robust-MPC,141.1532986654192,236.19164977340083,124.90514190421888
593.5,139.7546732121589,235.5047854200135,1,0.0,0.0,0.0,218.24054136782763,0.0,0.15,0.0,0.0,False,0.004756335998536088,0,0,189,0,0.0,0.0,1,,,1,True,True,True,647.5,375.25945863217237,272.24054136782763,True,True,0,ML-Robust-MPC,139.7546732121589,235.5047854200135,129.1519720200301
590.0,140.4304273022025,234.8083687412465,1,0.0,0.0,0.0,214.76120395655096,0.0,0.15,0.0,0.0,False,0.004669123998610303,0,0,190,0,0.0,0.0,1,,,1,True,True,True,604.0693359375,375.23879604344904,228.83053989405096,True,True,0,ML-Robust-MPC,140.4304273022025,234.8083687412465,133.06299132400244
549.0,140.93766296568066,234.2172975928616,1,0.0,0.0,0.0,173.84503944145774,0.0,0.15,0.0,0.0,False,0.004302657001971966,0,0,191,0,0.0,0.0,1,,,1,True,True,True,590.0,375.15496055854226,214.84503944145774,True,True,0,ML-Robust-MPC,140.93766296568066,234.2172975928616,134.301672984024
543.0,144.64499951764836,232.695464242036,1,0.0,0.0,0.0,165.65953624031567,0.0,0.15,0.0,0.0,False,0.004314789999625646,0,0,192,0,0.0,0.0,1,,,1,True,True,True,558.51513671875,377.3404637596843,181.17467295906567,True,True,0,ML-Robust-MPC,144.64499951764836,232.695464242036,138.83486393583144
534.5,143.9014439131651,232.61694755913155,1,0.0,0.0,0.0,157.98160852770332,0.0,0.15,0.0,0.0,False,0.004302481000195257,0,0,193,0,0.0,0.0,1,,,1,True,True,True,543.0,376.5183914722967,166.48160852770332,True,True,0,ML-Robust-MPC,143.9014439131651,232.61694755913155,132.5743876164711
521.0,142.84310324987104,233.46150887021344,1,0.0,0.0,0.0,144.69538787991553,0.0,0.15,0.0,0.0,False,0.004348913000285393,0,0,194,0,0.0,0.0,1,,,1,True,True,True,534.5,376.30461212008447,158.19538787991553,True,True,0,ML-Robust-MPC,142.84310324987104,233.46150887021344,135.25573238835577
451.5,145.35355673738474,232.4228200427185,1,0.0,0.0,0.0,73.72362321989675,0.0,0.15,0.0,0.0,False,0.004165149002801627,0,0,195,0,0.0,0.0,1,,,1,True,True,True,521.0,377.77637678010325,143.22362321989675,True,True,0,ML-Robust-MPC,145.35355673738474,232.4228200427185,132.35360747927135
472.0,145.18876629941616,233.4575256075113,1,0.0,0.0,0.0,93.35370809307256,0.0,0.15,0.0,0.0,False,0.004530543999862857,0,0,196,0,0.0,0.0,1,,,1,True,True,True,489.69134521484375,378.64629190692744,111.0450533079163,True,True,0,ML-Robust-MPC,145.18876629941616,233.4575256075113,124.28352900494004
482.5,142.99872399197994,234.9899983327321,1,0.0,0.0,0.0,104.51127767528794,0.0,0.15,0.0,0.0,False,0.0043686319986591116,0,0,197,0,0.0,0.0,1,,,1,True,True,True,478.2557067871094,377.98872232471206,100.26698446239732,True,True,0,ML-Robust-MPC,142.99872399197994,234.9899983327321,131.65906593923148
478.0,143.96038193615098,236.48949330045772,1,0.0,0.0,0.0,97.5501247633913,0.0,0.15,0.0,0.0,False,0.0043933470005868,0,0,198,0,0.0,0.0,1,,,1,True,True,True,482.5,380.4498752366087,102.0501247633913,True,True,0,ML-Robust-MPC,143.96038193615098,236.48949330045772,126.30615611547796
428.5,142.74389504096652,235.91928612816585,1,0.0,0.0,0.0,49.83681883086763,0.0,0.15,0.0,0.0,False,0.0044334539998089895,0,0,199,0,0.0,0.0,1,,,1,True,True,True,478.0,378.6631811691324,99.33681883086763,True,True,0,ML-Robust-MPC,142.74389504096652,235.91928612816585,124.22453915682404
423.5,146.07711790803862,236.857471714277,1,0.0,0.0,0.0,40.56541037768437,0.0,0.15,0.0,0.0,False,0.0040381629987678025,0,0,200,0,0.0,0.0,1,,,1,True,True,True,452.2784729003906,382.9345896223156,69.343883278075,True,True,0,ML-Robust-MPC,146.07711790803862,236.857471714277,130.1790194561744
409.5,148.82709011307878,235.8814894817665,1,0.0,0.0,0.0,24.791420405154724,0.0,0.15,0.0,0.0,False,0.006249498997931369,0,0,201,0,0.0,0.0,1,,,1,True,True,True,434.4390563964844,384.7085795948453,49.7304768016391,True,True,0,ML-Robust-MPC,148.82709011307878,235.8814894817665,133.20270900301676
409.5,148.81573586384962,237.7014827032543,1,0.0,0.0,0.0,22.982781432896104,0.0,0.15,0.0,0.0,False,0.00442260399722727,0,0,202,0,0.0,0.0,1,,,1,True,True,True,420.616455078125,386.5172185671039,34.099236511021104,True,True,0,ML-Robust-MPC,148.81573586384962,237.7014827032543,148.88461438400918
417.0,150.37351387039044,240.59236065491763,2,0.0,0.0,0.0,26.034125474691905,0.0,0.15,0.0,0.0,False,0.004488248003326589,1,0,203,0,0.0,0.0,1,,,2,True,True,False,412.0232849121094,390.3735138703904,21.649771041718964,True,True,0,ML-Robust-MPC,150.37351387039044,240.59236065491763,153.6738048197507
438.5,152.19975720145231,240.6619814341819,2,0.0,0.0,0.0,45.6382613643658,0.0,0.15,0.0,0.0,False,0.004707097999926191,0,0,204,0,0.0,0.0,1,,,2,True,True,False,417.0,392.1997572014523,24.800242798547686,True,True,0,ML-Robust-MPC,152.19975720145231,240.6619814341819,159.2348682344834
413.0,149.3814145352883,239.32867509354188,1,0.0,0.0,0.0,24.289910371169867,0.0,0.15,0.0,0.0,False,0.003973855000367621,0,0,205,0,0.0,0.0,1,,,1,True,True,True,438.5,388.71008962883013,49.78991037116987,True,True,0,ML-Robust-MPC,149.3814145352883,239.32867509354188,160.36171202711012
385.0,148.74760765971658,239.8673974244124,1,-3.6150050841289385,3.6150050841289385,0.0,0.0,0.0,0.15003586314567588,0.0,3.6150050841289385,False,0.004336725000030128,0,0,206,0,0.0,0.0,1,,,1,True,True,True,427.2955017089844,388.61500508412894,38.68049662485544,True,True,0,ML-Robust-MPC,148.74760765971658,239.8673974244124,146.91738292717542
398.0,149.5847975011261,238.41309732080848,1,3.2625420884266196,0.0,3.2625420884266196,6.739563089638829,0.0,0.15,0.0,0.0,False,0.0034454000015102793,0,0,207,0,0.0,0.0,1,,,1,True,True,True,418.21917724609375,387.99789482193455,30.2212824241592,True,True,0,ML-Robust-MPC,149.5847975011261,238.41309732080848,142.29012022025304
412.0,147.0799412794146,241.8485858688391,2,0.0,0.0,0.0,23.071472851746307,0.0,0.15,0.0,0.0,False,0.00310030200125766,1,0,208,0,0.0,0.0,1,,,2,True,True,False,418.65087890625,387.0799412794146,31.570937626835416,True,True,0,ML-Robust-MPC,147.0799412794146,241.8485858688391,142.53369772069232
389.5,143.13867766878553,238.47745279659603,1,0.0,0.0,0.0,7.883869534618441,0.0,0.15,0.0,0.0,False,0.004361467999842716,0,0,209,0,0.0,0.0,1,,,1,True,True,True,436.8047790527344,381.61613046538156,55.188648587352816,True,True,0,ML-Robust-MPC,143.13867766878553,238.47745279659603,138.8024061342272
370.0,141.80757263555117,239.78200080271503,1,-11.5895734382662,11.5895734382662,0.0,0.0,0.0,0.15011497592696693,0.0,11.5895734382662,False,0.0038314189987431746,0,0,210,0,0.0,0.0,1,,,1,True,True,True,442.43267822265625,381.5895734382662,60.84310478439005,True,True,0,ML-Robust-MPC,141.80757263555117,239.78200080271503,137.233400963675
372.0,143.0971476302047,239.4656992123216,1,-10.562846842526255,10.562846842526255,0.0,0.0,0.0,0.15021976607421422,0.0,10.562846842526255,False,0.004737380997539731,0,0,211,0,0.0,0.0,1,,,1,True,True,True,440.0823974609375,382.56284684252626,57.519550618411245,True,True,0,ML-Robust-MPC,143.0971476302047,239.4656992123216,145.685602298518
407.5,146.52272372344777,239.35746714740745,1,19.99255930341677,0.0,19.99255930341677,1.6272498257279864,0.0,0.15,0.0,0.0,False,0.003822070997557603,0,0,212,0,0.0,0.0,1,,,1,True,True,True,445.2275085449219,385.88019087085524,59.34731767406663,True,True,0,ML-Robust-MPC,146.52272372344777,239.35746714740745,138.66552633701252
410.0,150.17304872524224,238.98873408312616,1,0.0,0.0,0.0,20.8382171916316,0.0,0.15,0.0,0.0,False,0.004450142001587665,0,0,213,0,0.0,0.0,1,,,1,True,True,True,466.54486083984375,389.1617828083684,77.38307803147535,True,True,0,ML-Robust-MPC,150.17304872524224,238.98873408312616,131.66280033383262
408.0,154.6267005119252,239.6681844224915,1,0.0,0.0,0.0,13.7051150655833,0.0,0.15,0.0,0.0,False,0.00475489200107404,0,0,214,0,0.0,0.0,1,,,1,True,True,True,480.85382080078125,394.2948849344167,86.55893586636455,True,True,0,ML-Robust-MPC,154.6267005119252,239.6681844224915,132.5230954618385
385.5,154.3748928766585,238.76226741171047,1,-7.637160288368932,7.637160288368932,0.0,0.0,0.0,0.15007576547905127,0.0,7.637160288368932,False,0.0052574350011127535,0,0,215,0,0.0,0.0,1,,,1,True,True,True,485.85614013671875,393.13716028836893,92.71897984834982,True,True,0,ML-Robust-MPC,154.3748928766585,238.76226741171047,127.5388775556942
425.0,153.8084008736855,239.6572931551757,1,6.892537160252706,0.0,6.892537160252706,24.641768810886084,0.0,0.15,0.0,0.0,False,0.00435248999929172,0,0,216,0,0.0,0.0,1,,,1,True,True,True,480.505859375,393.4656940288612,87.04016534613879,True,True,0,ML-Robust-MPC,153.8084008736855,239.6572931551757,116.27294102589453
411.0,153.69250640020996,239.08690901700328,1,0.0,0.0,0.0,18.220584582786728,0.0,0.15,0.0,0.0,False,0.004420574998221127,0,0,217,0,0.0,0.0,1,,,1,True,True,True,508.6189880371094,392.7794154172133,115.8395726198961,True,True,0,ML-Robust-MPC,153.69250640020996,239.08690901700328,120.32180081359223
412.5,147.39516162070169,240.4831780454737,2,0.0,0.0,0.0,24.621660333824593,0.0,0.15,0.0,0.0,False,0.004533685998467263,1,0,218,0,0.0,0.0,1,,,2,True,True,False,527.0977783203125,387.3951616207017,139.70261669961081,True,True,0,ML-Robust-MPC,147.39516162070169,240.4831780454737,121.66686010143148
423.5,147.28633287110463,241.06774626789755,2,0.0,0.0,0.0,35.14592086099782,0.0,0.15,0.0,0.0,False,0.004474475997994887,0,0,219,0,0.0,0.0,1,,,2,True,True,False,531.6732177734375,387.2863328711046,144.3868849023329,True,True,0,ML-Robust-MPC,147.28633287110463,241.06774626789755,123.4984609137144
414.5,146.65263403792545,240.0150072666036,2,0.0,0.0,0.0,27.83235869547093,0.0,0.15,0.0,0.0,False,0.00419072899967432,0,0,220,0,0.0,0.0,1,,,2,True,True,False,560.6597900390625,386.65263403792545,174.00715600113705,True,True,0,ML-Robust-MPC,146.65263403792545,240.0150072666036,115.49502782518836
410.0,147.76724038048178,240.6810490168857,2,0.0,0.0,0.0,21.55171060263251,0.0,0.15,0.0,0.0,False,0.004137228999752551,0,0,221,0,0.0,0.0,1,,,2,True,True,False,553.887939453125,387.7672403804818,166.12069907264322,True,True,0,ML-Robust-MPC,147.76724038048178,240.6810490168857,124.83600891227468
419.5,148.27358979520568,239.7633272754716,1,0.0,0.0,0.0,31.463082929322695,0.0,0.15,0.0,0.0,False,0.004755871999805095,0,0,222,0,0.0,0.0,1,,,1,True,True,True,553.4248046875,388.0369170706773,165.3878876168227,True,True,0,ML-Robust-MPC,148.27358979520568,239.7633272754716,125.7308220304988
461.0,151.62328197155526,239.40314806238345,1,0.0,0.0,0.0,69.97356996606129,0.0,0.15,0.0,0.0,False,0.0047686520010756794,0,0,223,0,0.0,0.0,1,,,1,True,True,True,570.2227783203125,391.0264300339387,179.1963482863738,True,True,0,ML-Robust-MPC,151.62328197155526,239.40314806238345,125.2587402397743
455.0,151.47208840475892,236.4339281124892,1,0.0,0.0,0.0,67.09398348275187,0.0,0.15,0.0,0.0,False,0.00494583399995463,0,0,224,0,0.0,0.0,1,,,1,True,True,True,613.9697265625,387.90601651724813,226.06371004525187,True,True,0,ML-Robust-MPC,151.47208840475892,236.4339281124892,121.88659669187724
449.5,149.71704347112183,238.18724067899385,1,0.0,0.0,0.0,61.5957158498843,0.0,0.15,0.0,0.0,False,0.004128660002606921,0,0,225,0,0.0,0.0,1,,,1,True,True,True,651.3479614257812,387.9042841501157,263.44367727566555,True,True,0,ML-Robust-MPC,149.71704347112183,238.18724067899385,116.06690630491008
462.0,147.39115241394143,239.2145027259832,1,0.0,0.0,0.0,75.39434486007536,0.0,0.15,0.0,0.0,False,0.004133078000450041,0,0,226,0,0.0,0.0,1,,,1,True,True,True,672.7348022460938,386.60565513992464,286.1291471061691,True,True,0,ML-Robust-MPC,147.39115241394143,239.2145027259832,111.98031730950837
504.0,147.18465381690794,240.2545333330926,2,0.0,0.0,0.0,116.56081284999948,0.0,0.15,0.0,0.0,False,0.004035134999867296,1,0,227,0,0.0,0.0,1,,,2,True,True,False,698.6385498046875,387.18465381690794,311.45389598777956,True,True,0,ML-Robust-MPC,147.18465381690794,240.2545333330926,104.80969544533306
489.5,146.40400609980338,240.4780038706584,2,0.0,0.0,0.0,102.61799002953819,0.0,0.15,0.0,0.0,False,0.005551868001930416,0,0,228,0,0.0,0.0,1,,,2,True,True,False,755.1939086914062,386.4040060998034,368.78990259160287,True,True,0,ML-Robust-MPC,146.40400609980338,240.4780038706584,104.6790612955408
494.5,146.37520102373335,241.4675868659157,2,0.0,0.0,0.0,106.65721211035094,0.0,0.15,0.0,0.0,False,0.005703459999494953,0,0,229,0,0.0,0.0,1,,,2,True,True,False,761.3064575195312,386.3752010237333,374.9312564957979,True,True,0,ML-Robust-MPC,146.37520102373335,241.4675868659157,103.77306760691091
483.5,145.11317514051063,241.8169254163697,2,0.0,0.0,0.0,96.56989944311965,0.0,0.15,0.0,0.0,False,0.00958125699980883,0,0,230,0,0.0,0.0,1,,,2,True,True,False,796.9363403320312,385.11317514051063,411.8231651915206,True,True,0,ML-Robust-MPC,145.11317514051063,241.8169254163697,105.22323332355222
515.0,146.4352040006473,241.5495133397133,2,0.0,0.0,0.0,127.01528265963941,0.0,0.15,0.0,0.0,False,0.009581120000802912,0,0,231,0,0.0,0.0,1,,,2,True,True,False,789.1453247070312,386.43520400064733,402.7101207063839,True,True,0,ML-Robust-MPC,146.4352040006473,241.5495133397133,103.47994293822484
543.0,150.1708516548169,241.74498673699844,2,0.0,0.0,0.0,151.08416160818467,0.0,0.15,0.0,0.0,False,0.009623169000406051,0,0,232,0,0.0,0.0,1,,,2,True,True,False,830.03271484375,390.1708516548169,439.8618631889331,True,True,0,ML-Robust-MPC,150.1708516548169,241.74498673699844,102.46181305383745
560.0,151.2613019932335,239.1778994409802,1,0.0,0.0,0.0,169.56079856578629,0.0,0.15,0.0,0.0,False,0.004175545000180136,0,0,233,0,0.0,0.0,1,,,1,True,True,True,848.87451171875,390.4392014342137,458.4353102845363,True,True,0,ML-Robust-MPC,151.2613019932335,239.1778994409802,97.14126111006968
534.5,150.88793803115317,241.0311469590543,2,0.0,0.0,0.0,142.58091500979253,0.0,0.15,0.0,0.0,False,0.004432706999068614,1,0,234,0,0.0,0.0,1,,,2,True,True,False,914.0440063476562,390.88793803115317,523.156068316503,True,True,0,ML-Robust-MPC,150.88793803115317,241.0311469590543,89.01633138225704
575.0,149.97959101428927,240.60659373536032,2,0.0,0.0,0.0,184.4138152503504,0.0,0.15,0.0,0.0,False,0.0055590109986951575,0,0,235,0,0.0,0.0,1,,,2,True,True,False,885.857421875,389.97959101428927,495.87783086071073,True,True,0,ML-Robust-MPC,149.97959101428927,240.60659373536032,86.02989768204202
599.0,148.33132242800545,243.31782057465296,2,0.0,0.0,0.0,207.35085699734157,0.0,0.15,0.0,0.0,False,0.005528718000277877,0,0,236,0,0.0,0.0,1,,,2,True,True,False,946.4669189453125,388.3313224280055,558.135596517307,True,True,0,ML-Robust-MPC,148.33132242800545,243.31782057465296,91.46488638631072
608.0,150.19383900863443,243.49519561616205,2,0.0,0.0,0.0,214.31096537520352,0.0,0.15,0.0,0.0,False,0.005950196002231678,0,0,237,0,0.0,0.0,1,,,2,True,True,False,966.3073120117188,390.1938390086344,576.1134730030843,True,True,0,ML-Robust-MPC,150.19383900863443,243.49519561616205,88.2009845544503
651.0,151.16841174902143,245.9201595338281,2,0.0,0.0,0.0,253.91142871715044,0.0,0.15,0.0,0.0,False,0.009575073996529682,0,0,238,0,0.0,0.0,1,,,2,True,True,False,1026.8653564453125,391.1684117490214,635.6969446962911,True,True,0,ML-Robust-MPC,151.16841174902143,245.9201595338281,90.87967628468516
635.0,148.8510899969832,244.4711595878668,2,0.0,0.0,0.0,241.67775041515,0.0,0.15,0.0,0.0,False,0.009332595000159927,0,0,239,0,0.0,0.0,1,,,2,True,True,False,1066.403076171875,388.8510899969832,677.5519861748918,True,True,0,ML-Robust-MPC,148.8510899969832,244.4711595878668,96.73052179490406
665.0,147.68659111594135,244.90144691400783,2,0.0,0.0,0.0,272.4119619700508,0.0,0.15,0.0,0.0,False,0.008690747999935411,0,0,240,0,0.0,0.0,1,,,2,True,True,False,1106.815673828125,387.6865911159414,719.1290827121836,True,True,0,ML-Robust-MPC,147.68659111594135,244.90144691400783,100.28482292537926
708.0,148.33942188178895,245.0102443516251,2,0.0,0.0,0.0,314.65033376658596,0.0,0.15,0.0,0.0,False,0.008816249999654246,0,0,241,0,0.0,0.0,1,,,2,True,True,False,1132.21875,388.33942188178895,743.8793281182111,True,True,0,ML-Robust-MPC,148.33942188178895,245.0102443516251,98.2378497694182
730.5,148.97697930068742,245.71873732041863,2,0.0,0.0,0.0,335.80428337889396,0.0,0.15,0.0,0.0,False,0.007407974000670947,0,0,242,0,0.0,0.0,1,,,2,True,True,False,1206.1251220703125,388.9769793006874,817.1481427696251,True,True,0,ML-Robust-MPC,148.97697930068742,245.71873732041863,101.96262700066944
767.5,154.19399243618923,246.17938903301985,2,0.0,0.0,0.0,367.1266185307909,0.0,0.15,0.0,0.0,False,0.007568749999336433,0,0,243,0,0.0,0.0,1,,,2,True,True,False,1227.6171875,394.1939924361892,833.4231950638108,True,True,0,ML-Robust-MPC,154.19399243618923,246.17938903301985,106.03503031250963
791.0,152.54318926807906,246.51910663041,2,0.0,0.0,0.0,391.9377041015109,0.0,0.15,0.0,0.0,False,0.007315547001780942,0,0,244,0,0.0,0.0,1,,,2,True,True,False,1245.2962646484375,392.54318926807906,852.7530753803585,True,True,0,ML-Robust-MPC,152.54318926807906,246.51910663041,101.9391077690716
835.0,148.65913683224574,244.0262018064586,2,0.0,0.0,0.0,442.31466136129563,0.0,0.15,0.0,0.0,False,0.007714843002759153,0,0,245,0,0.0,0.0,1,,,2,True,True,False,1268.7774658203125,388.65913683224574,880.1183289880668,True,True,0,ML-Robust-MPC,148.65913683224574,244.0262018064586,100.26862609286546
862.0,147.47020825837305,245.23545084587545,2,0.0,0.0,0.0,469.2943408957515,0.0,0.15,0.0,0.0,False,0.0077905969992571045,0,0,246,0,0.0,0.0,1,,,2,True,True,False,1250.993408203125,387.4702082583731,863.5231999447519,True,True,0,ML-Robust-MPC,147.47020825837305,245.23545084587545,100.53249683034495
911.0,144.6807618144846,246.3571467540479,2,0.0,0.0,0.0,519.9620914314675,0.0,0.15,0.0,0.0,False,0.007605720002175076,0,0,247,0,0.0,0.0,1,,,2,True,True,False,1248.404296875,384.68076181448464,863.7235350605154,True,True,0,ML-Robust-MPC,144.6807618144846,246.3571467540479,99.86367433755444
964.5,144.1595883975687,243.8952260075384,2,0.0,0.0,0.0,576.4451855948929,0.0,0.15,0.0,0.0,False,0.007487159000447718,0,0,248,0,0.0,0.0,1,,,2,True,True,False,1255.9127197265625,384.1595883975687,871.7531313289937,True,True,0,ML-Robust-MPC,144.1595883975687,243.8952260075384,107.46745178032678
1005.0,141.59128394174363,242.77312558751856,2,0.0,0.0,0.0,620.6355904707378,0.0,0.15,0.0,0.0,False,0.009708033001516014,0,0,249,0,0.0,0.0,1,,,2,True,True,False,1245.6195068359375,381.59128394174365,864.0282228941938,True,True,0,ML-Robust-MPC,141.59128394174363,242.77312558751856,107.784353703042
1050.5,142.63020785251533,241.01725437700256,2,0.0,0.0,0.0,666.8525377704821,0.0,0.15,0.0,0.0,False,0.00946732400188921,0,0,250,0,0.0,0.0,1,,,2,True,True,False,1236.70849609375,382.63020785251535,854.0782882412346,True,True,0,ML-Robust-MPC,142.63020785251533,241.01725437700256,108.62119878635524
1115.0,144.7475774199261,240.8934291742176,2,0.0,0.0,0.0,729.3589934058563,0.0,0.15,0.0,0.0,False,0.009546679000777658,0,0,251,0,0.0,0.0,1,,,2,True,True,False,1235.3555908203125,384.7475774199261,850.6080134003864,True,True,0,ML-Robust-MPC,144.7475774199261,240.8934291742176,111.05617448224568
1152.0,147.51791733951663,237.2766748306249,1,0.0,0.0,0.0,767.2054078298585,0.0,0.15,0.0,0.0,False,0.0040235110027424525,0,0,252,0,0.0,0.0,1,,,1,True,True,True,1238.8531494140625,384.7945921701415,854.058557243921,True,True,0,ML-Robust-MPC,147.51791733951663,237.2766748306249,118.19092500136786
1238.5,149.44815743136,236.01955919669388,1,0.0,0.0,0.0,853.0322833719462,0.0,0.15,0.0,0.0,False,0.003985268998803804,0,0,253,0,0.0,0.0,1,,,1,True,True,True,1246.9940185546875,385.46771662805384,861.5263019266337,True,True,0,ML-Robust-MPC,149.44815743136,236.01955919669388,114.56673538724266
1257.5,147.19871657829475,237.41961166142,1,0.0,0.0,0.0,872.8816717602853,0.0,0.15,0.0,0.0,False,0.004099609999684617,0,0,254,0,0.0,0.0,1,,,1,True,True,True,1268.7679443359375,384.61832823971474,884.1496160962228,True,True,0,ML-Robust-MPC,147.19871657829475,237.41961166142,118.9876669846759
1254.0,148.51751901985844,235.91801876063155,1,0.0,0.0,0.0,869.56446221951,0.0,0.15,0.0,0.0,False,0.004011823002656456,0,0,255,0,0.0,0.0,1,,,1,True,True,True,1261.8673095703125,384.43553778049,877.4317717898225,True,True,0,ML-Robust-MPC,148.51751901985844,235.91801876063155,121.263856708109
1210.0,154.78742827339806,234.5251272045056,1,0.0,0.0,0.0,820.6874445220964,0.0,0.15,0.0,0.0,False,0.003943853000237141,0,0,256,0,0.0,0.0,1,,,1,True,True,True,1254.0,389.31255547790363,864.6874445220964,True,True,0,ML-Robust-MPC,154.78742827339806,234.5251272045056,122.57683312367064
1158.5,155.1693353973218,234.2770473784962,1,0.0,0.0,0.0,769.0536172241821,0.0,0.15,0.0,0.0,False,0.003881494001689134,0,0,257,0,0.0,0.0,1,,,1,True,True,True,1210.0,389.446382775818,820.5536172241821,True,True,0,ML-Robust-MPC,155.1693353973218,234.2770473784962,122.9742575350076
1117.0,154.37771859992543,234.4840954222149,1,0.0,0.0,0.0,728.1381859778596,0.0,0.15,0.0,0.0,False,0.004040533996885642,0,0,258,0,0.0,0.0,1,,,1,True,True,True,1158.5,388.8618140221403,769.6381859778596,True,True,0,ML-Robust-MPC,154.37771859992543,234.4840954222149,127.04321126600368
1037.0,155.29953312427807,233.0009229406965,1,0.0,0.0,0.0,648.6995439350254,0.0,0.15,0.0,0.0,False,0.004048558999784291,0,0,259,0,0.0,0.0,1,,,1,True,True,True,1117.0,388.3004560649746,728.6995439350254,True,True,0,ML-Robust-MPC,155.29953312427807,233.0009229406965,129.80040446300757
997.5,154.6074754639142,232.6738304352805,1,0.0,0.0,0.0,610.2186941008054,0.0,0.15,0.0,0.0,False,0.003977819000283489,0,0,260,0,0.0,0.0,1,,,1,True,True,True,1037.0,387.2813058991947,649.7186941008054,True,True,0,ML-Robust-MPC,154.6074754639142,232.6738304352805,132.4082040320011
979.5,155.221824871155,232.0905646149501,1,0.0,0.0,0.0,592.1876105138949,0.0,0.15,0.0,0.0,False,0.003862696001306176,0,0,261,0,0.0,0.0,1,,,1,True,True,True,997.5,387.3123894861051,610.1876105138949,True,True,0,ML-Robust-MPC,155.221824871155,232.0905646149501,131.7800660519914
950.0,151.46777605661532,231.62630179934595,1,0.0,0.0,0.0,566.9059221440388,0.0,0.15,0.0,0.0,False,0.004152035999140935,0,0,262,0,0.0,0.0,1,,,1,True,True,True,979.5,383.09407785596125,596.4059221440388,True,True,0,ML-Robust-MPC,151.46777605661532,231.62630179934595,123.64464300157792
849.0,148.99902487438237,231.80050186252325,1,0.0,0.0,0.0,468.2004732630944,0.0,0.15,0.0,0.0,False,0.003946816999814473,0,0,263,0,0.0,0.0,1,,,1,True,True,True,950.0,380.7995267369056,569.2004732630944,True,True,0,ML-Robust-MPC,148.99902487438237,231.80050186252325,127.66297686653432
861.0,150.22259031097073,230.77601236343327,1,0.0,0.0,0.0,480.00139732559603,0.0,0.15,0.0,0.0,False,0.004050972002005437,0,0,264,0,0.0,0.0,1,,,1,True,True,True,854.7539672851562,380.99860267440397,473.7553646107523,True,True,0,ML-Robust-MPC,150.22259031097073,230.77601236343327,132.0628519654245
854.5,152.11422790931022,229.79473661843824,1,0.0,0.0,0.0,472.5910354722515,0.0,0.15,0.0,0.0,False,0.004025759000796825,0,0,265,0,0.0,0.0,1,,,1,True,True,True,861.0,381.9089645277485,479.0910354722515,True,True,0,ML-Robust-MPC,152.11422790931022,229.79473661843824,128.0053858501554
768.5,151.4591049301756,232.92009369501,1,0.0,0.0,0.0,384.1208013748144,0.0,0.15,0.0,0.0,False,0.003971275000367314,0,0,266,0,0.0,0.0,1,,,1,True,True,True,854.5,384.3791986251856,470.1208013748144,True,True,0,ML-Robust-MPC,151.4591049301756,232.92009369501,121.9016983100234
776.5,147.12023814186333,232.9669852697097,1,0.0,0.0,0.0,396.41277658842694,0.0,0.15,0.0,0.0,False,0.0040089520007313695,0,0,267,0,0.0,0.0,1,,,1,True,True,True,768.5,380.08722341157306,388.41277658842694,True,True,0,ML-Robust-MPC,147.12023814186333,232.9669852697097,122.30056171820232
744.5,150.27679066435033,235.9393137543284,1,0.0,0.0,0.0,358.2838955813213,0.0,0.15,0.0,0.0,False,0.0039898129980429076,0,0,268,0,0.0,0.0,1,,,1,True,True,True,776.5,386.2161044186787,390.2838955813213,True,True,0,ML-Robust-MPC,150.27679066435033,235.9393137543284,119.4297618304093
726.5,147.94089008044415,236.70534267159115,1,0.0,0.0,0.0,341.8537672479647,0.0,0.15,0.0,0.0,False,0.003993264002929209,0,0,269,0,0.0,0.0,1,,,1,True,True,True,744.5,384.6462327520353,359.8537672479647,True,True,0,ML-Robust-MPC,147.94089008044415,236.70534267159115,119.24799461917976
672.5,145.646632124504,239.2135105407676,1,0.0,0.0,0.0,287.6398573347284,0.0,0.15,0.0,0.0,False,0.004050174000440165,0,0,270,0,0.0,0.0,1,,,1,True,True,True,726.5,384.8601426652716,341.6398573347284,True,True,0,ML-Robust-MPC,145.646632124504,239.2135105407676,123.60221888650784
642.5,148.71408699642467,239.6839972268321,1,0.0,0.0,0.0,254.10191577674323,0.0,0.15,0.0,0.0,False,0.004119237000850262,0,0,271,0,0.0,0.0,1,,,1,True,True,True,672.5,388.3980842232568,284.1019157767432,True,True,0,ML-Robust-MPC,148.71408699642467,239.6839972268321,121.4053953032852
659.0,153.28117150320833,240.0366351366609,2,0.0,0.0,0.0,265.6821933601308,0.0,0.15,0.0,0.0,False,0.004332557997258846,1,0,272,0,0.0,0.0,1,,,2,True,True,False,643.345703125,393.2811715032083,250.06453162179167,True,True,0,ML-Robust-MPC,153.28117150320833,240.0366351366609,126.25443685628753
587.0,153.25941068457385,238.28196507484387,1,0.0,0.0,0.0,195.45862424058225,0.0,0.15,0.0,0.0,False,0.003878098003042396,0,0,273,0,0.0,0.0,1,,,1,True,True,True,659.0,391.54137575941775,267.45862424058225,True,True,0,ML-Robust-MPC,153.25941068457385,238.28196507484387,121.14090112743214
567.0,153.58705386219643,239.239123853417,1,0.0,0.0,0.0,174.17382228438657,0.0,0.15,0.0,0.0,False,0.004107972999918275,0,0,274,0,0.0,0.0,1,,,1,True,True,True,600.489990234375,392.8261777156134,207.66381251876157,True,True,0,ML-Robust-MPC,153.58705386219643,239.239123853417,120.43346913482384
562.5,152.7397729459489,238.73530633181267,1,0.0,0.0,0.0,171.02492072223845,0.0,0.15,0.0,0.0,False,0.004210306000459241,0,0,275,0,0.0,0.0,1,,,1,True,True,True,573.2379760742188,391.47507927776155,181.7628967964572,True,True,0,ML-Robust-MPC,152.7397729459489,238.73530633181267,116.19166481206206
535.5,151.71300179899907,238.09189238423969,1,0.0,0.0,0.0,145.69510581676127,0.0,0.15,0.0,0.0,False,0.0042436399999132846,0,0,276,0,0.0,0.0,1,,,1,True,True,True,562.5,389.80489418323873,172.69510581676127,True,True,0,ML-Robust-MPC,151.71300179899907,238.09189238423969,123.61278129164938
530.0,154.1161736157352,238.129976020678,1,0.0,0.0,0.0,137.75385036358682,0.0,0.15,0.0,0.0,False,0.004188893999526044,0,0,277,0,0.0,0.0,1,,,1,True,True,True,539.513427734375,392.2461496364132,147.26727809796182,True,True,0,ML-Robust-MPC,154.1161736157352,238.129976020678,115.1583676970402
481.0,154.90512211255535,236.6137047548736,1,0.0,0.0,0.0,89.48117313257103,0.0,0.15,0.0,0.0,False,0.004752038999868091,0,0,278,0,0.0,0.0,1,,,1,True,True,True,530.0,391.51882686742897,138.48117313257103,True,True,0,ML-Robust-MPC,154.90512211255535,236.6137047548736,122.15394379671424
450.5,156.69624738865383,235.0798456218304,1,0.0,0.0,0.0,58.72390698951574,0.0,0.15,0.0,0.0,False,0.004114806000870885,0,0,279,0,0.0,0.0,1,,,1,True,True,True,506.34552001953125,391.77609301048426,114.56942700904699,True,True,0,ML-Robust-MPC,156.69624738865383,235.0798456218304,122.08070303773071
478.0,158.20265272605147,235.2750552529781,1,0.0,0.0,0.0,84.52229202097044,0.0,0.15,0.0,0.0,False,0.004867403000389459,0,0,280,0,0.0,0.0,1,,,1,True,True,True,479.9230041503906,393.47770797902956,86.44529617136106,True,True,0,ML-Robust-MPC,158.20265272605147,235.2750552529781,126.25689305618472
446.5,158.2234380014026,234.1459938415256,1,0.0,0.0,0.0,54.13056815707182,0.0,0.15,0.0,0.0,False,0.004668360998039134,0,0,281,0,0.0,0.0,1,,,1,True,True,True,478.0,392.3694318429282,85.63056815707182,True,True,0,ML-Robust-MPC,158.2234380014026,234.1459938415256,130.94198774584655
451.5,158.92522727730474,236.08621135993013,1,0.0,0.0,0.0,56.488561362765154,0.0,0.15,0.0,0.0,False,0.005016007999074645,0,0,282,0,0.0,0.0,1,,,1,True,True,True,459.6504211425781,395.01143863723485,64.63898250534328,True,True,0,ML-Robust-MPC,158.92522727730474,236.08621135993013,139.89983646613746
435.0,157.38476936926253,235.6870799278352,1,0.0,0.0,0.0,41.92815070290226,0.0,0.15,0.0,0.0,False,0.0048592470011499245,0,0,283,0,0.0,0.0,1,,,1,True,True,True,451.7254333496094,393.07184929709774,58.65358405251163,True,True,0,ML-Robust-MPC,157.38476936926253,235.6870799278352,139.47210334409252
424.5,156.982137296218,232.8798332403729,1,0.0,0.0,0.0,34.63802946340911,0.0,0.15,0.0,0.0,False,0.004393884999444708,0,0,284,0,0.0,0.0,1,,,1,True,True,True,439.56256103515625,389.8619705365909,49.70059049856536,True,True,0,ML-Robust-MPC,156.982137296218,232.8798332403729,138.9563451447598
400.0,156.96584757345232,235.5297920921007,1,0.0,0.0,0.0,7.504360334446972,0.0,0.15,0.0,0.0,False,0.004282885001885006,0,0,285,0,0.0,0.0,1,,,1,True,True,True,429.7645263671875,392.495639665553,37.26888670163447,True,True,0,ML-Robust-MPC,156.96584757345232,235.5297920921007,128.37876853903416
426.5,155.43696118873396,233.82599857988745,1,0.0,0.0,0.0,37.237040231378614,0.0,0.15,0.0,0.0,False,0.005596669001533883,0,0,286,0,0.0,0.0,1,,,1,True,True,True,420.72625732421875,389.2629597686214,31.463297555597364,True,True,0,ML-Robust-MPC,155.43696118873396,233.82599857988745,134.34089538524665
415.5,158.0253853162856,233.3571944279155,1,0.0,0.0,0.0,24.117420255798947,0.0,0.15,0.0,0.0,False,0.00436684699889156,0,0,287,0,0.0,0.0,1,,,1,True,True,True,426.5,391.38257974420105,35.11742025579895,True,True,0,ML-Robust-MPC,158.0253853162856,233.3571944279155,136.16852705404898
396.0,158.75735783824587,233.00481958168217,1,0.0,0.0,0.0,4.237822580071963,0.0,0.15,0.0,0.0,False,0.004102538001461653,0,0,288,0,0.0,0.0,1,,,1,True,True,True,415.5,391.76217741992804,23.737822580071963,True,True,0,ML-Robust-MPC,158.75735783824587,233.00481958168217,135.63384354517376
422.5,159.31339839444826,233.9876638502639,1,0.0,0.0,0.0,29.19893775528783,0.0,0.15,0.0,0.0,False,0.004654296997614438,0,0,289,0,0.0,0.0,1,,,1,True,True,True,415.44622802734375,393.30106224471217,22.14516578263158,True,True,0,ML-Robust-MPC,159.31339839444826,233.9876638502639,137.49906089057473
371.5,161.75330481605542,236.2933018610329,1,-26.546606677088334,26.546606677088334,0.0,0.0,0.0,0.1502633591932251,0.0,26.546606677088334,False,0.004481162999582011,0,0,290,0,0.0,0.0,1,,,1,True,True,True,422.5,398.04660667708833,24.453393322911666,True,True,0,ML-Robust-MPC,161.75330481605542,236.2933018610329,142.76115699732352
397.5,162.46442606312672,237.89975431650845,1,-2.8641803796351724,2.8641803796351724,0.0,0.0,0.0,0.1502917736811183,0.0,0.0,False,0.00470522699833964,0,0,291,0,0.0,0.0,1,,,1,True,True,True,415.83734130859375,400.3641803796352,15.473160928958578,True,True,0,ML-Robust-MPC,162.46442606312672,237.89975431650845,143.1923906724266
377.5,163.96794942430748,237.6235421304803,1,-24.091491554787808,24.091491554787808,0.0,0.0,0.0,0.1505307765735269,0.0,24.091491554787808,False,0.005257545999484137,0,0,292,0,0.0,0.0,1,,,1,True,True,True,417.91351318359375,401.5914915547878,16.322021628805942,True,True,0,ML-Robust-MPC,163.96794942430748,237.6235421304803,133.34792062368868
368.5,167.19844689867082,237.3687023083088,1,-36.06714920697959,36.06714920697959,0.0,0.0,0.0,0.1508885855934374,0.0,29.86895751953125,False,0.005565433999436209,0,0,293,0,0.0,0.0,1,,,1,True,True,True,420.58197021484375,404.5671492069796,16.014821007864157,True,True,0,ML-Robust-MPC,167.19844689867082,237.3687023083088,140.07844223806336
398.0,168.0213254936269,238.83555769657136,1,-8.856883190198232,8.856883190198232,0.0,0.0,0.0,0.15097645149810207,0.0,0.0,False,0.004481912998016924,0,0,294,0,0.0,0.0,1,,,1,True,True,True,428.01959228515625,406.85688319019823,21.162709094958018,True,True,0,ML-Robust-MPC,168.0213254936269,238.83555769657136,136.70450152366348
406.5,165.48933312049488,242.0300258462515,2,-1.0193589667463812,1.0193589667463812,0.0,0.0,0.0,0.15098656418626424,0.0,0.0,False,0.005028650000895141,1,0,295,0,0.0,0.0,1,,,2,True,True,False,440.5776062011719,405.48933312049485,35.08827308067703,True,True,0,ML-Robust-MPC,165.48933312049488,242.0300258462515,138.93919542039308
402.5,161.9756069781971,240.4331844504099,2,0.09120857139299687,0.0,0.09120857139299687,0.0,0.0,0.15098556158577844,0.0,0.0,False,0.004300880002119811,0,0,296,0,0.0,0.0,1,,,2,True,True,False,461.0052185058594,401.9756069781971,59.02961152766227,True,True,0,ML-Robust-MPC,161.9756069781971,240.4331844504099,134.93915965518357
420.5,161.28001205811157,238.91230265972064,1,20.307685282167768,0.0,20.307685282167768,0.0,0.0,0.15076233152287813,0.0,0.0,False,0.00450641199859092,0,0,297,0,0.0,0.0,1,,,1,True,True,True,471.2175598144531,400.19231471783223,71.02524509662089,True,True,0,ML-Robust-MPC,161.28001205811157,238.91230265972064,137.2898999941467
384.0,160.1860803942945,239.22220619150195,1,-15.408286585796418,15.408286585796418,0.0,0.0,0.0,0.15091519150884833,0.0,15.408286585796418,False,0.0047664740013715345,0,0,298,0,0.0,0.0,1,,,1,True,True,True,481.5624694824219,399.4082865857964,82.15418289662546,True,True,0,ML-Robust-MPC,160.1860803942945,239.22220619150195,135.97110270542407
411.5,162.41794336729987,239.10042577675512,1,9.981630855945035,0.0,9.981630855945035,0.0,0.0,0.15080546949706508,0.0,0.0,False,0.005388540997955715,0,0,299,0,0.0,0.0,1,,,1,True,True,True,485.3465881347656,401.518369144055,83.82821899071064,True,True,0,ML-Robust-MPC,162.41794336729987,239.10042577675512,142.08895000157216
419.5,164.1327602884484,240.1332002502356,2,15.234039461316002,0.0,15.234039461316002,0.0,0.0,0.15063801094430912,0.0,0.0,False,0.003830721998383524,1,0,300,0,0.0,0.0,1,,,2,True,True,False,502.9463806152344,404.13276028844837,98.81362032678601,True,True,0,ML-Robust-MPC,164.1327602884484,240.1332002502356,140.71881697009698
432.0,159.66085912666856,238.22426970110303,1,34.11487117222839,0.0,34.11487117222839,0.0,0.0,0.15026300686423802,0.0,0.0,False,0.003935356999136275,0,0,301,0,0.0,0.0,1,,,1,True,True,True,506.87841796875,397.8851288277716,108.99328914097839,True,True,0,ML-Robust-MPC,159.66085912666856,238.22426970110303,139.74473090360945
422.0,157.76728830351695,234.19006365626743,1,23.926260453461566,0.0,23.926260453461566,6.116387586754058,0.0,0.15,0.0,0.0,False,0.004717951000202447,0,0,302,0,0.0,0.0,1,,,1,True,True,True,536.3008422851562,391.9573519597844,144.34349032537187,True,True,0,ML-Robust-MPC,157.76728830351695,234.19006365626743,133.31311469994228
400.5,156.17757902011732,233.05772963029915,1,0.0,0.0,0.0,11.26469134958353,0.0,0.15,0.0,0.0,False,0.00486276599986013,0,0,303,0,0.0,0.0,1,,,1,True,True,True,541.2884521484375,389.23530865041647,152.05314349802103,True,True,0,ML-Robust-MPC,156.17757902011732,233.05772963029915,140.29836191380198
451.0,155.58681778921854,233.8108344511533,1,0.0,0.0,0.0,61.602347759628174,0.0,0.15,0.0,0.0,False,0.005041419997724006,0,0,304,0,0.0,0.0,1,,,1,True,True,True,540.2569580078125,389.3976522403718,150.85930576744067,True,True,0,ML-Robust-MPC,155.58681778921854,233.8108344511533,136.43371975104037
413.0,154.99979361951102,235.10495766671488,1,0.0,0.0,0.0,22.895248713774095,0.0,0.15,0.0,0.0,False,0.004313878001994453,0,0,305,0,0.0,0.0,1,,,1,True,True,True,572.7965087890625,390.1047512862259,182.6917575028366,True,True,0,ML-Robust-MPC,154.99979361951102,235.10495766671488,140.35633706527162
463.5,154.87930297973517,234.9755396281544,1,0.0,0.0,0.0,73.64515739211043,0.0,0.15,0.0,0.0,False,0.0039619029994355515,0,0,306,0,0.0,0.0,1,,,1,True,True,True,564.6505126953125,389.85484260788957,174.79567008742293,True,True,0,ML-Robust-MPC,154.87930297973517,234.9755396281544,144.73738657342884
437.5,537.5,0.0,0,-100.0,100.0,0.0,0.0,0.0,0.15099206349206348,0.0,100.0,False,0.0041528510009811725,0,1,307,0,0.0,0.0,1,,,0,True,False,False,610.4976806640625,1441.605337729934,-831.1076570658715,True,True,0,ML-Robust-MPC,1201.605337729934,796.4057933849198,500.0
431.0,475.3302001953128,0.0,0,-44.33020019531277,44.33020019531277,0.0,0.0,0.0,0.15143184722415984,55.66979980468723,44.33020019531277,False,0.004700179997598752,0,0,308,0,0.0,0.0,1,,,0,True,False,False,622.118408203125,1438.1418459620395,-816.0234377589145,True,True,0,ML-Robust-MPC,1198.1418459620395,794.3543008149566,500.0
469.0,438.74199432373075,0.0,0,30.25800567626925,0.0,30.25800567626925,0.0,0.0,0.15109923932638614,100.0,0.0,False,0.0039935120003065094,0,0,309,0,0.0,0.0,1,,,0,True,False,False,627.0506591796875,1439.8176934056278,-812.7670342259403,True,True,0,ML-Robust-MPC,1199.8176934056278,794.5126866175806,499.46379717087433
468.0,482.8078613281249,0.0,0,-14.807861328124886,14.807861328124886,0.0,0.0,0.0,0.15124614271257786,85.19213867187511,14.807861328124886,False,0.003923178999684751,0,0,310,0,0.0,0.0,1,,,0,True,False,False,663.9783935546875,1442.420435272079,-778.4420417173915,True,True,0,ML-Robust-MPC,1202.420435272079,793.9280888890545,500.0
499.0,485.6359051513666,0.0,0,13.364094848633385,0.0,13.364094848633385,0.0,0.0,0.15109923932638614,100.0,0.0,False,0.004499867998674745,0,0,311,0,0.0,0.0,1,,,0,True,False,False,683.44873046875,1440.349909058535,-756.9011785897851,True,True,0,ML-Robust-MPC,1200.349909058535,793.9210130852993,499.9406651775469
470.5,518.2247314453124,0.0,0,-47.724731445312386,47.724731445312386,0.0,0.0,0.0,0.15157269896374043,52.275268554687614,47.724731445312386,False,0.005709783999918727,0,0,312,0,0.0,0.0,1,,,0,True,False,False,743.5892944335938,1440.1469238901252,-696.5576294565315,True,True,0,ML-Robust-MPC,1200.1469238901252,795.8965354011214,500.0
498.5,467.9524472045898,0.0,0,30.547552795410184,0.0,30.547552795410184,0.0,0.0,0.1512369082501647,100.0,0.0,False,0.004585754999425262,0,0,313,0,0.0,0.0,1,,,0,True,False,False,738.590576171875,1440.6545616987623,-702.0639855268873,True,True,0,ML-Robust-MPC,1200.6545616987623,795.7403896257891,497.7490564326026
489.5,513.1471252441416,0.0,0,-23.647125244141634,23.647125244141634,0.0,0.0,0.0,0.15147150274663435,76.35287475585837,23.647125244141634,False,0.004173165998508921,0,0,314,0,0.0,0.0,1,,,0,True,False,False,771.53076171875,1443.9738579837233,-672.4430962649733,True,True,0,ML-Robust-MPC,1203.9738579837233,794.7991782722677,496.1170266310676
501.0,491.8911660003673,0.0,0,9.10883399963268,0.0,9.10883399963268,0.0,0.0,0.15137137486113514,100.0,0.0,False,0.004577634001179831,0,0,315,0,0.0,0.0,1,,,0,True,False,False,796.3362426757812,1441.9581596936514,-645.6219170178701,True,True,0,ML-Robust-MPC,1201.9581596936514,794.084359238155,495.5083814656524
540.5,515.7432861328136,0.0,0,24.756713867186292,0.0,24.756713867186292,0.0,0.0,0.15109923932638614,100.0,0.0,False,0.003983914000855293,0,0,316,0,0.0,0.0,1,,,0,True,False,False,799.7547607421875,1442.3391186872482,-642.5843579450607,True,True,0,ML-Robust-MPC,1202.3391186872482,792.500066539212,495.4617953789143
541.0,561.5323486328124,0.0,0,-20.532348632812386,20.532348632812386,0.0,0.0,0.0,0.15130293326123548,79.46765136718761,20.532348632812386,False,0.004244596002536127,0,0,317,0,0.0,0.0,1,,,0,True,False,False,836.4884033203125,1445.2729026203651,-608.7844993000526,True,True,0,ML-Robust-MPC,1205.2729026203651,792.792346187473,496.1663661094863
577.5,558.9695553588856,0.0,0,18.530444641114414,0.0,18.530444641114414,0.0,0.0,0.15109923932638614,100.0,0.0,False,0.004440107997652376,0,0,318,0,0.0,0.0,1,,,0,True,False,False,866.7550048828125,1442.927444440402,-576.1724395575895,True,True,0,ML-Robust-MPC,1202.927444440402,791.7415745423376,496.386922262082
586.5,602.3702392578124,0.0,0,-15.870239257812386,15.870239257812386,0.0,0.0,0.0,0.15125668217616603,84.12976074218761,15.870239257812386,False,0.005787374997453298,0,0,319,0,0.0,0.0,1,,,0,True,False,False,913.5760498046875,1444.937624900592,-531.3615750959045,True,True,0,ML-Robust-MPC,1204.937624900592,792.8746312238,494.9201740409695
594.5,607.513901062011,0.0,0,-13.013901062010959,13.013901062010959,0.0,0.0,0.0,0.1513857883374955,86.98609893798904,13.013901062010959,False,0.0043801529973279685,0,0,320,0,0.0,0.0,1,,,0,True,False,False,962.1766357421875,1442.2847802531874,-480.10814451099986,True,True,0,ML-Robust-MPC,1202.2847802531874,788.7546310282705,494.8677892570599
627.0,609.2659256660467,0.0,0,17.73407433395336,0.0,17.73407433395336,0.0,0.0,0.15119084841824612,100.0,0.0,False,0.004227446999720996,0,0,321,0,0.0,0.0,1,,,0,True,False,False,980.4451293945312,1441.6297858132773,-461.18465641874604,True,True,0,ML-Robust-MPC,1201.6297858132773,791.5260669914676,495.17718953940863
636.5,653.9972534179697,0.0,0,-17.497253417969645,17.497253417969645,0.0,0.0,0.0,0.15136443228151963,82.50274658203035,17.497253417969645,False,0.004127311000047484,0,0,322,0,0.0,0.0,1,,,0,True,False,False,1036.987060546875,1442.780938124935,-405.7938775780599,True,True,0,ML-Robust-MPC,1202.780938124935,790.9305835450249,496.5254019848129
664.0,657.4182014465329,0.0,0,6.581798553467138,0.0,6.581798553467138,0.0,0.0,0.1512920825634364,100.0,0.0,False,0.004298658001061995,0,0,323,0,0.0,0.0,1,,,0,True,False,False,1080.965087890625,1438.1958576048862,-357.2307697142612,True,True,0,ML-Robust-MPC,1198.1958576048862,791.0794715755487,496.8332707733536
698.5,726.7006352175556,0.0,0,-28.200635217555586,28.200635217555586,0.0,0.0,0.0,0.15157185076995977,71.79936478244441,28.200635217555586,False,0.004719836000731448,0,0,324,0,0.0,0.0,1,,,0,True,False,False,1133.625732421875,1440.8887202511955,-307.26298782932054,True,True,0,ML-Robust-MPC,1200.8887202511955,791.0054154088126,497.4205612957369
768.0,843.2020002725026,0.0,0,-75.2020002725026,75.2020002725026,0.0,0.0,0.0,0.15231790235996476,24.7979997274974,75.2020002725026,False,0.003855000999465119,0,0,325,0,0.0,0.0,1,,,0,True,False,False,1202.6441650390625,1443.6945203507337,-241.05035531167118,True,True,0,ML-Robust-MPC,1203.6945203507337,790.5204558251853,496.25140863932415
717.5,817.5,0.0,0,-100.0,100.0,0.0,0.0,0.0,0.15330996585202825,0.0,100.0,False,0.004476649999560323,0,0,326,0,0.0,0.0,1,,,0,True,False,False,1230.0157470703125,1445.3443589337546,-215.32861186344212,True,True,0,ML-Robust-MPC,1205.3443589337546,792.1597717887611,498.4463573184362
795.5,893.2091411084202,0.0,0,-97.70914110842028,97.70914110842028,0.0,0.0,0.0,0.1542793025693737,2.290858891579718,97.70914110842028,False,0.004047824997542193,0,0,327,0,0.0,0.0,1,,,0,True,False,False,1240.79931640625,1445.236391574826,-204.43707516857603,True,True,0,ML-Robust-MPC,1205.236391574826,791.2891033258636,497.9959159768002
816.0,916.0,0.0,0,-100.0,100.0,0.0,0.0,0.0,0.15527136606143718,0.0,100.0,False,0.0038754319975851104,0,0,328,0,0.0,0.0,1,,,0,True,False,False,1243.0230712890625,1444.3848255245357,-201.3617542354732,True,True,0,ML-Robust-MPC,1204.3848255245357,791.6346145437958,499.39183265475305
849.0,949.0,0.0,0,-100.0,100.0,0.0,0.0,0.0,0.15626342955350067,0.0,100.0,False,0.004261293997842586,0,0,329,0,0.0,0.0,1,,,0,True,False,False,1249.0318603515625,1440.6765384913583,-191.64467813979581,True,True,0,ML-Robust-MPC,1200.6765384913583,790.9118268809176,498.19358436920857
873.0,973.0,0.0,0,-100.0,100.0,0.0,0.0,0.0,0.15725549304556416,0.0,100.0,False,0.004186824000498746,0,0,330,0,0.0,0.0,1,,,0,True,False,False,1229.269775390625,1440.1779786709017,-210.90820328027667,True,True,0,ML-Robust-MPC,1200.1779786709017,789.7639424012167,495.8709658145396
944.0,1044.0,0.0,0,-100.0,100.0,0.0,0.0,0.0,0.15824755653762765,0.0,100.0,False,0.004259510998963378,0,0,331,0,0.0,0.0,1,,,0,True,False,False,1221.62109375,1440.8479877568163,-219.22689400681634,True,True,0,ML-Robust-MPC,1200.8479877568163,790.1207159182673,495.6220806093109
927.0,1027.0,0.0,0,-100.0,100.0,0.0,0.0,0.0,0.15923962002969114,0.0,100.0,False,0.0040802910007187165,0,0,332,0,0.0,0.0,1,,,0,True,False,False,1225.3883056640625,1443.377551442635,-217.98924577857247,True,True,0,ML-Robust-MPC,1203.377551442635,789.9726550209284,496.0543352493965
1008.5,1108.5,0.0,0,-100.0,100.0,0.0,0.0,0.0,0.16023168352175463,0.0,100.0,False,0.004325220997998258,0,0,333,0,0.0,0.0,1,,,0,True,False,False,1212.2191162109375,1442.798481624983,-230.57936541404547,True,True,0,ML-Robust-MPC,1202.798481624983,791.0515121254227,495.3280377062749
1080.5,879.5735059966364,0.0,0,200.92649400336353,0.0,200.92649400336353,0.0,0.0,0.15802302048254077,100.0,0.0,False,0.004054651999467751,0,0,334,0,0.0,0.0,1,,,0,True,False,False,1218.758056640625,1442.4750585594345,-223.7170019188095,True,True,0,ML-Robust-MPC,1202.4750585594345,790.350850869697,493.2020328117711
1100.5,1200.5,0.0,0,-100.0,100.0,0.0,0.0,0.0,0.15901508397460426,0.0,100.0,False,0.004238844998326385,0,0,335,0,0.0,0.0,1,,,0,True,False,False,1220.773681640625,1443.3792411041272,-222.60555946350223,True,True,0,ML-Robust-MPC,1203.3792411041272,792.060220994981,493.791648773254
1168.0,1199.8592363136345,0.0,0,-31.859236313634483,31.859236313634483,0.0,0.0,0.0,0.15933114782692206,0.0,31.859236313634483,False,0.00413163200209965,0,0,336,0,0.0,0.0,1,,,0,True,False,False,1224.0279541015625,1439.8592363136345,-215.83128221207198,True,True,0,ML-Robust-MPC,1199.8592363136345,792.6897508241888,495.6344308988242
1263.5,1198.483043250748,0.0,0,65.01695674925196,0.0,65.01695674925196,0.0,0.0,0.1586164558695148,0.0,0.0,False,0.003996123999968404,0,0,337,0,0.0,0.0,1,,,0,True,False,False,1230.520751953125,1438.483043250748,-207.9622912976231,True,True,0,ML-Robust-MPC,1198.483043250748,791.803034826783,496.243627449796
1249.0,1199.5254195988962,0.0,0,49.474580401103935,0.0,49.474580401103935,0.0,0.0,0.15807261182518134,0.0,0.0,False,0.004246658001648029,0,0,338,0,0.0,0.0,1,,,0,True,False,False,1263.5,1439.5254195988962,-176.02541959889618,True,True,0,ML-Robust-MPC,1199.5254195988962,792.5502963180026,495.73007675527504
1237.0,1198.49289004463,0.0,0,38.507109955370076,0.0,38.507109955370076,0.0,0.0,0.15764932652909716,0.0,0.0,False,0.004235080999933416,0,0,339,0,0.0,0.0,1,,,0,True,False,False,1249.0,1438.49289004463,-189.49289004463003,True,True,0,ML-Robust-MPC,1198.49289004463,791.3581825089223,496.8146686290836
1187.0,1196.2763246323796,0.0,0,-9.276324632379556,9.276324632379556,0.0,0.0,0.0,0.1577413535591803,0.0,9.276324632379556,False,0.004275457002222538,0,0,340,0,0.0,0.0,1,,,0,True,False,False,1237.0,1436.2763246323796,-199.27632463237956,True,True,0,ML-Robust-MPC,1196.2763246323796,791.7561848257034,496.89936548107977
1133.5,1193.985629678721,0.0,0,-60.4856296787209,60.4856296787209,0.0,0.0,0.0,0.1583414094091676,0.0,60.4856296787209,False,0.003649443999165669,0,0,341,0,0.0,0.0,1,,,0,True,False,False,1187.0,1433.985629678721,-246.9856296787209,True,True,0,ML-Robust-MPC,1193.985629678721,792.4268847327447,497.44188470161566
1066.0,1166.0,0.0,0,-100.0,100.0,0.0,0.0,0.0,0.1593334729012311,0.0,100.0,False,0.004318837000027997,0,0,342,0,0.0,0.0,1,,,0,True,False,False,1133.5,1433.5481140477657,-300.0481140477657,True,True,0,ML-Robust-MPC,1193.5481140477657,794.1422151803339,496.53423809856673
1048.0,1148.0,0.0,0,-100.0,100.0,0.0,0.0,0.0,0.16032553639329458,0.0,100.0,False,0.004125039002246922,0,0,343,0,0.0,0.0,1,,,0,True,False,False,1066.0,1431.479419852917,-365.4794198529171,True,True,0,ML-Robust-MPC,1191.479419852917,793.9646959735212,496.90629094010086
1006.0,662.4002539062496,0.0,0,343.59974609375035,0.0,343.59974609375035,0.0,0.0,0.15654855285886915,100.0,0.0,False,0.004164780002611224,0,0,344,0,0.0,0.0,1,,,0,True,False,False,1048.0,1431.670213649051,-383.670213649051,True,True,0,ML-Robust-MPC,1191.670213649051,794.8840625880366,496.4301350633675
957.0,1057.0,0.0,0,-100.0,100.0,0.0,0.0,0.0,0.15754061635093264,0.0,100.0,False,0.00420480399770895,0,0,345,0,0.0,0.0,1,,,0,True,False,False,1006.0,1428.6423450769232,-422.6423450769232,True,True,0,ML-Robust-MPC,1188.6423450769232,792.8440809271224,496.8931067720077
897.5,997.5,0.0,0,-100.0,100.0,0.0,0.0,0.0,0.15853267984299613,0.0,100.0,False,0.004340543997386703,0,0,346,0,0.0,0.0,1,,,0,True,False,False,957.0,1428.0922067705085,-471.0922067705085,True,True,0,ML-Robust-MPC,1188.0922067705085,791.2175206903792,497.2997656800552
870.0,970.0,0.0,0,-100.0,100.0,0.0,0.0,0.0,0.15952474333505962,0.0,100.0,False,0.0039043280012265313,0,0,347,0,0.0,0.0,1,,,0,True,False,False,897.5,1430.2366619858426,-532.7366619858426,True,True,0,ML-Robust-MPC,1190.2366619858426,790.6359576521527,497.5273616497056
868.0,968.0,0.0,0,-100.0,100.0,0.0,0.0,0.0,0.1605168068271231,0.0,100.0,False,0.004215536999254255,0,0,348,0,0.0,0.0,1,,,0,True,False,False,870.0,1430.8897286352783,-560.8897286352783,True,True,0,ML-Robust-MPC,1190.8897286352783,790.3587986031374,497.0492776489074
809.5,487.3553930664059,0.0,0,322.1446069335941,0.0,322.1446069335941,0.0,0.0,0.156975666619877,100.0,0.0,False,0.004248575001838617,0,0,349,0,0.0,0.0,1,,,0,True,False,False,868.0,1428.5888448546918,-560.5888448546918,True,True,0,ML-Robust-MPC,1188.5888448546918,790.8261164625148,496.4178119464432
775.5,875.5,0.0,0,-100.0,100.0,0.0,0.0,0.0,0.15796773011194049,0.0,100.0,False,0.004078432997630443,0,0,350,0,0.0,0.0,1,,,0,True,False,False,809.5,1430.5380950579436,-621.0380950579436,True,True,0,ML-Robust-MPC,1190.5380950579436,790.9694943029723,495.0899437832027
751.0,851.0,0.0,0,-100.0,100.0,0.0,0.0,0.0,0.15895979360400397,0.0,100.0,False,0.003855953000311274,0,0,351,0,0.0,0.0,1,,,0,True,False,False,775.5,1428.227745718282,-652.727745718282,True,True,0,ML-Robust-MPC,1188.227745718282,791.211393836233,495.4113229655063
733.5,833.5,0.0,0,-100.0,100.0,0.0,0.0,0.0,0.15995185709606746,0.0,100.0,False,0.004271287001756718,0,0,352,0,0.0,0.0,1,,,0,True,False,False,751.0,1426.1532156556716,-675.1532156556716,True,True,0,ML-Robust-MPC,1186.1532156556716,791.3782493375124,496.1971510150087
674.5,362.51939453124965,0.0,0,311.98060546875035,0.0,311.98060546875035,0.0,0.0,0.15652244359005738,100.0,0.0,False,0.0037858930008951575,0,0,353,0,0.0,0.0,1,,,0,True,False,False,733.5,1427.351223608672,-693.851223608672,True,True,0,ML-Robust-MPC,1187.351223608672,790.5643240235985,497.267185142822
672.5,772.5,0.0,0,-100.0,100.0,0.0,0.0,0.0,0.15751450708212086,0.0,100.0,False,0.0042881760018644854,0,0,354,0,0.0,0.0,1,,,0,True,False,False,674.5,1428.6807629527832,-754.1807629527832,True,True,0,ML-Robust-MPC,1188.6807629527832,789.9612607879486,496.4870698882828
616.0,716.0,0.0,0,-100.0,100.0,0.0,0.0,0.0,0.15850657057418435,0.0,100.0,False,0.00415298299776623,0,0,355,0,0.0,0.0,1,,,0,True,False,False,672.5,1429.2012244214422,-756.7012244214422,True,True,0,ML-Robust-MPC,1189.2012244214422,790.0767011163911,497.1342076223403
605.5,705.5,0.0,0,-100.0,100.0,0.0,0.0,0.0,0.15949863406624784,0.0,100.0,False,0.004201254996587522,0,0,356,0,0.0,0.0,1,,,0,True,False,False,617.674560546875,1432.7944074517543,-815.1198469048793,True,True,0,ML-Robust-MPC,1192.7944074517543,789.9426455881066,496.8919688916431
412.0,512.0,0.0,0,-100.0,100.0,0.0,0.0,0.0,0.16049069755831133,0.0,100.0,False,0.003835526000329992,0,0,357,0,0.0,0.0,1,,,0,True,False,False,605.5,1435.8444878644425,-830.3444878644425,True,True,0,ML-Robust-MPC,1195.8444878644425,788.1873050188861,496.16087674367145
423.0,116.37367309570277,0.0,0,306.62632690429723,0.0,306.62632690429723,0.0,0.0,0.15712014038792596,100.0,0.0,False,0.004484490000322694,0,0,358,0,0.0,0.0,1,,,0,True,False,False,499.5730285644531,1436.1872320773796,-936.6142035129265,True,True,0,ML-Robust-MPC,1196.1872320773796,789.1449085894877,495.7501986569519
429.0,529.0,0.0,0,-100.0,100.0,0.0,0.0,0.0,0.15811220387998945,0.0,100.0,False,0.0040881870008888654,0,0,359,0,0.0,0.0,1,,,0,True,False,False,466.1181640625,1433.8610625618576,-967.7428984993576,True,True,0,ML-Robust-MPC,1193.8610625618576,791.520251926041,496.1571619190187
