seed,scenario,method,realized_operating_cost_yuan,terminal_energy_adjustment_yuan,reliability_penalty_yuan,total_social_cost_yuan,energy_cost_yuan,soc_restoration_cost_yuan,equivalent_cost_yuan,risk_adjusted_cost_yuan,grid_energy_kwh,generator_energy_kwh,diesel_fuel_l,generator_startup_cost_yuan,storage_throughput_kwh,unserved_energy_kwh,loss_of_load_duration_hours,loss_of_load_step_fraction,VOLL_yuan_per_kwh,mean_predicted_cvar_shortage_cost_yuan,maximum_predicted_cvar_shortage_cost_yuan,mean_predicted_weighted_cvar_term_yuan,max_unserved_power_kw,spill_energy_kwh,minimum_soc_pct,final_soc_pct,restoration_reference_soc_pct,generator_startups,generator_start_commands,mean_generator_load_pct_when_on,mean_decision_seconds,p95_decision_seconds,max_decision_seconds,supervisory_protection_fraction,supervisory_mode_switches,solve_seconds
20261120,A_stable_drilling,Rule-Based,457.1005620330377,0.0,0.0,457.1005620330377,457.1005620330377,0.0,457.1005620330377,457.1005620330377,541.6726396727167,27.66666669315945,7.467407118356013,10.0,41.84815737251869,0.0,0.0,0.0,100.0,,,,0.0,0.0,15.593795854873918,40.79767450054143,15.496410121157496,2,2,29.225352140661386,3.322341645899643e-05,3.629990824265406e-05,4.4530999730341136e-05,0.0,0,0.0138419779977994
20261120,A_stable_drilling,Persistence-MILP,444.6388568632248,0.0,294.554707160272,739.1935640234967,444.6388568632248,0.0,444.6388568632248,739.1935640234967,500.7481936648441,31.13681252614416,8.444300577580405,25.0,3.750446980166064,2.94554707160272,0.0083333333333333,0.0166666666666666,100.0,,,,377.1963614466068,0.0,15.00004466944202,16.287038958101572,15.496410121157496,4,5,32.89099914733538,0.0083825742363033,0.0330455691080715,0.0962952469999436,0.0,0,3.0226347070129123
20261120,A_stable_drilling,Point-Forecast-MILP,446.9758251428238,0.0,294.5541223263137,741.5299474691375,446.9758251428238,0.0,446.9758251428238,741.5299474691375,501.0310319357339,32.319117268512414,8.719150103406037,25.0,4.248190028898464,2.945541223263137,0.0083333333333333,0.0166666666666666,100.0,,,,377.19571225228816,0.0,15.000049247234296,17.37089076221947,15.496410121157496,4,5,34.139912607583526,0.0096520688718656,0.0354858940510894,0.1019616529956692,0.0,0,3.4794522559968755
20261120,A_stable_drilling,Fixed-Reserve-MILP,445.7543450848914,0.0,294.5544166663627,740.3087617512542,445.7543450848914,0.0,445.7543450848914,740.3087617512542,500.7004672095716,31.840965503698712,8.608526931211399,25.0,3.201757889640048,2.9455441666636277,0.0083333333333333,0.0166666666666666,100.0,,,,377.1960389841492,0.0,15.000046943285314,16.802410196060116,15.496410121157496,4,5,33.63482271517469,0.0103251973332387,0.0494803016415971,0.1005100019974634,0.0,0,3.721580393990735
20261120,A_stable_drilling,Residual-CVaR-MILP,508.783548229896,0.0,102.84550663591791,611.6290548658139,508.783548229896,0.0,508.783548229896,611.6290548658139,486.37680294310286,47.41169812678892,12.884628715264537,65.0,10.763950897054634,1.0284550663591792,0.0083333333333333,0.0166666666666666,100.0,0.9719339415958048,100.89696279357273,0.9719339415958048,137.13504613056773,0.0,15.060322718942706,16.006197974817525,15.496410121157496,10,13,25.21898836531325,0.4928526777139874,1.940862923256646,4.008778647010331,0.0,0,177.43543917800707
20261120,A_stable_drilling,Risk-Adaptive-Residual-CVaR-MILP,508.95916657066783,0.0,102.8455066359179,611.8046732065857,508.95916657066783,0.0,508.95916657066783,611.8046732065857,486.4180964468449,47.38968071034557,12.879674796564782,65.0,11.986862854547937,1.028455066359179,0.0083333333333333,0.0166666666666666,100.0,0.6686161308223596,50.44848139678636,0.6686161308223596,137.13504613056773,0.0,15.060322718942706,15.973526364303195,15.496410121157496,10,13,25.207276973588076,0.5107987626190555,2.0724347790011963,4.441041338010109,0.0,0,183.89591131599445
20261120,A_stable_drilling,Full-Risk-SOC-Supervisory-MILP,667.3701582714567,0.0,158.3544620724563,825.724620343913,667.3701582714567,0.0,667.3701582714567,825.724620343913,425.4779719957986,111.05879371759367,29.346614095678472,140.0,33.33576199168628,1.583544620724563,0.0083333333333333,0.0166666666666666,100.0,,,,249.07876397436632,0.0,15.576131339296634,17.62229602773145,15.496410121157496,26,28,38.03383346492934,0.0091918696693432,0.0395318057911936,0.1254515390028245,1.0,1,3.31349957700877
20261120,B_connection_transition,Rule-Based,803.9349361929425,31.91519240768337,3160.0149978064046,3995.8651264070304,803.9349361929425,31.91519240768337,835.8501286006258,3995.8651264070304,269.7365447650526,177.67348607291947,47.49676713341805,250.0,40.5439858506306,31.60014997806405,0.2194444444444444,0.4388888888888889,100.0,,,,418.5270255413326,0.0,15.000715683775814,15.000715683775814,47.08934714450442,10,50,37.01530959852489,3.3196107849815035e-05,3.606480240705423e-05,4.933799209538847e-05,0.0,0,0.0138587569963419
20261120,B_connection_transition,Persistence-MILP,774.8539696534507,31.869215849741497,3489.9598263555667,4296.683011858759,774.8539696534507,31.869215849741497,806.7231855031922,4296.683011858759,268.433385243189,175.8766048222146,47.02221969044586,225.0,43.23689509142787,34.89959826355567,0.225,0.45,100.0,,,,427.2838443393437,0.0,15.046942095472916,15.046942095472916,47.08934714450442,10,45,37.36755059962066,0.0128017406532308,0.0389691135889734,0.076773727996624,0.0,0,4.613632565000444
20261120,B_connection_transition,Point-Forecast-MILP,765.5060525748088,31.821929972004007,3212.362088535842,4009.690071082655,765.5060525748088,31.821929972004007,797.3279825468128,4009.690071082655,271.895655613972,175.32867747846402,46.75185246943934,215.0,44.70458609638474,32.12362088535842,0.2125,0.425,100.0,,,,425.6425571791076,0.0,15.076281797048118,15.094484942297488,47.08934714450442,7,43,36.52680780801333,0.0156063359802727,0.040840955760359,0.1386988760059466,0.0,0,5.6234643749921815
20261120,B_connection_transition,Fixed-Reserve-MILP,773.3668524179776,31.80366301724505,3155.138515430699,3960.3090308659216,773.3668524179776,31.80366301724505,805.1705154352227,3960.3090308659216,270.4204766379372,177.40671527314473,47.270595759305785,220.0,44.82611405118494,31.551385154306992,0.2111111111111111,0.4222222222222222,100.0,,,,424.2217608818913,0.0,15.088927964855598,15.112851166498253,47.08934714450442,7,44,36.95973234857182,0.0166597277359364,0.0478359088047,0.1109975069994106,0.0,0,6.002436434006086
20261120,B_connection_transition,Residual-CVaR-MILP,845.6921280467625,31.73338456886097,2601.963261765034,3479.3887743806577,845.6921280467625,31.73338456886097,877.4255126156235,3479.3887743806577,266.97638662191633,186.91827544880636,49.73442839568504,275.0,53.44810408833253,26.01963261765034,0.2027777777777777,0.4055555555555555,100.0,152.0367366498961,720.258532558876,152.0367366498961,391.8679997778055,0.0,15.183511534169597,15.183511534169597,47.08934714450442,11,55,38.94130738516798,0.5466057744413167,1.6276340489974246,3.0352418219990795,0.0,0,196.7866065059934
20261120,B_connection_transition,Risk-Adaptive-Residual-CVaR-MILP,799.8751961664341,31.733947906197653,2602.9107051149613,3434.519849187593,799.8751961664341,31.733947906197653,831.6091440726317,3434.519849187593,267.12326860463446,186.757471392281,49.61303311624511,230.0,53.37599797432228,26.02910705114961,0.2027777777777777,0.4055555555555555,100.0,149.05513640285508,720.754368288286,292.91489454195903,392.2172926278969,0.0,15.18294513544782,15.18294513544782,47.08934714450442,7,46,38.90780654005854,0.5145292115974573,1.4926504399467375,3.801529845004552,0.0,0,185.23888377600812
20261120,B_connection_transition,Full-Risk-SOC-Supervisory-MILP,763.1744683708228,29.93450607328344,1539.1581079906766,2332.267082434783,763.1744683708228,29.93450607328344,793.1089744441061,2332.267082434783,273.82098304760206,194.23844952732205,51.641035708889454,170.0,75.58285781706132,15.391581079906766,0.1777777777777777,0.3555555555555555,100.0,7.85670308534409,61.22637769331665,7.85670308534409,304.9376826089881,0.0,16.992165806086838,16.992165806086838,47.08934714450442,4,34,40.46634365152543,0.2736475859778794,1.3336524954000208,2.4674393189925468,0.6111111111111112,1,98.5194257950061
20261120,C_tripping_impact,Rule-Based,422.9362341412904,8.6184479717571,194.53029242433573,626.0849745373832,422.9362341412904,8.6184479717571,431.55468211304753,626.0849745373832,242.20182058460617,74.15891170620635,20.161337362207384,95.0,31.06650357277452,1.9453029242433573,0.025,0.05,100.0,,,,186.55201535633364,0.0,41.41591297859222,41.41591297859222,50.08119680945513,13,19,20.98837123760557,3.275166329533224e-05,3.464274050202221e-05,4.682299913838506e-05,0.0,0,0.0136818110040621
20261120,C_tripping_impact,Persistence-MILP,346.7257508920718,30.19793106033312,712.6023514332526,1089.5260333856577,346.7257508920718,30.19793106033312,376.9236819524049,1089.5260333856577,241.87273666803316,41.06008821914104,11.141383406937742,85.0,42.21957595100856,7.126023514332526,0.0583333333333333,0.1166666666666666,100.0,,,,254.3232701599493,0.0,19.632939582866666,19.71915893440738,50.08119680945513,12,17,24.44052870186966,0.0103382334896903,0.0327659346883593,0.0590047690056962,0.0,0,3.726467553002294
20261120,C_tripping_impact,Point-Forecast-MILP,349.6699970860991,26.33599038257853,294.5698469422574,670.575834410935,349.6699970860991,26.33599038257853,376.0059874686776,670.575834410935,248.56626552643624,43.46624968127908,11.659519559714951,80.0,37.572741344123536,2.9456984694225743,0.0333333333333333,0.0666666666666666,100.0,,,,223.86493914220532,0.0,23.60208683747807,23.60208683747807,50.08119680945513,11,16,23.79539216128417,0.0120432787415565,0.0390699239054811,0.1250691399909556,0.0,0,4.340789433001191
20261120,C_tripping_impact,Fixed-Reserve-MILP,350.8099454937796,26.48125820530964,390.9767818376126,768.2679855367019,350.8099454937796,26.48125820530964,377.2912036990893,768.2679855367019,246.600632057436,44.323993915598415,11.978120574712712,80.0,38.55191436020193,3.9097678183761255,0.0402777777777777,0.0805555555555555,100.0,,,,223.86493914220532,0.0,23.45602957524458,23.45602957524458,50.08119680945513,11,16,23.24684995573344,0.0141261254113891,0.0443734747983398,0.0999318590038456,0.0,0,5.090468334994512
20261120,C_tripping_impact,Residual-CVaR-MILP,449.0470069920303,13.400249453258182,205.34829504628925,667.7955514915777,449.0470069920303,13.400249453258182,462.4472564452885,667.7955514915777,231.32181584365077,78.49882706420918,21.357964745922004,120.0,30.169802512597897,2.0534829504628926,0.0291666666666666,0.0583333333333333,100.0,15.382449648491267,233.0707543709165,15.382449648491267,186.55201535633364,0.0,35.84525340153938,36.608125405257255,50.08119680945513,15,24,21.8052297400581,0.6309532002445647,1.780969826396904,3.1725445780029986,0.0,0,227.15234041500665
20261120,C_tripping_impact,Risk-Adaptive-Residual-CVaR-MILP,455.1399193629977,10.740987052924046,204.83041911606992,670.7113255319916,455.1399193629977,10.740987052924046,465.88090641592174,670.7113255319916,231.214693795609,82.08697797313623,22.20997079158681,120.0,28.696263909007605,2.048304191160699,0.0277777777777777,0.0555555555555555,100.0,14.616511246917968,230.5577469606199,28.202967526251456,186.55201535633364,0.0,38.39701046922073,39.28183922880768,50.08119680945513,15,24,22.801938325871173,0.6302768471784576,1.817955523003184,3.1239249740028754,0.0,0,226.90951909098655
20261120,C_tripping_impact,Full-Risk-SOC-Supervisory-MILP,477.4243225621447,0.0,276.7900600665446,754.2143826286892,477.4243225621447,0.0,477.4243225621447,754.2143826286892,254.2123542171925,83.98569035888836,22.537528814525693,120.0,51.96029805635322,2.767900600665446,0.0333333333333333,0.0666666666666666,100.0,1.1538071699700918,54.86966782967405,1.1538071699700918,223.86493914220532,0.0,50.17627109525671,57.66970551518388,50.08119680945513,15,24,23.32935843302454,0.4404945992803227,1.5510907037976722,3.014580344010028,0.2666666666666666,6,158.58775257000525
20261121,A_stable_drilling,Rule-Based,465.7996033628762,0.0,0.0,465.7996033628762,465.7996033628762,0.0,465.7996033628762,465.7996033628762,519.4435890808055,37.71815912344149,10.123944341305682,15.0,38.96206020234934,0.0,0.0,0.0,100.0,,,,0.0,0.0,18.258302449139936,41.43613797214284,18.15909609993359,3,3,31.43179926953457,3.307168933841038e-05,3.5329350794199854e-05,5.964199954178184e-05,0.0,0,0.0138893560069845
20261121,A_stable_drilling,Persistence-MILP,470.4217206491786,2.7531240888894706,63.85619084694226,537.0310355850104,470.4217206491786,2.7531240888894706,473.1748447380681,537.0310355850104,482.1582665674238,38.016916084757085,10.289665875149012,50.0,4.746267062659691,0.6385619084694226,0.0138888888888888,0.0277777777777777,100.0,,,,81.82312295378588,0.0,15.336504301953106,15.391010508422,18.15909609993359,4,10,31.680763403964235,0.0117647097729382,0.0463809447021049,0.1020926860073814,0.0,0,4.240255625001737
20261121,A_stable_drilling,Point-Forecast-MILP,464.5049533615756,2.4639609447787367,63.856190846942255,530.8251051532966,464.5049533615756,2.4639609447787367,466.9689143063544,530.8251051532966,482.8000226183521,37.77638443222524,10.100765441675154,45.0,5.04004320246143,0.6385619084694225,0.0138888888888888,0.0277777777777777,100.0,,,,81.82312295378586,0.0,15.632926703470352,15.681745072853484,18.15909609993359,4,9,31.48032036018769,0.0152767704690631,0.0695853310018719,0.1106655600015074,0.0,0,5.504468625003938
20261121,A_stable_drilling,Fixed-Reserve-MILP,459.5323660458747,0.8215636562670596,63.85619084694228,524.2101205490841,459.5323660458747,0.8215636562670596,460.3539297021418,524.2101205490841,482.0009295606689,40.79041199423129,10.83836543707216,35.0,5.46076589796908,0.6385619084694227,0.0138888888888888,0.0277777777777777,100.0,,,,81.82312295378583,0.0,15.837837168045146,17.333067760491847,18.15909609993359,2,7,33.99200999519273,0.0141726042805304,0.0635712691044318,0.1237211100087734,0.0,0,5.106830942007946
20261121,A_stable_drilling,Residual-CVaR-MILP,495.3172472536403,0.0,0.0,495.3172472536403,495.3172472536403,0.0,495.3172472536403,495.3172472536403,474.7183001388075,51.00840581856994,13.56881958340665,55.0,8.662346679854233,0.0,0.0,0.0,100.0,1.0870282862431893,95.58358658471654,1.0870282862431893,0.0,0.0,17.09262800996326,18.93873163806061,18.15909609993359,7,11,30.12307430230509,0.5758103296411718,2.2065958605031484,3.5747466599859763,0.0,0,207.3006636820064
20261121,A_stable_drilling,Risk-Adaptive-Residual-CVaR-MILP,465.2533184163855,0.0,0.0,465.2533184163855,465.2533184163855,0.0,465.2533184163855,465.2533184163855,474.7175096183401,51.02623473766884,13.560290379298172,25.0,8.666358673599737,0.0,0.0,0.0,100.0,0.7152409474172928,53.888632951455214,0.7152409474172928,0.0,0.0,17.19960655028678,18.951404524489583,18.15909609993359,5,5,30.13360319153672,0.5897506382975634,2.254656922648428,3.76561658900755,0.0,0,212.31892106198936
20261121,A_stable_drilling,Full-Risk-SOC-Supervisory-MILP,571.9076632873748,0.0,0.0,571.9076632873748,571.9076632873748,0.0,571.9076632873748,571.9076632873748,495.90701540305406,70.38098196037328,18.96740834788002,70.0,48.982395070399335,0.0,0.0,0.0,100.0,1.376625890468583,51.590947409712925,1.376625890468583,0.0,0.0,18.258302449139936,47.92039059410786,18.15909609993359,14,14,30.16327798301712,0.4503222598247198,2.3015608241054,3.770775316006621,0.5055555555555555,2,162.12312937500246
20261121,B_connection_transition,Rule-Based,598.6801232730311,12.182924068306908,424.773244738048,1035.6362920793858,598.6801232730311,12.182924068306908,610.863047341338,1035.6362920793858,307.0071910149847,150.1502113122667,39.76057840534155,80.0,15.801343707660076,4.247732447380479,0.0333333333333333,0.0666666666666666,100.0,,,,233.8697897438797,0.0,59.9546376058443,59.9546376058443,72.20376822514855,6,16,32.267237388022934,3.27830503212883e-05,3.5387490061111746e-05,5.653800326399505e-05,0.0,0,0.0137495860108174
20261121,B_connection_transition,Persistence-MILP,594.7938920462932,18.0108477420971,542.4150041181936,1155.219743906584,594.7938920462932,18.0108477420971,612.8047397883903,1155.219743906584,302.5021316722269,146.41900284659144,38.72026007244664,85.0,29.91243073134488,5.424150041181936,0.0430555555555555,0.0861111111111111,100.0,,,,276.42955174363505,0.0,54.09504282224877,54.09504282224877,72.20376822514855,7,17,33.479954919190114,0.0215996803919956,0.0475487804578733,0.1553382179990876,0.0,0,7.781341722991783
20261121,B_connection_transition,Point-Forecast-MILP,587.0968207929462,12.020898311077234,344.20565832297285,943.3233774269964,587.0968207929462,12.020898311077234,599.1177191040234,943.3233774269964,307.4479686493044,151.24469724238637,39.97410379575079,65.0,25.815461314222524,3.4420565832297285,0.0319444444444444,0.0638888888888888,100.0,,,,189.6599721525473,0.0,60.11754387143952,60.11754387143952,72.20376822514855,3,13,31.50931192549716,0.0264108383811011,0.0571715306585247,0.0961838079965673,0.0,0,9.514375903992914
20261121,B_connection_transition,Fixed-Reserve-MILP,590.8797678001354,11.243905404981948,343.0007228295023,945.1243960346196,590.8797678001354,11.243905404981948,602.1236732051174,945.1243960346196,305.2762043603144,154.3800158304741,40.71783257950099,65.0,24.134506474677124,3.430007228295023,0.0319444444444444,0.0638888888888888,100.0,,,,189.6599721525473,0.0,60.89875924663775,60.89875924663775,72.20376822514855,3,13,32.16250329801544,0.0269141979304549,0.0644468303515168,0.1324939879996236,0.0,0,9.695393236994278
20261121,B_connection_transition,Residual-CVaR-MILP,732.8016654725425,8.964106025508023,309.5925720935058,1051.3583435915564,732.8016654725425,8.964106025508023,741.7657714980505,1051.3583435915564,296.9310634728405,166.1046998887204,43.76423079055774,190.0,24.15122517111102,3.0959257209350577,0.0277777777777777,0.0555555555555555,100.0,23.962035871310903,413.0144652305296,23.962035871310903,189.6599721525473,0.0,63.19094790581452,63.19094790581452,72.20376822514855,9,38,34.605145810150084,1.092591242049659,2.8444590265433365,3.72925744499662,0.0,0,393.3444263450074
20261121,B_connection_transition,Risk-Adaptive-Residual-CVaR-MILP,639.3250269397895,7.7668138221394525,300.2834920533548,947.3753328152836,639.3250269397895,7.7668138221394525,647.0918407619289,947.3753328152836,297.7330139765886,166.97601630770504,43.89870824478621,95.0,23.784924330499887,3.002834920533548,0.025,0.05,100.0,20.850429674986163,413.0144652305296,37.5337007193537,189.6599721525473,0.0,64.39474664134866,64.39474664134866,72.20376822514855,4,19,34.786670064105216,1.1490002147503724,2.713654718891485,4.38171490500099,0.0,0,413.6519785069977
20261121,B_connection_transition,Full-Risk-SOC-Supervisory-MILP,649.7166946761347,2.433731216181506,300.2834920533548,952.433917945671,649.7166946761347,2.433731216181506,652.1504258923162,952.433917945671,296.1567718816535,175.76277762954797,46.06576045375133,90.0,25.50877739317321,3.002834920533548,0.025,0.05,100.0,4.515420093937008,79.88181755741476,4.515420093937008,189.6599721525473,0.0,69.75681120628006,69.75681120628006,72.20376822514855,4,18,36.617245339489166,1.1321391381781722,2.811935222960165,4.418396715991548,0.0833333333333333,1,407.5821375789965
20261121,C_tripping_impact,Rule-Based,587.251414473652,29.98131735340539,4233.119962575479,4850.352694402536,587.251414473652,29.98131735340539,617.2327318270574,4850.352694402536,172.47901519220724,98.3616882785954,26.45453193467127,260.0,42.0601373046235,42.33119962575479,0.1527777777777778,0.3055555555555556,100.0,,,,753.6391813758663,0.0,21.815577683121536,21.815577683121536,51.95982469160779,16,52,23.72066437586705,3.362994171362112e-05,3.616574831539765e-05,4.66210040031001e-05,0.0,0,0.0141606839897576
20261121,C_tripping_impact,Persistence-MILP,546.5683359028707,36.757199042385245,5867.17957981004,6450.505114755296,546.5683359028707,36.757199042385245,583.3255349452559,6450.505114755296,176.78094034051415,69.0434401824004,18.476960313958,275.0,49.343560045173,58.6717957981004,0.2041666666666666,0.4083333333333333,100.0,,,,865.737367093822,0.0,15.002873327097364,15.002873327097364,51.95982469160779,16,55,27.111298500942567,0.0089974928803712,0.0224242804928508,0.0795653079985641,0.0,0,3.243719667996629
20261121,C_tripping_impact,Point-Forecast-MILP,562.3664971947785,36.75869165175772,5218.935547788696,5818.060736635232,562.3664971947785,36.75869165175772,599.1251888465363,5818.060736635232,177.9285901856092,74.3052738592948,19.83569988015264,280.0,47.95886274014861,52.18935547788696,0.2013888888888889,0.4027777777777778,100.0,,,,866.5981488156795,0.0,15.00137260632914,15.00137260632914,51.95982469160779,17,56,26.92220067365753,0.0130876157809123,0.0395623459531634,0.0997480570076732,0.0,0,4.716289675998269
20261121,C_tripping_impact,Fixed-Reserve-MILP,559.9687613180386,36.75660336768146,5119.38916235536,5716.11452704108,559.9687613180386,36.75660336768146,596.72536468572,5716.11452704108,177.343803270861,75.89133695163872,20.23688146275979,275.0,48.01785939092475,51.1938916235536,0.1833333333333333,0.3666666666666666,100.0,,,,865.3938439278543,0.0,15.003472238919544,15.003472238919544,51.95982469160779,16,55,26.848350336664637,0.0137125803949958,0.0402890605044376,0.0757076989975757,0.0,0,4.941510429009213
20261121,C_tripping_impact,Residual-CVaR-MILP,617.6838843250671,29.63589868782094,4251.517521755683,4898.837304768572,617.6838843250671,29.63589868782094,647.319783012888,4898.837304768572,166.89111487912416,104.66850704381656,28.20249616478545,280.0,50.67695200782971,42.51517521755683,0.1513888888888889,0.3027777777777777,100.0,164.28551164981326,1176.8613307519586,164.28551164981326,753.6391813758663,0.0,22.16287348250163,22.16287348250163,51.95982469160779,13,56,22.886699790921984,0.5670106474394642,1.6097655824502002,2.6441901359939948,0.0,0,204.13438895199212
20261121,C_tripping_impact,Risk-Adaptive-Residual-CVaR-MILP,622.3481742439667,27.462560715604056,4288.41538730516,4938.22612226473,622.3481742439667,27.462560715604056,649.8107349595707,4938.22612226473,166.1363744188602,107.86497006560494,28.931690291689875,280.0,48.88708839849263,42.8841538730516,0.1541666666666666,0.3083333333333333,100.0,163.70645458967246,1176.8613307519586,326.33424841014454,753.6391813758663,0.0,24.34802218344713,24.34802218344713,51.95982469160779,13,56,23.58563485399525,0.5653783489776186,1.6096153563521514,2.5469823599996744,0.0,0,203.547689161991
20261121,C_tripping_impact,Full-Risk-SOC-Supervisory-MILP,624.9423053429601,17.423967960322198,4305.866713983516,4948.232987286799,624.9423053429601,17.423967960322198,642.3662733032824,4948.232987286799,178.74427652399913,109.03890479154713,29.201963086097983,270.0,59.621196984421154,43.058667139835165,0.1541666666666666,0.3083333333333333,100.0,1.3677860868726146,24.65062529889481,1.3677860868726146,753.6391813758663,0.0,34.44116839399701,34.44116839399701,51.95982469160779,13,54,23.842326120600674,0.2554574013628249,1.2674160442547877,2.306769888993585,0.6416666666666667,9,91.97234388299694
20261122,A_stable_drilling,Rule-Based,446.1517889602375,0.0,0.0,446.1517889602375,446.1517889602375,0.0,446.1517889602375,446.1517889602375,551.7066405034677,18.630378984191843,5.015922999383415,10.0,43.907842567905895,0.0,0.0,0.0,100.0,,,,0.0,0.0,17.187160981995746,44.03910374786263,17.087954632789394,2,2,31.75632781396337,3.266565027944226e-05,3.518725643516518e-05,4.124898987356573e-05,0.0,0,0.0137739930069074
20261122,A_stable_drilling,Persistence-MILP,436.3663509515231,1.4861649075581047,152.02107579351355,589.8735916525948,436.3663509515231,1.4861649075581047,437.8525158590812,589.8735916525948,509.9755730440066,18.953461454155747,5.152306604962821,35.0,2.83103289675707,1.5202107579351358,0.0125,0.025,100.0,,,,243.3883761928432,0.0,15.551481359729111,15.59371335110378,17.087954632789394,4,7,32.30703656958366,0.007509471297332,0.0290760830968793,0.0763066689978586,0.0,0,2.707897561995196
20261122,A_stable_drilling,Point-Forecast-MILP,423.74984177401706,0.3875971214164579,152.02107579351355,576.158514688947,423.74984177401706,0.3875971214164579,424.1374388954335,576.158514688947,510.2698477109564,20.18345988243039,5.419920445431883,20.0,3.946545821478448,1.5202107579351356,0.0125,0.025,100.0,,,,243.3883761928432,0.0,15.61702308726318,16.698251164124805,17.087954632789394,3,4,34.40362479959725,0.0081878482694769,0.0322463105498172,0.091100642006495,0.0,0,2.9524458710075123
20261122,A_stable_drilling,Fixed-Reserve-MILP,422.8280909774064,0.8298365297368813,152.02107579351355,575.6790033006569,422.8280909774064,0.8298365297368813,423.65792750714326,575.6790033006569,509.9162395272188,19.898109105255127,5.34938858043181,20.0,3.002881053622901,1.5202107579351356,0.0125,0.025,100.0,,,,243.3883761928432,0.0,15.628335778900102,16.253608461999395,17.087954632789394,3,4,33.91723142941215,0.008746823536017,0.031663078245765,0.1113970309961587,0.0,0,3.1533430109993787
20261122,A_stable_drilling,Residual-CVaR-MILP,501.0794704800256,0.0,6.49063869380503,507.5701091738306,501.0794704800256,0.0,501.0794704800256,507.5701091738306,497.3897744120388,37.50980661641257,10.17480736971,70.0,9.40189813685252,0.0649063869380503,0.0013888888888888,0.0027777777777777,100.0,1.347299085164477,119.34215971200857,1.347299085164477,46.73259859539621,0.0,17.048728321462363,18.73957359928093,17.087954632789394,11,14,23.64063442210876,0.4090315493168519,1.2203024942071352,3.463318538997555,0.0,0,147.26011654800095
20261122,A_stable_drilling,Risk-Adaptive-Residual-CVaR-MILP,480.9643951235295,0.0,3.1786948495593847,484.1430899730889,480.9643951235295,0.0,480.9643951235295,484.1430899730889,497.6810260550297,37.343139949745904,10.12872157408562,50.0,9.55960255161921,0.0317869484955938,0.0013888888888888,0.0027777777777777,100.0,0.7980463242090593,63.9442436332421,0.7980463242090593,22.88660291682757,0.0,17.087954632789394,18.802350411857244,17.087954632789394,10,10,23.53559240530204,0.4094667030606716,1.2938061074535665,3.1478694540128345,0.0,0,147.4167092810094
20261122,A_stable_drilling,Full-Risk-SOC-Supervisory-MILP,573.1575043275216,0.0,0.0,573.1575043275216,573.1575043275216,0.0,573.1575043275216,573.1575043275216,518.9607159591443,55.01534675258517,14.93934902803296,85.0,49.53146654666194,0.0,0.0,0.0,100.0,1.8081761222745385,63.84901394065628,1.8081761222745385,0.0,0.0,17.073977612759844,46.56184866114485,17.087954632789394,17,17,31.73962312649144,0.2405389390364386,1.3579747977972147,3.2545121659932192,0.5888888888888889,2,86.60022559699428
20261122,B_connection_transition,Rule-Based,477.3643118122969,1.8731126414560384,0.0,479.2374244537529,477.3643118122969,1.8731126414560384,479.2374244537529,479.2374244537529,405.2040237728848,66.0677458768591,17.616562896932088,55.0,15.82014330969691,0.0,0.0,0.0,100.0,,,,0.0,0.0,72.51563470418041,73.20052032185224,75.08381215567006,10,11,28.47747667105996,3.2820325294677683e-05,3.521430262480863e-05,4.437599272932857e-05,0.0,0,0.0137977690028492
20261122,B_connection_transition,Persistence-MILP,421.5161274480063,11.889424915156852,0.0,433.4055523631631,421.5161274480063,11.889424915156852,433.4055523631631,433.4055523631631,403.66455938751074,54.20252647465596,14.326964421678362,25.0,15.269997883641404,0.0,0.0,0.0,100.0,,,,0.0,0.0,63.12977567332614,63.12977567332614,75.08381215567006,5,5,32.26340861586664,0.0107768656276069,0.0313846636425296,0.0881840200017904,0.0,0,3.884337617011624
20261122,B_connection_transition,Point-Forecast-MILP,410.35868617656695,11.85385131268498,0.0,422.21253748925193,410.35868617656695,11.85385131268498,422.21253748925193,422.21253748925193,408.81143151969286,49.22622917692998,12.97041555033848,20.0,17.671388744337037,0.0,0.0,0.0,100.0,,,,0.0,0.0,63.16554259601514,63.16554259601514,75.08381215567006,4,4,33.26096566008782,0.0130651801580825,0.043219109794154,0.0805079450074117,0.0,0,4.708747496988508
20261122,B_connection_transition,Fixed-Reserve-MILP,409.05059595028615,16.754967728849056,0.0,425.8055636791352,409.05059595028615,16.754967728849056,425.8055636791352,425.8055636791352,408.6262833900525,43.18380026211491,11.356215989281846,30.0,23.87099102196171,0.0,0.0,0.0,100.0,,,,0.0,0.0,58.23779168618343,58.23779168618343,75.08381215567006,4,6,28.917723389809087,0.014779869841651,0.0708963878903887,0.0860404300037771,0.0,0,5.326069158996688
20261122,B_connection_transition,Residual-CVaR-MILP,543.974957963535,0.998798442193361,0.0,544.9737564057283,543.974957963535,0.998798442193361,544.9737564057283,544.9737564057283,395.4368888658421,77.28804645959204,20.645055588647992,105.0,21.391928507728107,0.0,0.0,0.0,100.0,3.4478409450457845,105.80872676133164,3.4478409450457845,0.0,0.0,72.13009049865462,74.07958587040484,75.08381215567006,13,21,32.93524707084888,0.5480240878112252,1.89161468725215,3.8343387079949034,0.0,0,197.29819308999868
20261122,B_connection_transition,Risk-Adaptive-Residual-CVaR-MILP,501.2267752005063,0.717979654042432,0.0,501.9447548545488,501.2267752005063,0.717979654042432,501.9447548545488,501.9447548545488,394.2209959180106,78.8750951180342,21.061981417786427,60.0,21.316423613702952,0.0,0.0,0.0,100.0,2.0192775741762565,56.53609507415306,2.0192775741762565,0.0,0.0,72.8948658851657,74.36193073253558,75.08381215567006,12,12,31.466128371556195,0.5526036768608417,1.939809056049853,2.997211324996897,0.0,0,198.9474649009935
20261122,B_connection_transition,Full-Risk-SOC-Supervisory-MILP,509.3525056369157,0.0,0.0,509.3525056369157,509.3525056369157,0.0,509.3525056369157,509.3525056369157,394.32489618703386,83.21542518727696,22.117817184631846,60.0,22.20408252335597,0.0,0.0,0.0,100.0,2.006177731385268,56.53609507415306,2.006177731385268,0.0,0.0,74.19811908718039,77.67360523782244,75.08381215567006,12,12,33.197643026839216,0.5497200979473645,1.8546498789473844,2.883945104011218,0.0,0,197.9108325479901
20261122,C_tripping_impact,Rule-Based,735.436549301555,12.941763791368762,7196.092308733078,7944.470621826003,735.436549301555,12.941763791368762,748.3783130929238,7944.470621826003,123.06485083703504,113.80103619219356,30.06188988361185,420.0,16.960190123769898,71.96092308733078,0.2847222222222222,0.5694444444444444,100.0,,,,858.5434854041753,0.0,15.000000001701531,15.000000001701531,28.012094162006747,9,84,24.66785466593791,3.305579698967954e-05,3.536440635798499e-05,4.456199530977756e-05,0.0,0,0.0138723979907808
20261122,C_tripping_impact,Persistence-MILP,738.6035329084573,12.941763793057804,8321.582995305627,9073.128292007144,738.6035329084573,12.941763793057804,751.5452967015151,9073.128292007144,126.12946158665902,99.46671848563513,26.19964004854497,450.0,16.671398644451468,83.21582995305627,0.35,0.7,100.0,,,,860.5861450393379,0.0,15.000000000003311,15.000000000003311,28.012094162006747,9,90,26.360437761210715,0.0083436364297894,0.0278761695044522,0.055366086991853,0.0,0,3.008337895997101
20261122,C_tripping_impact,Point-Forecast-MILP,739.676202289632,12.9417637930592,8241.53889206169,8994.15685814438,739.676202289632,12.9417637930592,752.6179660826912,8994.15685814438,126.61238821683769,99.77384477761684,26.30097223916173,450.0,16.468697313147455,82.4153889206169,0.3527777777777778,0.7055555555555556,100.0,,,,860.5878357934829,0.0,15.00000000000191,15.00000000000191,28.012094162006747,10,90,26.348726613807266,0.0102052877056444,0.0400833364517893,0.0784743370022624,0.0,0,3.678853775985772
20261122,C_tripping_impact,Fixed-Reserve-MILP,744.5230544034,12.941763793056522,7984.1088498397085,8741.573668036164,744.5230544034,12.941763793056522,757.4648181964566,8741.573668036164,126.48215803795884,102.49033654448684,26.954887102693124,450.0,16.702093393897474,79.84108849839708,0.3333333333333333,0.6666666666666666,100.0,,,,860.5845937241788,0.0,15.0000000000046,15.0000000000046,28.012094162006747,10,90,26.324572742590803,0.0101098970777254,0.0370137621932371,0.1089416320028249,0.0,0,3.6446810360066593
20261122,C_tripping_impact,Residual-CVaR-MILP,758.2202920859941,12.941763792930953,7368.179862368089,8139.341918247013,758.2202920859941,12.941763792930953,771.162055878925,8139.341918247013,122.61170297999094,112.653348758232,29.76246612100052,445.0,19.30251392620077,73.68179862368089,0.3138888888888889,0.6277777777777778,100.0,289.3193239951292,1329.4668489251435,289.3193239951292,860.4327366295073,0.0,15.000000000130855,15.000000000130855,28.012094162006747,8,89,24.4898584257026,0.4028992563974397,1.0140832468976446,3.546677133999765,0.0,0,145.05440743900544
20261122,C_tripping_impact,Risk-Adaptive-Residual-CVaR-MILP,741.2054499376184,12.94176379134792,7221.840253572246,7975.987467301213,741.2054499376184,12.94176379134792,754.1472137289663,7975.987467301213,122.27527146575748,114.45304723001628,30.192405477144725,425.0,19.29999418648165,72.21840253572246,0.2888888888888889,0.5777777777777777,100.0,280.7949792568749,1329.4668489251435,559.5448041479715,858.5182777626303,0.0,15.000000001722489,15.000000001722489,28.012094162006747,9,85,24.881097223916576,0.3985515290390645,1.26075668739577,3.3720309780037496,0.0,0,143.48961687399424
20261122,C_tripping_impact,Full-Risk-SOC-Supervisory-MILP,758.573057597044,12.941763434625765,6496.360044655833,7267.874865687503,758.573057597044,12.941763434625765,771.5148210316697,7267.874865687503,119.178310128555,125.4380579109499,33.220979051675336,420.0,31.656424909335517,64.96360044655833,0.2791666666666667,0.5583333333333333,100.0,,,,843.3083723792242,0.0,15.000000360383206,15.000000360383206,28.012094162006747,10,84,26.95660270292619,0.0068641952833988,0.0211823074561834,0.0649004269944271,1.0,1,2.4754083959996933
20261123,A_stable_drilling,Rule-Based,462.594600744666,0.0,0.0,462.594600744666,462.594600744666,0.0,462.594600744666,462.594600744666,549.2214281922622,28.215286263660488,7.518514168609659,10.0,40.16740904403739,0.0,0.0,0.0,100.0,,,,0.0,0.0,15.201053141811723,39.00084902311959,15.138242618494338,2,2,32.06282529961419,3.31703742025032e-05,3.55559001036454e-05,4.74539992865175e-05,0.0,0,0.0139044050010852
20261123,A_stable_drilling,Persistence-MILP,466.5896047547896,0.0,285.87533419711224,752.4649389519018,466.5896047547896,0.0,466.5896047547896,752.4649389519018,510.9581009663728,31.00639828017147,8.418309651164021,40.0,3.0324899468268187,2.858753341971122,0.0083333333333333,0.0166666666666666,100.0,,,,376.72902245631104,0.0,15.000048072499384,15.879971860173692,15.138242618494338,5,8,35.23454350019485,0.0083294367502579,0.0305345835076878,0.099774198999512,0.0,0,3.003376325010322
20261123,A_stable_drilling,Point-Forecast-MILP,466.2814254991901,0.0,285.87575444170704,752.1571799408971,466.2814254991901,0.0,466.2814254991901,752.1571799408971,510.9242970079248,30.887604780897124,8.391587211141058,40.0,2.474184758515387,2.8587575444170703,0.0083333333333333,0.0166666666666666,100.0,,,,376.7296840066456,0.0,15.000044783031614,15.786630383203764,15.138242618494338,5,8,35.099550887383096,0.0092666044775493,0.0409474894520826,0.0763934930000687,0.0,0,3.3408781430043746
20261123,A_stable_drilling,Fixed-Reserve-MILP,471.6483582585278,0.0,285.87559824619814,757.5239565047259,471.6483582585278,0.0,471.6483582585278,757.5239565047259,510.6871770521235,31.43767576864933,8.46842736374297,45.0,2.201435154671453,2.858755982461981,0.0083333333333333,0.0166666666666666,100.0,,,,376.7294381231948,0.0,15.00004600565315,16.032763922199315,15.138242618494338,4,9,35.724631555283324,0.0088614290356215,0.0377998938020027,0.0896270950033795,0.0,0,3.194715171004645
20261123,A_stable_drilling,Residual-CVaR-MILP,510.8928841927653,0.0,262.290986974785,773.1838711675503,510.8928841927653,0.0,510.8928841927653,773.1838711675503,498.8560119075848,44.19665022011085,12.02027576200957,65.0,8.9402247883173,2.6229098697478506,0.0097222222222222,0.0194444444444444,100.0,1.5319042042408335,69.02070707638435,1.5319042042408335,337.8242963877998,0.0,15.08676617377676,16.293716825919763,15.138242618494338,11,13,25.695726872157472,0.4486824564188282,1.6072796621985617,3.094842584003345,0.0,0,161.5349083320034
20261123,A_stable_drilling,Risk-Adaptive-Residual-CVaR-MILP,515.4466580668094,0.0,262.290986974785,777.7376450415944,515.4466580668094,0.0,515.4466580668094,777.7376450415944,499.0849282552724,43.94232548632279,11.914298054077218,70.0,10.180083369856176,2.6229098697478506,0.0097222222222222,0.0194444444444444,100.0,0.9744617578573403,37.747821051381045,0.9744617578573403,337.8242963877998,0.0,15.08676617377676,16.226749803262077,15.138242618494338,10,14,25.547863654838824,0.4517632461723325,1.597679640800925,3.958948675994179,0.0,0,162.64297776699823
20261123,A_stable_drilling,Full-Risk-SOC-Supervisory-MILP,676.3655921843678,0.0,0.0,676.3655921843678,676.3655921843678,0.0,676.3655921843678,676.3655921843678,430.3229902593283,119.31521190025568,31.45190603514732,130.0,31.760577105197157,0.0,0.0,0.0,100.0,,,,0.0,0.0,15.237448967700686,18.39657378380525,15.138242618494338,26,26,38.90713431530076,0.0084958025083728,0.0321598596550757,0.0719939319969853,1.0,1,3.0628000300057465
20261123,B_connection_transition,Rule-Based,681.5379785079131,6.645177890720516,95.00889972014797,783.1920561187816,681.5379785079131,6.645177890720516,688.1831563986336,783.1920561187816,322.3547561100843,173.17789107957955,45.496467359732506,110.0,8.703971336083715,0.9500889972014795,0.0125,0.025,100.0,,,,133.3502236710715,0.0,67.190693806699,67.190693806699,73.87198407129968,4,22,37.32282135335766,3.274681673954344e-05,3.897789938491769e-05,5.363099626265466e-05,0.0,0,0.0135918629966909
20261123,B_connection_transition,Persistence-MILP,599.8483198750184,15.4294354785698,110.99590036227188,726.2736557158601,599.8483198750184,15.4294354785698,615.2777553535882,726.2736557158601,319.3753445835207,164.92152151234004,43.29770101445314,45.0,21.488887272481826,1.1099590036227187,0.0166666666666666,0.0333333333333333,100.0,,,,133.35022367107143,0.0,58.35869928847873,58.35869928847873,73.87198407129968,6,9,38.65348160445469,0.0141237565637614,0.0328459381962602,0.1070747850026236,0.0,0,5.089083260987536
20261123,B_connection_transition,Point-Forecast-MILP,589.8257583169781,12.143302773065544,102.41646482380334,704.385525913847,589.8257583169781,12.143302773065544,601.9690610900436,704.385525913847,322.5320278055576,166.28171753708725,43.64574190280916,30.0,22.319187947641264,1.024164648238033,0.0166666666666666,0.0333333333333333,100.0,,,,133.35022367107143,0.0,61.66269006412536,61.66269006412536,73.87198407129968,4,6,38.02173419293153,0.0201523877943448,0.0421824080498481,0.1189358029951108,0.0,0,7.259625074992073
20261123,B_connection_transition,Fixed-Reserve-MILP,596.3455129371531,10.40793211861285,101.57986070292648,708.3333057586924,596.3455129371531,10.40793211861285,606.753445055766,708.3333057586924,320.216233362935,170.78570157006246,44.78814558965503,30.0,19.63202285251556,1.0157986070292648,0.0166666666666666,0.0333333333333333,100.0,,,,133.35022367107143,0.0,63.40749136963433,63.40749136963433,73.87198407129968,4,6,38.69766651889633,0.0206781731105163,0.0459500714030582,0.1092550080065848,0.0,0,7.448804355008178
20261123,B_connection_transition,Residual-CVaR-MILP,780.0771919532888,6.752068420273136,101.08882818824752,887.9180885618094,780.0771919532888,6.752068420273136,786.829260373562,887.9180885618094,313.4925108254374,182.37469788309843,47.93115637416883,195.0,19.20401429240836,1.0108882818824751,0.0138888888888888,0.0277777777777777,100.0,14.943088335571844,321.32071515582624,14.943088335571844,133.35022367107143,0.0,67.08322239416161,67.08322239416161,73.87198407129968,15,39,38.9689525391236,0.6299394504556,1.6760856783446805,2.517005774003337,0.0,0,226.78560313000344
20261123,B_connection_transition,Risk-Adaptive-Residual-CVaR-MILP,655.426794174099,6.411780640443372,101.08882818824752,762.9274030027898,655.426794174099,6.411780640443372,661.8385748145423,762.9274030027898,313.3007447465172,182.9694671126282,48.01600996315648,70.0,18.200252425873163,1.0108882818824751,0.0138888888888888,0.0277777777777777,100.0,11.495696119221847,321.32071515582624,17.79647155230472,133.35022367107143,0.0,67.42535942464112,67.42535942464112,73.87198407129968,6,14,39.09603998133082,0.6339624690134467,1.79689472381142,2.473815288001788,0.0,0,228.23392471499392
20261123,B_connection_transition,Full-Risk-SOC-Supervisory-MILP,665.2789289492506,1.8922980508171177,101.51635688041364,768.6875838804814,665.2789289492506,1.8922980508171177,667.1712270000677,768.6875838804814,310.00458922965123,192.275582471371,50.31686916873458,65.0,17.78266586844199,1.0151635688041365,0.0152777777777777,0.0305555555555555,100.0,5.537481866799618,57.44721936201362,5.537481866799618,133.35022367107143,0.0,71.96940256745428,71.96940256745428,73.87198407129968,6,13,41.08452616909637,0.6142259781113858,1.850958832992183,2.3272617500042543,0.075,1,221.1290656320052
20261123,C_tripping_impact,Rule-Based,769.8916224362249,1.0830415381550722,11504.159587451688,12275.134251426069,769.8916224362249,1.0830415381550722,770.97466397438,12275.134251426069,124.36830042335168,101.74298802088254,27.22909898997994,475.0,15.460201220771353,115.04159587451689,0.3652777777777778,0.7305555555555555,100.0,,,,868.5658002724522,0.0,15.00000000000203,20.154505670889755,21.243432860504697,7,95,24.30166911326812,3.296913330106892e-05,3.810195557889529e-05,4.668299516197294e-05,0.0,0,0.0137137359997723
20261123,C_tripping_impact,Persistence-MILP,767.651463267818,6.209687105885569,11561.830734261272,12335.691884634974,767.651463267818,6.209687105885569,773.8611503737036,12335.691884634974,116.79993068543004,101.50079034747752,27.13182002349896,480.0,7.901482229194691,115.61830734261272,0.3736111111111111,0.7472222222222222,100.0,,,,868.5657798362936,0.0,15.000000000008145,15.000000000008145,21.243432860504697,7,96,24.243819350512148,0.0056344171392589,0.0098897679512447,0.0464922929968452,0.0,0,2.032523701011087
20261123,C_tripping_impact,Point-Forecast-MILP,767.9814720416191,6.204347107764535,11545.984659012736,12320.17047816212,767.9814720416191,6.204347107764535,774.1858191493836,12320.17047816212,116.86376609769437,101.623756817518,27.161497261207085,480.0,8.315343684076826,115.45984659012736,0.3722222222222222,0.7444444444444445,100.0,,,,868.5655086117275,0.0,15.000000112874364,15.005369017669636,21.243432860504697,7,96,24.27319032265558,0.0056199886277479,0.0103316244007146,0.0159793060010997,0.0,0,2.0273981770005776
20261123,C_tripping_impact,Fixed-Reserve-MILP,768.2013545521166,6.197753125791757,11541.251693452248,12315.650801130156,768.2013545521166,6.197753125791757,774.3991076779084,12315.650801130156,116.79864396728804,101.74144359987234,27.198377148347497,480.0,8.245661993665557,115.41251693452249,0.3722222222222222,0.7444444444444445,100.0,,,,868.5656872053918,0.0,15.000000044353074,15.011998833798591,21.243432860504697,8,96,24.30130022289945,0.0056184675551372,0.0105489670495444,0.0160625230055302,0.0,0,2.026959024995449
20261123,C_tripping_impact,Residual-CVaR-MILP,764.4256207807141,6.17076282844008,11478.780390661785,12249.37677427094,764.4256207807141,6.17076282844008,770.5963836091541,12249.37677427094,117.20794703998112,102.04390970747748,27.3029345659112,475.0,9.24103840334342,114.78780390661784,0.3666666666666667,0.7333333333333333,100.0,433.6314644830778,1375.290534728127,433.6314644830778,868.5651965782118,0.0,15.000000232592708,15.039135806487655,21.243432860504697,7,95,24.373545312295576,0.2707981760225165,0.5295067138969899,1.04946937400382,0.0,0,97.49423976500113
20261123,C_tripping_impact,Risk-Adaptive-Residual-CVaR-MILP,764.4370976203306,6.17076282844008,11479.05385290118,12249.66171334995,764.4370976203306,6.17076282844008,770.6078604487707,12249.66171334995,117.20806488202756,102.04456941674844,27.303083000497164,475.0,9.309570818583184,114.7905385290118,0.3652777777777778,0.7305555555555555,100.0,432.73790658533113,1375.2854443586068,858.1648670386901,868.5652061019325,0.0,15.000000228938736,15.039135806487655,21.243432860504697,7,95,24.373702886166036,0.2681343824305562,0.5286795257583436,1.1836281030118698,0.0,0,96.53558462299408
20261123,C_tripping_impact,Full-Risk-SOC-Supervisory-MILP,781.7158230043428,3.9834131664742296,11460.828987292944,12246.528223463762,781.7158230043428,3.9834131664742296,785.699236170817,12246.528223463762,113.17576206051632,109.4377277699236,29.22172183529768,480.0,14.333456518452625,114.60828987292945,0.3611111111111111,0.7222222222222222,100.0,,,,868.5541765270066,0.0,15.000005011562182,17.23837234192756,21.243432860504697,9,96,25.254860254597755,0.0053341434166617,0.009564408652659,0.0128441550041316,1.0,1,1.924622770995484
20261124,A_stable_drilling,Rule-Based,448.3157088783114,0.0,0.0,448.3157088783114,448.3157088783114,0.0,448.3157088783114,448.3157088783114,559.4963532844863,17.14043663771899,4.5809469423799625,10.0,43.18940018887019,0.0,0.0,0.0,100.0,,,,0.0,0.0,16.543435144304063,42.88232317698332,16.444228795097715,2,2,33.829809153392745,3.29682218256898e-05,3.515099961077795e-05,4.36979898950085e-05,0.0,0,0.0137224689970025
20261124,A_stable_drilling,Persistence-MILP,431.102736301941,0.4801259090110161,198.2029837527478,629.7858459636998,431.102736301941,0.4801259090110161,431.582862210952,629.7858459636998,518.6054008765195,18.186744396339687,4.980685831764344,25.0,2.1156709733806385,1.982029837527478,0.0083333333333333,0.0166666666666666,100.0,,,,264.21738348212807,0.0,15.6978899273491,15.961493702913444,16.444228795097715,4,5,35.89489025593358,0.0076588040133679,0.0325529405468842,0.0766306860023178,0.0,0,2.761573640993447
20261124,A_stable_drilling,Point-Forecast-MILP,430.9524629805299,0.4090648104376858,198.2029837527478,629.5645115437154,430.9524629805299,0.4090648104376858,431.3615277909676,629.5645115437154,518.7916306620635,18.08437443799737,4.94731758188274,25.0,1.9002460220857589,1.982029837527478,0.0083333333333333,0.0166666666666666,100.0,,,,264.21738348212807,0.0,15.6978899273491,16.032940973986925,16.444228795097715,4,5,35.69284428552112,0.0081523236999297,0.0367672418040456,0.0852557409962173,0.0,0,2.939176163999946
20261124,A_stable_drilling,Fixed-Reserve-MILP,431.2729149076278,0.3391641079216716,198.2029837527478,629.8150627682973,431.2729149076278,0.3391641079216716,431.6120790155495,629.8150627682973,518.5917875403097,18.3701955286786,5.011851422277061,25.0,1.756390514835309,1.982029837527478,0.0083333333333333,0.0166666666666666,100.0,,,,264.21738348212807,0.0,15.6978899273491,16.10322154297834,16.444228795097715,4,5,36.25696485923408,0.0080162531752042,0.033758136950928,0.0938698090030811,0.0,0,2.890135763998842
20261124,A_stable_drilling,Residual-CVaR-MILP,460.6737978738164,0.0,2.2210433331225783,462.89484120693896,460.6737978738164,0.0,460.6737978738164,462.89484120693896,512.7806856437224,27.838467640195606,7.437886174371624,40.0,3.982886450585047,0.0222104333312257,0.0027777777777777,0.0055555555555555,100.0,0.2505335028483637,25.568870823175217,0.2505335028483637,15.470455414496428,0.0,16.444228795097715,17.295198813926003,16.444228795097715,5,8,25.776358926107047,0.401947399108192,1.6762827432525234,3.4360882229957497,0.0,0,144.70785892200365
20261124,A_stable_drilling,Risk-Adaptive-Residual-CVaR-MILP,450.12340968912525,0.0,0.0,450.12340968912525,450.12340968912525,0.0,450.12340968912525,450.12340968912525,513.1368978947021,27.40401452624683,7.325463607726824,30.0,4.247679628868925,0.0,0.0,0.0,100.0,0.2223246495172769,16.258961117669294,0.2223246495172769,0.0,0.0,16.444228795097715,17.209355550730834,16.444228795097715,5,6,25.37408752430262,0.4074154344363099,1.7926913689494544,3.270642358009354,0.0,0,146.6765018159931
20261124,A_stable_drilling,Full-Risk-SOC-Supervisory-MILP,637.6311489169118,0.0,0.0,637.6311489169118,637.6311489169118,0.0,637.6311489169118,637.6311489169118,480.8291871160043,78.90976040012657,21.24033013555602,130.0,44.90398428902825,0.0,0.0,0.0,100.0,,,,0.0,0.0,16.445785196403925,30.09430690182616,16.444228795097715,26,26,31.99044340545672,0.009045664283379,0.064949052745942,0.0968002189911203,1.0,1,3.2605678109976
20261124,B_connection_transition,Rule-Based,817.7755191465637,19.792565132781288,11954.477334086572,12792.045418365917,817.7755191465637,19.792565132781288,837.568084279345,12792.045418365917,177.01407159418648,146.03415229121435,39.76649681131607,390.0,25.143808329288984,119.54477334086572,0.3097222222222222,0.6194444444444445,100.0,,,,909.9675179698976,0.0,15.000000000154836,15.000000000154836,34.900125310237115,11,78,30.423781727336323,3.3879636248457246e-05,3.676969427033328e-05,4.548100696410984e-05,0.0,0,0.0140885549917584
20261124,B_connection_transition,Persistence-MILP,808.1361760811291,19.792561396233623,11960.353463640971,12788.282201118334,808.1361760811291,19.792561396233623,827.9287374773627,12788.282201118334,176.65356141503358,146.42972588757715,39.81211938026745,380.0,26.974495738986587,119.6035346364097,0.3083333333333333,0.6166666666666667,100.0,,,,909.9650969950654,0.0,15.00000375700829,15.00000375700829,34.900125310237115,11,76,30.50619289324524,0.0101051454247175,0.0318474975989374,0.0916379959962796,0.0,0,3.6424548720096936
20261124,B_connection_transition,Point-Forecast-MILP,793.2153067536317,19.79252284042521,11688.89387664544,12501.901706239496,793.2153067536317,19.79252284042521,813.007829594057,12501.901706239496,181.41732298442523,144.77320028678668,39.21822054048217,365.0,34.63500679203412,116.8889387664544,0.2833333333333333,0.5666666666666667,100.0,,,,909.9401160098756,0.0,15.00004252234334,15.00004252234334,34.900125310237115,6,73,30.161083393080556,0.0129050997614184,0.0436310311961278,0.1183648440055549,0.0,0,4.650480217998847
20261124,B_connection_transition,Fixed-Reserve-MILP,798.684918058816,19.792518677131675,11687.003922456932,12505.48135919288,798.684918058816,19.792518677131675,818.4774367359477,12505.48135919288,180.71085851859044,145.44312089622537,39.36939336165285,370.0,33.553041222333434,116.87003922456933,0.2819444444444444,0.5638888888888889,100.0,,,,909.9374185388972,0.0,15.000046708261769,15.000046708261769,34.900125310237115,6,74,30.300650186713614,0.0136381498696816,0.0529878828558139,0.119881730992347,0.0,0,4.914189418006572
20261124,B_connection_transition,Residual-CVaR-MILP,809.408051776338,19.79251216696556,11593.845336656968,12423.045900600271,809.408051776338,19.79251216696556,829.2005639433036,12423.045900600271,177.7505204468059,149.30711500672467,40.42379413123058,375.0,33.00788202457745,115.93845336656968,0.2805555555555555,0.5611111111111111,100.0,447.893498706048,1563.6731813864435,447.893498706048,909.9332004879732,0.0,15.00005325380655,15.00005325380655,34.900125310237115,9,75,31.105648959734307,0.4521855624222048,1.727569811051945,3.8227288860070985,0.0,0,162.7939593330084
20261124,B_connection_transition,Risk-Adaptive-Residual-CVaR-MILP,809.4716189420818,19.792508763241223,11580.337639418063,12409.601767123386,809.4716189420818,19.792508763241223,829.2641277053231,12409.601767123386,177.71552462263315,149.49477011588192,40.428724838189815,375.0,33.350873837493815,115.80337639418065,0.2805555555555555,0.5611111111111111,100.0,446.59028834730935,1563.5915865294476,890.9064810796336,909.9309951552176,0.0,15.000056676027992,15.000056676027992,34.900125310237115,8,75,31.144743774142064,0.4403628619221612,1.6962167100464292,2.717854410992004,0.0,0,158.5375592509954
20261124,B_connection_transition,Full-Risk-SOC-Supervisory-MILP,769.7323944564328,19.777687290634663,10526.312963488692,11315.823045235758,769.7323944564328,19.777687290634663,789.5100817470674,11315.823045235758,182.71482020376808,155.99963995087992,42.288160791649226,315.0,51.77341583867751,105.26312963488692,0.2611111111111111,0.5222222222222223,100.0,,,,900.3279028342954,0.0,15.000409855905458,15.01495869404192,34.900125310237115,2,63,32.49992498976665,0.0117464079914902,0.0404754020019027,0.0957352999976137,1.0,1,4.233035680998
20261124,C_tripping_impact,Rule-Based,598.0663117540063,25.47681166844414,3625.026666278941,4248.569789701392,598.0663117540063,25.47681166844414,623.5431234224504,4248.569789701392,136.17511198518216,105.00220707268484,28.149260457365465,285.0,34.69769594461492,36.25026666278941,0.1555555555555555,0.3111111111111111,100.0,,,,634.7371427654273,0.0,16.440383478478438,16.440383478478438,42.055645638899655,11,57,23.507956807317505,3.258378120436747e-05,3.447720882832073e-05,4.511099541559816e-05,0.0,0,0.0135297840024577
20261124,C_tripping_impact,Persistence-MILP,581.4616134794925,26.909393276622044,5021.948874651048,5630.319881407162,581.4616134794925,26.909393276622044,608.3710067561145,5630.319881407162,140.10423734828572,85.35853969720375,22.830949407073955,305.0,37.97293405521283,50.21948874651048,0.2361111111111111,0.4722222222222222,100.0,,,,742.3353511188791,0.0,15.000016687796895,15.000016687796895,42.055645638899655,10,61,24.341788887035293,0.0095638979804789,0.033044431291637,0.0837804400071036,0.0,0,3.447437955008354
20261124,C_tripping_impact,Point-Forecast-MILP,584.0280188365261,26.909407836315708,5038.577213415947,5649.514640088789,584.0280188365261,26.909407836315708,610.9374266728419,5649.514640088789,141.20788813547955,83.9448957505453,22.45800471145183,310.0,35.169130479929144,50.385772134159474,0.2277777777777777,0.4555555555555555,100.0,,,,742.5541976385839,0.0,15.000002048980432,15.000002048980432,42.055645638899655,10,62,24.030027409507245,0.0104553853586063,0.0329071520056459,0.0886528219998581,0.0,0,3.768155932004447
20261124,C_tripping_impact,Fixed-Reserve-MILP,580.9330960087924,26.909406117207517,4943.800224729424,5551.642726855424,580.9330960087924,26.909406117207517,607.8425021259999,5551.642726855424,141.09376279919292,84.97910112999176,22.733632368321008,305.0,34.62877873178798,49.43800224729424,0.2277777777777777,0.4555555555555555,100.0,,,,742.5283577512373,0.0,15.000003777430898,15.000003777430898,42.055645638899655,11,61,24.14179009374765,0.0110518516084185,0.0348760820481402,0.0826659390004351,0.0,0,3.983389258006355
20261124,C_tripping_impact,Residual-CVaR-MILP,608.8576637856384,26.854339190506163,3846.2522299452544,4481.964232921398,608.8576637856384,26.854339190506163,635.7120029761445,4481.964232921398,134.5712101573756,102.87639811237112,27.614296734746237,300.0,40.98457532658704,38.462522299452544,0.1638888888888889,0.3277777777777778,100.0,162.24988979869505,950.7955762477656,162.24988979869505,634.7371427654273,0.0,15.055369958340064,15.055369958340064,42.055645638899655,12,60,23.24015017598745,0.4136777299637793,1.2576068272945122,2.6541568319953512,0.0,0,148.93123870898853
20261124,C_tripping_impact,Risk-Adaptive-Residual-CVaR-MILP,615.4732105981486,26.09621535392283,3646.352876388309,4287.922302340381,615.4732105981486,26.09621535392283,641.5694259520715,4287.922302340381,133.4021081612765,107.0276720135834,28.618535115803333,300.0,40.41336359432567,36.46352876388309,0.1555555555555555,0.3111111111111111,100.0,154.4432100646074,950.7955762477656,306.83833166993224,634.7371427654273,0.0,15.817613722468517,15.817613722468517,42.055645638899655,12,60,24.17793795487577,0.3979117761167597,1.2351541624542737,2.871226723000291,0.0,0,143.25565549600287
20261124,C_tripping_impact,Full-Risk-SOC-Supervisory-MILP,621.496571436904,18.215817106025007,3645.1432659546113,4284.85565449754,621.496571436904,18.215817106025007,639.712388542929,4284.85565449754,141.63489508712348,109.61818739862126,29.196410903705704,295.0,46.016795445610015,36.451432659546114,0.1555555555555555,0.3111111111111111,100.0,1.1154470193792034,31.15388517671589,1.1154470193792034,634.7371427654273,0.0,23.740836992138902,23.740836992138902,42.055645638899655,11,59,24.763144743664444,0.1679137630697368,0.888639909309859,1.7752106560074026,0.7055555555555556,7,60.45410421901033
20261125,A_stable_drilling,Rule-Based,466.106880877144,0.0,0.0,466.106880877144,466.106880877144,0.0,466.106880877144,466.106880877144,568.2975814242246,21.24759626274764,5.624016252002754,15.0,34.626331358790424,0.0,0.0,0.0,100.0,,,,0.0,0.0,17.489527839357518,38.71038547207032,17.406955744117006,3,3,31.246465092275944,3.2717894848449055e-05,3.554129289113916e-05,4.415400326251984e-05,0.0,0,0.0137197379954159
20261125,A_stable_drilling,Persistence-MILP,443.331955052635,1.9822208323691584,223.3857709452988,668.6999468303029,443.331955052635,1.9822208323691584,445.31417588500415,668.6999468303029,537.1441667674843,17.580330843631216,4.846287971041024,25.0,2.561003960248593,2.2338577094529875,0.0111111111111111,0.0222222222222222,100.0,,,,320.3980232500138,0.0,15.413962784802754,15.413962784802754,17.406955744117006,5,5,38.78014156683357,0.0076792025081279,0.0305574500940565,0.0759643769997637,0.0,0,2.7688834900036454
20261125,A_stable_drilling,Point-Forecast-MILP,443.11574444184976,1.9419059574235384,223.3857709452988,668.443421344572,443.11574444184976,1.9419059574235384,445.0576503992733,668.443421344572,537.3026623600797,17.475935701746074,4.802344753519471,25.0,2.566099221960879,2.2338577094529875,0.0111111111111111,0.0222222222222222,100.0,,,,320.3980232500138,0.0,15.454496745807605,15.454496745807605,17.406955744117006,4,5,38.54985816561634,0.0072848862945344,0.0294617948020459,0.0845133769907988,0.0,0,2.627033839991782
20261125,A_stable_drilling,Fixed-Reserve-MILP,443.33222858863513,1.92350450587266,223.3857709452988,668.6415040398065,443.33222858863513,1.92350450587266,445.2557330945078,668.6415040398065,537.1274424005562,17.670484456298215,4.849853932524503,25.0,2.463738848575024,2.2338577094529875,0.0111111111111111,0.0222222222222222,100.0,,,,320.3980232500138,0.0,15.472998197705994,15.472998197705994,17.406955744117006,4,5,38.97900983006959,0.0071386521025285,0.0280525660091371,0.0932053760043345,0.0,0,2.5742534609889844
20261125,A_stable_drilling,Residual-CVaR-MILP,507.2447675021034,0.0,0.0,507.2447675021034,507.2447675021034,0.0,507.2447675021034,507.2447675021034,523.0440665947698,39.32172368245591,10.619071406880888,55.0,6.787672932716501,0.0,0.0,0.0,100.0,0.7644212993358014,54.54281187013815,0.7644212993358014,0.0,0.0,17.406955744117006,19.321974173890453,17.406955744117006,11,11,23.78330061438865,0.3326227552975777,0.9774809786547852,2.2955962999985786,0.0,0,119.75094920599076
20261125,A_stable_drilling,Risk-Adaptive-Residual-CVaR-MILP,502.6081866538653,0.0,0.0,502.6081866538653,502.6081866538653,0.0,502.6081866538653,502.6081866538653,523.7331103934929,39.21742424632027,10.588434913712582,50.0,7.478865664825034,0.0,0.0,0.0,100.0,0.5231646448677149,27.27898212728915,0.5231646448677149,0.0,0.0,17.406955744117006,19.735541589182134,17.406955744117006,10,10,23.720216278016288,0.3341558298530193,1.0143423195993824,2.6196265289909206,0.0,0,120.30296062400156
20261125,A_stable_drilling,Full-Risk-SOC-Supervisory-MILP,688.948250334498,0.0,0.0,688.948250334498,688.948250334498,0.0,688.948250334498,688.948250334498,446.1673072792071,115.24218060379884,30.310703196416544,140.0,30.99711391695517,0.0,0.0,0.0,100.0,,,,0.0,0.0,16.449396761450153,17.66792359970513,17.406955744117006,28,28,41.95710458876171,0.0071086766139665,0.0300127251080994,0.0648137449898058,1.0,1,2.563188671003445
20261125,B_connection_transition,Rule-Based,466.40803957943126,2.795090869268945,0.0,469.2031304487002,466.40803957943126,2.795090869268945,469.2031304487002,469.2031304487002,378.1877778545811,91.57393281577085,24.293515879685778,15.0,3.550789329648045,0.0,0.0,0.0,100.0,,,,0.0,0.0,72.23350760115196,72.23350760115196,75.04378803617219,3,3,34.86317239179094,3.1859418918934855e-05,3.3826849539764224e-05,5.169499490875751e-05,0.0,0,0.0133358150051208
20261125,B_connection_transition,Persistence-MILP,453.89591054508674,17.690836273875252,0.0,471.586746818962,453.89591054508674,17.690836273875252,471.586746818962,471.586746818962,379.27492648690776,71.59589348352557,18.797907555727992,40.0,23.10142818443572,0.0,0.0,0.0,100.0,,,,0.0,0.0,57.25681316310802,57.25681316310802,75.04378803617219,3,8,29.025362223050905,0.0244633509890263,0.0861508475005393,0.0935474750003777,0.0,0,8.811406381995766
20261125,B_connection_transition,Point-Forecast-MILP,472.6945934154653,25.91853708595429,0.0,498.6131305014196,472.6945934154653,25.91853708595429,498.6131305014196,498.6131305014196,380.2040193229405,60.182443839851295,15.686566328317886,80.0,32.92603683720825,0.0,0.0,0.0,100.0,,,,0.0,0.0,48.9843999576535,48.9843999576535,75.04378803617219,1,16,24.398288043182955,0.0402577771081269,0.0836374104474089,0.1106281150132417,0.0,0,14.498126635007791
20261125,B_connection_transition,Fixed-Reserve-MILP,456.0382514463293,5.244698032440251,0.0,461.2829494787695,456.0382514463293,5.244698032440251,461.2829494787695,461.2829494787695,377.3555058922583,89.3240084572897,23.582550282936676,10.0,7.24226033864422,0.0,0.0,0.0,100.0,,,,0.0,0.0,69.77058835947942,69.77058835947942,75.04378803617219,2,2,36.21243586106339,0.0194096628943952,0.0563669985400338,0.104442123993067,0.0,0,6.992064332996961
20261125,B_connection_transition,Residual-CVaR-MILP,543.398829354516,0.0,0.0,543.398829354516,543.398829354516,0.0,543.398829354516,543.398829354516,368.5228860044273,106.2863366058174,28.03649197700937,70.0,8.781788248336404,0.0,0.0,0.0,100.0,4.413241115314106,125.92333640389472,4.413241115314106,0.0,0.0,72.90129733360139,75.8317937392897,75.04378803617219,5,14,38.14102988247036,0.6974994007002857,2.4352934430498867,4.1349865829979535,0.0,0,251.10650409100344
20261125,B_connection_transition,Risk-Adaptive-Residual-CVaR-MILP,498.45110751564,0.0,0.0,498.45110751564,498.45110751564,0.0,498.45110751564,498.45110751564,368.5836445378544,106.2863366058174,28.03649197700936,25.0,8.842546781763387,0.0,0.0,0.0,100.0,2.406330359287038,67.35869257636281,2.406330359287038,0.0,0.0,72.90129733360139,75.87519269173751,75.04378803617219,5,5,38.14102988247036,0.7239704039586083,2.38532037684272,4.790748134997557,0.0,0,260.63659163800185
20261125,B_connection_transition,Full-Risk-SOC-Supervisory-MILP,506.37943372149937,0.0,0.0,506.37943372149937,506.37943372149937,0.0,506.37943372149937,506.37943372149937,367.3899655491858,110.7816266996748,29.156907480427098,25.0,11.330742286772022,0.0,0.0,0.0,100.0,2.3918633676374723,67.34597879931883,2.3918633676374723,0.0,0.0,72.91054444105936,78.26487059671715,75.04378803617219,5,5,39.75417226064887,0.7081494336638571,2.4406868495032543,4.80235115600226,0.0,0,254.9412334109948
20261125,C_tripping_impact,Rule-Based,763.7305360761093,8.142788861843515,9569.945845122056,10341.81917006001,763.7305360761093,8.142788861843515,771.8733249379528,10341.81917006001,101.9996093921268,111.2420631748153,29.94610369464974,465.0,11.1445724255639,95.69945845122056,0.3861111111111111,0.7722222222222223,100.0,,,,876.514814794079,0.0,15.00000000000015,15.00000000000015,23.187039812027677,11,93,24.043673596862096,3.3036649660466035e-05,3.574954753275961e-05,4.360800085123629e-05,0.0,0,0.0137757259944919
20261125,C_tripping_impact,Persistence-MILP,753.2969706421845,8.142788861843654,10452.376859166054,11213.816618670082,753.2969706421845,8.142788861843654,761.4397595040282,11213.816618670082,104.19438800871352,100.2416069587188,27.00646008843052,475.0,11.508145852435469,104.52376859166054,0.4027777777777778,0.8055555555555556,100.0,,,,876.5148450208382,0.0,15.00000000000001,15.00000000000001,23.187039812027677,12,95,24.97714459104289,0.0067402805114397,0.0135053878970211,0.0449179569986881,0.0,0,2.430966661995626
20261125,C_tripping_impact,Point-Forecast-MILP,749.6125693282147,8.142788861843654,10306.90775499013,11064.663113180188,749.6125693282147,8.142788861843654,757.7553581900584,11064.663113180188,104.9245564619737,100.92247409374563,27.129746077340407,470.0,10.656304824426668,103.06907754990132,0.3944444444444445,0.7888888888888889,100.0,,,,876.514845759694,0.0,15.00000000000001,15.00000000000001,23.187039812027677,11,94,25.14679587053463,0.0073964118252155,0.0158098470550612,0.0562909120053518,0.0,0,2.667219961003866
20261125,C_tripping_impact,Fixed-Reserve-MILP,750.3252050561755,8.142788861843654,10282.961116819177,11041.429110737196,750.3252050561755,8.142788861843654,758.4679939180191,11041.429110737196,104.74299879551307,101.33626881275838,27.244783213806752,470.0,10.51524022214982,102.82961116819176,0.3944444444444445,0.7888888888888889,100.0,,,,876.5148452679516,0.0,15.00000000000001,15.00000000000001,23.187039812027677,11,94,25.08323485464316,0.0080369115357623,0.018156354198436,0.066098413997679,0.0,0,2.8978269470098894
20261125,C_tripping_impact,Residual-CVaR-MILP,765.2196379635562,8.142755600082207,9449.502505404942,10222.86489896858,765.2196379635562,8.142755600082207,773.3623935636384,10222.86489896858,103.20775348203176,111.37741246668566,29.97595946246071,465.0,13.857158184190189,94.49502505404942,0.3861111111111111,0.7722222222222223,100.0,384.31959430525234,1300.64922412447,384.31959430525234,876.5038826315962,0.0,15.000000001932534,15.000033442518268,23.187039812027677,10,93,24.353661618079958,0.3532687578144962,0.867018324942183,2.0404546839999966,0.0,0,127.18482501700056
20261125,C_tripping_impact,Risk-Adaptive-Residual-CVaR-MILP,766.1367592232016,8.142755600130473,9418.473720104495,10192.75323492783,766.1367592232016,8.142755600130473,774.2795148233321,10192.75323492783,102.88386831964608,112.02153301211165,30.1250396918906,465.0,14.051262553583513,94.18473720104495,0.3861111111111111,0.7722222222222223,100.0,382.7115366286256,1300.67402218474,759.6576386049411,876.5140588854428,0.0,15.000000000138886,15.00003344246974,23.187039812027677,10,93,24.494504302939863,0.3429034652690461,0.7939950986590708,1.8309333130018783,0.0,0,123.45305432099848
20261125,C_tripping_impact,Full-Risk-SOC-Supervisory-MILP,772.6207752251017,8.142755599981475,8981.161103849212,9761.924634674297,772.6207752251017,8.142755599981475,780.7635308250832,9761.924634674297,98.54403405579173,121.2295244452702,32.54080303614771,455.0,23.710713732720773,89.81161103849212,0.3472222222222222,0.6944444444444444,100.0,,,,876.4826436321401,0.0,15.000000005676084,15.000033442619548,23.187039812027677,13,91,25.684221280777585,0.0063738247246268,0.0126977696520043,0.0343542769987834,1.0,1,2.298770612993394
20261126,A_stable_drilling,Rule-Based,604.2925193383471,0.0,0.0,604.2925193383471,604.2925193383471,0.0,604.2925193383471,604.2925193383471,516.5711705197633,77.1573877610012,20.661950051297108,80.0,15.61880091410612,0.0,0.0,0.0,100.0,,,,0.0,0.0,16.34876050636394,20.40384741802619,16.28163162150591,13,16,25.38071965822407,3.363190537331522e-05,3.587275132304058e-05,4.34769899584353e-05,0.0,0,0.0139952850004192
20261126,A_stable_drilling,Persistence-MILP,594.7641592207051,1.2441690225205366,378.0613173259728,974.0696455691984,594.7641592207051,1.2441690225205366,596.0083282432256,974.0696455691984,506.2577946524074,75.97578061092392,21.260449825045136,75.0,4.350611779533903,3.780613173259728,0.0375,0.075,100.0,,,,418.5515884397428,0.0,15.000165882683724,15.03070132070957,16.28163162150591,15,15,29.99043971483839,0.0111971340141382,0.030045170700032,0.0603623549977783,0.0,0,4.0351166339969495
20261126,A_stable_drilling,Point-Forecast-MILP,592.9852668615382,1.2331420153669292,368.2892321092716,962.5076409861769,592.9852668615382,1.2331420153669292,594.2184088769052,962.5076409861769,507.73038312949535,74.57903511408718,20.898060678447397,75.0,3.636362256073539,3.682892321092716,0.0361111111111111,0.0722222222222222,100.0,,,,420.88683965043583,0.0,15.00214366533006,15.04178825273075,16.28163162150591,15,15,30.07219157826096,0.0090039642228172,0.0280969375948188,0.115033598995069,0.0,0,3.2457814579975093
20261126,A_stable_drilling,Fixed-Reserve-MILP,590.9393058357144,1.2409249161385432,351.72004223340514,943.900272985258,590.9393058357144,1.2409249161385432,592.180230751853,943.900272985258,509.1522781430865,73.32824474046897,20.48441062216107,75.0,3.944793131361107,3.517200422334051,0.0305555555555555,0.0611111111111111,100.0,,,,416.6931509987991,0.0,15.017511826168764,15.033963056774995,16.28163162150591,14,15,30.89673233446726,0.0092910658199899,0.0225099708033667,0.0889776710100704,0.0,0,3.349177590993349
20261126,A_stable_drilling,Residual-CVaR-MILP,616.6572571606603,0.0,78.40133557084899,695.0585927315093,616.6572571606603,0.0,616.6572571606603,695.0585927315093,509.48319440818017,78.87570563077797,21.03124150447369,95.0,13.155649931174896,0.7840133557084898,0.0097222222222222,0.0194444444444444,100.0,3.8723291190092577,193.37932679747576,3.8723291190092577,232.7783882252581,0.0,16.281069468628083,17.04649396532924,16.28163162150591,15,19,28.169894868134985,0.4867117843606846,1.332176973402966,2.13447619699582,0.0,0,175.2229835120088
20261126,A_stable_drilling,Risk-Adaptive-Residual-CVaR-MILP,607.4269407963893,0.0,230.62598656473656,838.0529273611259,607.4269407963893,0.0,607.4269407963893,838.0529273611259,509.51026993866367,76.24711443069528,20.547108725220188,90.0,9.031945573751464,2.3062598656473656,0.0125,0.025,100.0,2.190772284538677,96.919548715936,2.190772284538677,347.3232135712675,0.0,15.829932184658563,16.39305178036486,16.28163162150591,13,18,29.476977228361584,0.4957529770086289,1.4422995803011875,2.4216537600004813,0.0,0,178.47805468500883
20261126,A_stable_drilling,Full-Risk-SOC-Supervisory-MILP,721.236003510624,0.0,0.0,721.236003510624,721.236003510624,0.0,721.236003510624,721.236003510624,465.4159370883935,134.04020775782254,35.562700979565165,120.0,25.817527052422253,0.0,0.0,0.0,100.0,,,,0.0,0.0,16.34876050636394,24.32246935798885,16.28163162150591,24,24,38.81473197620344,0.0088496462249572,0.0268620363400259,0.0541644109907792,1.0,1,3.1901001009973697
20261126,B_connection_transition,Rule-Based,591.3048195514298,4.778054928836387,33.79256167795379,629.8754361582199,591.3048195514298,4.778054928836387,596.0828744802661,629.8754361582199,357.8703518020196,123.2547875203989,32.561366007423175,90.0,19.030198778708083,0.3379256167795379,0.0097222222222222,0.0194444444444444,100.0,,,,58.11895396873206,0.0,70.21065714578343,70.21065714578343,75.01467780628985,11,18,34.11110355730597,3.176174161328365e-05,3.393409206182696e-05,4.2836007196456194e-05,0.0,0,0.0132331700006034
20261126,B_connection_transition,Persistence-MILP,516.045677161858,15.8894838933556,145.71318019580318,677.6483412510167,516.045677161858,15.8894838933556,531.9351610552136,677.6483412510167,356.3850410548512,108.8503000821783,28.64081615806158,45.0,20.36475456669008,1.4571318019580315,0.0194444444444444,0.0388888888888888,100.0,,,,230.4815853160288,0.0,59.03884453409805,59.03884453409805,75.01467780628985,5,9,38.69086495812024,0.0096497979247538,0.0233945684602076,0.0474349790019914,0.0,0,3.478256183996564
20261126,B_connection_transition,Point-Forecast-MILP,505.0136319746821,14.097463087333804,139.14607338198536,658.2571684440013,505.0136319746821,14.097463087333804,519.1110950620159,658.2571684440013,360.3340602129752,107.2704957632127,28.16413126273057,35.0,18.61548518266613,1.3914607338198537,0.0180555555555555,0.0361111111111111,100.0,,,,230.4815853160287,0.0,60.84060384921808,60.84060384921808,75.01467780628985,4,7,40.63276354667148,0.0143840091747632,0.0413576841441681,0.0862682779988972,0.0,0,5.1830264260061085
20261126,B_connection_transition,Fixed-Reserve-MILP,508.8278919585986,12.892799566143294,139.1460733819854,660.8667649067273,508.8278919585986,12.892799566143294,521.7206915247419,660.8667649067273,359.6065004871512,109.58272796313192,28.751029183151864,35.0,18.14483317583509,1.391460733819854,0.0180555555555555,0.0361111111111111,100.0,,,,230.4815853160287,0.0,62.051813961063104,62.051813961063104,75.01467780628985,4,7,41.50860907694391,0.0139067330000721,0.0374940688438073,0.0852990069979569,0.0,0,5.010890281002503
20261126,B_connection_transition,Residual-CVaR-MILP,590.4889047604445,8.36585642623388,43.97562096848936,642.8303821551677,590.4889047604445,8.36585642623388,598.8547611866784,642.8303821551677,354.2381937034529,122.08080132069554,32.095973620622374,95.0,20.72955896000771,0.4397562096848936,0.0138888888888888,0.0277777777777777,100.0,9.199884386248328,247.95232657469765,9.199884386248328,58.118953968732114,0.0,66.60335819757086,66.60335819757086,75.01467780628985,9,19,40.15815832917616,0.545430801428059,1.790771975094685,2.877870565003832,0.0,0,196.36198023900212
20261126,B_connection_transition,Risk-Adaptive-Residual-CVaR-MILP,551.7915026928893,8.037348494662236,43.97562096848937,603.8044721560408,551.7915026928893,8.037348494662236,559.8288511875514,603.8044721560408,353.5317052102191,123.21694874469344,32.340107564869776,55.0,20.552895215973354,0.4397562096848937,0.0138888888888888,0.0277777777777777,100.0,7.037104049601396,247.95232657469768,11.292937200718807,58.118953968732114,0.0,66.93365136370545,66.93365136370545,75.01467780628985,6,11,40.354895877083,0.5254055151117225,1.625693202103139,2.652242735013715,0.0,0,189.15298992599128
20261126,B_connection_transition,Full-Risk-SOC-Supervisory-MILP,555.9949153767143,4.283361231741364,43.97562096848935,604.253897576945,555.9949153767143,4.283361231741364,560.2782766084556,604.253897576945,354.4002139895365,127.51547915536378,33.42497884744611,50.0,23.55201331568039,0.4397562096848935,0.0138888888888888,0.0277777777777777,100.0,2.7318786147078384,51.03703748042008,2.7318786147078384,58.11895396873206,0.0,70.7080391928428,70.7080391928428,75.01467780628985,6,10,41.762711513765424,0.4942080439745445,1.5895084403506194,2.570566238995525,0.0805555555555555,1,177.92229394799506
20261126,C_tripping_impact,Rule-Based,503.9937488621025,24.57727281705277,1102.7728788955312,1631.3439005746864,503.9937488621025,24.57727281705277,528.5710216791553,1631.3439005746864,172.39456762598448,100.37457420885788,26.887651627756583,175.0,32.41967298825411,11.027728788955312,0.0694444444444444,0.1388888888888889,100.0,,,,681.789843908781,0.0,27.571392117100423,27.571392117100423,52.28222699667731,11,35,22.67497911344681,3.26051922456827e-05,3.506095381453633e-05,6.65640109218657e-05,0.0,0,0.0135429880028823
20261126,C_tripping_impact,Persistence-MILP,459.32883483040223,37.03986939206892,2003.3036366887447,2499.672340911216,459.32883483040223,37.03986939206892,496.3687042224712,2499.672340911216,181.89428966076977,66.22879597566849,17.641181466871956,190.0,51.984820644067845,20.033036366887448,0.1375,0.275,100.0,,,,681.789843908781,0.0,15.041069146427793,15.041069146427793,52.28222699667731,12,38,25.870623427995504,0.0100152040387911,0.0346891804518236,0.0661265389935579,0.0,0,3.609882150994963
20261126,C_tripping_impact,Point-Forecast-MILP,467.2138878820188,37.048153893205125,1422.6926294636796,1926.9546712389035,467.2138878820188,37.048153893205125,504.2620417752239,1926.9546712389035,183.57302512465876,70.11864778825506,18.621883565876598,190.0,47.56596509172438,14.226926294636796,0.1125,0.225,100.0,,,,681.789843908781,0.0,15.032739624224073,15.032739624224073,52.28222699667731,11,38,26.16367454785637,0.0133103292162155,0.0372650088414957,0.1055255050014238,0.0,0,4.79596621300152
20261126,C_tripping_impact,Fixed-Reserve-MILP,457.91834586500266,36.74487792839509,1186.8234451877345,1681.486668981132,457.91834586500266,36.74487792839509,494.6632237933978,1681.486668981132,183.23967825606283,73.22506917948745,19.41039832612213,175.0,47.7487332934884,11.868234451877342,0.0847222222222222,0.1694444444444444,100.0,,,,681.789843908781,0.0,15.337663703683576,15.337663703683576,52.28222699667731,11,35,25.905095228592263,0.0141427029469519,0.0430502596063888,0.1150528860016493,0.0,0,5.095870700999512
20261126,C_tripping_impact,Residual-CVaR-MILP,510.1568082100476,26.46542447576749,1132.8502991165087,1669.4725318023238,510.1568082100476,26.46542447576749,536.6222326858151,1669.4725318023238,173.10767873695983,97.43352371300868,26.07654064829846,185.0,44.01820454069624,11.328502991165088,0.0736111111111111,0.1472222222222222,100.0,52.592306771376094,776.0756584270691,52.592306771376094,681.789843908781,0.0,25.67297953839781,25.67297953839781,52.28222699667731,9,37,22.347138466286403,0.6259818039443619,1.683629972293421,3.151612293004291,0.0,0,225.3607027699909
20261126,C_tripping_impact,Risk-Adaptive-Residual-CVaR-MILP,518.1254154842985,23.35986185264448,1132.8502991165087,1674.3355764534515,518.1254154842985,23.35986185264448,541.485277336943,1674.3355764534515,172.1276461567301,102.42579728755,27.28459529254272,185.0,41.38111846222086,11.328502991165088,0.0736111111111111,0.1472222222222222,100.0,51.89133064565687,776.0756584270691,102.71110693015376,681.789843908781,0.0,28.795418946521732,28.795418946521732,52.28222699667731,9,37,23.492155341181192,0.6182070865557762,1.682964905744302,3.208689539009356,0.0,0,222.5626086879929
20261126,C_tripping_impact,Full-Risk-SOC-Supervisory-MILP,519.5484233864722,14.10679881424626,1163.0903635985885,1696.7455857993068,519.5484233864722,14.10679881424626,533.6552222007185,1696.7455857993068,183.4169545523093,103.67148325620512,27.550900134108403,175.0,50.75121628556555,11.630903635985884,0.0763888888888889,0.1527777777777778,100.0,1.913370716824044,66.68508623826452,1.913370716824044,681.789843908781,0.0,38.09876657887281,38.09876657887281,52.28222699667731,9,35,23.777863132157144,0.3035462238223974,1.4330728922948768,2.2080850810016277,0.5805555555555556,9,109.28222496900707
20261127,A_stable_drilling,Rule-Based,490.85112591862224,0.0,0.0,490.85112591862224,490.85112591862224,0.0,490.85112591862224,490.85112591862224,504.52048479995335,48.18748685693845,12.938923030796506,30.0,35.90158515761086,0.0,0.0,0.0,100.0,,,,0.0,0.0,21.63867529439097,40.815544027378046,21.539468945184627,5,6,29.382613937157583,3.423677226237487e-05,3.659829671960325e-05,4.95939893880859e-05,0.0,0,0.0142561049869982
20261127,A_stable_drilling,Persistence-MILP,479.4914139608375,6.02798576189632,11.265671336554169,496.785071059288,479.4914139608375,6.02798576189632,485.51939972273385,496.785071059288,471.45168212870016,46.13141962529447,12.420188359598908,50.0,9.392933250426015,0.1126567133655416,0.0041666666666666,0.0083333333333333,100.0,,,,38.73844202390069,0.0,15.25188184157754,15.478724861516078,21.539468945184627,4,10,28.12891440566736,0.0177398748003017,0.0868955909063515,0.1037076229986269,0.0,0,6.39078712000628
20261127,A_stable_drilling,Point-Forecast-MILP,469.5926721803161,5.423662024287232,1.3051818301702234,476.3215160347736,469.5926721803161,5.423662024287232,475.01633420460337,476.3215160347736,472.16473775251154,46.36333884657376,12.351194394081686,40.0,10.140536045836692,0.0130518183017022,0.0013888888888888,0.0027777777777777,100.0,,,,9.397309177225608,0.0,15.580408830540854,16.086332719598097,21.539468945184627,4,8,28.270328564983988,0.0204054213942274,0.0828791782580083,0.0943519239954184,0.0,0,7.3504729790001875
20261127,A_stable_drilling,Fixed-Reserve-MILP,472.7622840486781,4.316155495705994,4.570604049712135,481.6490435940962,472.7622840486781,4.316155495705994,477.0784395443841,481.6490435940962,471.50427908565206,48.49932405528163,12.824998690628176,40.0,10.709109330283075,0.0457060404971213,0.0041666666666666,0.0083333333333333,100.0,,,,22.742664354865557,0.0,15.628118534869747,17.19985785151736,21.539468945184627,3,8,29.57275857029369,0.0222416325163875,0.0844041704986011,0.1260889859986491,0.0,0,8.011579243000597
20261127,A_stable_drilling,Residual-CVaR-MILP,521.2375720659129,0.0,0.0,521.2375720659129,521.2375720659129,0.0,521.2375720659129,521.2375720659129,463.13377922422745,65.73654178557275,17.442309229372274,60.0,9.322918268327006,0.0,0.0,0.0,100.0,0.9701106089933418,60.658238394861314,0.9701106089933418,0.0,0.0,20.703802745536212,23.89440816098053,21.539468945184627,7,12,33.31243671566187,0.5546766071171684,2.0925066533985963,3.3445905380067416,0.0,0,199.69008987699635
20261127,A_stable_drilling,Risk-Adaptive-Residual-CVaR-MILP,481.1372101290801,0.0,0.0,481.1372101290801,481.1372101290801,0.0,481.1372101290801,481.1372101290801,463.6106485041012,65.55301945662615,17.377890051022117,20.0,9.616265219254116,0.0,0.0,0.0,100.0,0.6823968667366878,35.2983565528456,0.6823968667366878,0.0,0.0,21.033367815281917,24.103941697357044,21.539468945184627,4,4,33.21943553545245,0.5716999359190393,2.146389268548228,2.6697527119977167,0.0,0,205.81890810999903
20261127,A_stable_drilling,Full-Risk-SOC-Supervisory-MILP,570.2354819823562,0.0,0.0,570.2354819823562,570.2354819823562,0.0,570.2354819823562,570.2354819823562,486.2114299716405,81.01960075422434,21.693061993854396,55.0,47.47174593897027,0.0,0.0,0.0,100.0,1.068945438242522,35.07374717784559,1.068945438242522,0.0,0.0,21.63867529439097,51.30309020962517,21.539468945184627,11,11,32.8457840895504,0.5002328620307203,2.184129024046706,2.798665207999875,0.4138888888888888,2,180.09001723500842
20261127,B_connection_transition,Rule-Based,650.8898830802282,28.15121829841543,491.9144029589139,1170.9555043375576,650.8898830802282,28.15121829841543,679.0411013786436,1170.9555043375576,275.7760164434775,150.64043964862637,39.944106957576345,150.0,35.93936277698683,4.919144029589139,0.0930555555555555,0.1861111111111111,100.0,,,,151.07951300160357,0.0,17.336049342221095,17.336049342221095,45.64025185521929,9,30,32.00575913214441,3.26491139276186e-05,3.45089501934126e-05,4.2391999159008265e-05,0.0,0,0.0135731330083217
20261127,B_connection_transition,Persistence-MILP,711.215690984332,30.45022682110869,1599.8497171855672,2341.515634991008,711.215690984332,30.45022682110869,741.6659178054407,2341.515634991008,270.84521611732464,141.75134040562307,37.65927109288843,230.0,42.37296751678956,15.998497171855671,0.1527777777777778,0.3055555555555556,100.0,,,,323.6575554939938,0.0,15.024547150179863,15.024547150179863,45.64025185521929,16,46,30.462322436738475,0.0248185766942899,0.0839456044930557,0.093160741002066,0.0,0,8.939286769993487
20261127,B_connection_transition,Point-Forecast-MILP,631.2126453972289,30.31674068794085,994.0440374557649,1655.5734235409343,631.2126453972289,30.31674068794085,661.5293860851698,1655.5734235409343,275.9592154291785,142.87724216433588,37.839720486110856,145.0,42.44277420082239,9.940440374557648,0.1125,0.225,100.0,,,,282.3384222738292,0.0,15.158758696756946,15.158758696756946,45.64025185521929,7,29,31.70353006605086,0.0225015387834799,0.0643274806934641,0.1002619330101879,0.0,0,8.10518111899728
20261127,B_connection_transition,Fixed-Reserve-MILP,634.1715707390863,30.20799065518712,899.215820710855,1563.5953821051285,634.1715707390863,30.20799065518712,664.3795613942734,1563.5953821051285,274.7110266359675,145.1376703860845,38.38419463651164,145.0,40.85686578261192,8.99215820710855,0.1069444444444444,0.2138888888888888,100.0,,,,270.0539642391108,0.0,15.268099717729028,15.268099717729028,45.64025185521929,7,29,32.1101040677178,0.0223264808837686,0.0574779920461878,0.1067925570096122,0.0,0,8.042072747004568
20261127,B_connection_transition,Residual-CVaR-MILP,713.5534375211416,27.568827233355144,495.9871448322244,1237.109409586721,713.5534375211416,27.568827233355144,741.1222647544968,1237.109409586721,268.02513157967456,159.74256210540463,42.12707547005102,200.0,47.92411595512508,4.959871448322244,0.0958333333333333,0.1916666666666666,100.0,53.31885536001375,424.8011806807172,53.31885536001375,151.07951300160357,0.0,17.92160533743552,17.92160533743552,45.64025185521929,8,40,33.279700438625966,0.7575040047888858,2.1458665442427445,3.463888792000944,0.0,0,272.70981626999856
20261127,B_connection_transition,Risk-Adaptive-Residual-CVaR-MILP,676.8754153956736,26.003910732182884,495.9871448322244,1198.866470960081,676.8754153956736,26.003910732182884,702.8793261278565,1198.866470960081,268.17265868790963,161.62744304711083,42.5784681374075,160.0,46.80228877839478,4.959871448322244,0.0958333333333333,0.1916666666666666,100.0,51.75411947349191,424.8011806807172,101.55421518150358,151.07951300160357,0.0,19.4950261782524,19.4950261782524,45.64025185521929,8,32,33.67238396814809,0.7613311205135284,2.1920410937520503,3.405564646003768,0.0,0,274.0878671529936
20261127,B_connection_transition,Full-Risk-SOC-Supervisory-MILP,665.3109717622549,19.878511955813934,495.9871448322245,1181.1766285502931,665.3109717622549,19.878511955813934,685.1894837180688,1181.1766285502931,278.9043752754931,159.47979773452235,41.86241991638909,145.0,54.68121056163026,4.959871448322246,0.0958333333333333,0.1916666666666666,100.0,3.209690544506286,65.99104906729293,3.209690544506286,151.07951300160363,0.0,25.653712655028315,25.653712655028315,45.64025185521929,7,29,35.81133182661429,0.4634171034913177,2.1341089321038456,3.4532985370024107,0.5777777777777777,1,166.8366382210079
20261127,C_tripping_impact,Rule-Based,491.973203273497,20.55831415528476,608.7697223969511,1121.3012398257329,491.973203273497,20.55831415528476,512.5315174287817,1121.3012398257329,207.3780258004912,94.35270949136849,25.314176315869084,150.0,31.93564616776636,6.087697223969512,0.05,0.1,100.0,,,,403.2386233300769,0.0,34.741044158422696,34.741044158422696,55.41107985665641,14,30,22.97549744107998,3.318291326447959e-05,3.51890892488882e-05,4.344199260231108e-05,0.0,0,0.013837106002029
20261127,C_tripping_impact,Persistence-MILP,425.02703262582565,39.97527991209245,1347.5638948219669,1812.566207359885,425.02703262582565,39.97527991209245,465.0023125379181,1812.566207359885,211.2914424362848,58.2201633593865,15.588203372157466,150.0,53.391895612313576,13.475638948219668,0.1041666666666666,0.2083333333333333,100.0,,,,470.05148356990514,0.0,15.218559371340824,15.218559371340824,55.41107985665641,14,30,26.95377933304931,0.0102783064859573,0.0309032522411143,0.0574870769924018,0.0,0,3.7044704700092552
20261127,C_tripping_impact,Point-Forecast-MILP,432.4774286358234,39.362481097344826,854.8653321776201,1326.7052419107883,432.4774286358234,39.362481097344826,471.8399097331682,1326.7052419107883,213.356991185975,61.76236660230645,16.439636398146728,150.0,50.70676790951097,8.5486533217762,0.0680555555555555,0.1361111111111111,100.0,,,,403.2386233300769,0.0,15.834688363289942,15.834688363289942,55.41107985665641,15,30,24.904180081575184,0.0125661549058956,0.0416329529449285,0.0878313619905384,0.0,0,4.528208121992066
20261127,C_tripping_impact,Fixed-Reserve-MILP,434.4458791266508,38.09916252288733,854.8653321776201,1327.4103738271583,434.4458791266508,38.09916252288733,472.5450416495381,1327.4103738271583,214.06373700745172,62.6687440117635,16.66403069541547,150.0,49.26279031677234,8.5486533217762,0.0680555555555555,0.1361111111111111,100.0,,,,403.2386233300769,0.0,17.104872281827127,17.104872281827127,55.41107985665641,15,30,25.000828728097137,0.0127861131944276,0.0457952736025618,0.078925886991783,0.0,0,4.607517875992926
20261127,C_tripping_impact,Residual-CVaR-MILP,521.0405521880887,21.358182723879164,627.726357328907,1170.125092240875,521.0405521880887,21.358182723879164,542.3987349119678,1170.125092240875,204.565756102722,96.29356574550316,25.97210001853285,175.0,39.47449846544042,6.27726357328907,0.0541666666666666,0.1083333333333333,100.0,37.32479640837028,717.185259125431,37.32479640837028,403.2386233300769,0.0,33.936828805847625,33.936828805847625,55.41107985665641,13,35,22.71074663809037,0.5131627954167925,1.6104156882007377,2.52957553199667,0.0,0,184.74679844699855
20261127,C_tripping_impact,Risk-Adaptive-Residual-CVaR-MILP,517.1511742055774,18.741906172113936,627.726357328907,1163.6194377065983,517.1511742055774,18.741906172113936,535.8930803776913,1163.6194377065983,204.2251658657121,100.03021878755182,26.857316549804302,165.0,37.56424414597708,6.27726357328907,0.0541666666666666,0.1083333333333333,100.0,36.95382705571649,717.185259125431,73.20053195484765,403.2386233300769,0.0,36.56732317970354,36.56732317970354,55.41107985665641,13,33,23.59203273291316,0.5049579841692321,1.6065125647008245,2.607312516993261,0.0,0,181.79391704399316
20261127,C_tripping_impact,Full-Risk-SOC-Supervisory-MILP,531.8075319407646,4.988775587254406,629.4172839391205,1166.2135914671394,531.8075319407646,4.988775587254406,536.796307528019,1166.2135914671394,219.38719128381376,103.9688232684061,27.749025079229583,160.0,52.211323191595056,6.294172839391205,0.0527777777777777,0.1055555555555555,100.0,0.9409400778103472,37.709655445690814,0.9409400778103472,403.2386233300769,0.0,50.39519340312064,50.39519340312064,55.41107985665641,13,32,24.52094888405804,0.2884662022973417,1.1007386214077997,2.5903699100017548,0.45,9,103.85472148499684
20261128,A_stable_drilling,Rule-Based,510.4103114849192,0.0,0.0,510.4103114849192,510.4103114849192,0.0,510.4103114849192,510.4103114849192,510.0530956158958,62.05753105953034,16.50711319472529,20.0,28.34994714371166,0.0,0.0,0.0,100.0,,,,0.0,0.0,24.753814227005797,40.37638156529937,24.71610827763396,4,4,32.32163076017205,3.310480557653742e-05,3.520184400258586e-05,4.015000013168901e-05,0.0,0,0.0137346499977866
20261128,A_stable_drilling,Persistence-MILP,499.30518048561447,8.729248501324712,0.0,508.0344289869392,499.30518048561447,8.729248501324712,508.0344289869392,508.0344289869392,487.8286764531822,51.00484719336651,13.451085490014586,50.0,12.375678941687598,0.0,0.0,0.0,100.0,,,,0.0,0.0,15.939421785820995,15.939421785820995,24.71610827763396,3,10,31.878029495854065,0.017650955272418,0.0721758587460499,0.112650000010035,0.0,0,6.358562305002124
20261128,A_stable_drilling,Point-Forecast-MILP,484.8039382756552,8.368247702965016,0.0,493.1721859786202,484.8039382756552,8.368247702965016,493.1721859786202,493.1721859786202,488.0399612696877,51.223969736449625,13.517748622394008,35.0,11.36689415121532,0.0,0.0,0.0,100.0,,,,0.0,0.0,16.302384397094624,16.302384397094624,24.71610827763396,2,7,32.01498108528102,0.0178705950971763,0.076180330794159,0.0942761469923425,0.0,0,6.437913667992689
20261128,A_stable_drilling,Fixed-Reserve-MILP,469.0554138434262,6.797821911929517,0.0,475.8532357553557,469.0554138434262,6.797821911929517,475.8532357553557,475.8532357553557,487.3757652409643,53.89566234989379,14.18255660505285,15.0,9.615408561452137,0.0,0.0,0.0,100.0,,,,0.0,0.0,17.84635315321757,17.881344467309635,24.71610827763396,2,3,33.684788968683606,0.0162224824059699,0.070832769095432,0.0983746489946497,0.0,0,5.844480387007934
20261128,A_stable_drilling,Residual-CVaR-MILP,584.4610687205252,0.0,0.0,584.4610687205252,584.4610687205252,0.0,584.4610687205252,584.4610687205252,476.5617177571975,77.89283386574267,20.61043693523787,90.0,8.809555790560347,0.0,0.0,0.0,100.0,1.7703354261539748,85.3520155419625,1.7703354261539748,0.0,0.0,24.71610827763396,27.83760252674693,24.71610827763396,7,18,31.074268829418617,0.5322556094307704,2.018151359992044,3.186028694995912,0.0,0,191.6185068279883
20261128,A_stable_drilling,Risk-Adaptive-Residual-CVaR-MILP,529.7415134678724,0.0,0.0,529.7415134678724,529.7415134678724,0.0,529.7415134678724,529.7415134678724,476.88765522687504,77.89283386574267,20.61043693523787,35.0,9.13549326023782,0.0,0.0,0.0,100.0,1.182490792529592,46.5249224154787,1.182490792529592,0.0,0.0,24.71610827763396,28.070415005087984,24.71610827763396,7,7,31.074268829418617,0.5442203277057464,2.0350262610547363,3.2146448750136187,0.0,0,195.9260323119961
20261128,A_stable_drilling,Full-Risk-SOC-Supervisory-MILP,583.8599676269166,0.0,0.0,583.8599676269166,583.8599676269166,0.0,583.8599676269166,583.8599676269166,500.4218187653704,86.57701877775588,22.97796067909547,50.0,40.08727958208181,0.0,0.0,0.0,100.0,1.799874685405099,46.5249224154787,1.799874685405099,0.0,0.0,24.753814227005797,51.13238918819552,24.71610827763396,10,10,34.72340325311066,0.4561560130555638,2.123896699109901,3.2237903640052537,0.3833333333333333,2,164.22213114499755
20261128,B_connection_transition,Rule-Based,544.2178281584377,1.594381542023427,0.0,545.812209700461,544.2178281584377,1.594381542023427,545.812209700461,545.812209700461,431.0078257999327,74.97815889722457,20.06434057038396,85.0,16.9102615776057,0.0,0.0,0.0,100.0,,,,0.0,0.0,70.55103430246396,73.45950196852486,75.06254797420901,14,17,26.0340829504252,3.153401109254143e-05,3.300540338386782e-05,4.2463987483643e-05,0.0,0,0.013161744995159
20261128,B_connection_transition,Persistence-MILP,449.8312974917104,12.33562380627194,0.0,462.1669212979824,449.8312974917104,12.33562380627194,462.1669212979824,462.1669212979824,437.46678572952953,54.123637126239366,14.220872292360502,30.0,15.916093647370548,0.0,0.0,0.0,100.0,,,,0.0,0.0,62.65988778963948,62.65988778963948,75.06254797420901,4,6,35.60765600410484,0.0076831718834404,0.0182509928403305,0.0808840279933065,0.0,0,2.770227908011293
20261128,B_connection_transition,Point-Forecast-MILP,438.4754236579554,11.091715769842258,0.1646064351804928,449.7317458629781,438.4754236579554,11.091715769842258,449.56713942779766,449.7317458629781,441.115899588321,52.16096281481522,13.68394158312054,20.0,16.440658796789304,0.0016460643518049,0.0013888888888888,0.0027777777777777,100.0,,,,1.1851663332995486,0.0,63.91055568604925,63.91055568604925,75.06254797420901,4,4,39.51588092031456,0.0099955861084809,0.0322807903881766,0.0572780799993779,0.0,0,3.60252186699654
20261128,B_connection_transition,Fixed-Reserve-MILP,439.7413740408526,10.822288617143196,0.1646064351804928,450.72826909317627,439.7413740408526,10.822288617143196,450.5636626579958,450.72826909317627,440.546592359392,53.06167319048273,13.91774839047373,20.0,15.88632156919069,0.0016460643518049,0.0013888888888888,0.0027777777777777,100.0,,,,1.1851663332995486,0.0,64.18144700633445,64.18144700633445,75.06254797420901,4,4,40.19823726551721,0.01009668340533,0.032189629090135,0.0784613059950061,0.0,0,3.639251971995691
20261128,B_connection_transition,Residual-CVaR-MILP,524.3442817190233,2.5061558430966304,0.0,526.85043756212,524.3442817190233,2.5061558430966304,526.85043756212,526.85043756212,428.53710359613865,76.23871916869692,20.31231471999873,65.0,17.05632997830749,0.0,0.0,0.0,100.0,3.422971824277588,111.7390638121812,3.422971824277588,0.0,0.0,72.50696194457808,72.54277274600393,75.06254797420901,11,13,27.62272433648439,0.4311040333525145,1.1853445687032949,2.675269635001314,0.0,0,155.20499416301027
20261128,B_connection_transition,Risk-Adaptive-Residual-CVaR-MILP,512.7725744720319,1.548825198855841,0.0,514.3213996708878,512.7725744720319,1.548825198855841,514.3213996708878,514.3213996708878,431.8281446567832,74.32253225543883,19.75340741922752,55.0,18.936727733536028,0.0,0.0,0.0,100.0,1.9028406160065032,55.87078274554576,1.9028406160065032,0.0,0.0,73.50530588184394,73.50530588184394,75.06254797420901,10,11,28.585589329014937,0.4245956775252529,1.2532816910919793,2.450185980007518,0.0,0,152.86220215000503
20261128,B_connection_transition,Full-Risk-SOC-Supervisory-MILP,518.9866750615022,0.0,0.0,518.9866750615022,518.9866750615022,0.0,518.9866750615022,518.9866750615022,430.6296243481341,78.23270544596103,20.71249656737216,55.0,18.085999524586047,0.0,0.0,0.0,100.0,1.8886557927768184,55.87078274554576,1.8886557927768184,0.0,0.0,74.46863619095045,75.57964921707791,75.06254797420901,10,11,30.089502094600395,0.4352444824082744,1.3443550804950068,2.8267792660044506,0.0,0,156.69612970699382
20261128,C_tripping_impact,Rule-Based,388.9043783044773,1.7904247649097536,20.95906021751261,411.6538632868997,388.9043783044773,1.7904247649097536,390.69480306938704,411.6538632868997,253.99096050637783,58.28866427689437,15.814647682628324,85.0,32.353283780142576,0.2095906021751261,0.0069444444444444,0.0138888888888888,100.0,,,,75.84914621657595,0.0,55.93822181965019,55.98847682320308,57.788631423728674,15,17,20.428270190500363,3.203328900175014e-05,3.4005344787146896e-05,4.381200415082276e-05,0.0,0,0.0133519679948221
20261128,C_tripping_impact,Persistence-MILP,325.77953926207283,24.02838572067154,353.79017037461824,703.5980953573626,325.77953926207283,24.02838572067154,349.8079249827444,703.5980953573626,243.820396995081,35.53587781208767,9.654489132300004,75.0,34.36510156394913,3.5379017037461824,0.0319444444444444,0.0638888888888888,100.0,,,,234.86640431183991,0.0,33.44271145566045,33.629666497631575,57.788631423728674,12,15,23.585759609792703,0.0085952351143835,0.0263875797456421,0.0583395860012387,0.0,0,3.098665174999041
20261128,C_tripping_impact,Point-Forecast-MILP,304.55729354341696,23.099130695361247,81.01099362747458,408.6674178662528,304.55729354341696,23.099130695361247,327.6564242387782,408.6674178662528,253.2717353207992,29.94667496915361,7.971214545071344,60.0,32.28407926735413,0.8101099362747457,0.0194444444444444,0.0388888888888888,100.0,,,,99.02550080816536,0.0,34.563971441161655,34.563971441161655,57.788631423728674,8,12,22.23762992758931,0.0100023380670285,0.032096605492552,0.0599236139969434,0.0,0,3.605172928000684
20261128,C_tripping_impact,Fixed-Reserve-MILP,307.9848710804039,22.576492403786443,70.33090335957908,400.8922668437695,307.9848710804039,22.576492403786443,330.56136348419034,400.8922668437695,252.22394574898968,31.777808444649256,8.535836259054896,60.0,31.86601652510816,0.7033090335957909,0.0152777777777777,0.0305555555555555,100.0,,,,99.02550080816536,0.0,35.089449944044546,35.089449944044546,57.788631423728674,9,12,22.06792253100642,0.0103809076782151,0.0308097215507587,0.0854370500019285,0.0,0,3.741538754009525
20261128,C_tripping_impact,Residual-CVaR-MILP,407.2091517062077,7.946763557816465,85.4474608980483,500.6033761620725,407.2091517062077,7.946763557816465,415.15591526402415,500.6033761620725,240.8869195074568,62.14459422731316,16.97880481759225,105.0,24.9068385545393,0.8544746089804831,0.0138888888888888,0.0277777777777777,100.0,5.391903189865484,164.45626047305134,5.391903189865484,153.8939059524164,0.0,48.470551666295286,49.79868219030556,57.788631423728674,14,21,21.779647509572367,0.5101773973304565,1.5193753655985358,4.602637896998203,0.0,0,183.67277161699892
20261128,C_tripping_impact,Risk-Adaptive-Residual-CVaR-MILP,410.1808045093263,6.5893845715706085,99.12569114976534,515.8958802306622,410.1808045093263,6.5893845715706085,416.7701890808969,515.8958802306622,240.6875484902234,63.98015182659174,17.409431062153033,105.0,24.13079938007705,0.9912569114976534,0.0152777777777777,0.0305555555555555,100.0,5.070763171025381,164.45626047305134,9.613483478664032,153.8939059524164,0.0,49.71546839835656,51.163437679973065,57.788631423728674,14,21,22.422950406515792,0.4935240238944566,1.5282648184969732,4.631834296989837,0.0,0,177.6781983589899
20261128,C_tripping_impact,Full-Risk-SOC-Supervisory-MILP,435.18456427609,0.0,85.44746089804829,520.6320251741383,435.18456427609,0.0,435.18456427609,520.6320251741383,266.35578097884894,68.51918233756336,18.474735290481178,100.0,49.32162597054917,0.8544746089804829,0.0138888888888888,0.0277777777777777,100.0,0.5664282494662537,23.69608510492554,0.5664282494662537,153.8939059524164,0.0,57.995887168224456,72.83062562363106,57.788631423728674,14,20,24.013732127650712,0.3991524044058072,1.409343777662435,4.643189280002844,0.1694444444444444,4,143.70337144599762
20261129,A_stable_drilling,Rule-Based,456.57297678013913,0.0,0.0,456.57297678013913,456.57297678013913,0.0,456.57297678013913,456.57297678013913,562.0753152117819,20.221880642880173,5.437694407236095,10.0,43.1860861102552,0.0,0.0,0.0,100.0,,,,0.0,0.0,15.270471518725442,41.86984653893825,15.171265169519094,4,2,33.70313440480029,3.249350847909227e-05,3.4359899291303006e-05,5.5706012062728405e-05,0.0,0,0.0135169849963858
20261129,A_stable_drilling,Persistence-MILP,436.4176219064966,0.0,245.8045168065992,682.2221387130958,436.4176219064966,0.0,436.4176219064966,682.2221387130958,520.5655500471054,22.05922182141327,6.191102687595764,20.0,1.0771390487569938,2.458045168065992,0.0083333333333333,0.0166666666666666,100.0,,,,351.7540655270881,0.0,15.000031861649347,15.476995979818389,15.171265169519094,6,4,36.76536970235545,0.0064503178301998,0.0243668157432694,0.0783488189917989,0.0,0,2.326294599988614
20261129,A_stable_drilling,Point-Forecast-MILP,440.30745424137984,0.0,245.80442105433943,686.1118752957193,440.30745424137984,0.0,440.30745424137984,686.1118752957193,520.7686105975005,21.65653757213953,6.025979464336066,25.0,0.970453834200692,2.4580442105433944,0.0083333333333333,0.0166666666666666,100.0,,,,351.753914793586,0.0,15.000045933731206,15.33082102913213,15.171265169519094,7,5,36.09422928689921,0.0066658199661307,0.0272830009977042,0.0887194730021292,0.0,0,2.4040018249943387
20261129,A_stable_drilling,Fixed-Reserve-MILP,436.19943771840974,0.0,245.80398053618765,682.0034182545974,436.19943771840974,0.0,436.19943771840974,682.0034182545974,520.4002510469933,22.025663297406645,6.1835520196942735,20.0,0.7829948042829974,2.4580398053618766,0.0083333333333333,0.0166666666666666,100.0,,,,351.7532213285553,0.0,15.0000493818904,15.338627329899722,15.171265169519094,6,4,36.70943882901108,0.0067895550719792,0.0282192825026868,0.0786609890055842,0.0,0,2.4485260490037035
20261129,A_stable_drilling,Residual-CVaR-MILP,541.8109718653815,0.0,1.3938120751482883,543.2047839405298,541.8109718653815,0.0,541.8109718653815,543.2047839405298,496.62758479865954,49.76322349511967,13.690323345333177,85.0,8.779298965300141,0.0139381207514828,0.0013888888888888,0.0027777777777777,100.0,0.8242914794480944,73.17792422576818,0.8242914794480944,10.035446941067676,0.0,15.096362935903468,16.175060898567637,15.171265169519094,18,17,21.20591910303395,0.3548142418863588,1.3849098319406046,2.880714783997973,0.0,0,127.7396565730014
20261129,A_stable_drilling,Risk-Adaptive-Residual-CVaR-MILP,514.0005222564307,0.0,0.0,514.0005222564307,514.0005222564307,0.0,514.0005222564307,514.0005222564307,503.3513500403756,44.08310374462712,12.030473492048964,65.0,7.8572547575314,0.0,0.0,0.0,100.0,0.5891515422695177,36.66734552787458,0.5891515422695177,0.0,0.0,15.107492346587817,16.985871180554398,15.171265169519094,13,13,21.609364580699573,0.3444867213804779,1.358085975646827,2.7375524530070834,0.0,0,124.02148331499484
20261129,A_stable_drilling,Full-Risk-SOC-Supervisory-MILP,686.0013977516461,0.0,0.0,686.0013977516461,686.0013977516461,0.0,686.0013977516461,686.0013977516461,431.225135168787,118.3380515005919,31.27571664749263,140.0,33.869374954438705,0.0,0.0,0.0,100.0,,,,0.0,0.0,15.270471518725442,17.584894763192622,15.171265169519094,30,28,40.15997222870765,0.0069430274278096,0.0287292939574399,0.0525503499957267,1.0,1,2.503601060991059
20261129,B_connection_transition,Rule-Based,754.7047657416001,53.12826551692567,3650.2357195157074,4458.068750774233,754.7047657416001,53.12826551692567,807.8330312585258,4458.068750774233,266.14749139431945,151.88742026212728,41.13924647338628,245.0,80.5505707826242,36.502357195157074,0.2722222222222222,0.5444444444444444,100.0,,,,440.03901747465886,0.0,15.026158589894356,15.026158589894356,68.44314290705428,11,49,35.05094313741399,3.307759175691495e-05,3.513959454721772e-05,4.404100764077157e-05,0.0,0,0.0137946750037372
20261129,B_connection_transition,Persistence-MILP,723.5002121482505,53.13449442190953,4797.038740500292,5573.673447070452,723.5002121482505,53.13449442190953,776.63470657016,5573.673447070452,262.21643050499705,143.6838284913146,38.94124318100931,235.0,67.70520432778748,47.97038740500293,0.2777777777777778,0.5555555555555556,100.0,,,,450.01182028424745,0.0,15.001501448993915,15.019895834718772,68.44314290705428,11,47,37.159610816719294,0.0084021666974472,0.0231987088001915,0.0510307500080671,0.0,0,3.0291044260084163
20261129,B_connection_transition,Point-Forecast-MILP,714.4241791726981,53.06336305275208,4555.067157128686,5322.554699354136,714.4241791726981,53.06336305275208,767.4875422254502,5322.554699354136,265.0619300418096,143.42742392445322,38.76587424695565,225.0,69.1566711371878,45.550671571286856,0.2722222222222222,0.5444444444444444,100.0,,,,449.51429578444566,0.0,15.002731547686054,15.091413758252935,68.44314290705428,9,45,38.01080139340633,0.0107470270697376,0.0370512356414111,0.0901521000050706,0.0,0,3.873306665002019
20261129,B_connection_transition,Fixed-Reserve-MILP,718.8957922050263,53.10135581294567,4380.953080536682,5152.950228554654,718.8957922050263,53.10135581294567,771.997148017972,5152.950228554654,264.6398718291704,145.6773164854373,39.34843444028815,225.0,71.83835305751292,43.80953080536682,0.2722222222222222,0.5444444444444444,100.0,,,,448.90516077424985,0.0,15.00423759649305,15.053214531237316,68.44314290705428,9,45,37.93680116808263,0.0105149665194605,0.0358949438588752,0.1317413289943942,0.0,0,3.789742583991029
20261129,B_connection_transition,Residual-CVaR-MILP,762.5622001554996,53.038731195984944,3838.282921316877,4653.883852668361,762.5622001554996,53.038731195984944,815.6009313514845,4653.883852668361,263.52952670195293,152.50195571926218,41.19620137933016,255.0,75.81817202192366,38.38282921316877,0.2722222222222222,0.5444444444444444,100.0,230.2736223911986,851.8684698162942,230.2736223911986,444.10668982800007,0.0,15.016101520455791,15.11617947371212,68.44314290705428,12,51,38.771683657439546,0.3619240636329373,1.261561378902843,2.3556426650029607,0.0,0,130.29890035200515
20261129,B_connection_transition,Risk-Adaptive-Residual-CVaR-MILP,747.1383479848017,53.03570702766458,3833.601177910299,4633.775232922765,747.1383479848017,53.03570702766458,800.1740550124663,4633.775232922765,263.5336295383248,152.5528185336713,41.13769535216549,240.0,75.89836052530727,38.33601177910299,0.2722222222222222,0.5444444444444444,100.0,228.70810665028367,851.8287298706548,454.8683633531592,444.02684716153226,0.0,15.016298926532553,15.119220076490508,68.44314290705428,10,48,38.78461488144186,0.3728842511167184,1.370966301110457,2.5490558110032,0.0,0,134.2447637509904
20261129,B_connection_transition,Full-Risk-SOC-Supervisory-MILP,758.9700030004491,52.7597668744287,3008.9760122846883,3820.7057821595663,758.9700030004491,52.7597668744287,811.7297698748778,3820.7057821595663,270.75487571006187,154.79219620258874,41.70112568270516,240.0,92.40351869226456,30.089760122846883,0.2722222222222222,0.5444444444444444,100.0,2.9270762661914422,52.33221920619891,2.9270762661914422,396.843522322033,0.0,15.15325867442833,15.396659791385398,68.44314290705428,10,48,39.35394818709883,0.2568269710079928,1.3719145571005358,2.351608918994316,0.575,1,92.46310471900506
20261129,C_tripping_impact,Rule-Based,671.7089219063788,11.567091819958536,6087.8090545174655,6771.085068243803,671.7089219063788,11.567091819958536,683.2760137263374,6771.085068243803,125.81408817437854,108.9746601605823,29.34618071969565,360.0,14.873952782524004,60.87809054517466,0.3,0.6,100.0,,,,713.9221244242231,0.0,15.00000000064652,15.00000000064652,26.629951709591904,10,72,23.75901020942928,3.301830559697312e-05,3.4852201497415085e-05,4.3908003135584295e-05,0.0,0,0.0137358250067336
20261129,C_tripping_impact,Persistence-MILP,669.072631772284,11.567091820599757,6962.872366839095,7643.512090431978,669.072631772284,11.567091820599757,680.6397235928838,7643.512090431978,129.75380057706911,96.35844436001376,25.925896409820787,380.0,16.32043282442504,69.62872366839095,0.3347222222222222,0.6694444444444444,100.0,,,,721.1761974886451,0.0,15.000000000001812,15.000000000001812,26.629951709591904,12,76,25.26882282168193,0.0091776091308323,0.027507446501113,0.0622558509930968,0.0,0,3.308191475007334
20261129,C_tripping_impact,Point-Forecast-MILP,672.7583207294149,11.567091820595811,6729.51340126099,7413.838813811,672.7583207294149,11.567091820595811,684.3254125500107,7413.838813811,130.2689651970197,98.153413538047,26.377677292953265,380.0,15.86274288115102,67.29513401260989,0.3194444444444445,0.6388888888888888,100.0,,,,714.091729225834,0.0,15.000000000005778,15.000000000005778,26.629951709591904,12,76,25.384503501219054,0.0101004737506122,0.0246498821434215,0.0652670020062942,0.0,0,3.640412369000842
20261129,C_tripping_impact,Fixed-Reserve-MILP,673.1418638362616,11.567091820595282,6726.299137271036,7411.008092927893,673.1418638362616,11.567091820595282,684.7089556568568,7411.008092927893,129.98064909989407,98.49628367577763,26.447380442851685,380.0,16.300052520544376,67.26299137271036,0.3180555555555556,0.6361111111111111,100.0,,,,714.0915880076036,0.0,15.000000000006311,15.000000000006311,26.629951709591904,12,76,25.561319293021885,0.0100445832359481,0.0247736346522287,0.068124819008517,0.0,0,3.62036661899765
20261129,C_tripping_impact,Residual-CVaR-MILP,678.0397153993838,11.567091815089483,5981.085014541163,6670.691821755637,678.0397153993838,11.567091815089483,689.6068072144733,6670.691821755637,123.8922942700208,112.29277567001076,30.24389919603482,360.0,21.29525514895436,59.81085014541163,0.2666666666666666,0.5333333333333333,100.0,236.76038384132104,1175.388155414994,236.76038384132104,712.6262784160193,0.0,15.00000000554203,15.00000000554203,26.629951709591904,7,72,23.39432826458557,0.4174037998362715,1.4010353760015275,2.37365575300646,0.0,0,150.2720538769936
20261129,C_tripping_impact,Risk-Adaptive-Residual-CVaR-MILP,675.4508673176167,11.567091800172086,5869.271767707429,6556.289726825217,675.4508673176167,11.567091800172086,687.0179591177888,6556.289726825217,123.67900163375664,113.64019903192212,30.57934649325477,355.0,21.60742588362932,58.692717677074285,0.2583333333333333,0.5166666666666667,100.0,231.1055195511062,1161.0816646039618,457.1888682488472,708.6561734639431,0.0,15.000000020540494,15.000000020540494,26.629951709591904,7,71,23.67504146498377,0.4138817685336511,1.2520704154514537,2.6440625060058665,0.0,0,149.00442848900275
20261129,C_tripping_impact,Full-Risk-SOC-Supervisory-MILP,668.965601882189,11.567020454422506,4827.3262823715,5507.858904708111,668.965601882189,11.567020454422506,680.5326223366116,5507.858904708111,122.13508875172244,126.65564759076378,34.1170115746559,320.0,42.13463097218266,48.273262823714994,0.2097222222222222,0.4194444444444444,100.0,,,,675.3049084003642,0.0,15.000071754009475,15.000071754009475,26.629951709591904,12,64,26.90984013968069,0.007799725180626,0.0236505249049514,0.0455877720087301,1.0,1,2.812043797996012
20261130,A_stable_drilling,Rule-Based,496.6728627712615,0.0,0.0,496.6728627712615,496.6728627712615,0.0,496.6728627712615,496.6728627712615,538.679499900577,41.83728480945204,11.172351212644044,25.0,34.592299730425005,0.0,0.0,0.0,100.0,,,,0.0,0.0,16.552359608318636,36.51624465246508,16.453153259112284,5,5,28.787122575311034,3.250354671359269e-05,3.471474556135945e-05,5.094399966765195e-05,0.0,0,0.0135622359957778
20261130,A_stable_drilling,Persistence-MILP,480.7462741470791,1.2978995222711225,203.6625527393008,685.706726408651,480.7462741470791,1.2978995222711225,482.0441736693502,685.706726408651,511.4496089525544,36.98450540979318,10.277456225586866,40.0,2.12509343372781,2.036625527393008,0.0083333333333333,0.0166666666666666,100.0,,,,259.85708117107595,0.0,15.148200466999796,15.148200466999796,16.453153259112284,6,8,37.99777953060942,0.0103010179390872,0.0402087797054264,0.078265566000482,0.0,0,3.7126251900044736
20261130,A_stable_drilling,Point-Forecast-MILP,480.0495867412485,1.2632632215096056,203.6625527393008,684.9754027020589,480.0495867412485,1.2632632215096056,481.3128499627581,684.9754027020589,511.8824263447261,36.59531710863618,10.144591739193013,40.0,2.0738397423254518,2.036625527393008,0.0083333333333333,0.0166666666666666,100.0,,,,259.85708117107595,0.0,15.18302499433154,15.18302499433154,16.453153259112284,5,8,37.59792853627004,0.0106950661690562,0.0384804920489842,0.1124358129891334,0.0,0,3.854684282996459
20261130,A_stable_drilling,Fixed-Reserve-MILP,475.5179220116326,1.191998450709283,203.6625527393008,680.3724732016426,475.5179220116326,1.191998450709283,476.7099204623418,680.3724732016426,511.4995480206742,37.058351995477885,10.24916382379012,35.0,1.780846204128629,2.036625527393008,0.0083333333333333,0.0166666666666666,100.0,,,,259.85708117107595,0.0,15.254677044462822,15.254677044462822,16.453153259112284,5,7,38.07364931042249,0.0118630507415218,0.0521195959481701,0.1015560130035737,0.0,0,4.275174747002893
20261130,A_stable_drilling,Residual-CVaR-MILP,544.3427385457692,0.0,0.0,544.3427385457692,544.3427385457692,0.0,544.3427385457692,544.3427385457692,496.2933181487461,59.74365052041562,16.044569501864608,70.0,9.528578239744643,0.0,0.0,0.0,100.0,1.5271320783016613,166.81155330262763,1.5271320783016613,0.0,0.0,16.453153259112284,19.053190765481077,16.453153259112284,12,14,24.48510267230148,0.4953932865696616,2.190517698437907,4.033246783001232,0.0,0,178.3481538920023
20261130,A_stable_drilling,Risk-Adaptive-Residual-CVaR-MILP,543.3640386987988,0.0,0.0,543.3640386987988,543.3640386987988,0.0,543.3640386987988,543.3640386987988,495.51365261118434,61.834613172489725,16.628369431914614,65.0,10.839875354257078,0.0,0.0,0.0,100.0,0.9354332942848648,83.41279791952263,0.9354332942848648,0.0,0.0,16.453153259112284,19.989831561561385,16.453153259112284,13,13,24.6680637656209,0.4875680512667815,2.1668860418023543,3.686176171991974,0.0,0,175.53102810200653
20261130,A_stable_drilling,Full-Risk-SOC-Supervisory-MILP,688.7534090349792,0.0,0.0,688.7534090349792,688.7534090349792,0.0,688.7534090349792,688.7534090349792,430.190946721494,125.82185396938078,33.170545693518264,130.0,29.03942005983251,0.0,0.0,0.0,100.0,,,,0.0,0.0,16.439895260498,18.2822027733364,16.453153259112284,26,26,40.155910841291735,0.0101346585557621,0.0363296486524632,0.0911151449981844,1.0,1,3.652815017005196
20261130,B_connection_transition,Rule-Based,657.6829128117472,31.62025786598117,2505.6528586592567,3194.956029336985,657.6829128117472,31.62025786598117,689.3031706777284,3194.956029336985,263.32986603480555,154.56489186548106,41.27164929264607,155.0,40.46282026083377,25.056528586592567,0.1486111111111111,0.2972222222222222,100.0,,,,484.14713828730055,0.0,15.04093280418918,15.04093280418918,46.83302693896884,7,31,33.121048256888805,3.2639013402836604e-05,3.446439950494096e-05,4.275799437891692e-05,0.0,0,0.0135605600080452
20261130,B_connection_transition,Persistence-MILP,645.9005417651668,31.65907822745487,3780.537783231431,4458.097403224053,645.9005417651668,31.65907822745487,677.5596199926217,4458.097403224053,261.2784165820272,143.98089975247157,38.49716297136332,165.0,43.68733586436829,37.80537783231431,0.1680555555555555,0.3361111111111111,100.0,,,,488.532305715215,0.0,15.001901478399589,15.001901478399589,46.83302693896884,8,33,33.745523379485526,0.0132946445584416,0.0356130190441035,0.0920652979984879,0.0,0,4.790664446001756
20261130,B_connection_transition,Point-Forecast-MILP,640.3230641333853,31.65223390600612,3102.3080761635747,3774.283374202966,640.3230641333853,31.65223390600612,671.9752980393914,3774.283374202966,263.6998761918788,148.31975376437043,39.53627683881045,150.0,43.0800219912766,31.023080761635747,0.1555555555555555,0.3111111111111111,100.0,,,,487.75916774473103,0.0,15.008782994442548,15.008782994442548,46.83302693896884,4,30,33.107087893832684,0.0187646730329207,0.0494749482932093,0.1446240359946387,0.0,0,6.759863427010714
20261130,B_connection_transition,Fixed-Reserve-MILP,644.811812032088,31.648055537960087,2941.970981151577,3618.430848721625,644.811812032088,31.648055537960087,676.4598675700481,3618.430848721625,262.341066167463,151.26426921549444,40.27255932212221,150.0,42.62643456100963,29.41970981151577,0.1527777777777778,0.3055555555555556,100.0,,,,487.28717720261,0.0,15.01298406929818,15.01298406929818,46.83302693896884,4,30,33.564556778586045,0.0197092427974793,0.0536139564443147,0.1454329639964271,0.0,0,7.100064061000012
20261130,B_connection_transition,Residual-CVaR-MILP,738.9045457642864,31.54122993374241,2185.1239674849044,2955.569743182933,738.9045457642864,31.54122993374241,770.4457756980288,2955.569743182933,256.7115218949391,165.10275749854924,43.8238989171664,220.0,52.34013962217527,21.851239674849044,0.1527777777777778,0.3055555555555556,100.0,129.86664382435177,793.201850951927,129.86664382435177,475.22010357682746,0.0,15.120390203672146,15.120390203672146,46.83302693896884,5,44,34.39640781219776,0.6542992219472783,2.134039693049999,3.4579141329886625,0.0,0,235.55476305399495
20261130,B_connection_transition,Risk-Adaptive-Residual-CVaR-MILP,696.3363153769064,31.488983177217207,2065.697987886972,2793.5232864410955,696.3363153769064,31.488983177217207,727.8252985541236,2793.5232864410955,256.9002217452902,166.26478815757218,44.09642663970652,175.0,54.03183697139848,20.65697987886972,0.1527777777777778,0.3055555555555556,100.0,123.4900280528002,782.6268646309206,242.43016922126043,469.3182838556557,0.0,15.17292088854911,15.17292088854911,46.83302693896884,4,35,34.638497532827536,0.6433363603970469,1.9225486748509868,3.998861807005596,0.0,0,231.6084976419952
20261130,B_connection_transition,Full-Risk-SOC-Supervisory-MILP,714.9255265569326,26.080315328726986,1464.4466633793404,2205.452505265,714.9255265569326,26.080315328726986,741.0058418856596,2205.452505265,265.8232876313286,171.43034746195917,45.39687862689259,175.0,70.6761849316768,14.644466633793405,0.1527777777777778,0.3055555555555556,100.0,5.225484507771826,92.37588443084422,5.225484507771826,219.96778505848755,0.0,20.610981454397752,20.610981454397752,46.83302693896884,4,35,35.71465572124149,0.5466018635694733,1.9808681805501696,4.002590301010059,0.3833333333333333,3,196.78321666500412
20261130,C_tripping_impact,Rule-Based,456.7029658725706,18.91569280472224,619.1285530537233,1094.7472117310165,456.7029658725706,18.91569280472224,475.6186586772928,1094.7472117310165,258.24994721258554,76.03164409466615,20.34704932892835,115.0,37.55251438071232,6.191285530537233,0.0458333333333333,0.0916666666666666,100.0,,,,210.56597888820352,0.0,56.05811088116707,56.05811088116707,75.07659861207486,13,23,26.52266654465098,3.220504675280406e-05,3.443260211497545e-05,4.1485007386654615e-05,0.0,0,0.013419969996903
20261130,C_tripping_impact,Persistence-MILP,414.82096893261127,36.65040505879878,974.743260785059,1426.214634776469,414.82096893261127,36.65040505879878,451.47137399141,1426.214634776469,255.45329934559456,52.32331898956521,14.074045468069055,120.0,51.90145156332892,9.74743260785059,0.0888888888888888,0.1777777777777777,100.0,,,,210.56597888820343,0.0,38.2270215894689,38.2270215894689,75.07659861207486,14,24,30.65819472044836,0.0086967231495186,0.0249265989477862,0.0525703199964482,0.0,0,3.1351474260009127
20261130,C_tripping_impact,Point-Forecast-MILP,404.7276675397485,35.967668638713846,766.8666643368944,1207.5620005153569,404.7276675397485,35.967668638713846,440.6953361784623,1207.5620005153569,258.3985598141902,52.11160405141705,13.882914259172193,110.0,46.88675826640633,7.668666643368944,0.0638888888888889,0.1277777777777777,100.0,,,,210.56597888820352,0.0,38.9134682537744,38.9134682537744,75.07659861207486,12,22,30.53414299887718,0.0100718367858967,0.0301275540463393,0.0918682339979568,0.0,0,3.6303226500021992
20261130,C_tripping_impact,Fixed-Reserve-MILP,410.911695198576,33.50032388686622,733.5333310035612,1177.945350089003,410.911695198576,33.50032388686622,444.4120190854422,1177.945350089003,258.4351885824668,55.5722780544136,14.75514302263208,110.0,44.32869120090916,7.335333310035612,0.0638888888888889,0.1277777777777777,100.0,,,,210.56597888820352,0.0,41.394221476792445,41.394221476792445,75.07659861207486,12,22,30.422779956795765,0.0107813272999919,0.0347199563468166,0.0791233019990613,0.0,0,3.885771533998195
20261130,C_tripping_impact,Residual-CVaR-MILP,484.3190568673088,21.196186439896422,628.2669803366301,1133.782223643835,484.3190568673088,21.196186439896422,505.5152433072052,1133.782223643835,251.68987041138143,79.46765934240686,21.312237160330724,140.0,37.803346518817335,6.282669803366301,0.0472222222222222,0.0944444444444444,100.0,48.06301696150498,530.8599908043077,48.06301696150498,210.56597888820352,0.0,53.76522419344575,53.76522419344575,75.07659861207486,14,28,28.381306908002447,0.4736528848336699,1.7568472779588775,2.461944313006825,0.0,0,170.52215092000552
20261130,C_tripping_impact,Risk-Adaptive-Residual-CVaR-MILP,482.4178525811251,19.856287945256444,628.2669803366301,1130.5411208630117,482.4178525811251,19.856287945256444,502.27414052638153,1130.5411208630117,251.6564868797606,81.2621451748753,21.73961350394415,135.0,37.25127739993406,6.282669803366301,0.0472222222222222,0.0944444444444444,100.0,46.80947684799133,530.8599908043077,91.98851866034616,210.56597888820352,0.0,55.11240419599953,55.11240419599953,75.07659861207486,14,27,29.022194705312597,0.4593647431747538,1.6241889624056058,2.5963815589930164,0.0,0,165.37873485399177
20261130,C_tripping_impact,Full-Risk-SOC-Supervisory-MILP,479.384121278875,14.796390942665848,695.4975855135821,1189.678097735123,479.384121278875,14.796390942665848,494.1805122215408,1189.678097735123,255.6869718943885,83.44454088384941,22.23677660722901,125.0,39.74586477724273,6.954975855135821,0.0583333333333333,0.1166666666666666,100.0,1.6308645125050023,50.833535290091895,1.6308645125050023,210.56597888820352,0.0,60.19979856515542,60.19979856515542,75.07659861207486,14,25,30.23352930574254,0.3450585098164689,1.502184644861701,2.8411942910024663,0.2861111111111111,5,124.22782100799668
20261131,A_stable_drilling,Rule-Based,533.2957581387609,0.0,0.0,533.2957581387609,533.2957581387609,0.0,533.2957581387609,533.2957581387609,550.1746546068449,41.053174413102674,11.096665295763788,55.0,28.086262809764666,0.0,0.0,0.0,100.0,,,,0.0,0.0,15.723693485681231,30.000578901969977,15.678095999385336,10,11,21.992772007019287,3.22893362156012e-05,3.417219922994263e-05,4.4051994336768985e-05,0.0,0,0.0134681650088168
20261131,A_stable_drilling,Persistence-MILP,537.0453319268065,0.6251706014951546,320.5776553468657,858.2481578751674,537.0453319268065,0.6251706014951546,537.6705025283017,858.2481578751674,524.0981490070485,42.70311245492254,11.931533635690904,75.0,1.5093476719489816,3.2057765534686578,0.0347222222222222,0.0694444444444444,100.0,,,,373.7542231666526,0.0,15.000009687503988,15.049527987787496,15.678095999385336,14,15,22.876667386565643,0.0068257479942177,0.0232586566991813,0.0522139249951578,0.0,0,2.4616326830000617
20261131,A_stable_drilling,Point-Forecast-MILP,536.762808026232,0.6254482813209701,318.11844282710643,855.5066991346594,536.762808026232,0.6254482813209701,537.388256307553,855.5066991346594,524.4559263119125,42.39057992884634,11.851769372879316,75.0,1.919575196644699,3.1811844282710644,0.0333333333333333,0.0666666666666666,100.0,,,,373.6891129536264,0.0,15.000094969916738,15.04924879894599,15.678095999385336,14,15,22.70923924759625,0.0065312845804631,0.0147519230558828,0.0678784649935551,0.0,0,2.355540663003921
20261131,A_stable_drilling,Fixed-Reserve-MILP,514.5936229040192,0.6452601062537969,138.93160050377983,654.1704835140528,514.5936229040192,0.6452601062537969,515.238883010273,654.1704835140528,525.268610611752,43.3163092828761,12.162766810869345,50.0,1.3927941909681738,1.3893160050377984,0.0319444444444444,0.0638888888888888,100.0,,,,217.0703882314549,0.0,15.001537049088377,15.02932930917093,15.678095999385336,10,10,25.783517430283386,0.0051055664278262,0.008827109845879,0.0227498349995585,0.0,0,1.8420203959976789
20261131,A_stable_drilling,Residual-CVaR-MILP,542.2692179263147,0.3449606910966044,274.4324699027812,817.0466485201925,542.2692179263147,0.3449606910966044,542.6141786174113,817.0466485201925,522.4561766103926,45.659358288988905,12.596804438772937,75.0,10.848369113864251,2.744324699027812,0.0111111111111111,0.0222222222222222,100.0,1.5321019099014468,102.50150835565796,1.5321019099014468,356.51514907128853,0.0,15.08572754029066,15.331260663297176,15.678095999385336,13,15,25.179793174074767,0.3429812960667429,0.9872372547899436,2.168845413994859,0.0,0,123.47927577899829
20261131,A_stable_drilling,Risk-Adaptive-Residual-CVaR-MILP,537.1270507920017,0.2169806303053889,272.2728900295831,809.6169214518902,537.1270507920017,0.2169806303053889,537.3440314223071,809.6169214518902,521.6128617133203,46.53838974151954,12.718919830372563,70.0,7.788898543479229,2.722728900295831,0.0097222222222222,0.0194444444444444,100.0,1.2866088793993666,102.41262415425626,2.5732177587987333,355.80776285958007,0.0,15.089244920638968,15.459936215447764,15.678095999385336,12,14,26.04760619861168,0.3271063656141955,0.8187271439965117,2.3910241149860667,0.0,0,117.76441112099565
20261131,A_stable_drilling,Full-Risk-SOC-Supervisory-MILP,753.5155239917057,0.0,0.0,753.5155239917057,753.5155239917057,0.0,753.5155239917057,753.5155239917057,436.0032594785742,137.91200458742668,36.16770481301063,170.0,16.73414852706538,0.0,0.0,0.0,100.0,,,,0.0,0.0,15.777302348591684,17.404487219215596,15.678095999385336,30,34,43.82796755956356,0.0105900586418202,0.0609853155496239,0.0845674459997098,1.0,1,3.8164745359972585
20261131,B_connection_transition,Rule-Based,802.8435544256602,31.8589036361703,6240.431967254459,7075.13442531629,802.8435544256602,31.8589036361703,834.7024580618305,7075.13442531629,208.0368503037941,150.46386264068207,40.52943379417739,345.0,40.52147728171193,62.40431967254459,0.3013888888888889,0.6027777777777777,100.0,,,,820.5424266800044,0.0,15.000045748488802,15.000061339523697,47.03209813457123,5,69,31.346638050142094,3.21333891204429e-05,3.454300167504698e-05,4.178800736553967e-05,0.0,0,0.0134072369983186
20261131,B_connection_transition,Persistence-MILP,795.0203723048364,31.856885825377866,7005.522708107442,7832.399966237656,795.0203723048364,31.856885825377866,826.8772581302143,7832.399966237656,209.6559493242488,141.34839017807383,37.940386818622834,355.0,43.484289109905625,70.05522708107442,0.3263888888888889,0.6527777777777778,100.0,,,,820.219186251411,0.0,15.000011596870166,15.002090115852187,47.03209813457123,6,71,30.288940752444383,0.0117117524440093,0.0376128046540543,0.1003327479993458,0.0,0,4.220636129000923
20261131,B_connection_transition,Point-Forecast-MILP,793.125817761829,31.84239000364094,6909.21242013856,7734.18062790403,793.125817761829,31.84239000364094,824.96820776547,7734.18062790403,209.27335848735865,142.88498567382402,38.32374072258927,350.0,46.83157759351872,69.0921242013856,0.3083333333333333,0.6166666666666667,100.0,,,,817.8970479971108,0.0,15.000011103574984,15.016664713288256,47.03209813457123,7,70,30.61821121581943,0.010696918530367,0.0305377788485202,0.0721311919915024,0.0,0,3.855292908003321
20261131,B_connection_transition,Fixed-Reserve-MILP,795.1327806900715,31.84511575077704,6815.176898885668,7642.154795326517,795.1327806900715,31.84511575077704,826.9778964408486,7642.154795326517,208.92296723655383,144.14184469424245,38.636330204960885,350.0,46.24136769224129,68.15176898885669,0.3083333333333333,0.6166666666666667,100.0,,,,818.3336953159841,0.0,15.000015666314717,15.013924153426098,47.03209813457123,7,70,30.88753814876624,0.0107504567521472,0.0314153531049669,0.0986510090006049,0.0,0,3.8745316569984425
20261131,B_connection_transition,Residual-CVaR-MILP,793.1435458787491,31.850332934808264,7105.144499503854,7930.1383783174115,793.1435458787491,31.850332934808264,824.9938788135574,7930.1383783174115,206.2293659261753,143.83961624359688,38.66105134003128,350.0,44.501090269409865,71.05144499503854,0.3013888888888889,0.6027777777777777,100.0,290.47353371320713,1333.2113019170968,290.47353371320713,819.1694549464823,0.0,15.000004331821287,15.00867861727196,47.03209813457123,6,70,29.96658671741601,0.4363113974727134,1.4032082045450809,2.747740752995014,0.0,0,157.0788005659997
20261131,B_connection_transition,Risk-Adaptive-Residual-CVaR-MILP,803.7046584690506,31.847237138384035,6601.795640259341,7437.347535866776,803.7046584690506,31.847237138384035,835.5518956074346,7437.347535866776,204.84632066515815,150.24220422800437,40.20726226205569,350.0,44.148294300586805,66.01795640259341,0.3,0.6,100.0,275.17600429220767,1331.4242023066386,550.3520085844153,818.6735280901312,0.0,15.000020979058542,15.011791237408026,47.03209813457123,6,70,31.30045921416757,0.4354974939196836,1.3981886197027058,2.673933394005872,0.0,0,156.78601169800095
20261131,B_connection_transition,Full-Risk-SOC-Supervisory-MILP,798.03267580076,31.80978288353562,6395.111543144694,7224.95400182899,798.03267580076,31.80978288353562,829.8424586842956,7224.95400182899,202.7059351443116,154.8550595563585,41.51496335997476,335.0,51.08724417367865,63.951115431446944,0.2972222222222222,0.5944444444444444,100.0,,,,812.6735951750986,0.0,15.000020979058542,15.049449032639671,47.03209813457123,6,67,32.994685985019565,0.0081161517337022,0.0168308969448844,0.0719833420007489,1.0,1,2.926075541996397
20261131,C_tripping_impact,Rule-Based,457.9706680362491,20.0078074711484,592.5427564667332,1070.5212319741306,457.9706680362491,20.0078074711484,477.9784755073975,1070.5212319741306,203.01646752489663,93.46276402444452,25.229013477447644,120.0,30.167286760114067,5.925427564667332,0.0527777777777777,0.1055555555555555,100.0,,,,213.47952527358143,0.0,31.580132942942125,31.580132942942125,51.696670298497295,11,24,21.8370943982347,3.213311966747925e-05,3.409645214560442e-05,4.501199873629957e-05,0.0,0,0.0134414579952135
20261131,C_tripping_impact,Persistence-MILP,464.2879087975131,36.46100968668895,2599.075129966246,3099.824048450448,464.2879087975131,36.46100968668895,500.7489184842021,3099.824048450448,180.48255244311628,75.07360221923376,20.437325362517804,175.0,51.92434172819155,25.990751299662463,0.1625,0.325,100.0,,,,478.5645015310044,0.0,15.003214146421106,15.03751789305694,51.696670298497295,19,35,26.684929698779776,0.0103457095411916,0.0362690465437481,0.0941546510002808,0.0,0,3.728823931000079
20261131,C_tripping_impact,Point-Forecast-MILP,467.3330182487192,36.44109400365794,2425.15121950537,2928.9253317577472,467.3330182487192,36.44109400365794,503.7741122523771,2928.9253317577472,181.14090081278863,76.35862229942353,20.711695793065918,175.0,55.38850227199605,24.2515121950537,0.1513888888888889,0.3027777777777777,100.0,,,,458.71081974813615,0.0,15.029952259939074,15.057541805333804,51.696670298497295,16,35,25.228619702452704,0.0104553958448781,0.0310457053477875,0.0530236699996748,0.0,0,3.768300113006262
20261131,C_tripping_impact,Fixed-Reserve-MILP,467.0162385317931,36.41126373924906,2421.234376425054,2924.661878696096,467.0162385317931,36.41126373924906,503.42750227104216,2924.661878696096,181.56549906423135,76.02586305856775,20.624230920182328,175.0,55.6389130514603,24.21234376425054,0.1472222222222222,0.2944444444444444,100.0,,,,455.3598521891307,0.0,15.045264892439524,15.087534178519752,51.696670298497295,15,35,25.2298218114716,0.0112303339830153,0.0315324809562298,0.0669260659924475,0.0,0,4.047105664998526
20261131,C_tripping_impact,Residual-CVaR-MILP,451.8470899174065,36.20224614703265,1504.2260423442635,1992.2753784087024,451.8470899174065,36.20224614703265,488.0493360644392,1992.2753784087024,195.4057884166592,71.33901043089831,19.40611081652456,160.0,49.86734371711446,15.042260423442634,0.0930555555555555,0.1861111111111111,100.0,58.23430063594629,596.3863325862646,58.23430063594629,433.10008756411423,0.0,15.07702207757022,15.297687650250865,51.696670298497295,13,32,23.9929407278806,0.4939608729084688,1.5916613192552185,3.1299669449945213,0.0,0,177.8322909510025
20261131,C_tripping_impact,Risk-Adaptive-Residual-CVaR-MILP,443.3005415447184,36.20224614703268,1101.276730055739,1580.7795177474902,443.3005415447184,36.20224614703268,479.5027876917511,1580.7795177474902,198.822357929825,71.87443792370668,19.30651887037524,150.0,48.35517589738795,11.01276730055739,0.0819444444444444,0.1638888888888889,100.0,48.5790612270461,570.8428696787208,97.1581224540922,423.0477452302063,0.0,15.10793835006304,15.297687650250849,51.696670298497295,13,30,26.167877884844664,0.4064197940887728,1.2841249598473952,3.404548774997238,0.0,0,146.3176434920024
20261131,C_tripping_impact,Full-Risk-SOC-Supervisory-MILP,519.3400890175363,35.31195781775542,1023.0350219541394,1577.6870687894311,519.3400890175363,35.31195781775542,554.6520468352918,1577.6870687894311,159.96533461565812,113.30177675096012,30.22538332935613,170.0,60.04227468690923,10.230350219541394,0.0763888888888889,0.1527777777777778,100.0,,,,385.3162523632407,0.0,15.225692230080153,16.192814138195445,51.696670298497295,19,34,34.9696841823951,0.0075573842617207,0.0246078815958753,0.1102036380034405,1.0,1,2.7250436500035
