load_kw,grid_kw,generator_kw,generator_units_on,storage_kw,charge_kw,discharge_kw,unserved_kw,spill_kw,soc,grid_headroom_storage_preservation_kw,grid_headroom_storage_charge_kw,v15_generator_first_guard_active,decision_seconds,generator_startup_units,generator_shutdown_units,step,risk_level,risk_reserve_kw,applied_risk_reserve_kw,forecast_scenario_count,cvar_alpha,cvar_weight,minimum_committed_generator_units,low_soc_commitment_guard_evaluated,low_soc_commitment_guard_triggered,low_soc_commitment_reachability_truncated,low_soc_commitment_forecast_peak_kw,low_soc_single_unit_firm_supply_kw,low_soc_commitment_deficit_kw,generator_before_storage,supervisory_protection_active,supervisory_safe_exit_counter,selected_controller,grid_available_capacity_kw,generator_available_capacity_kw,storage_available_power_kw
430.0,142.5664710974867,251.41117130301453,2,36.022357599498775,0.0,36.022357599498775,0.0,0.0,0.2867595415895691,0.0,0.0,False,0.009755478997249156,0,0,0,0,0.0,0.0,1,,,2,True,True,False,467.3398132324219,382.56647109748667,84.7733421349352,True,True,0,ML-Robust-MPC,142.5664710974867,251.41117130301453,101.49469220086183
432.5,138.99015207181213,250.8886071534996,2,42.62124077468826,0.0,42.62124077468826,0.0,0.0,0.28629103214958,0.0,0.0,False,0.00999582999793347,0,0,1,0,0.0,0.0,1,,,2,True,True,False,474.064453125,378.99015207181213,95.07430105318787,True,True,0,ML-Robust-MPC,138.99015207181213,250.8886071534996,100.32550897671004
436.5,138.82624309960772,251.6490582540948,2,46.02469864629745,0.0,46.02469864629745,0.0,0.0,0.2857851105622092,0.0,0.0,False,0.008621653003501706,0,0,2,0,0.0,0.0,1,,,2,True,True,False,473.39202880859375,378.8262430996077,94.56578570898603,True,True,0,ML-Robust-MPC,138.82624309960772,251.6490582540948,101.35244582562436
437.0,140.53500964671633,255.0984421502372,2,41.36654820304646,0.0,41.36654820304646,0.0,0.0,0.2853303931963928,0.0,0.0,False,0.008212166001612786,0,0,3,0,0.0,0.0,1,,,2,True,True,False,476.7226257324219,380.53500964671633,96.18761608570554,True,True,0,ML-Robust-MPC,140.53500964671633,255.0984421502372,102.63920646391875
440.5,142.67541625320027,253.2042098585933,2,44.62037388820646,0.0,44.62037388820646,0.0,0.0,0.2848399084990331,0.0,0.0,False,0.007975127999088727,0,0,4,0,0.0,0.0,1,,,2,True,True,False,474.5450134277344,382.6754162532003,91.86959717453408,True,True,0,ML-Robust-MPC,142.67541625320027,253.2042098585933,102.15131951251328
442.0,143.91085530865706,253.82669779699847,2,44.262446894344485,0.0,44.262446894344485,0.0,0.0,0.2843533582759497,0.0,0.0,False,0.008182945995940827,0,0,5,0,0.0,0.0,1,,,2,True,True,False,480.69354248046875,383.91085530865706,96.78268717181169,True,True,0,ML-Robust-MPC,143.91085530865706,253.82669779699847,99.3072321682194
443.5,147.33276483727417,255.33324237325303,2,40.8339927894728,0.0,40.8339927894728,0.0,0.0,0.28390449496867415,0.0,0.0,False,0.008587935997638851,0,0,6,0,0.0,0.0,1,,,2,True,True,False,475.00469970703125,387.33276483727417,87.67193486975708,True,True,0,ML-Robust-MPC,147.33276483727417,255.33324237325303,91.6545585924935
426.0,145.56486880884148,254.96974947868125,2,25.465381712477296,0.0,25.465381712477296,0.0,0.0,0.28362456947827624,0.0,0.0,False,0.008801830001175404,0,0,7,0,0.0,0.0,1,,,2,True,True,False,479.0044860839844,385.5648688088415,93.4396172751429,True,True,0,ML-Robust-MPC,145.56486880884148,254.96974947868125,90.17498380284036
432.0,147.04396823846304,253.52978527652365,2,31.42624648501328,0.0,31.42624648501328,0.0,0.0,0.28327911981810594,0.0,0.0,False,0.008621362001576927,0,0,8,0,0.0,0.0,1,,,2,True,True,False,492.29833984375,387.04396823846304,105.25437160528696,True,True,0,ML-Robust-MPC,147.04396823846304,253.52978527652365,90.6599175476838
450.0,144.4829683787524,251.9906955134145,2,53.52633610783312,0.0,53.52633610783312,0.0,0.0,0.282690737281635,0.0,0.0,False,0.008499037998262793,0,0,9,0,0.0,0.0,1,,,2,True,True,False,504.8455505371094,384.4829683787524,120.36258215835699,True,True,0,ML-Robust-MPC,144.4829683787524,251.9906955134145,92.39509941196307
443.0,146.43526038880788,253.58030459178548,2,42.984435019406654,0.0,42.984435019406654,0.0,0.0,0.2822182354676768,0.0,0.0,False,0.008088228001724929,0,0,10,0,0.0,0.0,1,,,2,True,True,False,483.5603332519531,386.4352603888079,97.12507286314525,True,True,0,ML-Robust-MPC,146.43526038880788,253.58030459178548,87.52468570990679
427.5,146.0557511429891,252.74071796558573,2,28.703530891425203,0.0,28.703530891425203,0.0,0.0,0.2819027149680569,0.0,0.0,False,0.0077511809940915555,0,0,11,0,0.0,0.0,1,,,2,True,True,False,501.46807861328125,386.0557511429891,115.41232747029215,True,True,0,ML-Robust-MPC,146.0557511429891,252.74071796558573,95.51077192791792
444.5,145.52263492026802,253.10476934545432,2,45.87259573427767,0.0,45.87259573427767,0.0,0.0,0.2813984653557116,0.0,0.0,False,0.00857364600233268,0,0,12,0,0.0,0.0,1,,,2,True,True,False,489.3113708496094,385.52263492026805,103.78873592934133,True,True,0,ML-Robust-MPC,145.52263492026802,253.10476934545432,89.31188554374685
434.0,146.4356878622556,253.14509413203848,2,34.41921800570594,0.0,34.41921800570594,0.0,0.0,0.2810201157755583,0.0,0.0,False,0.00808605299971532,0,0,13,0,0.0,0.0,1,,,2,True,True,False,503.1754455566406,386.4356878622556,116.73975769438505,True,True,0,ML-Robust-MPC,146.4356878622556,253.14509413203848,85.89936733279237
437.0,144.7819978150201,254.4855759150693,2,37.732426269910604,0.0,37.732426269910604,0.0,0.0,0.2806053461071998,0.0,0.0,False,0.009051472996361554,0,0,14,0,0.0,0.0,1,,,2,True,True,False,523.0702514648438,384.7819978150201,138.28825364982367,True,True,0,ML-Robust-MPC,144.7819978150201,254.4855759150693,82.3147675599926
462.5,143.14346492706218,253.18135812271345,2,66.17517695022434,0.0,66.17517695022434,0.0,0.0,0.2798779225378573,0.0,0.0,False,0.008903511996322777,0,0,15,0,0.0,0.0,1,,,2,True,True,False,536.072265625,383.14346492706215,152.92880069793785,True,True,0,ML-Robust-MPC,143.14346492706218,253.18135812271345,87.65248892497418
434.5,142.26810484014908,253.68526618506365,2,38.54662897478727,0.0,38.54662897478727,0.0,0.0,0.2794542028331703,0.0,0.0,False,0.007754875005048234,0,0,16,0,0.0,0.0,1,,,2,True,True,False,559.4097900390625,382.2681048401491,177.14168519891342,True,True,0,ML-Robust-MPC,142.26810484014908,253.68526618506365,85.82243968534402
415.0,143.9221315874865,252.5102112369563,2,18.5676571755572,0.0,18.5676571755572,0.0,0.0,0.279250099843508,0.0,0.0,False,0.008936644997447729,0,0,17,0,0.0,0.0,1,,,2,True,True,False,568.9635009765625,383.9221315874865,185.041369389076,True,True,0,ML-Robust-MPC,143.9221315874865,252.5102112369563,86.84658796378807
454.0,143.47958991934112,252.0189556241156,2,58.501454456543286,0.0,58.501454456543286,0.0,0.0,0.2786070288496138,0.0,0.0,False,0.008324394999362994,0,0,18,0,0.0,0.0,1,,,2,True,True,False,552.839599609375,383.47958991934115,169.36000969003385,True,True,0,ML-Robust-MPC,143.47958991934112,252.0189556241156,85.75927627412787
460.5,143.7003520599889,248.810768313976,2,67.9888796260351,0.0,67.9888796260351,0.0,0.0,0.2778596683471951,0.0,0.0,False,0.00794928799587069,0,0,19,0,0.0,0.0,1,,,2,True,True,False,577.5201416015625,383.70035205998886,193.81978954157364,True,True,0,ML-Robust-MPC,143.7003520599889,248.810768313976,90.94939155717869
500.0,146.0694532386368,247.6238513073244,2,89.30379789449414,0.0,89.30379789449414,17.00289755954465,0.0,0.27687800588078243,0.0,0.0,False,0.008926378999603912,0,0,20,0,0.0,0.0,1,,,2,True,True,False,589.2589721679688,386.0694532386368,203.18951892933194,True,True,0,ML-Robust-MPC,146.0694532386368,247.6238513073244,89.30379789449414
477.5,148.53183950152388,249.523141491618,2,79.44501900685816,0.0,79.44501900685816,0.0,0.0,0.2760047149890041,0.0,0.0,False,0.008121767001284752,0,0,21,0,0.0,0.0,1,,,2,True,True,False,644.4755249023438,388.5318395015239,255.94368540081985,True,True,0,ML-Robust-MPC,148.53183950152388,249.523141491618,87.78493497588163
471.5,148.021655318862,250.15796003226012,2,73.32038464887785,0.0,73.32038464887785,0.0,0.0,0.275198748486686,0.0,0.0,False,0.00835006299894303,0,0,22,0,0.0,0.0,1,,,2,True,True,False,645.0263671875,388.02165531886203,257.00471186863797,True,True,0,ML-Robust-MPC,148.021655318862,250.15796003226012,93.290925343003
512.5,151.66408288711756,248.63624000002253,2,97.20576994566058,0.0,97.20576994566058,14.993907167199367,0.0,0.2741302244359269,0.0,0.0,False,0.00756148700020276,0,0,23,0,0.0,0.0,1,,,2,True,True,False,662.7757568359375,391.66408288711756,271.11167394881994,True,True,0,ML-Robust-MPC,151.66408288711756,248.63624000002253,97.20576994566058
495.0,150.7334159542367,247.35868662891863,2,92.68934649883968,0.0,92.68934649883968,4.218550918004979,0.0,0.2731113466878413,0.0,0.0,False,0.008966053996118717,0,0,24,0,0.0,0.0,1,,,2,True,True,False,719.906494140625,390.7334159542367,329.1730781863883,True,True,0,ML-Robust-MPC,150.7334159542367,247.35868662891863,92.68934649883968
513.5,149.36011602571162,245.67703960467287,2,99.14330657854758,0.0,99.14330657854758,19.3195377910679,0.0,0.27202152447245037,0.0,0.0,False,0.005285753999487497,0,0,25,0,0.0,0.0,1,,,2,True,True,False,754.1478271484375,389.3601160257116,364.7877111227259,True,True,0,ML-Robust-MPC,149.36011602571162,245.67703960467287,99.14330657854758
532.0,150.25011334898988,244.37349027923165,2,101.41275807658438,0.0,101.41275807658438,35.96363829519409,0.0,0.2709067555536997,0.0,0.0,False,0.005050084997492377,0,0,26,0,0.0,0.0,1,,,2,True,True,False,798.7255859375,390.2501133489899,408.4754725885101,True,True,0,ML-Robust-MPC,150.25011334898988,244.37349027923165,101.41275807658438
583.5,148.6178286829031,242.0754477447928,2,102.6826203423809,0.0,102.6826203423809,90.12410322992322,0.0,0.2697780278095325,0.0,0.0,False,0.00913689199660439,0,0,27,0,0.0,0.0,1,,,2,True,True,False,861.9303588867188,388.6178286829031,473.31253020381564,True,True,0,ML-Robust-MPC,148.6178286829031,242.0754477447928,102.6826203423809
589.0,149.32181959338047,242.06155754719032,2,97.95715727400578,0.0,97.95715727400578,99.6594655854234,0.0,0.2687012442137667,0.0,0.0,False,0.008921123000618536,0,0,28,0,0.0,0.0,1,,,2,True,True,False,975.8306884765625,389.3218195933805,586.508868883182,True,True,0,ML-Robust-MPC,149.32181959338047,242.06155754719032,97.95715727400578
597.5,149.44107708253375,239.62339718629207,1,93.45256342872425,0.0,93.45256342872425,114.9829623024499,0.0,0.2676739768850422,0.0,0.0,False,0.003930035003577359,0,0,29,0,0.0,0.0,1,,,1,True,True,True,1046.758056640625,389.06447426882585,657.6935823717992,True,True,0,ML-Robust-MPC,149.44107708253375,239.62339718629207,93.45256342872425
641.5,152.48073797493436,239.84128121105545,1,95.30080488394312,0.0,95.30080488394312,153.8771759300671,0.0,0.2666263929593954,0.0,0.0,False,0.004115177005587611,0,0,30,0,0.0,0.0,1,,,1,True,True,True,1102.291015625,392.3220191859898,709.9689964390102,True,True,0,ML-Robust-MPC,152.48073797493436,239.84128121105545,95.30080488394312
674.5,152.54256635289988,239.71310200576863,1,105.03336762326704,0.0,105.03336762326704,177.21096401806443,0.0,0.2654718248766527,0.0,0.0,False,0.0039310169959208,0,0,31,0,0.0,0.0,1,,,1,True,True,True,1170.04052734375,392.2556683586685,777.7848589850814,True,True,0,ML-Robust-MPC,152.54256635289988,239.71310200576863,105.03336762326704
675.0,152.28877442010435,238.65717353065705,1,102.01749563122203,0.0,102.01749563122203,182.0365564180166,0.0,0.26435040844488006,0.0,0.0,False,0.003922814998077229,0,0,32,0,0.0,0.0,1,,,1,True,True,True,1207.697265625,390.94594795076137,816.7513176742386,True,True,0,ML-Robust-MPC,152.28877442010435,238.65717353065705,102.01749563122203
700.5,149.51748703830256,241.26021901202108,2,105.2994695093085,0.0,105.2994695093085,204.42282444036783,0.0,0.26319291526555777,0.0,0.0,False,0.0041514499971526675,1,0,33,0,0.0,0.0,1,,,2,True,True,False,1209.5877685546875,389.51748703830253,820.070281516385,True,True,0,ML-Robust-MPC,149.51748703830256,241.26021901202108,105.2994695093085
727.5,148.1621178031171,239.00411220735472,1,112.22038902852516,0.0,112.22038902852516,228.11338096100297,0.0,0.2619593446171327,0.0,0.0,False,0.0048855840068426915,0,0,34,0,0.0,0.0,1,,,1,True,True,True,1219.669677734375,387.16623001047185,832.5034477239032,True,True,0,ML-Robust-MPC,148.1621178031171,239.00411220735472,112.22038902852516
794.0,147.06398556202265,240.0007457216456,2,112.81725171120024,0.0,112.81725171120024,294.1180170051315,0.0,0.2607192130193752,0.0,0.0,False,0.004600724998454098,1,0,35,0,0.0,0.0,1,,,2,True,True,False,1264.7271728515625,387.06398556202265,877.6631872895398,True,True,0,ML-Robust-MPC,147.06398556202265,240.0007457216456,112.81725171120024
813.5,146.26162549868283,241.71652545870384,2,112.21513820744374,0.0,112.21513820744374,313.3067108351696,0.0,0.2594857000900404,0.0,0.0,False,0.004967059998307377,0,0,36,0,0.0,0.0,1,,,2,True,True,False,1323.9345703125,386.26162549868286,937.6729448138171,True,True,0,ML-Robust-MPC,146.26162549868283,241.71652545870384,112.21513820744374
868.0,147.4780005622965,242.8652896877172,2,121.06904518454944,0.0,121.06904518454944,356.58766456543685,0.0,0.25815486153329165,0.0,0.0,False,0.005105381998873781,0,0,37,0,0.0,0.0,1,,,2,True,True,False,1421.375,387.47800056229653,1033.8969994377035,True,True,0,ML-Robust-MPC,147.4780005622965,242.8652896877172,121.06904518454944
907.0,143.5997190507092,242.24695939762947,2,120.64175472656692,0.0,120.64175472656692,400.5115668250944,0.0,0.2568287199212949,0.0,0.0,False,0.005146150004293304,0,0,38,0,0.0,0.0,1,,,2,True,True,False,1468.532958984375,383.5997190507092,1084.9332399336658,True,True,0,ML-Robust-MPC,143.5997190507092,242.24695939762947,120.64175472656692
990.0,145.3266590915409,240.90247709444844,2,122.38783445464333,0.0,122.38783445464333,481.38302935936736,0.0,0.25548338471425713,0.0,0.0,False,0.005292576999636367,0,0,39,0,0.0,0.0,1,,,2,True,True,False,1535.287353515625,385.32665909154093,1149.960694424084,True,True,0,ML-Robust-MPC,145.3266590915409,240.90247709444844,122.38783445464333
1004.5,143.22557110175154,241.35504593861432,2,124.86330725237904,0.0,124.86330725237904,495.0560757072551,0.0,0.25411083813671265,0.0,0.0,False,0.00536781800474273,0,0,40,0,0.0,0.0,1,,,2,True,True,False,1460.5179443359375,383.22557110175154,1077.292373234186,True,True,0,ML-Robust-MPC,143.22557110175154,241.35504593861432,124.86330725237904
1058.5,142.6465965059412,243.68860415800395,2,127.88178323368795,0.0,127.88178323368795,544.2830161023668,0.0,0.2527051112841241,0.0,0.0,False,0.008479363998048939,0,0,41,0,0.0,0.0,1,,,2,True,True,False,1430.156494140625,382.6465965059412,1047.5098976346837,True,True,0,ML-Robust-MPC,142.6465965059412,243.68860415800395,127.88178323368795
1154.0,144.41221248398148,243.9846423102394,2,128.1801895231248,0.0,128.1801895231248,637.4229556826543,0.0,0.25129610423224963,0.0,0.0,False,0.008476465001876932,0,0,42,0,0.0,0.0,1,,,2,True,True,False,1444.0084228515625,384.4122124839815,1059.596210367581,True,True,0,ML-Robust-MPC,144.41221248398148,243.9846423102394,128.1801895231248
1211.0,145.92133122182628,244.53630597078487,2,133.8227823180644,0.0,133.8227823180644,686.7195804893245,0.0,0.24982507158134534,0.0,0.0,False,0.008080330000666436,0,0,43,0,0.0,0.0,1,,,2,True,True,False,1549.17822265625,385.9213312218263,1163.2568914344238,True,True,0,ML-Robust-MPC,145.92133122182628,244.53630597078487,133.8227823180644
1253.5,145.4873826207673,244.44991337618663,2,140.9903554966544,0.0,140.9903554966544,722.5723485063917,0.0,0.2482752501473145,0.0,0.0,False,0.009030549001181498,0,0,44,0,0.0,0.0,1,,,2,True,True,False,1541.657958984375,385.48738262076733,1156.1705763636078,True,True,0,ML-Robust-MPC,145.4873826207673,244.44991337618663,140.9903554966544
1256.5,146.59257938111443,244.7288841644552,2,144.12390440019078,0.0,144.12390440019078,721.0546320542396,0.0,0.24669098351142443,0.0,0.0,False,0.008798051996564027,0,0,45,0,0.0,0.0,1,,,2,True,True,False,1448.401123046875,386.59257938111443,1061.8085436657607,True,True,0,ML-Robust-MPC,146.59257938111443,244.7288841644552,144.12390440019078
1256.5,147.53718736493224,241.2704180029416,2,145.3025704757899,0.0,145.3025704757899,722.3898241563362,0.0,0.2450937605145046,0.0,0.0,False,0.008919660998799372,0,0,46,0,0.0,0.0,1,,,2,True,True,False,1403.49853515625,387.53718736493227,1015.9613477913177,True,True,0,ML-Robust-MPC,147.53718736493224,241.2704180029416,145.3025704757899
1219.5,147.3025064808206,243.1054458080994,2,147.91560611730918,0.0,147.91560611730918,681.1764415937708,0.0,0.24346781400220072,0.0,0.0,False,0.0085199349996401,0,0,47,0,0.0,0.0,1,,,2,True,True,False,1335.1702880859375,387.3025064808206,947.8677816051169,True,True,0,ML-Robust-MPC,147.3025064808206,243.1054458080994,147.91560611730918
1140.0,146.44292356821558,241.77472922058584,2,142.22327788001132,0.0,142.22327788001132,609.5590693311873,0.0,0.2419044398004682,0.0,0.0,False,0.008892793004633859,0,0,48,0,0.0,0.0,1,,,2,True,True,False,1219.5,386.4429235682156,833.0570764317845,True,True,0,ML-Robust-MPC,146.44292356821558,241.77472922058584,142.22327788001132
1113.0,148.4405867504216,240.9514252128697,2,135.3661512913826,0.0,135.3661512913826,588.241836745326,0.0,0.24041644183085795,0.0,0.0,False,0.008656841004267335,0,0,49,0,0.0,0.0,1,,,2,True,True,False,1140.0,388.44058675042163,751.5594132495784,True,True,0,ML-Robust-MPC,148.4405867504216,240.9514252128697,135.3661512913826
1024.0,146.483389452881,238.7021790627706,1,133.74172925886063,0.0,133.74172925886063,505.07270222548783,0.0,0.23894630014705567,0.0,0.0,False,0.0040740449985605665,0,0,50,0,0.0,0.0,1,,,1,True,True,True,1113.0,385.1855685156516,727.8144314843485,True,True,0,ML-Robust-MPC,146.483389452881,238.7021790627706,133.74172925886063
964.5,146.7427963109525,239.1369247621333,1,124.9348389376031,0.0,124.9348389376031,453.685439989311,0.0,0.23757296726509636,0.0,0.0,False,0.004089385001861956,0,0,51,0,0.0,0.0,1,,,1,True,True,True,1024.0,385.8797210730858,638.1202789269141,True,True,0,ML-Robust-MPC,146.7427963109525,239.1369247621333,124.9348389376031
915.5,147.56256816086608,237.5219911936861,1,125.02010937125596,0.0,125.02010937125596,405.39533127419185,0.0,0.23619869705699656,0.0,0.0,False,0.00393732499651378,0,0,52,0,0.0,0.0,1,,,1,True,True,True,964.5,385.0845593545522,579.4154406454478,True,True,0,ML-Robust-MPC,147.56256816086608,237.5219911936861,125.02010937125596
882.0,147.84846695644922,236.54079122545608,1,131.31005961647,0.0,131.31005961647,366.3006822016247,0.0,0.23475528524219125,0.0,0.0,False,0.003971617996285204,0,0,53,0,0.0,0.0,1,,,1,True,True,True,915.5,384.3892581819053,531.1107418180948,True,True,0,ML-Robust-MPC,147.84846695644922,236.54079122545608,131.31005961647
868.0,143.59559403193396,239.23823083628093,1,124.98071125930704,0.0,124.98071125930704,360.18546387247807,0.0,0.23338144811363185,0.0,0.0,False,0.003938426001695916,0,0,54,0,0.0,0.0,1,,,1,True,True,True,882.0,382.8338248682149,499.1661751317851,True,True,0,ML-Robust-MPC,143.59559403193396,239.23823083628093,124.98071125930704
784.0,141.1696647812032,240.6708712741388,2,127.81763632785253,0.0,127.81763632785253,274.34182761680546,0.0,0.23197642638905888,0.0,0.0,False,0.00453803099662764,1,0,55,0,0.0,0.0,1,,,2,True,True,False,868.0,381.1696647812032,486.8303352187968,True,True,0,ML-Robust-MPC,141.1696647812032,240.6708712741388,127.81763632785253
746.0,138.89150409435214,241.38516980122853,2,125.38414894545356,0.0,125.38414894545356,240.3391771589658,0.0,0.23059815451479587,0.0,0.0,False,0.005679412999597844,0,0,56,0,0.0,0.0,1,,,2,True,True,False,784.0,378.8915040943522,405.1084959056478,True,True,0,ML-Robust-MPC,138.89150409435214,241.38516980122853,125.38414894545356
736.5,138.5786407980042,241.3378269025521,2,122.04230896811994,0.0,122.04230896811994,234.5412233313238,0.0,0.22925661745978862,0.0,0.0,False,0.0054981909997877665,0,0,57,0,0.0,0.0,1,,,2,True,True,False,746.0,378.5786407980042,367.4213592019958,True,True,0,ML-Robust-MPC,138.5786407980042,241.3378269025521,122.04230896811994
662.5,139.25794764012355,241.8947717881152,2,134.3640674216795,0.0,134.3640674216795,146.98321315008175,0.0,0.22777963479015753,0.0,0.0,False,0.008918216000893153,0,0,58,0,0.0,0.0,1,,,2,True,True,False,736.5,379.2579476401236,357.2420523598764,True,True,0,ML-Robust-MPC,139.25794764012355,241.8947717881152,134.3640674216795
637.5,144.88109107514288,242.3008345936288,2,133.45033587495027,0.0,133.45033587495027,116.86773845627806,0.0,0.22631269621702568,0.0,0.0,False,0.0037938230016152374,0,0,59,0,0.0,0.0,1,,,2,True,True,False,662.5,384.8810910751429,277.6189089248571,True,True,0,ML-Robust-MPC,144.88109107514288,242.3008345936288,133.45033587495027
623.5,144.22354510396718,244.7697308540841,2,136.82882329044867,0.0,136.82882329044867,97.67790075150003,0.0,0.22480861998158566,0.0,0.0,False,0.004172230001131538,0,0,60,0,0.0,0.0,1,,,2,True,True,False,637.5,384.2235451039672,253.27645489603282,True,True,0,ML-Robust-MPC,144.22354510396718,244.7697308540841,136.82882329044867
597.0,144.02036335873663,247.5584392111004,2,143.96542030583947,0.0,143.96542030583947,61.455777124323504,0.0,0.22322609546518676,0.0,0.0,False,0.004352602998551447,0,0,61,0,0.0,0.0,1,,,2,True,True,False,623.5,384.02036335873663,239.47963664126337,True,True,0,ML-Robust-MPC,144.02036335873663,247.5584392111004,143.96542030583947
605.5,139.47281119100265,247.3960502756308,2,140.7222766885159,0.0,140.7222766885159,77.90886184485063,0.0,0.22167922085884068,0.0,0.0,False,0.004197389003820717,0,0,62,0,0.0,0.0,1,,,2,True,True,False,597.0,379.4728111910026,217.52718880899738,True,True,0,ML-Robust-MPC,139.47281119100265,247.3960502756308,140.7222766885159
542.0,140.1481631918891,249.12422554405524,2,139.05546455349875,0.0,139.05546455349875,13.672146710556916,0.0,0.22015066850697967,0.0,0.0,False,0.004127205997065175,0,0,63,0,0.0,0.0,1,,,2,True,True,False,605.5,380.1481631918891,225.35183680811087,True,True,0,ML-Robust-MPC,140.1481631918891,249.12422554405524,139.05546455349875
544.0,138.33548071774536,249.78397982108265,2,147.19085093046664,0.0,147.19085093046664,8.689688530705382,0.0,0.21853268878870957,0.0,0.0,False,0.004223625001031905,0,0,64,0,0.0,0.0,1,,,2,True,True,False,542.0,378.3354807177453,163.66451928225467,True,True,0,ML-Robust-MPC,138.33548071774536,249.78397982108265,147.19085093046664
535.0,138.4531260978872,247.18110419649372,2,145.38832077158034,0.0,145.38832077158034,3.9774489340387618,0.0,0.21693452319081594,0.0,0.0,False,0.00757008000073256,0,0,65,0,0.0,0.0,1,,,2,True,True,False,544.0,378.4531260978872,165.5468739021128,True,True,0,ML-Robust-MPC,138.4531260978872,247.18110419649372,145.38832077158034
511.5,136.88920593851256,246.5522712105228,2,128.05852285096466,0.0,128.05852285096466,0.0,0.0,0.21552685354684895,0.0,0.0,False,0.008882619003998116,0,0,66,0,0.0,0.0,1,,,2,True,True,False,535.0,376.88920593851253,158.11079406148747,True,True,0,ML-Robust-MPC,136.88920593851256,246.5522712105228,141.22229277719077
509.0,136.9250990855214,248.8141795984313,2,123.2607213160473,0.0,123.2607213160473,0.0,0.0,0.21417192322415574,0.0,0.0,False,0.008730897003260907,0,0,67,0,0.0,0.0,1,,,2,True,True,False,511.5,376.9250990855214,134.57490091447858,True,True,0,ML-Robust-MPC,136.9250990855214,248.8141795984313,147.17092245249484
471.0,141.4893404669025,249.5477794672344,2,79.96288006586315,0.0,79.96288006586315,0.0,0.0,0.21329293979996078,0.0,0.0,False,0.007832622002752032,0,0,68,0,0.0,0.0,1,,,2,True,True,False,509.0,381.4893404669025,127.51065953309751,True,True,0,ML-Robust-MPC,141.4893404669025,249.5477794672344,146.98342140164462
483.0,139.74639847721576,245.5973591657054,2,97.65624235707882,0.0,97.65624235707882,0.0,0.0,0.2122194639793008,0.0,0.0,False,0.009438280001631938,0,0,69,0,0.0,0.0,1,,,2,True,True,False,471.0,379.74639847721573,91.25360152278427,True,True,0,ML-Robust-MPC,139.74639847721576,245.5973591657054,151.0920108220527
484.0,142.15782684860983,246.65408552764663,2,95.18808762374351,0.0,95.18808762374351,0.0,0.0,0.21117311908610573,0.0,0.0,False,0.00957793700217735,0,0,70,0,0.0,0.0,1,,,2,True,True,False,483.0,382.15782684860983,100.84217315139017,True,True,0,ML-Robust-MPC,142.15782684860983,246.65408552764663,148.9569681311567
438.0,143.55677271742735,247.72130727816847,2,46.72192000440418,0.0,46.72192000440418,0.0,0.0,0.21065953336737464,0.0,0.0,False,0.008125116000883281,0,0,71,0,0.0,0.0,1,,,2,True,True,False,484.0,383.55677271742735,100.44322728257265,True,True,0,ML-Robust-MPC,143.55677271742735,247.72130727816847,150.1106665168442
423.5,143.86403651715165,246.4988466521557,2,33.13711683069266,0.0,33.13711683069266,0.0,0.0,0.21029527714754115,0.0,0.0,False,0.009240314997441601,0,0,72,0,0.0,0.0,1,,,2,True,True,False,449.6750793457031,383.86403651715165,65.81104282855148,True,True,0,ML-Robust-MPC,143.86403651715165,246.4988466521557,148.70034122295496
472.5,144.3600741935321,245.44207871103544,2,82.69784709543245,0.0,82.69784709543245,0.0,0.0,0.20938622989019348,0.0,0.0,False,0.009726052005134989,0,0,73,0,0.0,0.0,1,,,2,True,True,False,437.10882568359375,384.3600741935321,52.748751490061636,True,True,0,ML-Robust-MPC,144.3600741935321,245.44207871103544,147.60926507322205
423.0,143.44922624686805,245.73097770905173,2,33.819796044080256,0.0,33.819796044080256,0.0,0.0,0.20901446939197338,0.0,0.0,False,0.008736679999856278,0,0,74,0,0.0,0.0,1,,,2,True,True,False,472.5,383.4492262468681,89.05077375313192,True,True,0,ML-Robust-MPC,143.44922624686805,245.73097770905173,146.11043458647035
438.0,148.85560109689055,244.90900420333307,2,44.23539469977641,0.0,44.23539469977641,0.0,0.0,0.20852821653725132,0.0,0.0,False,0.00897480599815026,0,0,75,0,0.0,0.0,1,,,2,True,True,False,453.2397155761719,388.85560109689055,64.38411447928132,True,True,0,ML-Robust-MPC,148.85560109689055,244.90900420333307,148.19887946008782
443.5,149.92882333021893,243.98044213448296,2,49.59073453529811,0.0,49.59073453529811,0.0,0.0,0.20798309568099557,0.0,0.0,False,0.01302449999639066,0,0,76,0,0.0,0.0,1,,,2,True,True,False,476.4823303222656,389.92882333021896,86.55350699204666,True,True,0,ML-Robust-MPC,149.92882333021893,243.98044213448296,148.7629436792379
436.0,148.01564739734664,244.588889563495,2,43.395463039158344,0.0,43.395463039158344,0.0,0.0,0.20750607568540178,0.0,0.0,False,0.010892060003243387,0,0,77,0,0.0,0.0,1,,,2,True,True,False,499.2249450683594,388.01564739734664,111.20929767101273,True,True,0,ML-Robust-MPC,148.01564739734664,244.588889563495,157.85795013405752
448.5,146.6858735906941,246.7483856314632,2,55.065740777842734,0.0,55.065740777842734,0.0,0.0,0.20690077140740587,0.0,0.0,False,0.012902301001304295,0,0,78,0,0.0,0.0,1,,,2,True,True,False,504.0581359863281,386.6858735906941,117.37226239563404,True,True,0,ML-Robust-MPC,146.6858735906941,246.7483856314632,163.27704558340932
419.5,148.57334856490598,247.9314674184235,2,22.995184016670493,0.0,22.995184016670493,0.0,0.0,0.20664799930151978,0.0,0.0,False,0.010287468998285476,0,0,79,0,0.0,0.0,1,,,2,True,True,False,554.1239624023438,388.573348564906,165.55061383743777,True,True,0,ML-Robust-MPC,148.57334856490598,247.9314674184235,159.01686105847304
407.0,151.09652959816236,245.5520283140738,2,10.351442087763871,0.0,10.351442087763871,0.0,0.0,0.206534212179243,0.0,0.0,False,0.012315708998357877,0,0,80,0,0.0,0.0,1,,,2,True,True,False,552.0765991210938,391.09652959816236,160.9800695229314,True,True,0,ML-Robust-MPC,151.09652959816236,245.5520283140738,161.87849745189968
416.0,150.4511913411357,245.6490117400025,2,19.899796918861796,0.0,19.899796918861796,0.0,0.0,0.2063154657856399,0.0,0.0,False,0.009185467999486718,0,0,81,0,0.0,0.0,1,,,2,True,True,False,532.715576171875,390.4511913411357,142.2643848307393,True,True,0,ML-Robust-MPC,150.4511913411357,245.6490117400025,150.94845647251438
417.5,149.88190278697962,246.74886787945536,2,20.869229333565045,0.0,20.869229333565045,0.0,0.0,0.20608606300969162,0.0,0.0,False,0.009166461000859272,0,0,82,0,0.0,0.0,1,,,2,True,True,False,539.7529907226562,389.8819027869796,149.87108793567666,True,True,0,ML-Robust-MPC,149.88190278697962,246.74886787945536,151.398954399982
414.0,151.43312537298945,246.2029581938359,2,16.36391643317461,0.0,16.36391643317461,0.0,0.0,0.2059061844049212,0.0,0.0,False,0.01154951700300444,0,0,83,0,0.0,0.0,1,,,2,True,True,False,575.2471923828125,391.4331253729895,183.81406700982302,True,True,0,ML-Robust-MPC,151.43312537298945,246.2029581938359,154.5908764223403
415.0,150.10448226595696,246.0321931840934,2,18.863324549949652,0.0,18.863324549949652,0.0,0.0,0.2056988313232043,0.0,0.0,False,0.011894124996615574,0,0,84,0,0.0,0.0,1,,,2,True,True,False,609.8161010742188,390.10448226595696,219.7116188082618,True,True,0,ML-Robust-MPC,150.10448226595696,246.0321931840934,148.48613093206097
426.5,148.47025564170727,244.8439423797847,2,33.18580197850804,0.0,33.18580197850804,0.0,0.0,0.2053340399370799,0.0,0.0,False,0.009075176996702794,0,0,85,0,0.0,0.0,1,,,2,True,True,False,644.2282104492188,388.47025564170724,255.7579548075115,True,True,0,ML-Robust-MPC,148.47025564170727,244.8439423797847,139.44508663246177
447.5,152.81423965679517,243.9744141895669,2,50.71134615363792,0.0,50.71134615363792,0.0,0.0,0.20477660087721933,0.0,0.0,False,0.007231632000184618,0,0,86,0,0.0,0.0,1,,,2,True,True,False,675.86865234375,392.81423965679517,283.05441268695483,True,True,0,ML-Robust-MPC,152.81423965679517,243.9744141895669,127.47061169118813
419.0,149.51320450463308,244.7523276437513,2,24.73446785161559,0.0,24.73446785161559,0.0,0.0,0.20450470987942204,0.0,0.0,False,0.010177042000577785,0,0,87,0,0.0,0.0,1,,,2,True,True,False,715.49560546875,389.5132045046331,325.9824009641169,True,True,0,ML-Robust-MPC,149.51320450463308,244.7523276437513,126.50216856797972
446.0,149.29196774831007,243.8163754917069,2,52.89165675998299,0.0,52.89165675998299,0.0,0.0,0.20392330398793915,0.0,0.0,False,0.009887706997687928,0,0,88,0,0.0,0.0,1,,,2,True,True,False,765.9274291992188,389.29196774831007,376.6354614509087,True,True,0,ML-Robust-MPC,149.29196774831007,243.8163754917069,130.5339226276536
459.5,150.22982459548632,244.7804585501808,2,64.48971685433287,0.0,64.48971685433287,0.0,0.0,0.20321440765880125,0.0,0.0,False,0.010477282005012967,0,0,89,0,0.0,0.0,1,,,2,True,True,False,801.7752685546875,390.2298245954863,411.5454439592012,True,True,0,ML-Robust-MPC,150.22982459548632,244.7804585501808,131.7461932361883
519.5,152.38027773863936,242.5343308892376,2,124.58539137212301,0.0,124.58539137212301,0.0,0.0,0.2018449160419068,0.0,0.0,False,0.007325220001803245,0,0,90,0,0.0,0.0,1,,,2,True,True,False,848.1053466796875,392.3802777386394,455.7250689410481,True,True,0,ML-Robust-MPC,152.38027773863936,242.5343308892376,133.58494114610724
499.0,153.5226612951359,242.58220045364325,2,102.89513825122083,0.0,102.89513825122083,0.0,0.0,0.20071385221731,0.0,0.0,False,0.007000376004725695,0,0,91,0,0.0,0.0,1,,,2,True,True,False,953.7413940429688,393.5226612951359,560.2187327478329,True,True,0,ML-Robust-MPC,153.5226612951359,242.58220045364325,135.35217228712366
503.0,151.5232414755356,243.61604631974868,2,107.8607122047157,0.0,107.8607122047157,0.0,0.0,0.1995282048510356,0.0,0.0,False,0.010247377002087887,0,0,92,0,0.0,0.0,1,,,2,True,True,False,1013.1045532226562,391.5232414755356,621.5813117471207,True,True,0,ML-Robust-MPC,151.5232414755356,243.61604631974868,132.3573918866525
522.5,150.88046160857076,242.6034869748788,2,129.01605141655045,0.0,129.01605141655045,0.0,0.0,0.1981100096765143,0.0,0.0,False,0.010640021006111056,0,0,93,0,0.0,0.0,1,,,2,True,True,False,1061.809326171875,390.8804616085707,670.9288645633043,True,True,0,ML-Robust-MPC,150.88046160857076,242.6034869748788,132.40712150750332
559.0,146.46790101616548,242.1764431181043,2,141.0746450163354,0.0,141.0746450163354,29.281010849394818,0.0,0.1965592616989351,0.0,0.0,False,0.010278670997649897,0,0,94,0,0.0,0.0,1,,,2,True,True,False,1091.0885009765625,386.46790101616546,704.620599960397,True,True,0,ML-Robust-MPC,146.46790101616548,242.1764431181043,141.0746450163354
582.5,147.66109352540303,243.5867386229381,2,145.32359811817858,0.0,145.32359811817858,45.928569733480316,0.0,0.1949618075579007,0.0,0.0,False,0.010185710998484865,0,0,95,0,0.0,0.0,1,,,2,True,True,False,1158.322998046875,387.66109352540303,770.661904521472,True,True,0,ML-Robust-MPC,147.66109352540303,243.5867386229381,145.32359811817858
605.5,146.38325154668854,242.1278662707248,2,145.30387379368193,0.0,145.30387379368193,71.68500838890469,0.0,0.19336457023439807,0.0,0.0,False,0.009465818002354354,0,0,96,0,0.0,0.0,1,,,2,True,True,False,1203.709716796875,386.38325154668854,817.3264652501864,True,True,0,ML-Robust-MPC,146.38325154668854,242.1278662707248,145.30387379368193
610.5,146.784391024656,242.6796614713928,2,143.59641273509078,0.0,143.59641273509078,77.43953476886043,0.0,0.19178610199433418,0.0,0.0,False,0.010194743997999467,0,0,97,0,0.0,0.0,1,,,2,True,True,False,1233.69482421875,386.784391024656,846.910433194094,True,True,0,ML-Robust-MPC,146.784391024656,242.6796614713928,143.59641273509078
667.0,143.6476882589858,240.40566658738368,2,154.04996169314646,0.0,154.04996169314646,128.89668346048407,0.0,0.19009272423312035,0.0,0.0,False,0.009657015994889662,0,0,98,0,0.0,0.0,1,,,2,True,True,False,1245.0225830078125,383.6476882589858,861.3748947488267,True,True,0,ML-Robust-MPC,143.6476882589858,240.40566658738368,154.04996169314646
733.5,143.7984688521125,239.981917313944,1,157.15721232225908,0.0,157.15721232225908,192.56240151168444,0.0,0.18836519035102192,0.0,0.0,False,0.0045383440010482445,0,0,99,0,0.0,0.0,1,,,1,True,True,True,1261.666259765625,383.7803861660565,877.8858735995685,True,True,0,ML-Robust-MPC,143.7984688521125,239.981917313944,157.15721232225908
746.0,143.7991598086896,237.33195308480555,1,155.59169090062576,0.0,155.59169090062576,209.2771962058791,0.0,0.18665486529605307,0.0,0.0,False,0.0056299709976883605,0,0,100,0,0.0,0.0,1,,,1,True,True,True,1276.59814453125,381.13111289349513,895.4670316377549,True,True,0,ML-Robust-MPC,143.7991598086896,237.33195308480555,155.59169090062576
770.0,144.8089625343291,233.6686861642908,1,156.66443189382724,0.0,156.66443189382724,234.85791940755288,0.0,0.1849327482502167,0.0,0.0,False,0.0055121059995144606,0,0,101,0,0.0,0.0,1,,,1,True,True,True,1280.6820068359375,378.4776486986199,902.2043581373176,True,True,0,ML-Robust-MPC,144.8089625343291,233.6686861642908,156.66443189382724
828.0,146.90251849306452,233.71207087836453,1,160.22680419421297,0.0,160.22680419421297,287.15860643435803,0.0,0.18317147220710217,0.0,0.0,False,0.004409970002598129,0,0,102,0,0.0,0.0,1,,,1,True,True,True,1293.762939453125,380.614589371429,913.148350081696,True,True,0,ML-Robust-MPC,146.90251849306452,233.71207087836453,160.22680419421297
901.0,145.74663620342,234.529004423504,1,152.15182209228027,0.0,152.15182209228027,368.57253728079576,0.0,0.18149895954285075,0.0,0.0,False,0.00516633600636851,0,0,103,0,0.0,0.0,1,,,1,True,True,True,1265.4251708984375,380.275640626924,885.1495302715135,True,True,0,ML-Robust-MPC,145.74663620342,234.529004423504,152.15182209228027
934.0,144.79538469399066,232.11090431721613,1,150.24702322969654,0.0,150.24702322969654,406.84668775909665,0.0,0.17984738517678542,0.0,0.0,False,0.005185800997423939,0,0,104,0,0.0,0.0,1,,,1,True,True,True,1260.6619873046875,376.9062890112068,883.7556982934807,True,True,0,ML-Robust-MPC,144.79538469399066,232.11090431721613,150.24702322969654
970.0,143.2299405709086,232.11234114639672,1,147.7225276104122,0.0,147.7225276104122,446.9351906722825,0.0,0.17822356105936013,0.0,0.0,False,0.004220386996166781,0,0,105,0,0.0,0.0,1,,,1,True,True,True,1261.1292724609375,375.34228171730535,885.7869907436321,True,True,0,ML-Robust-MPC,143.2299405709086,232.11234114639672,147.7225276104122
1048.5,144.63134801215816,233.92478350791805,1,145.94068671571583,0.0,145.94068671571583,524.003181764208,0.0,0.176619323637783,0.0,0.0,False,0.004083298998011742,0,0,106,0,0.0,0.0,1,,,1,True,True,True,1273.6259765625,378.5561315200762,895.0698450424238,True,True,0,ML-Robust-MPC,144.63134801215816,233.92478350791805,145.94068671571583
1070.5,145.44349858183782,235.3226486269365,1,146.43214263566702,0.0,146.43214263566702,543.3017101555587,0.0,0.1750096839394619,0.0,0.0,False,0.0052553710047504865,0,0,107,0,0.0,0.0,1,,,1,True,True,True,1272.3382568359375,380.7661472087743,891.5721096271632,True,True,0,ML-Robust-MPC,145.44349858183782,235.3226486269365,146.43214263566702
1171.5,143.75270340292198,234.63833698004572,1,147.22143983202642,0.0,147.22143983202642,645.8875197850059,0.0,0.17339136797595636,0.0,0.0,False,0.004302986002585385,0,0,108,0,0.0,0.0,1,,,1,True,True,True,1269.7410888671875,378.39104038296773,891.3500484842198,True,True,0,ML-Robust-MPC,143.75270340292198,234.63833698004572,147.22143983202642
1256.5,139.52204320423735,235.76484526046627,1,158.75006106041926,0.0,158.75006106041926,722.463050474877,0.0,0.1716463248741182,0.0,0.0,False,0.0040240999951492995,0,0,109,0,0.0,0.0,1,,,1,True,True,True,1264.8587646484375,375.2868884647036,889.5718761837338,True,True,0,ML-Robust-MPC,139.52204320423735,235.76484526046627,158.75006106041926
1252.5,138.0527481882216,235.69595603013,1,156.8079816696841,0.0,156.8079816696841,721.9433141119644,0.0,0.16992262987269266,0.0,0.0,False,0.003986411000369117,0,0,110,0,0.0,0.0,1,,,1,True,True,True,1293.75732421875,373.7487042183516,920.0086200003984,True,True,0,ML-Robust-MPC,138.0527481882216,235.69595603013,156.8079816696841
1242.0,137.81789145980798,234.7853761605102,1,150.11121406762737,0.0,150.11121406762737,719.2855183120544,0.0,0.1682725483743456,0.0,0.0,False,0.004997215000912547,0,0,111,0,0.0,0.0,1,,,1,True,True,True,1274.099853515625,372.6032676203182,901.4965858953068,True,True,0,ML-Robust-MPC,137.81789145980798,234.7853761605102,150.11121406762737
1263.5,133.25116872286569,233.5438209146004,1,150.00846825317564,0.0,150.00846825317564,746.6965421093582,0.0,0.16662359629839724,0.0,0.0,False,0.0043594079979811795,0,0,112,0,0.0,0.0,1,,,1,True,True,True,1242.0,366.7949896374661,875.2050103625339,True,True,0,ML-Robust-MPC,133.25116872286569,233.5438209146004,150.00846825317564
1230.0,131.8502051897688,233.2508494675648,1,142.38282473118414,0.0,142.38282473118414,722.5161206114822,0.0,0.16505846829493262,0.0,0.0,False,0.005277635995298624,0,0,113,0,0.0,0.0,1,,,1,True,True,True,1263.5,365.1010546573336,898.3989453426664,True,True,0,ML-Robust-MPC,131.8502051897688,233.2508494675648,142.38282473118414
1166.0,133.70098170596788,233.6103279810928,1,149.9374623117095,0.0,149.9374623117095,648.7512280012298,0.0,0.16341029674421692,0.0,0.0,False,0.004811672006326262,0,0,114,0,0.0,0.0,1,,,1,True,True,True,1230.0,367.31130968706066,862.6886903129393,True,True,0,ML-Robust-MPC,133.70098170596788,233.6103279810928,149.9374623117095
1093.0,134.22691261275702,231.5848777323326,1,145.19323022775328,0.0,145.19323022775328,581.9949794271572,0.0,0.1618142756583031,0.0,0.0,False,0.005460038002638612,0,0,115,0,0.0,0.0,1,,,1,True,True,True,1166.0,365.8117903450896,800.1882096549105,True,True,0,ML-Robust-MPC,134.22691261275702,231.5848777323326,145.19323022775328
1010.0,132.00281220711938,232.4213267679226,1,138.9655934842492,0.0,138.9655934842492,506.61026754070883,0.0,0.16028671120457832,0.0,0.0,False,0.006350381001539063,0,0,116,0,0.0,0.0,1,,,1,True,True,True,1093.0,364.42413897504196,728.575861024958,True,True,0,ML-Robust-MPC,132.00281220711938,232.4213267679226,138.9655934842492
991.5,131.4388253752458,233.5025908589897,1,132.44581561101262,0.0,132.44581561101262,494.1127681547519,0.0,0.1588308147132292,0.0,0.0,False,0.005028339997807052,0,0,117,0,0.0,0.0,1,,,1,True,True,True,1010.0,364.9414162342355,645.0585837657645,True,True,0,ML-Robust-MPC,131.4388253752458,233.5025908589897,132.44581561101262
867.5,131.48527849389944,234.89552175075312,1,129.41719546966073,0.0,129.41719546966073,371.7020042856867,0.0,0.1574082100055207,0.0,0.0,False,0.00424639099946944,0,0,118,0,0.0,0.0,1,,,1,True,True,True,991.5,366.38080024465256,625.1191997553474,True,True,0,ML-Robust-MPC,131.48527849389944,234.89552175075312,129.41719546966073
844.5,133.46407640771497,231.5232815753666,1,128.83746369049476,0.0,128.83746369049476,350.6751783264237,0.0,0.1559919779375163,0.0,0.0,False,0.004345285000454169,0,0,119,0,0.0,0.0,1,,,1,True,True,True,867.5,364.98735798308155,502.51264201691845,True,True,0,ML-Robust-MPC,133.46407640771497,231.5232815753666,128.83746369049476
796.0,132.45305770661335,231.54611869627385,1,127.33703687343215,0.0,127.33703687343215,304.66378672368063,0.0,0.1545922391511487,0.0,0.0,False,0.004206165001960471,0,0,120,0,0.0,0.0,1,,,1,True,True,True,844.5,363.9991764028872,480.5008235971128,True,True,0,ML-Robust-MPC,132.45305770661335,231.54611869627385,127.33703687343215
783.5,130.16562895936647,231.6154489271656,1,127.50113782668885,0.0,127.50113782668885,294.2177842867791,0.0,0.15319069650256795,0.0,0.0,False,0.004142903002502862,0,0,121,0,0.0,0.0,1,,,1,True,True,True,796.0,361.7810778865321,434.2189221134679,True,True,0,ML-Robust-MPC,130.16562895936647,231.6154489271656,127.50113782668885
721.0,129.15696343674304,233.81321554353664,1,123.32956197588936,0.0,123.32956197588936,234.70025904383095,0.0,0.1518350094562692,0.0,0.0,False,0.00380993200087687,0,0,122,0,0.0,0.0,1,,,1,True,True,True,783.5,362.9701789802797,420.5298210197203,True,True,0,ML-Robust-MPC,129.15696343674304,233.81321554353664,123.32956197588936
681.0,130.95342921416756,234.8761284667168,1,122.1991617978604,0.0,122.1991617978604,192.97128052125524,0.0,0.1504917482132729,0.0,0.0,False,0.004213738000544254,0,0,123,0,0.0,0.0,1,,,1,True,True,True,721.0,365.82955768088436,355.17044231911564,True,True,0,ML-Robust-MPC,130.95342921416756,234.8761284667168,122.1991617978604
644.5,128.24511803196373,234.0518807535588,1,44.73531845786348,0.0,44.73531845786348,237.46768275661398,0.0,0.15,0.0,0.0,False,0.004409483997733332,0,0,124,0,0.0,0.0,1,,,1,True,True,True,681.0,362.29699878552253,318.70300121447747,True,True,0,ML-Robust-MPC,128.24511803196373,234.0518807535588,122.41693720321156
656.0,127.41572599141216,234.28673663794007,1,0.0,0.0,0.0,294.2975373706478,0.0,0.15,0.0,0.0,False,0.004623234999598935,0,0,125,0,0.0,0.0,1,,,1,True,True,True,644.5,361.7024626293522,282.7975373706478,True,True,0,ML-Robust-MPC,127.41572599141216,234.28673663794007,130.42124716912815
589.5,129.88064515637726,235.96269319191185,1,0.0,0.0,0.0,223.65666165171092,0.0,0.15,0.0,0.0,False,0.004233226005453616,0,0,126,0,0.0,0.0,1,,,1,True,True,True,656.0,365.8433383482891,290.1566616517109,True,True,0,ML-Robust-MPC,129.88064515637726,235.96269319191185,124.80045318204245
518.5,128.52048327237014,234.00099127063217,1,0.0,0.0,0.0,155.97852545699766,0.0,0.15,0.0,0.0,False,0.004011010998510756,0,0,127,0,0.0,0.0,1,,,1,True,True,True,593.8085327148438,362.52147454300234,231.2870581718414,True,True,0,ML-Robust-MPC,128.52048327237014,234.00099127063217,114.90439353002184
514.0,128.68223096798002,232.4585702312748,1,0.0,0.0,0.0,152.85919880074516,0.0,0.15,0.0,0.0,False,0.004127003994653933,0,0,128,0,0.0,0.0,1,,,1,True,True,True,548.4097900390625,361.14080119925484,187.26898883980766,True,True,0,ML-Robust-MPC,128.68223096798002,232.4585702312748,114.17460520709564
501.5,131.8094202631822,234.23469383066936,1,0.0,0.0,0.0,135.4558859061484,0.0,0.15,0.0,0.0,False,0.004609619005350396,0,0,129,0,0.0,0.0,1,,,1,True,True,True,526.7520141601562,366.0441140938516,160.70790006630466,True,True,0,ML-Robust-MPC,131.8094202631822,234.23469383066936,111.69727307581188
489.0,132.1890509187518,233.5586569421393,1,0.0,0.0,0.0,123.25229213910893,0.0,0.15,0.0,0.0,False,0.004543515999102965,0,0,130,0,0.0,0.0,1,,,1,True,True,True,512.0639038085938,365.74770786089107,146.31619594770268,True,True,0,ML-Robust-MPC,132.1890509187518,233.5586569421393,103.89503746508962
496.0,130.1572690500712,232.6573721228681,1,0.0,0.0,0.0,133.18535882706067,0.0,0.15,0.0,0.0,False,0.004696809999586549,0,0,131,0,0.0,0.0,1,,,1,True,True,True,504.5025329589844,362.81464117293933,141.68789178604504,True,True,0,ML-Robust-MPC,130.1572690500712,232.6573721228681,110.77603034266632
469.0,128.319607407424,233.3201255642925,1,0.0,0.0,0.0,107.36026702828349,0.0,0.15,0.0,0.0,False,0.004687847002060153,0,0,132,0,0.0,0.0,1,,,1,True,True,True,496.0,361.6397329717165,134.3602670282835,True,True,0,ML-Robust-MPC,128.319607407424,233.3201255642925,119.10368963513474
475.0,127.5313929803836,234.55136163103543,1,0.0,0.0,0.0,112.91724538858097,0.0,0.15,0.0,0.0,False,0.004876118000538554,0,0,133,0,0.0,0.0,1,,,1,True,True,True,484.5464782714844,362.08275461141903,122.46372366006534,True,True,0,ML-Robust-MPC,127.5313929803836,234.55136163103543,121.18399518284684
424.5,129.34433043964106,234.89264024857536,1,0.0,0.0,0.0,60.26302931178361,0.0,0.15,0.0,0.0,False,0.0044261349976295605,0,0,134,0,0.0,0.0,1,,,1,True,True,True,477.64410400390625,364.2369706882164,113.40713331568986,True,True,0,ML-Robust-MPC,129.34433043964106,234.89264024857536,120.76271950200764
436.5,131.0093435879697,234.1828460262389,1,0.0,0.0,0.0,71.30781038579141,0.0,0.15,0.0,0.0,False,0.005247631997917779,0,0,135,0,0.0,0.0,1,,,1,True,True,True,465.9825439453125,365.1921896142086,100.79035433110391,True,True,0,ML-Robust-MPC,131.0093435879697,234.1828460262389,123.44866420034666
427.5,135.27326852148403,234.49594114167115,1,0.0,0.0,0.0,57.73079033684485,0.0,0.15,0.0,0.0,False,0.004774542998347897,0,0,136,0,0.0,0.0,1,,,1,True,True,True,460.38037109375,369.76920966315515,90.61116143059485,True,True,0,ML-Robust-MPC,135.27326852148403,234.49594114167115,120.8929493173104
409.0,134.33410537310746,235.08782338428287,1,0.0,0.0,0.0,39.57807124260967,0.0,0.15,0.0,0.0,False,0.004177033006271813,0,0,137,0,0.0,0.0,1,,,1,True,True,True,464.0000305175781,369.42192875739033,94.57810176018779,True,True,0,ML-Robust-MPC,134.33410537310746,235.08782338428287,112.62710026370188
431.5,130.72825199429892,235.65509935209369,1,0.0,0.0,0.0,65.1166486536074,0.0,0.15,0.0,0.0,False,0.00515208800061373,0,0,138,0,0.0,0.0,1,,,1,True,True,True,467.327880859375,366.3833513463926,100.9445295129824,True,True,0,ML-Robust-MPC,130.72825199429892,235.65509935209369,118.05525265360814
441.5,126.54939819172124,235.6109525500797,1,0.0,0.0,0.0,79.33964925819907,0.0,0.15,0.0,0.0,False,0.004770984000060707,0,0,139,0,0.0,0.0,1,,,1,True,True,True,475.72235107421875,362.1603507418009,113.56200033241782,True,True,0,ML-Robust-MPC,126.54939819172124,235.6109525500797,119.78536207456054
404.0,125.80741029606352,236.7815932644704,1,0.0,0.0,0.0,41.41099643946609,0.0,0.15,0.0,0.0,False,0.005133730002853554,0,0,140,0,0.0,0.0,1,,,1,True,True,True,488.6690673828125,362.5890035605339,126.08006382227859,True,True,0,ML-Robust-MPC,125.80741029606352,236.7815932644704,118.22841202398472
402.5,125.09644321797936,237.5648265170449,1,0.0,0.0,0.0,39.838730264975766,0.0,0.15,0.0,0.0,False,0.004554623999865726,0,0,141,0,0.0,0.0,1,,,1,True,True,True,484.9976806640625,362.66126973502423,122.33641092903827,True,True,0,ML-Robust-MPC,125.09644321797936,237.5648265170449,112.82447326108064
447.0,127.16479301498175,235.31685080459857,1,0.0,0.0,0.0,84.51835618041969,0.0,0.15,0.0,0.0,False,0.004483395998249762,0,0,142,0,0.0,0.0,1,,,1,True,True,True,478.3467102050781,362.4816438195803,115.86506638549781,True,True,0,ML-Robust-MPC,127.16479301498175,235.31685080459857,112.29981336790668
432.0,128.06619312668673,235.0230378899605,1,0.0,0.0,0.0,68.9107689833528,0.0,0.15,0.0,0.0,False,0.004470070001843851,0,0,143,0,0.0,0.0,1,,,1,True,True,True,509.7590026855469,363.0892310166472,146.66977166889967,True,True,0,ML-Robust-MPC,128.06619312668673,235.0230378899605,110.29552755349457
452.5,131.01679463430463,234.98763399635035,1,0.0,0.0,0.0,86.49557136934504,0.0,0.15,0.0,0.0,False,0.004748127001221292,0,0,144,0,0.0,0.0,1,,,1,True,True,True,524.9990234375,366.00442863065496,158.99459480684504,True,True,0,ML-Robust-MPC,131.01679463430463,234.98763399635035,112.53037543434448
461.0,130.2218969427798,235.2137923102284,1,0.0,0.0,0.0,95.5643107469918,0.0,0.15,0.0,0.0,False,0.004410311994433869,0,0,145,0,0.0,0.0,1,,,1,True,True,True,539.5098876953125,365.4356892530082,174.0741984423043,True,True,0,ML-Robust-MPC,130.2218969427798,235.2137923102284,111.37490870735246
473.5,128.44267506458064,236.2183673861555,1,0.0,0.0,0.0,108.83895754926385,0.0,0.15,0.0,0.0,False,0.004637584002921358,0,0,146,0,0.0,0.0,1,,,1,True,True,True,556.9793090820312,364.66104245073615,192.3182666312951,True,True,0,ML-Robust-MPC,128.44267506458064,236.2183673861555,118.43383975508854
473.0,131.5314059402766,236.9337622906196,1,0.0,0.0,0.0,104.53483176910379,0.0,0.15,0.0,0.0,False,0.005042630000389181,0,0,147,0,0.0,0.0,1,,,1,True,True,True,586.0301513671875,368.4651682308962,217.5649831362913,True,True,0,ML-Robust-MPC,131.5314059402766,236.9337622906196,112.93959418388636
449.5,129.33399257582118,235.6207976436831,1,0.0,0.0,0.0,84.54520978049572,0.0,0.15,0.0,0.0,False,0.004079662998265121,0,0,148,0,0.0,0.0,1,,,1,True,True,True,628.8968505859375,364.9547902195043,263.9420603664332,True,True,0,ML-Robust-MPC,129.33399257582118,235.6207976436831,112.55787937733172
434.5,128.08156281676307,237.91171395455288,1,0.0,0.0,0.0,68.50672322868405,0.0,0.15,0.0,0.0,False,0.004116921001696028,0,0,149,0,0.0,0.0,1,,,1,True,True,True,636.6097412109375,365.99327677131595,270.61646443962155,True,True,0,ML-Robust-MPC,128.08156281676307,237.91171395455288,108.73998806430004
450.0,122.8966310705044,240.7363353478026,2,0.0,0.0,0.0,86.36703358169302,0.0,0.15,0.0,0.0,False,0.004274659004295245,1,0,150,0,0.0,0.0,1,,,2,True,True,False,633.102783203125,362.8966310705044,270.2061521326206,True,True,0,ML-Robust-MPC,122.8966310705044,240.7363353478026,107.1457166814906
434.0,125.93106552253836,241.00643603592152,2,0.0,0.0,0.0,67.06249844154013,0.0,0.15,0.0,0.0,False,0.004568641001242213,0,0,151,0,0.0,0.0,1,,,2,True,True,False,675.5657348632812,365.93106552253835,309.6346693407429,True,True,0,ML-Robust-MPC,125.93106552253836,241.00643603592152,105.87919176254913
440.5,125.93626940332706,240.3086014245962,2,0.0,0.0,0.0,74.25512917207675,0.0,0.15,0.0,0.0,False,0.004417399002704769,0,0,152,0,0.0,0.0,1,,,2,True,True,False,676.9607543945312,365.93626940332706,311.0244849912042,True,True,0,ML-Robust-MPC,125.93626940332706,240.3086014245962,113.69849363125944
448.0,127.28729690181387,242.23520195920068,2,0.0,0.0,0.0,78.47750113898542,0.0,0.15,0.0,0.0,False,0.004246698998031206,0,0,153,0,0.0,0.0,1,,,2,True,True,False,681.0995483398438,367.2872969018139,313.8122514380299,True,True,0,ML-Robust-MPC,127.28729690181387,242.23520195920068,107.28647069300244
471.0,129.81568519627817,241.86838140489888,2,0.0,0.0,0.0,99.31593339882295,0.0,0.15,0.0,0.0,False,0.00426241699460661,0,0,154,0,0.0,0.0,1,,,2,True,True,False,695.108154296875,369.8156851962782,325.2924691005968,True,True,0,ML-Robust-MPC,129.81568519627817,241.86838140489888,110.25774990669062
515.0,131.23164006378727,242.20758038256537,2,0.0,0.0,0.0,141.56077955364736,0.0,0.15,0.0,0.0,False,0.0082880310001201,0,0,155,0,0.0,0.0,1,,,2,True,True,False,733.3140258789062,371.23164006378727,362.082385815119,True,True,0,ML-Robust-MPC,131.23164006378727,242.20758038256537,111.84604795522732
468.5,133.3438538293575,243.7433082080798,2,0.0,0.0,0.0,91.41283796256266,0.0,0.15,0.0,0.0,False,0.009027055995829869,0,0,156,0,0.0,0.0,1,,,2,True,True,False,791.0419311523438,373.3438538293575,417.69807732298625,True,True,0,ML-Robust-MPC,133.3438538293575,243.7433082080798,108.55221564758202
499.0,130.14935583402212,241.3764942678313,2,0.0,0.0,0.0,127.4741498981466,0.0,0.15,0.0,0.0,False,0.009095961999264546,0,0,157,0,0.0,0.0,1,,,2,True,True,False,828.6991577148438,370.1493558340221,458.54980188082163,True,True,0,ML-Robust-MPC,130.14935583402212,241.3764942678313,111.26877224057004
554.0,132.435290389106,240.16393628868823,2,0.0,0.0,0.0,181.40077332220574,0.0,0.15,0.0,0.0,False,0.010053958001662977,0,0,158,0,0.0,0.0,1,,,2,True,True,False,863.8701171875,372.435290389106,491.434826798394,True,True,0,ML-Robust-MPC,132.435290389106,240.16393628868823,112.2509240035992
524.0,134.22183781655022,240.44261538034604,2,0.0,0.0,0.0,149.33554680310374,0.0,0.15,0.0,0.0,False,0.008833475003484637,0,0,159,0,0.0,0.0,1,,,2,True,True,False,978.0438232421875,374.2218378165502,603.8219854256373,True,True,0,ML-Robust-MPC,134.22183781655022,240.44261538034604,123.02454029937428
522.5,137.25739225895956,240.14589431639388,2,0.0,0.0,0.0,145.09671342464657,0.0,0.15,0.0,0.0,False,0.009543861000565812,0,0,160,0,0.0,0.0,1,,,2,True,True,False,1020.8109741210938,377.25739225895956,643.5535818621343,True,True,0,ML-Robust-MPC,137.25739225895956,240.14589431639388,120.5631291849318
584.0,137.4421420842057,243.6894859007684,2,0.0,0.0,0.0,202.8683720150259,0.0,0.15,0.0,0.0,False,0.0077261090045794845,0,0,161,0,0.0,0.0,1,,,2,True,True,False,1031.2364501953125,377.44214208420567,653.7943081111068,True,True,0,ML-Robust-MPC,137.4421420842057,243.6894859007684,113.21700941515536
605.5,138.66114701711442,244.29651210131163,2,0.0,0.0,0.0,222.54234088157398,0.0,0.15,0.0,0.0,False,0.0075906479978584684,0,0,162,0,0.0,0.0,1,,,2,True,True,False,1111.29443359375,378.66114701711444,732.6332865766356,True,True,0,ML-Robust-MPC,138.66114701711442,244.29651210131163,106.2410684596678
609.0,136.33309483656507,244.2376592784601,2,0.0,0.0,0.0,228.42924588497488,0.0,0.15,0.0,0.0,False,0.007502294996811543,0,0,163,0,0.0,0.0,1,,,2,True,True,False,1179.8887939453125,376.33309483656507,803.5556991087474,True,True,0,ML-Robust-MPC,136.33309483656507,244.2376592784601,108.90387326902066
623.5,139.4834363661159,244.55002047590145,2,0.0,0.0,0.0,239.46654315798264,0.0,0.15,0.0,0.0,False,0.007552444993052632,0,0,164,0,0.0,0.0,1,,,2,True,True,False,1206.926513671875,379.48343636611594,827.4430773057591,True,True,0,ML-Robust-MPC,139.4834363661159,244.55002047590145,107.80160759617088
669.5,138.6495817095666,245.7578477919424,2,0.0,0.0,0.0,285.092570498491,0.0,0.15,0.0,0.0,False,0.007663484997465275,0,0,165,0,0.0,0.0,1,,,2,True,True,False,1220.0289306640625,378.64958170956663,841.3793489544959,True,True,0,ML-Robust-MPC,138.6495817095666,245.7578477919424,107.19991643948336
699.5,138.57333134724007,244.4817578081926,2,0.0,0.0,0.0,316.4449108445673,0.0,0.15,0.0,0.0,False,0.00764301900198916,0,0,166,0,0.0,0.0,1,,,2,True,True,False,1268.7030029296875,378.57333134724007,890.1296715824474,True,True,0,ML-Robust-MPC,138.57333134724007,244.4817578081926,103.36996970250694
745.0,136.1233698550471,244.17787722957297,2,0.0,0.0,0.0,364.69875291537994,0.0,0.15,0.0,0.0,False,0.0075797739991685376,0,0,167,0,0.0,0.0,1,,,2,True,True,False,1281.2364501953125,376.1233698550471,905.1130803402655,True,True,0,ML-Robust-MPC,136.1233698550471,244.17787722957297,102.56872944180456
782.5,138.72767743902287,243.69259083618567,2,0.0,0.0,0.0,400.0797317247915,0.0,0.15,0.0,0.0,False,0.007748210002318956,0,0,168,0,0.0,0.0,1,,,2,True,True,False,1261.078369140625,378.72767743902284,882.3506917016022,True,True,0,ML-Robust-MPC,138.72767743902287,243.69259083618567,113.92635655306027
867.0,142.4092639517594,243.5804438094044,2,0.0,0.0,0.0,481.0102922388362,0.0,0.15,0.0,0.0,False,0.009819050996156875,0,0,169,0,0.0,0.0,1,,,2,True,True,False,1246.5445556640625,382.4092639517594,864.1352917123031,True,True,0,ML-Robust-MPC,142.4092639517594,243.5804438094044,112.62220261637928
861.5,141.4956454153596,245.38363549001627,2,0.0,0.0,0.0,474.6207190946241,0.0,0.15,0.0,0.0,False,0.0074797920024138875,0,0,170,0,0.0,0.0,1,,,2,True,True,False,1221.5804443359375,381.4956454153596,840.0847989205779,True,True,0,ML-Robust-MPC,141.4956454153596,245.38363549001627,98.5836697937284
911.0,142.7627000065605,241.6935326821304,2,0.0,0.0,0.0,526.5437673113091,0.0,0.15,0.0,0.0,False,0.009618156000215095,0,0,171,0,0.0,0.0,1,,,2,True,True,False,1251.151123046875,382.7627000065605,868.3884230403145,True,True,0,ML-Robust-MPC,142.7627000065605,241.6935326821304,98.95998810454462
1010.5,144.4006276978578,241.24756727514023,2,0.0,0.0,0.0,624.851805027002,0.0,0.15,0.0,0.0,False,0.009717428001749795,0,0,172,0,0.0,0.0,1,,,2,True,True,False,1245.74169921875,384.4006276978578,861.3410715208922,True,True,0,ML-Robust-MPC,144.4006276978578,241.24756727514023,99.72805764548656
1052.5,144.29746925523094,242.3519743872436,2,0.0,0.0,0.0,665.8505563575254,0.0,0.15,0.0,0.0,False,0.009523977001663297,0,0,173,0,0.0,0.0,1,,,2,True,True,False,1263.5499267578125,384.2974692552309,879.2524575025816,True,True,0,ML-Robust-MPC,144.29746925523094,242.3519743872436,98.44941877632068
1125.5,145.68820359123006,241.189916942179,2,0.0,0.0,0.0,738.6218794665909,0.0,0.15,0.0,0.0,False,0.008879827000782825,0,0,174,0,0.0,0.0,1,,,2,True,True,False,1275.969482421875,385.68820359123004,890.281278830645,True,True,0,ML-Robust-MPC,145.68820359123006,241.189916942179,99.44911106057282
1201.0,143.31735150510218,240.3969185739692,2,0.0,0.0,0.0,817.2857299209286,0.0,0.15,0.0,0.0,False,0.009789529998670332,0,0,175,0,0.0,0.0,1,,,2,True,True,False,1251.0948486328125,383.3173515051022,867.7774971277104,True,True,0,ML-Robust-MPC,143.31735150510218,240.3969185739692,92.83146480756513
1249.5,145.89164154071273,239.09826023853608,1,0.0,0.0,0.0,864.5100982207512,0.0,0.15,0.0,0.0,False,0.004368677000456955,0,0,176,0,0.0,0.0,1,,,1,True,True,True,1262.485595703125,384.98990177924884,877.4956939238762,True,True,0,ML-Robust-MPC,145.89164154071273,239.09826023853608,94.36675033443248
1250.0,143.92200786423734,240.13808124689643,2,0.0,0.0,0.0,865.9399108888663,0.0,0.15,0.0,0.0,False,0.004303257999708876,1,0,177,0,0.0,0.0,1,,,2,True,True,False,1269.350830078125,383.92200786423734,885.4288222138877,True,True,0,ML-Robust-MPC,143.92200786423734,240.13808124689643,88.31145903065315
1241.0,142.04054369166226,239.5851612306096,1,0.0,0.0,0.0,859.3742950777281,0.0,0.15,0.0,0.0,False,0.004521732997091021,0,0,178,0,0.0,0.0,1,,,1,True,True,True,1251.25830078125,381.6257049222719,869.6325958589781,True,True,0,ML-Robust-MPC,142.04054369166226,239.5851612306096,92.68956953450274
1189.5,136.98002172178334,238.96173740116944,1,0.0,0.0,0.0,813.5582408770472,0.0,0.15,0.0,0.0,False,0.004249953999533318,0,0,179,0,0.0,0.0,1,,,1,True,True,True,1241.0,375.9417591229528,865.0582408770472,True,True,0,ML-Robust-MPC,136.98002172178334,238.96173740116944,97.41423393139571
1167.5,136.537653654383,237.98157476594443,1,0.0,0.0,0.0,792.9807715796726,0.0,0.15,0.0,0.0,False,0.004183735996775795,0,0,180,0,0.0,0.0,1,,,1,True,True,True,1189.5,374.5192284203274,814.9807715796726,True,True,0,ML-Robust-MPC,136.537653654383,237.98157476594443,94.35759400018924
1107.5,139.9383358910869,238.9140145129589,1,0.0,0.0,0.0,728.6476495959542,0.0,0.15,0.0,0.0,False,0.004219075002765749,0,0,181,0,0.0,0.0,1,,,1,True,True,True,1167.5,378.85235040404575,788.6476495959542,True,True,0,ML-Robust-MPC,139.9383358910869,238.9140145129589,92.2645891093088
1020.5,142.55810343602013,238.32237015003685,1,0.0,0.0,0.0,639.619526413943,0.0,0.15,0.0,0.0,False,0.004191780994005967,0,0,182,0,0.0,0.0,1,,,1,True,True,True,1107.5,380.88047358605695,726.619526413943,True,True,0,ML-Robust-MPC,142.55810343602013,238.32237015003685,94.91196444489309
974.5,141.47007903324848,237.7475221522632,1,0.0,0.0,0.0,595.2823988144883,0.0,0.15,0.0,0.0,False,0.004814742002054118,0,0,183,0,0.0,0.0,1,,,1,True,True,True,1020.5,379.2176011855117,641.2823988144883,True,True,0,ML-Robust-MPC,141.47007903324848,237.7475221522632,98.20838662088208
903.5,142.13242925297234,238.6683982021944,1,0.0,0.0,0.0,522.6991725448332,0.0,0.15,0.0,0.0,False,0.004374837997602299,0,0,184,0,0.0,0.0,1,,,1,True,True,True,974.5,380.80082745516677,593.6991725448332,True,True,0,ML-Robust-MPC,142.13242925297234,238.6683982021944,94.55349476289972
883.0,141.48346438190438,239.1242599563189,1,0.0,0.0,0.0,502.3922756617767,0.0,0.15,0.0,0.0,False,0.004204409000521991,0,0,185,0,0.0,0.0,1,,,1,True,True,True,903.5,380.6077243382233,522.8922756617767,True,True,0,ML-Robust-MPC,141.48346438190438,239.1242599563189,98.64009086499932
850.5,140.59924148820392,239.94094794383747,1,0.0,0.0,0.0,469.9598105679586,0.0,0.15,0.0,0.0,False,0.005140474000654649,0,0,186,0,0.0,0.0,1,,,1,True,True,True,883.0,380.5401894320414,502.4598105679586,True,True,0,ML-Robust-MPC,140.59924148820392,239.94094794383747,100.52260727014465
794.5,140.92085563648098,239.85312094708783,1,0.0,0.0,0.0,413.7260234164312,0.0,0.15,0.0,0.0,False,0.004571589997794945,0,0,187,0,0.0,0.0,1,,,1,True,True,True,850.5,380.7739765835688,469.7260234164312,True,True,0,ML-Robust-MPC,140.92085563648098,239.85312094708783,103.81609321618352
756.5,136.56658469093284,241.62531922993853,2,0.0,0.0,0.0,378.30809607912863,0.0,0.15,0.0,0.0,False,0.004423377999046352,1,0,188,0,0.0,0.0,1,,,2,True,True,False,794.5,376.5665846909328,417.9334153090672,True,True,0,ML-Robust-MPC,136.56658469093284,241.62531922993853,107.79291239639376
716.0,136.33706293093567,241.1643428641703,2,0.0,0.0,0.0,338.49859420489406,0.0,0.15,0.0,0.0,False,0.006834856001660228,0,0,189,0,0.0,0.0,1,,,2,True,True,False,756.5,376.33706293093564,380.16293706906436,True,True,0,ML-Robust-MPC,136.33706293093567,241.1643428641703,97.3373159668146
671.0,135.80446475215228,240.8884799323259,2,0.0,0.0,0.0,294.3070553155218,0.0,0.15,0.0,0.0,False,0.007356030000664759,0,0,190,0,0.0,0.0,1,,,2,True,True,False,716.0,375.8044647521523,340.1955352478477,True,True,0,ML-Robust-MPC,135.80446475215228,240.8884799323259,102.90817999964456
654.0,136.60473591192127,238.77756557003167,1,0.0,0.0,0.0,278.61769851804706,0.0,0.15,0.0,0.0,False,0.0044268619967624545,0,0,191,0,0.0,0.0,1,,,1,True,True,True,671.0,375.38230148195294,295.61769851804706,True,True,0,ML-Robust-MPC,136.60473591192127,238.77756557003167,105.20643185057494
642.0,133.58939439801154,241.60713249590583,2,0.0,0.0,0.0,266.8034731060826,0.0,0.15,0.0,0.0,False,0.004354354001407046,1,0,192,0,0.0,0.0,1,,,2,True,True,False,654.0,373.58939439801156,280.41060560198844,True,True,0,ML-Robust-MPC,133.58939439801154,241.60713249590583,97.84713925960712
638.0,135.22222370223653,241.40657052202533,2,0.0,0.0,0.0,261.37120577573813,0.0,0.15,0.0,0.0,False,0.004193694003333803,0,0,193,0,0.0,0.0,1,,,2,True,True,False,642.0,375.22222370223653,266.77777629776347,True,True,0,ML-Robust-MPC,135.22222370223653,241.40657052202533,107.608118481335
561.0,133.67093141265104,243.0673733946004,2,0.0,0.0,0.0,184.26169519274856,0.0,0.15,0.0,0.0,False,0.0052716170030180365,0,0,194,0,0.0,0.0,1,,,2,True,True,False,638.0,373.67093141265104,264.32906858734896,True,True,0,ML-Robust-MPC,133.67093141265104,243.0673733946004,105.87407247250334
548.0,135.40355175287752,244.34213650734168,2,0.0,0.0,0.0,168.2543117397808,0.0,0.15,0.0,0.0,False,0.004371356997580733,0,0,195,0,0.0,0.0,1,,,2,True,True,False,579.1807250976562,375.40355175287755,203.7771733447787,True,True,0,ML-Robust-MPC,135.40355175287752,244.34213650734168,108.8465810907786
495.5,135.73804366893748,245.114579781074,2,0.0,0.0,0.0,114.64737654998851,0.0,0.15,0.0,0.0,False,0.0043121500057168305,0,0,196,0,0.0,0.0,1,,,2,True,True,False,550.2730712890625,375.7380436689375,174.535027620125,True,True,0,ML-Robust-MPC,135.73804366893748,245.114579781074,111.52321610011693
526.0,386.0,240.0,2,-100.0,100.0,0.0,0.0,0.0,0.15099206349206348,0.0,100.0,False,0.004295749997254461,0,0,197,0,0.0,0.0,1,,,0,True,False,False,522.1348876953125,1423.3961606667503,-901.2612729714378,True,True,0,ML-Robust-MPC,1183.3961606667503,805.2772864111954,494.76765506154175
473.0,273.0,300.0,2,-100.0,100.0,0.0,0.0,0.0,0.15198412698412697,0.0,100.0,False,0.004246012002113275,0,0,198,0,0.0,0.0,1,,,0,True,False,False,526.0,1421.6255126104568,-895.6255126104568,True,True,0,ML-Robust-MPC,1181.6255126104568,803.998449632751,496.0484209961874
490.0,350.0,240.00000000000003,2,-100.0,100.0,0.0,0.0,0.0,0.15297619047619046,0.0,100.0,False,0.004208951999316923,0,0,199,0,0.0,0.0,1,,,0,True,False,False,496.6029357910156,1424.8862105298888,-928.2832747388732,True,True,0,ML-Robust-MPC,1184.8862105298888,803.0956322770677,495.0280643159933
505.0,214.25000000000097,240.0,1,50.749999999999034,0.0,50.749999999999034,0.0,0.0,0.1524183265180495,100.0,0.0,False,0.004665353000746109,0,1,200,0,0.0,0.0,1,,,0,True,False,False,490.0,1425.2824972356907,-935.2824972356907,True,True,0,ML-Robust-MPC,1185.2824972356907,800.081658986476,495.2650686209459
448.5,162.65570068359287,240.0,1,45.84429931640713,0.0,45.84429931640713,0.0,0.0,0.15191438795105738,100.0,0.0,False,0.003965320000133943,0,0,201,0,0.0,0.0,1,,,0,True,False,False,505.0,1425.7634529591935,-920.7634529591935,True,True,0,ML-Robust-MPC,1185.7634529591935,798.7651263043977,495.17224690772855
441.5,171.38403320312594,240.0,1,30.11596679687409,0.0,30.11596679687409,0.0,0.0,0.15158334140050475,100.0,0.0,False,0.005000869998184498,0,0,202,0,0.0,0.0,1,,,0,True,False,False,482.5736389160156,1430.995504437812,-948.4218655217965,True,True,0,ML-Robust-MPC,1190.995504437812,801.1688313570556,494.3703857885017
465.0,210.9602661132813,240.0,1,14.039733886718665,0.0,14.039733886718665,0.0,0.0,0.151429011124302,100.0,0.0,False,0.005531037000764627,0,0,203,0,0.0,0.0,1,,,0,True,False,False,465.96881103515625,1426.8520646124302,-960.883253577274,True,True,0,ML-Robust-MPC,1186.8520646124302,801.78106373787,495.4789967209352
461.5,431.7769470214841,0.0,0,29.72305297851591,0.0,29.72305297851591,0.0,0.0,0.15110228363695954,100.0,0.0,False,0.00475445300253341,0,1,204,0,0.0,0.0,1,,,0,True,False,False,468.9534912109375,1427.8960590850322,-958.9425678740947,True,True,0,ML-Robust-MPC,1187.8960590850322,801.1183004959242,497.4149434679137
449.0,461.1910400390627,0.0,0,-12.191040039062699,12.191040039062699,0.0,0.0,0.0,0.15122322649448994,87.8089599609373,12.191040039062699,False,0.004240463000314776,0,0,205,0,0.0,0.0,1,,,0,True,False,False,462.1796569824219,1426.3473762240546,-964.1677192416328,True,True,0,ML-Robust-MPC,1186.3473762240546,799.9790220646703,496.1857046978208
436.0,441.9533053588859,0.0,0,-5.9533053588859275,5.9533053588859275,0.0,0.0,0.0,0.1512822870635265,94.04669464111407,5.9533053588859275,False,0.0038262519956333563,0,0,206,0,0.0,0.0,1,,,0,True,False,False,460.0802001953125,1427.4487325340228,-967.3685323387103,True,True,0,ML-Robust-MPC,1187.4487325340228,799.3512672016063,497.5205931973108
434.5,427.4625273506163,0.0,0,7.037472649383687,0.0,7.037472649383687,0.0,0.0,0.1512049283965808,100.0,0.0,False,0.004170831998635549,0,0,207,0,0.0,0.0,1,,,0,True,False,False,472.5013732910156,1426.4205443349415,-953.9191710439259,True,True,0,ML-Robust-MPC,1186.4205443349415,798.9836833426392,497.7212882941149
422.5,430.91864013671864,0.0,0,-8.418640136718636,8.418640136718636,0.0,0.0,0.0,0.1512884466519054,91.58135986328136,8.418640136718636,False,0.005090708997158799,0,0,208,0,0.0,0.0,1,,,0,True,False,False,474.342529296875,1427.5426182451745,-953.2000889482995,True,True,0,ML-Robust-MPC,1187.5426182451745,799.0245787719971,497.4189738024331
376.5,416.6709761047354,0.0,0,-40.170976104735416,40.170976104735416,0.0,0.0,0.0,0.15168696824024605,59.829023895264584,40.170976104735416,False,0.004065131004608702,0,0,209,0,0.0,0.0,1,,,0,True,False,False,497.0696716308594,1426.4555437005745,-929.3858720697151,True,True,0,ML-Robust-MPC,1186.4555437005745,799.8929344215953,495.4584311368052
417.5,364.0331252483358,0.0,0,53.46687475166419,0.0,53.46687475166419,0.0,0.0,0.15109923932638614,100.0,0.0,False,0.004322807006246876,0,0,210,0,0.0,0.0,1,,,0,True,False,False,497.1124572753906,1427.1815554936852,-930.0690982182946,True,True,0,ML-Robust-MPC,1187.1815554936852,800.7380024357693,494.9299094843272
401.0,424.55038452148426,0.0,0,-23.55038452148426,23.55038452148426,0.0,0.0,0.0,0.15133287409346435,76.44961547851574,23.55038452148426,False,0.004517923000094015,0,0,211,0,0.0,0.0,1,,,0,True,False,False,502.60968017578125,1429.7683209895315,-927.1586408137503,True,True,0,ML-Robust-MPC,1189.7683209895315,802.9092353575289,495.9830541067662
432.0,410.74577796936035,0.0,0,21.254222030639653,0.0,21.254222030639653,0.0,0.0,0.15109923932638614,100.0,0.0,False,0.004743628996948246,0,0,212,0,0.0,0.0,1,,,0,True,False,False,498.4423828125,1436.1222709977828,-937.6798881852828,True,True,0,ML-Robust-MPC,1196.1222709977828,802.1034961530845,496.77994511930666
401.0,435.8235778808593,0.0,0,-34.82357788085932,34.82357788085932,0.0,0.0,0.0,0.15144471132917245,65.17642211914068,34.82357788085932,False,0.0044980519960517995,0,0,213,0,0.0,0.0,1,,,0,True,False,False,527.427978515625,1437.2641530078895,-909.8361744922645,True,True,0,ML-Robust-MPC,1197.2641530078895,802.6135594821158,494.1539134321942
392.0,389.5255783843985,0.0,0,2.4744216156015,0.0,2.4744216156015,0.0,0.0,0.15141751151367316,100.0,0.0,False,0.004291866003768519,0,0,214,0,0.0,0.0,1,,,0,True,False,False,532.5401000976562,1436.8502237819578,-904.3101236843015,True,True,0,ML-Robust-MPC,1196.8502237819578,803.980991232332,493.3358392127623
412.0,387.38833618164006,0.0,0,24.611663818359943,0.0,24.611663818359943,0.0,0.0,0.1511469704261038,100.0,0.0,False,0.003962568996939808,0,0,215,0,0.0,0.0,1,,,0,True,False,False,561.9486083984375,1441.1144487502852,-879.1658403518477,True,True,0,ML-Robust-MPC,1201.1144487502852,802.3628346830975,494.1833883988396
410.5,420.1989746093743,0.0,0,-9.698974609374318,9.698974609374318,0.0,0.0,0.0,0.1512431904123079,90.30102539062568,9.698974609374318,False,0.005243116000201553,0,0,216,0,0.0,0.0,1,,,0,True,False,False,570.0628662109375,1443.2463103335483,-873.1834441226108,True,True,0,ML-Robust-MPC,1203.2463103335483,802.7994533359863,494.93992759218935
449.5,436.4044818115244,0.0,0,13.09551818847558,0.0,13.09551818847558,0.0,0.0,0.15109923932638614,100.0,0.0,False,0.004117475000384729,0,0,217,0,0.0,0.0,1,,,0,True,False,False,602.4552001953125,1438.9394543138385,-836.484254118526,True,True,0,ML-Robust-MPC,1198.9394543138385,801.6490569130863,495.4917588282732
433.0,456.46856689453114,0.0,0,-23.468566894531136,23.468566894531136,0.0,0.0,0.0,0.15133206241065728,76.53143310546886,23.468566894531136,False,0.003943165997043252,0,0,218,0,0.0,0.0,1,,,0,True,False,False,655.2972412109375,1440.4700328272804,-785.1727916163429,True,True,0,ML-Robust-MPC,1200.4700328272804,801.7214159428161,496.3019494112579
486.5,465.31961837768586,0.0,0,21.180381622314158,0.0,21.180381622314158,0.0,0.0,0.15109923932638614,100.0,0.0,False,0.0047044340026332065,0,0,219,0,0.0,0.0,1,,,0,True,False,False,673.8095092773438,1439.2045311398338,-765.39502186249,True,True,0,ML-Robust-MPC,1199.2045311398338,801.8888427186811,495.5138963725994
465.5,490.379669189453,0.0,0,-24.87966918945301,24.87966918945301,0.0,0.0,0.0,0.15134606144136087,75.12033081054699,24.87966918945301,False,0.0049672250024741516,0,0,220,0,0.0,0.0,1,,,0,True,False,False,727.6775512695312,1434.957175283269,-707.2796240137377,True,True,0,ML-Robust-MPC,1194.957175283269,806.4335069550676,496.0416275526044
446.5,464.9400194549561,0.0,0,-18.440019454956087,18.440019454956087,0.0,0.0,0.0,0.1515289981423029,81.55998054504391,18.440019454956087,False,0.004099220997886732,0,0,221,0,0.0,0.0,1,,,0,True,False,False,783.7406005859375,1435.8603285790032,-652.1197279930657,True,True,0,ML-Robust-MPC,1195.8603285790032,806.0149319471502,497.311857953537
473.0,443.4222305101398,0.0,0,29.577769489860202,0.0,29.577769489860202,0.0,0.0,0.1512038676682025,100.0,0.0,False,0.005149497003003489,0,0,222,0,0.0,0.0,1,,,0,True,False,False,766.1043090820312,1435.2032685437898,-669.0989594617586,True,True,0,ML-Robust-MPC,1195.2032685437898,807.8342579102058,497.4920733748192
535.0,525.4817504882806,0.0,0,9.518249511719489,0.0,9.518249511719489,0.0,0.0,0.15109923932638614,100.0,0.0,False,0.0047573990013916045,0,0,223,0,0.0,0.0,1,,,0,True,False,False,831.3955078125,1439.358936410357,-607.963428597857,True,True,0,ML-Robust-MPC,1199.358936410357,807.3821342647234,496.8721671571223
519.5,545.9008178710936,0.0,0,-26.400817871093636,26.400817871093636,0.0,0.0,0.0,0.15136115220209143,73.59918212890636,26.400817871093636,False,0.0042845959978876635,0,0,224,0,0.0,0.0,1,,,0,True,False,False,910.757568359375,1436.977141099088,-526.2195727397129,True,True,0,ML-Robust-MPC,1196.977141099088,808.6106189140055,497.5983911946383
563.5,539.6732618713384,0.0,0,23.826738128661674,0.0,23.826738128661674,0.0,0.0,0.15109923932638614,100.0,0.0,False,0.003800512000452727,0,0,225,0,0.0,0.0,1,,,0,True,False,False,983.9984130859375,1436.777216722147,-452.77880363620943,True,True,0,ML-Robust-MPC,1196.777216722147,808.4803914741594,497.13441423890737
556.5,594.4533081054686,0.0,0,-37.953308105468636,37.953308105468636,0.0,0.0,0.0,0.15147576024013087,62.046691894531364,37.953308105468636,False,0.0047506539995083585,0,0,226,0,0.0,0.0,1,,,0,True,False,False,1048.8551025390625,1440.3034789751796,-391.4483764361171,True,True,0,ML-Robust-MPC,1200.3034789751796,807.5061509042292,494.7842975990801
582.0,578.6859256841067,0.0,0,3.3140743158933645,0.0,3.3140743158933645,0.0,0.0,0.15143933063194492,100.0,0.0,False,0.004552382000838406,0,0,227,0,0.0,0.0,1,,,0,True,False,False,1097.93408203125,1439.9847977350807,-342.05071570383075,True,True,0,ML-Robust-MPC,1199.9847977350807,806.6274239995199,495.0348556094935
623.0,681.738128003346,0.0,0,-58.738128003345935,58.738128003345935,0.0,0.0,0.0,0.15202205015578765,41.261871996654065,58.738128003345935,False,0.004640521998226177,0,0,228,0,0.0,0.0,1,,,0,True,False,False,1148.04345703125,1442.1322765162583,-294.08881948500834,True,True,0,ML-Robust-MPC,1202.1322765162583,806.3058439916337,494.9749846629858
661.5,761.5,0.0,0,-100.0,100.0,0.0,0.0,0.0,0.15301411364785114,0.0,100.0,False,0.00439671499771066,0,0,229,0,0.0,0.0,1,,,0,True,False,False,1189.603271484375,1440.914428870146,-251.3111573857709,True,True,0,ML-Robust-MPC,1200.914428870146,805.7247422518651,494.8068462862381
703.0,803.0,0.0,0,-100.0,100.0,0.0,0.0,0.0,0.15400617713991463,0.0,100.0,False,0.004916782992950175,0,0,230,0,0.0,0.0,1,,,0,True,False,False,1236.1422119140625,1444.060313606381,-207.9181016923185,True,True,0,ML-Robust-MPC,1204.060313606381,806.7882685279002,495.85177489226425
708.5,808.5,0.0,0,-100.0,100.0,0.0,0.0,0.0,0.15499824063197812,0.0,100.0,False,0.005038782997871749,0,0,231,0,0.0,0.0,1,,,0,True,False,False,1258.549560546875,1442.4983897067896,-183.94882915991457,True,True,0,ML-Robust-MPC,1202.4983897067896,809.1271388737478,495.5503578252475
688.0,788.0,0.0,0,-100.0,100.0,0.0,0.0,0.0,0.1559903041240416,0.0,100.0,False,0.005792395000753459,0,0,232,0,0.0,0.0,1,,,0,True,False,False,1264.56640625,1438.3891338754242,-173.82272762542425,True,True,0,ML-Robust-MPC,1198.3891338754242,810.2806422740465,493.04084836648406
765.5,865.5,0.0,0,-100.0,100.0,0.0,0.0,0.0,0.1569823676161051,0.0,100.0,False,0.004289168995455839,0,0,233,0,0.0,0.0,1,,,0,True,False,False,1253.84375,1441.281474032406,-187.4377240324061,True,True,0,ML-Robust-MPC,1201.281474032406,807.4857080067583,493.3425707752824
836.0,936.0,0.0,0,-100.0,100.0,0.0,0.0,0.0,0.15797443110816858,0.0,100.0,False,0.005137854997883551,0,0,234,0,0.0,0.0,1,,,0,True,False,False,1246.029052734375,1444.3245108149808,-198.29545808060584,True,True,0,ML-Robust-MPC,1204.3245108149808,807.3030003037808,496.2299789242661
852.0,952.0,0.0,0,-100.0,100.0,0.0,0.0,0.0,0.15896649460023207,0.0,100.0,False,0.004620517996954732,0,0,235,0,0.0,0.0,1,,,0,True,False,False,1233.9188232421875,1439.6712806747369,-205.75245743254936,True,True,0,ML-Robust-MPC,1199.6712806747369,808.1477209099005,497.9298668797659
880.0,980.0,0.0,0,-100.0,100.0,0.0,0.0,0.0,0.15995855809229556,0.0,100.0,False,0.004944132997479755,0,0,236,0,0.0,0.0,1,,,0,True,False,False,1229.4476318359375,1439.8764799903056,-210.4288481543681,True,True,0,ML-Robust-MPC,1199.8764799903056,806.1274164417158,498.0240666314259
948.0,1048.0,0.0,0,-100.0,100.0,0.0,0.0,0.0,0.16095062158435905,0.0,100.0,False,0.004379385994980112,0,0,237,0,0.0,0.0,1,,,0,True,False,False,1240.618896484375,1439.136937693946,-198.51804120957104,True,True,0,ML-Robust-MPC,1199.136937693946,807.7414282707223,499.1624638864404
1019.0,1117.1824244337547,0.0,0,-98.1824244337546,98.1824244337546,0.0,0.0,0.0,0.16192465357278915,1.8175755662453916,98.1824244337546,False,0.00448001800396014,0,0,238,0,0.0,0.0,1,,,0,True,False,False,1267.635986328125,1438.732919495416,-171.0969331672909,True,True,0,ML-Robust-MPC,1198.732919495416,808.5486451684283,500.0
1060.5,1160.5,0.0,0,-100.0,100.0,0.0,0.0,0.0,0.16291671706485264,0.0,100.0,False,0.004245265998179093,0,0,239,0,0.0,0.0,1,,,0,True,False,False,1263.223876953125,1439.0887097910595,-175.8648328379345,True,True,0,ML-Robust-MPC,1199.0887097910595,806.3055883344824,500.0
1100.5,1197.9002743884796,0.0,0,-97.4002743884796,97.4002743884796,0.0,0.0,0.0,0.16388298962823042,0.0,97.4002743884796,False,0.005322293000062928,0,0,240,0,0.0,0.0,1,,,0,True,False,False,1233.470458984375,1437.9002743884796,-204.4298154041046,True,True,0,ML-Robust-MPC,1197.9002743884796,805.3424744802423,500.0
1157.0,1194.5552071871698,0.0,0,-37.5552071871698,37.5552071871698,0.0,0.0,0.0,0.16425556112810313,0.0,37.5552071871698,False,0.005832538001413923,0,0,241,0,0.0,0.0,1,,,0,True,False,False,1228.2796630859375,1434.5552071871698,-206.2755441012323,True,True,0,ML-Robust-MPC,1194.5552071871698,806.0903501348748,500.0
1244.0,1195.1639169834784,0.0,0,48.83608301652157,0.0,48.83608301652157,0.0,0.0,0.16371873569811896,0.0,0.0,False,0.004957377997925505,0,0,242,0,0.0,0.0,1,,,0,True,False,False,1236.397705078125,1435.1639169834784,-198.76621190535343,True,True,0,ML-Robust-MPC,1195.1639169834784,806.0320809031576,500.0
1253.5,1192.1662844823286,0.0,0,61.33371551767141,0.0,61.33371551767141,0.0,0.0,0.1630445313768149,0.0,0.0,False,0.0047184729992295615,0,0,243,0,0.0,0.0,1,,,0,True,False,False,1246.7451171875,1432.1662844823286,-185.4211672948286,True,True,0,ML-Robust-MPC,1192.1662844823286,805.7177479632348,500.0
1250.5,1191.2122819298509,0.0,0,59.28771807014914,0.0,59.28771807014914,0.0,0.0,0.1623928174640709,0.0,0.0,False,0.005400740003096871,0,0,244,0,0.0,0.0,1,,,0,True,False,False,1253.5,1431.2122819298509,-177.71228192985086,True,True,0,ML-Robust-MPC,1191.2122819298509,802.8302038446593,500.0
1187.5,1189.7051346487626,0.0,0,-2.2051346487626233,2.2051346487626233,0.0,0.0,0.0,0.1624146937998721,0.0,2.2051346487626233,False,0.004530708996753674,0,0,245,0,0.0,0.0,1,,,0,True,False,False,1250.5,1429.7051346487626,-179.20513464876262,True,True,0,ML-Robust-MPC,1189.7051346487626,803.1218637326107,499.779737358389
1158.0,1191.0219764332753,0.0,0,-33.02197643327531,33.02197643327531,0.0,0.0,0.0,0.16274229277242444,0.0,33.02197643327531,False,0.0046818180053378455,0,0,246,0,0.0,0.0,1,,,0,True,False,False,1187.5,1431.0219764332753,-243.5219764332753,True,True,0,ML-Robust-MPC,1191.0219764332753,800.8688015377875,498.77437772777927
1088.0,1188.0,0.0,0,-100.0,100.0,0.0,0.0,0.0,0.16373435626448793,0.0,100.0,False,0.004873218000284396,0,0,247,0,0.0,0.0,1,,,0,True,False,False,1158.0,1428.3174813502956,-270.31748135029557,True,True,0,ML-Robust-MPC,1188.3174813502956,800.0056542056574,499.0435370356384
972.5,1072.5,0.0,0,-100.0,100.0,0.0,0.0,0.0,0.16472641975655142,0.0,100.0,False,0.005342011994798668,0,0,248,0,0.0,0.0,1,,,0,True,False,False,1088.0,1430.2025274261127,-342.20252742611274,True,True,0,ML-Robust-MPC,1190.2025274261127,797.6882744025195,498.9982581768446
926.5,1026.5,0.0,0,-100.0,100.0,0.0,0.0,0.0,0.1657184832486149,0.0,100.0,False,0.004804498006706126,0,0,249,0,0.0,0.0,1,,,0,True,False,False,972.5,1427.7775438233916,-455.2775438233916,True,True,0,ML-Robust-MPC,1187.7775438233916,799.7186856957381,499.36162622440287
880.5,542.2857519531246,0.0,0,338.21424804687535,0.0,338.21424804687535,0.0,0.0,0.16200069922664248,100.0,0.0,False,0.004363619002106134,0,0,250,0,0.0,0.0,1,,,0,True,False,False,926.5,1430.3550158249666,-503.8550158249666,True,True,0,ML-Robust-MPC,1190.3550158249666,799.5000398366424,500.0
815.0,915.0,0.0,0,-100.0,100.0,0.0,0.0,0.0,0.16299276271870597,0.0,100.0,False,0.004500531002122443,0,0,251,0,0.0,0.0,1,,,0,True,False,False,880.5,1429.342977665514,-548.8429776655139,True,True,0,ML-Robust-MPC,1189.342977665514,797.7333917900719,500.0
794.0,894.0,0.0,0,-100.0,100.0,0.0,0.0,0.0,0.16398482621076946,0.0,100.0,False,0.004232876002788544,0,0,252,0,0.0,0.0,1,,,0,True,False,False,815.0,1431.959429513782,-616.959429513782,True,True,0,ML-Robust-MPC,1191.959429513782,799.9084601492648,500.0
718.0,818.0,0.0,0,-100.0,100.0,0.0,0.0,0.0,0.16497688970283295,0.0,100.0,False,0.00426750400220044,0,0,253,0,0.0,0.0,1,,,0,True,False,False,794.0,1430.3661893713768,-636.3661893713768,True,True,0,ML-Robust-MPC,1190.3661893713768,798.6233368059592,499.905908874717
698.5,351.4160620117184,0.0,0,347.0839379882816,0.0,347.0839379882816,0.0,0.0,0.16116160656089606,100.0,0.0,False,0.004320631000155117,0,0,254,0,0.0,0.0,1,,,0,True,False,False,718.0,1429.906609081719,-711.9066090817189,True,True,0,ML-Robust-MPC,1189.906609081719,796.111267956075,499.89399425014
698.0,798.0,0.0,0,-100.0,100.0,0.0,0.0,0.0,0.16215367005295955,0.0,100.0,False,0.004212842999550048,0,0,255,0,0.0,0.0,1,,,0,True,False,False,698.5,1431.955106783417,-733.455106783417,True,True,0,ML-Robust-MPC,1191.955106783417,794.8349107159039,498.60190826789886
628.5,728.5,0.0,0,-100.0,100.0,0.0,0.0,0.0,0.16314573354502304,0.0,100.0,False,0.004002597997896373,0,0,256,0,0.0,0.0,1,,,0,True,False,False,698.0,1435.2784700902037,-737.2784700902037,True,True,0,ML-Robust-MPC,1195.2784700902037,795.2133716273337,496.7794922146988
601.0,701.0,0.0,0,-100.0,100.0,0.0,0.0,0.0,0.16413779703708653,0.0,100.0,False,0.00405985199904535,0,0,257,0,0.0,0.0,1,,,0,True,False,False,629.6048583984375,1439.5494531273514,-809.9445947289139,True,True,0,ML-Robust-MPC,1199.5494531273514,795.4909992944761,497.80796373324495
602.5,702.5,0.0,0,-100.0,100.0,0.0,0.0,0.0,0.16512986052915002,0.0,100.0,False,0.0041865259991027415,0,0,258,0,0.0,0.0,1,,,0,True,False,False,601.0,1438.6565385178826,-837.6565385178826,True,True,0,ML-Robust-MPC,1198.6565385178826,798.4277150835101,498.0306851342439
586.5,233.76365722656215,0.0,0,352.73634277343785,0.0,352.73634277343785,0.0,0.0,0.16125244393092816,100.0,0.0,False,0.0041600679978728294,0,0,259,0,0.0,0.0,1,,,0,True,False,False,602.5,1442.975929411908,-840.475929411908,True,True,0,ML-Robust-MPC,1202.975929411908,796.8174227154171,497.54820063903264
530.0,630.0,0.0,0,-100.0,100.0,0.0,0.0,0.0,0.16224450742299165,0.0,100.0,False,0.004529678997641895,0,0,260,0,0.0,0.0,1,,,0,True,False,False,586.5,1442.721841512779,-856.2218415127791,True,True,0,ML-Robust-MPC,1202.721841512779,795.6924900563848,496.936761287313
490.0,590.0,0.0,0,-100.0,100.0,0.0,0.0,0.0,0.16323657091505514,0.0,100.0,False,0.004518896996160038,0,0,261,0,0.0,0.0,1,,,0,True,False,False,550.0845336914062,1443.3272329286349,-893.2426992372286,True,True,0,ML-Robust-MPC,1203.3272329286349,796.6383178440926,496.93629442120897
522.5,622.5,0.0,0,-100.0,100.0,0.0,0.0,0.0,0.16422863440711863,0.0,100.0,False,0.005025039004976861,0,0,262,0,0.0,0.0,1,,,0,True,False,False,518.8345947265625,1441.08082279891,-922.2462280723475,True,True,0,ML-Robust-MPC,1201.08082279891,797.155684482747,496.5766801034534
487.0,587.0,0.0,0,-100.0,100.0,0.0,0.0,0.0,0.16522069789918212,0.0,100.0,False,0.004219660004309844,0,0,263,0,0.0,0.0,1,,,0,True,False,False,522.5,1440.3697318719746,-917.8697318719746,True,True,0,ML-Robust-MPC,1200.3697318719746,798.3269266041847,497.1973031819522
515.0,160.13999999999965,0.0,0,354.86000000000035,0.0,354.86000000000035,0.0,0.0,0.16131993722556826,100.0,0.0,False,0.004468500999792013,0,0,264,0,0.0,0.0,1,,,0,True,False,False,497.2706298828125,1438.8717786789632,-941.6011487961507,True,True,0,ML-Robust-MPC,1198.8717786789632,798.4519429136328,497.2305256695505
507.0,607.0,0.0,0,-100.0,100.0,0.0,0.0,0.0,0.16231200071763174,0.0,100.0,False,0.005187061004107818,0,0,265,0,0.0,0.0,1,,,0,True,False,False,515.0,1437.6850260051397,-922.6850260051397,True,True,0,ML-Robust-MPC,1197.6850260051397,796.3703010241475,498.6148612217724
474.5,574.5,0.0,0,-100.0,100.0,0.0,0.0,0.0,0.16330406420969523,0.0,100.0,False,0.004735605005407706,0,0,266,0,0.0,0.0,1,,,0,True,False,False,507.0,1434.0970886565344,-927.0970886565344,True,True,0,ML-Robust-MPC,1194.0970886565344,795.8608877999226,498.5576625792551
469.5,569.5,0.0,0,-100.0,100.0,0.0,0.0,0.0,0.16429612770175872,0.0,100.0,False,0.006682329003524501,0,0,267,0,0.0,0.0,1,,,0,True,False,False,487.523681640625,1433.6621627816032,-946.1384811409782,True,True,0,ML-Robust-MPC,1193.6621627816032,797.0309208956867,499.77242227635134
476.5,576.5,0.0,0,-100.0,100.0,0.0,0.0,0.0,0.1652881911938222,0.0,100.0,False,0.00534916600008728,0,0,268,0,0.0,0.0,1,,,0,True,False,False,479.53173828125,1436.5295072330164,-956.9977689517664,True,True,0,ML-Robust-MPC,1196.5295072330164,795.9036369683573,498.6823506624349
441.0,121.76893676757777,0.0,0,319.23106323242223,0.0,319.23106323242223,0.0,0.0,0.1617790778047308,100.0,0.0,False,0.004419856995809823,0,0,269,0,0.0,0.0,1,,,0,True,False,False,479.042236328125,1438.2761580594977,-959.2339217313727,True,True,0,ML-Robust-MPC,1198.2761580594977,797.4512608399535,499.1497247993519
448.0,548.0,0.0,0,-100.0,100.0,0.0,0.0,0.0,0.1627711412967943,0.0,100.0,False,0.004454822999832686,0,0,270,0,0.0,0.0,1,,,0,True,False,False,479.5089416503906,1440.2037292502357,-960.6947875998451,True,True,0,ML-Robust-MPC,1200.2037292502357,797.5755388475142,497.89449710504607
456.5,556.5,0.0,0,-100.0,100.0,0.0,0.0,0.0,0.16376320478885778,0.0,100.0,False,0.004264902003342286,0,0,271,0,0.0,0.0,1,,,0,True,False,False,472.64031982421875,1438.8352244458529,-966.1949046216341,True,True,0,ML-Robust-MPC,1198.8352244458529,797.427374339308,497.0467694636737
453.0,553.0,0.0,0,-100.0,100.0,0.0,0.0,0.0,0.16475526828092127,0.0,100.0,False,0.004395140997075941,0,0,272,0,0.0,0.0,1,,,0,True,False,False,493.2850646972656,1439.943332932672,-946.6582682354065,True,True,0,ML-Robust-MPC,1199.943332932672,798.1521437021164,496.6774821019259
477.5,577.5,0.0,0,-100.0,100.0,0.0,0.0,0.0,0.16574733177298476,0.0,100.0,False,0.004797899993718602,0,0,273,0,0.0,0.0,1,,,0,True,False,False,474.0572204589844,1441.208083130872,-967.1508626718876,True,True,0,ML-Robust-MPC,1201.208083130872,799.0148384875905,497.7596897207383
449.5,119.92820800781215,0.0,0,329.57179199218785,0.0,329.57179199218785,0.0,0.0,0.1621245490267311,100.0,0.0,False,0.004492638006922789,0,0,274,0,0.0,0.0,1,,,0,True,False,False,499.8048095703125,1446.611119813453,-946.8063102431404,True,True,0,ML-Robust-MPC,1206.611119813453,798.0595111476212,495.7489049550391
448.5,548.5,0.0,0,-100.0,100.0,0.0,0.0,0.0,0.16311661251879458,0.0,100.0,False,0.004304012996726669,0,0,275,0,0.0,0.0,1,,,0,True,False,False,492.7406921386719,1444.1807977027786,-951.4401055641067,True,True,0,ML-Robust-MPC,1204.1807977027786,797.4549733973734,495.3518983248693
436.5,536.5,0.0,0,-100.0,100.0,0.0,0.0,0.0,0.16410867601085807,0.0,100.0,False,0.00602662299934309,0,0,276,0,0.0,0.0,1,,,0,True,False,False,512.8302612304688,1446.6936006842727,-933.863339453804,True,True,0,ML-Robust-MPC,1206.6936006842727,794.4346850392586,496.7180890254558
463.5,563.5,0.0,0,-100.0,100.0,0.0,0.0,0.0,0.16510073950292156,0.0,100.0,False,0.006529292993946001,0,0,277,0,0.0,0.0,1,,,0,True,False,False,517.06689453125,1445.5414944841084,-928.4745999528584,True,True,0,ML-Robust-MPC,1205.5414944841084,795.5448066657576,495.7551748436513
439.5,108.89991821289027,0.0,0,330.60008178710973,0.0,330.60008178710973,0.0,0.0,0.1614666533908529,100.0,0.0,False,0.00637509000080172,0,0,278,0,0.0,0.0,1,,,0,True,False,False,536.1595458984375,1444.0098871204918,-907.8503412220543,True,True,0,ML-Robust-MPC,1204.0098871204918,794.0529144232406,495.8889937555277
438.0,538.0,0.0,0,-100.0,100.0,0.0,0.0,0.0,0.16245871688291638,0.0,100.0,False,0.0048925680021056905,0,0,279,0,0.0,0.0,1,,,0,True,False,False,546.4202880859375,1445.3724727415088,-898.9521846555713,True,True,0,ML-Robust-MPC,1205.3724727415088,791.3680872218148,496.1897138821988
445.0,545.0,0.0,0,-100.0,100.0,0.0,0.0,0.0,0.16345078037497987,0.0,100.0,False,0.004491353000048548,0,0,280,0,0.0,0.0,1,,,0,True,False,False,559.7216186523438,1447.6787720437496,-887.9571533914059,True,True,0,ML-Robust-MPC,1207.6787720437496,790.5975354066854,495.2772717495736
433.0,533.0,0.0,0,-100.0,100.0,0.0,0.0,0.0,0.16444284386704336,0.0,100.0,False,0.004103751001821365,0,0,281,0,0.0,0.0,1,,,0,True,False,False,577.3131103515625,1450.9287418881397,-873.6156315365772,True,True,0,ML-Robust-MPC,1210.9287418881397,791.3625511672437,494.88800459176974
461.0,561.0,0.0,0,-100.0,100.0,0.0,0.0,0.0,0.16543490735910685,0.0,100.0,False,0.005857104995811824,0,0,282,0,0.0,0.0,1,,,0,True,False,False,596.8038940429688,1450.9820030135209,-854.1781089705521,True,True,0,ML-Robust-MPC,1210.9820030135209,792.8500873990205,494.88740300391
418.5,108.86769165039027,0.0,0,309.63230834960973,0.0,309.63230834960973,0.0,0.0,0.16203130725853074,100.0,0.0,False,0.004220685994368978,0,0,283,0,0.0,0.0,1,,,0,True,False,False,647.896728515625,1449.467702152948,-801.570973637323,True,True,0,ML-Robust-MPC,1209.467702152948,795.1569302434294,495.3937312194324
412.5,512.5,0.0,0,-100.0,100.0,0.0,0.0,0.0,0.16302337075059423,0.0,100.0,False,0.004247905999363866,0,0,284,0,0.0,0.0,1,,,0,True,False,False,643.8050537109375,1448.9102653864988,-805.1052116755613,True,True,0,ML-Robust-MPC,1208.9102653864988,796.365824116194,494.14829633844846
461.5,561.5,0.0,0,-100.0,100.0,0.0,0.0,0.0,0.16401543424265771,0.0,100.0,False,0.004433957001310773,0,0,285,0,0.0,0.0,1,,,0,True,False,False,650.761962890625,1446.9173619950402,-796.1553991044152,True,True,0,ML-Robust-MPC,1206.9173619950402,796.1509950931317,494.6136743415608
470.5,570.5,0.0,0,-100.0,100.0,0.0,0.0,0.0,0.1650074977347212,0.0,100.0,False,0.004368421003164258,0,0,286,0,0.0,0.0,1,,,0,True,False,False,688.5386962890625,1444.3194142889422,-755.7807179998797,True,True,0,ML-Robust-MPC,1204.3194142889422,799.0494689367976,494.2185649217624
489.0,134.13999999999965,0.0,0,354.86000000000035,0.0,354.86000000000035,0.0,0.0,0.16110673706110734,100.0,0.0,False,0.005166476999875158,0,0,287,0,0.0,0.0,1,,,0,True,False,False,736.1458129882812,1441.4404253759385,-705.2946123876573,True,True,0,ML-Robust-MPC,1201.4404253759385,799.230257863111,493.7833115904872
458.5,558.5,0.0,0,-100.0,100.0,0.0,0.0,0.0,0.16209880055317083,0.0,100.0,False,0.006898829000419937,0,0,288,0,0.0,0.0,1,,,0,True,False,False,785.3070068359375,1440.9634391048896,-655.6564322689521,True,True,0,ML-Robust-MPC,1200.9634391048896,798.3479299224566,493.4108737131088
445.5,545.5,0.0,0,-100.0,100.0,0.0,0.0,0.0,0.16309086404523432,0.0,100.0,False,0.005642836003971752,0,0,289,0,0.0,0.0,1,,,0,True,False,False,813.111083984375,1441.0587879144443,-627.9477039300693,True,True,0,ML-Robust-MPC,1201.0587879144443,799.3993547979834,494.14444510279833
491.5,591.5,0.0,0,-100.0,100.0,0.0,0.0,0.0,0.1640829275372978,0.0,100.0,False,0.005102333998365793,0,0,290,0,0.0,0.0,1,,,0,True,False,False,832.2426147460938,1440.3677263157406,-608.1251115696468,True,True,0,ML-Robust-MPC,1200.3677263157406,800.2744025449215,494.77342901830735
494.5,594.5,0.0,0,-100.0,100.0,0.0,0.0,0.0,0.1650749910293613,0.0,100.0,False,0.004708256004960276,0,0,291,0,0.0,0.0,1,,,0,True,False,False,881.7377319335938,1440.2037977785703,-558.4660658449766,True,True,0,ML-Robust-MPC,1200.2037977785703,799.0855308631524,492.9598344098408
514.0,177.97666992187465,0.0,0,336.02333007812535,0.0,336.02333007812535,0.0,0.0,0.16138129043931024,100.0,0.0,False,0.004266150004696101,0,0,292,0,0.0,0.0,1,,,0,True,False,False,936.9169921875,1439.2417964705933,-502.3248042830933,True,True,0,ML-Robust-MPC,1199.2417964705933,799.1245191324638,494.0536789539633
527.0,627.0,0.0,0,-100.0,100.0,0.0,0.0,0.0,0.16237335393137373,0.0,100.0,False,0.004441813005541917,0,0,293,0,0.0,0.0,1,,,0,True,False,False,1000.47412109375,1439.7768249585254,-439.30270386477537,True,True,0,ML-Robust-MPC,1199.7768249585254,801.633558551194,492.6209002079453
571.0,671.0,0.0,0,-100.0,100.0,0.0,0.0,0.0,0.16336541742343721,0.0,100.0,False,0.004297261999454349,0,0,294,0,0.0,0.0,1,,,0,True,False,False,1037.769775390625,1441.377188829387,-403.607413438762,True,True,0,ML-Robust-MPC,1201.377188829387,803.5153844659883,494.2924987947715
599.0,699.0,0.0,0,-100.0,100.0,0.0,0.0,0.0,0.1643574809155007,0.0,100.0,False,0.005681487004039809,0,0,295,0,0.0,0.0,1,,,0,True,False,False,1107.079833984375,1438.2796149058413,-331.1997809214663,True,True,0,ML-Robust-MPC,1198.2796149058413,803.2733872989294,495.0797683130667
618.5,718.5,0.0,0,-100.0,100.0,0.0,0.0,0.0,0.1653495444075642,0.0,100.0,False,0.006599257001653314,0,0,296,0,0.0,0.0,1,,,0,True,False,False,1159.206298828125,1441.390815931757,-282.18451710363206,True,True,0,ML-Robust-MPC,1201.390815931757,801.2929385640006,495.7503308450975
676.5,572.0625424013483,0.0,0,104.43745759865172,0.0,104.43745759865172,0.0,0.0,0.16420152680216196,100.0,0.0,False,0.0052267869978095405,0,0,297,0,0.0,0.0,1,,,0,True,False,False,1207.3492431640625,1443.0292778584048,-235.68003469434234,True,True,0,ML-Robust-MPC,1203.0292778584048,799.7192929623089,496.8275288939908
707.5,807.5,0.0,0,-100.0,100.0,0.0,0.0,0.0,0.16519359029422545,0.0,100.0,False,0.004966986998624634,0,0,298,0,0.0,0.0,1,,,0,True,False,False,1264.6783447265625,1445.4703206394668,-180.79197591290426,True,True,0,ML-Robust-MPC,1205.4703206394668,798.590664895348,497.0637319270113
722.0,822.0,0.0,0,-100.0,100.0,0.0,0.0,0.0,0.16618565378628894,0.0,100.0,False,0.0042312219957238995,0,0,299,0,0.0,0.0,1,,,0,True,False,False,1273.054931640625,1442.8537754755691,-169.79884383494414,True,True,0,ML-Robust-MPC,1202.8537754755691,797.4071069502969,496.6728601230028
755.5,855.5,0.0,0,-100.0,100.0,0.0,0.0,0.0,0.16717771727835243,0.0,100.0,False,0.004280957000446506,0,0,300,0,0.0,0.0,1,,,0,True,False,False,1285.4169921875,1443.71307216765,-158.2960799801499,True,True,0,ML-Robust-MPC,1203.71307216765,800.3748417451849,497.05955477164287
834.0,934.0,0.0,0,-100.0,100.0,0.0,0.0,0.0,0.16816978077041592,0.0,100.0,False,0.004006852999737021,0,0,301,0,0.0,0.0,1,,,0,True,False,False,1267.9005126953125,1438.947231402064,-171.04671870675156,True,True,0,ML-Robust-MPC,1198.947231402064,798.2834202793465,495.783628719652
872.0,972.0,0.0,0,-100.0,100.0,0.0,0.0,0.0,0.1691618442624794,0.0,100.0,False,0.00445971499721054,0,0,302,0,0.0,0.0,1,,,0,True,False,False,1223.53662109375,1440.3956002998425,-216.8589792060925,True,True,0,ML-Robust-MPC,1200.3956002998425,799.0683977152466,497.64598018888654
939.5,1039.5,0.0,0,-100.0,100.0,0.0,0.0,0.0,0.1701539077545429,0.0,100.0,False,0.005671826002071612,0,0,303,0,0.0,0.0,1,,,0,True,False,False,1221.5380859375,1440.073440121999,-218.53535418449906,True,True,0,ML-Robust-MPC,1200.073440121999,798.4544400192881,497.4188012421316
1014.5,992.826396192824,0.0,0,21.673603807176107,0.0,21.673603807176107,0.0,0.0,0.1699156629780493,100.0,0.0,False,0.00416599399613915,0,0,304,0,0.0,0.0,1,,,0,True,False,False,1223.506103515625,1442.5159678317475,-219.0098643161225,True,True,0,ML-Robust-MPC,1202.5159678317475,798.9770050343335,496.4785404700528
1027.5,1021.6910410209891,0.0,0,5.8089589790108676,0.0,5.8089589790108676,0.0,0.0,0.16985180861649837,100.0,0.0,False,0.0039932509971549734,0,0,305,0,0.0,0.0,1,,,0,True,False,False,1233.135009765625,1442.2034880848648,-209.06847831923983,True,True,0,ML-Robust-MPC,1202.2034880848648,799.6753178940081,498.6913870345177
1086.0,1018.3416588893842,0.0,0,67.65834111061577,0.0,67.65834111061577,0.0,0.0,0.16910808152343001,100.0,0.0,False,0.004305170994484797,0,0,306,0,0.0,0.0,1,,,0,True,False,False,1236.145751953125,1440.5592531830605,-204.4135012299355,True,True,0,ML-Robust-MPC,1200.5592531830605,798.6267414405335,499.43575733551137
1169.0,983.6517257583646,0.0,0,185.3482742416354,0.0,185.3482742416354,0.0,0.0,0.16707066040218793,100.0,0.0,False,0.004006515002402011,0,0,307,0,0.0,0.0,1,,,0,True,False,False,1245.02392578125,1436.1340009334558,-191.1100751522058,True,True,0,ML-Robust-MPC,1196.1340009334558,798.1962856563148,499.65486601576816
1212.5,954.7779890762674,0.0,0,257.72201092373257,0.0,257.72201092373257,0.0,0.0,0.16423767870536107,100.0,0.0,False,0.004295626997190993,0,0,308,0,0.0,0.0,1,,,0,True,False,False,1250.88525390625,1437.908788664991,-187.0235347587411,True,True,0,ML-Robust-MPC,1197.908788664991,797.1359296554433,499.3533661957911
1267.0,1199.463856264431,0.0,0,67.53614373556911,0.0,67.53614373556911,0.0,0.0,0.16349529485389502,0.0,0.0,False,0.004376559998490848,0,0,309,0,0.0,0.0,1,,,0,True,False,False,1241.5794677734375,1439.463856264431,-197.8843884909934,True,True,0,ML-Robust-MPC,1199.463856264431,796.7784281189192,500.0
1245.5,1197.1756306105133,0.0,0,48.32436938948672,0.0,48.32436938948672,0.0,0.0,0.1629640943813377,0.0,0.0,False,0.004383302002679557,0,0,310,0,0.0,0.0,1,,,0,True,False,False,1267.0,1437.1756306105133,-170.17563061051328,True,True,0,ML-Robust-MPC,1197.1756306105133,797.4743483347233,499.46092901571296
1205.0,1194.3906178497198,0.0,0,10.609382150280226,0.0,10.609382150280226,0.0,0.0,0.1628474718804552,0.0,0.0,False,0.0044381680054357275,0,0,311,0,0.0,0.0,1,,,0,True,False,False,1245.5,1434.3906178497198,-188.89061784971977,True,True,0,ML-Robust-MPC,1194.3906178497198,797.7835461307151,498.5998288391256
1096.0,1194.5593167930836,0.0,0,-98.55931679308355,98.55931679308355,0.0,0.0,0.0,0.16382524288038658,0.0,98.55931679308355,False,0.005571536996285431,0,0,312,0,0.0,0.0,1,,,0,True,False,False,1205.0,1434.5593167930836,-229.55931679308355,True,True,0,ML-Robust-MPC,1194.5593167930836,797.359009839162,499.2668295778423
1054.5,1154.5,0.0,0,-100.0,100.0,0.0,0.0,0.0,0.16481730637245007,0.0,100.0,False,0.005357906004064716,0,0,313,0,0.0,0.0,1,,,0,True,False,False,1096.0,1433.6904621573335,-337.6904621573335,True,True,0,ML-Robust-MPC,1193.6904621573335,796.0409337662254,498.01228099550747
1030.5,1130.5,0.0,0,-100.0,100.0,0.0,0.0,0.0,0.16580936986451356,0.0,100.0,False,0.004574257996864617,0,0,314,0,0.0,0.0,1,,,0,True,False,False,1054.5,1434.9642796390674,-380.4642796390674,True,True,0,ML-Robust-MPC,1194.9642796390674,796.7446195555467,495.9920765298687
938.5,640.5146337890621,0.0,0,297.98536621093785,0.0,297.98536621093785,0.0,0.0,0.16253379753224717,100.0,0.0,False,0.005385607997595798,0,0,315,0,0.0,0.0,1,,,0,True,False,False,1030.5,1433.746059447484,-403.24605944748396,True,True,0,ML-Robust-MPC,1193.746059447484,798.0344063457972,494.9116219017604
890.5,990.5,0.0,0,-100.0,100.0,0.0,0.0,0.0,0.16352586102431066,0.0,100.0,False,0.004411895002704114,0,0,316,0,0.0,0.0,1,,,0,True,False,False,938.5,1436.1928644614309,-497.6928644614309,True,True,0,ML-Robust-MPC,1196.1928644614309,798.916686555497,493.48597749527227
875.5,975.5,0.0,0,-100.0,100.0,0.0,0.0,0.0,0.16451792451637415,0.0,100.0,False,0.0053388879969133995,0,0,317,0,0.0,0.0,1,,,0,True,False,False,890.5,1436.7220994758345,-546.2220994758345,True,True,0,ML-Robust-MPC,1196.7220994758345,797.5341052497112,494.2043303154962
802.0,902.0,0.0,0,-100.0,100.0,0.0,0.0,0.0,0.16550998800843764,0.0,100.0,False,0.0047252309959731065,0,0,318,0,0.0,0.0,1,,,0,True,False,False,875.5,1437.8734561423585,-562.3734561423585,True,True,0,ML-Robust-MPC,1197.8734561423585,798.5574605675694,495.4547840765733
751.5,428.52854980468715,0.0,0,322.97145019531285,0.0,322.97145019531285,0.0,0.0,0.16195975881489114,100.0,0.0,False,0.00552104800590314,0,0,319,0,0.0,0.0,1,,,0,True,False,False,802.0,1437.438559916535,-635.438559916535,True,True,0,ML-Robust-MPC,1197.438559916535,797.215158738131,495.06634076746695
727.0,827.0,0.0,0,-100.0,100.0,0.0,0.0,0.0,0.16295182230695462,0.0,100.0,False,0.005411849997472018,0,0,320,0,0.0,0.0,1,,,0,True,False,False,751.5,1435.4617686434751,-683.9617686434751,True,True,0,ML-Robust-MPC,1195.4617686434751,797.510614631366,494.8767349790167
667.0,767.0,0.0,0,-100.0,100.0,0.0,0.0,0.0,0.1639438857990181,0.0,100.0,False,0.006048256000212859,0,0,321,0,0.0,0.0,1,,,0,True,False,False,727.0,1435.9036425125037,-708.9036425125037,True,True,0,ML-Robust-MPC,1195.9036425125037,794.4709888774476,495.3559993432487
671.0,771.0,0.0,0,-100.0,100.0,0.0,0.0,0.0,0.1649359492910816,0.0,100.0,False,0.004451016000530217,0,0,322,0,0.0,0.0,1,,,0,True,False,False,667.0,1438.5317668528337,-771.5317668528337,True,True,0,ML-Robust-MPC,1198.5317668528337,793.8454400425161,495.6574092049663
620.5,295.32176269531215,0.0,0,325.17823730468785,0.0,325.17823730468785,0.0,0.0,0.1613614622257792,100.0,0.0,False,0.0041246320033678785,0,0,323,0,0.0,0.0,1,,,0,True,False,False,671.0,1439.168538261414,-768.1685382614139,True,True,0,ML-Robust-MPC,1199.168538261414,793.8355354587959,494.12382258330666
609.5,709.5,0.0,0,-100.0,100.0,0.0,0.0,0.0,0.1623535257178427,0.0,100.0,False,0.004400411999085918,0,0,324,0,0.0,0.0,1,,,0,True,False,False,620.5,1438.4339439233688,-817.9339439233688,True,True,0,ML-Robust-MPC,1198.4339439233688,793.5685987678028,493.08331391105247
590.5,690.5,0.0,0,-100.0,100.0,0.0,0.0,0.0,0.1633455892099062,0.0,100.0,False,0.007369143997493666,0,0,325,0,0.0,0.0,1,,,0,True,False,False,609.5,1439.8771719339204,-830.3771719339204,True,True,0,ML-Robust-MPC,1199.8771719339204,796.807718288689,494.23853630997456
549.0,649.0,0.0,0,-100.0,100.0,0.0,0.0,0.0,0.16433765270196968,0.0,100.0,False,0.006758356998034287,0,0,326,0,0.0,0.0,1,,,0,True,False,False,590.5,1443.8486132259982,-853.3486132259982,True,True,0,ML-Robust-MPC,1203.8486132259982,798.380531935151,494.3316453260911
525.0,625.0,0.0,0,-100.0,100.0,0.0,0.0,0.0,0.16532971619403317,0.0,100.0,False,0.0061031289951642975,0,0,327,0,0.0,0.0,1,,,0,True,False,False,550.8114013671875,1447.255669050786,-896.4442676835986,True,True,0,ML-Robust-MPC,1207.255669050786,796.7687043003946,495.84922791867575
514.0,165.30772460937465,0.0,0,348.69227539062535,0.0,348.69227539062535,0.0,0.0,0.16149675357486876,100.0,0.0,False,0.005151575998752378,0,0,328,0,0.0,0.0,1,,,0,True,False,False,530.8477172851562,1448.8612850018326,-918.0135677166763,True,True,0,ML-Robust-MPC,1208.8612850018326,794.6922548509997,494.44863319698175
472.5,572.5,0.0,0,-100.0,100.0,0.0,0.0,0.0,0.16248881706693225,0.0,100.0,False,0.004809302001376636,0,0,329,0,0.0,0.0,1,,,0,True,False,False,514.5222778320312,1449.2302320472188,-934.7079542151876,True,True,0,ML-Robust-MPC,1209.2302320472188,794.1536140518539,494.66671077000063
477.5,577.5,0.0,0,-100.0,100.0,0.0,0.0,0.0,0.16348088055899573,0.0,100.0,False,0.005954355001449585,0,0,330,0,0.0,0.0,1,,,0,True,False,False,496.5679016113281,1450.296811699452,-953.7289100881239,True,True,0,ML-Robust-MPC,1210.296811699452,793.9141257560149,494.45816093035137
462.0,562.0,0.0,0,-100.0,100.0,0.0,0.0,0.0,0.16447294405105922,0.0,100.0,False,0.005868964995897841,0,0,331,0,0.0,0.0,1,,,0,True,False,False,486.406982421875,1450.5270831348332,-964.1201007129582,True,True,0,ML-Robust-MPC,1210.5270831348332,793.5805766962454,494.5234903712108
461.5,561.5,0.0,0,-100.0,100.0,0.0,0.0,0.0,0.1654650075431227,0.0,100.0,False,0.00551190999976825,0,0,332,0,0.0,0.0,1,,,0,True,False,False,475.57977294921875,1451.201389965692,-975.6216170164732,True,True,0,ML-Robust-MPC,1211.201389965692,794.3605513474616,494.42976168377743
442.5,106.27732910156215,0.0,0,336.22267089843785,0.0,336.22267089843785,0.0,0.0,0.16176911572038122,100.0,0.0,False,0.004171825996309053,0,0,333,0,0.0,0.0,1,,,0,True,False,False,469.2834777832031,1451.621978039008,-982.3385002558048,True,True,0,ML-Robust-MPC,1211.621978039008,793.869141168726,493.8757300775856
442.0,542.0,0.0,0,-100.0,100.0,0.0,0.0,0.0,0.1627611792124447,0.0,100.0,False,0.0065675099976942874,0,0,334,0,0.0,0.0,1,,,0,True,False,False,459.9751892089844,1446.3090762475108,-986.3338870385264,True,True,0,ML-Robust-MPC,1206.3090762475108,792.7899782568819,493.6523072285938
398.5,498.5,0.0,0,-100.0,100.0,0.0,0.0,0.0,0.1637532427045082,0.0,100.0,False,0.005987181000818964,0,0,335,0,0.0,0.0,1,,,0,True,False,False,456.5611877441406,1447.142415204484,-990.5812274603434,True,True,0,ML-Robust-MPC,1207.142415204484,790.9308360847434,491.7051005199697
413.0,513.0,0.0,0,-100.0,100.0,0.0,0.0,0.0,0.16474530619657168,0.0,100.0,False,0.006674683994788211,0,0,336,0,0.0,0.0,1,,,0,True,False,False,467.08795166015625,1448.7785250741929,-981.6905734140366,True,True,0,ML-Robust-MPC,1208.7785250741929,793.2514168902457,493.37920385548256
421.0,521.0,0.0,0,-100.0,100.0,0.0,0.0,0.0,0.16573736968863517,0.0,100.0,False,0.007258592995640356,0,0,337,0,0.0,0.0,1,,,0,True,False,False,453.5397644042969,1448.0666207580662,-994.5268563537693,True,True,0,ML-Robust-MPC,1208.0666207580662,793.2000352287602,492.8181457223831
379.0,100.0,0.0,0,279.0,0.0,279.0,0.0,0.0,0.16267049196801783,100.0,0.0,False,0.004716310002550017,0,0,338,0,0.0,0.0,1,,,0,True,False,False,484.66650390625,1450.3791577212662,-965.7126538150162,True,True,0,ML-Robust-MPC,1210.3791577212662,791.2547395643078,493.4170748175218
405.5,505.5,0.0,0,-100.0,100.0,0.0,0.0,0.0,0.16366255546008132,0.0,100.0,False,0.004387932000099681,0,0,339,0,0.0,0.0,1,,,0,True,False,False,478.3335876464844,1448.5500443819326,-970.2164567354482,True,True,0,ML-Robust-MPC,1208.5500443819326,792.8165297336465,493.72266361577545
408.0,508.0,0.0,0,-100.0,100.0,0.0,0.0,0.0,0.1646546189521448,0.0,100.0,False,0.005122411996126175,0,0,340,0,0.0,0.0,1,,,0,True,False,False,480.7640380859375,1445.771854759544,-965.0078166736066,True,True,0,ML-Robust-MPC,1205.771854759544,791.3912482582391,493.465013936106
392.0,492.0,0.0,0,-100.0,100.0,0.0,0.0,0.0,0.1656466824442083,0.0,100.0,False,0.004778778995387256,0,0,341,0,0.0,0.0,1,,,0,True,False,False,493.6092529296875,1446.2034904796674,-952.5942375499799,True,True,0,ML-Robust-MPC,1206.2034904796674,792.0502710335398,493.4879907643794
444.0,130.15740966796875,0.0,0,313.84259033203125,0.0,313.84259033203125,0.0,0.0,0.16219680126832967,100.0,0.0,False,0.004472346001421101,0,0,342,0,0.0,0.0,1,,,0,True,False,False,515.348388671875,1443.60143871683,-928.253050044955,True,True,0,ML-Robust-MPC,1203.60143871683,792.4059533256553,494.1083089258684
430.5,530.5,0.0,0,-100.0,100.0,0.0,0.0,0.0,0.16318886476039315,0.0,100.0,False,0.004172551998635754,0,0,343,0,0.0,0.0,1,,,0,True,False,False,526.8866577148438,1443.1437824834245,-916.2571247685808,True,True,0,ML-Robust-MPC,1203.1437824834245,792.5059400409259,492.9393695982451
433.5,533.5,0.0,0,-100.0,100.0,0.0,0.0,0.0,0.16418092825245664,0.0,100.0,False,0.004225683995173313,0,0,344,0,0.0,0.0,1,,,0,True,False,False,541.1558837890625,1440.3958816236443,-899.2399978345818,True,True,0,ML-Robust-MPC,1200.3958816236443,795.6223504981972,493.9939856086804
426.0,526.0,0.0,0,-100.0,100.0,0.0,0.0,0.0,0.16517299174452013,0.0,100.0,False,0.005238825004198588,0,0,345,0,0.0,0.0,1,,,0,True,False,False,550.6781005859375,1439.525227322318,-888.8471267363805,True,True,0,ML-Robust-MPC,1199.525227322318,797.1118200441045,495.51970088585375
432.5,100.0,0.0,0,332.5,0.0,332.5,0.0,0.0,0.16151802098428622,100.0,0.0,False,0.004765938996570185,0,0,346,0,0.0,0.0,1,,,0,True,False,False,582.7421264648438,1439.1996043598044,-856.4574778949607,True,True,0,ML-Robust-MPC,1199.1996043598044,795.8519496173147,495.2112437899832
419.0,519.0,0.0,0,-100.0,100.0,0.0,0.0,0.0,0.1625100844763497,0.0,100.0,False,0.005142196001543198,0,0,347,0,0.0,0.0,1,,,0,True,False,False,589.5667724609375,1442.7865661853234,-853.2197937243859,True,True,0,ML-Robust-MPC,1202.7865661853234,795.9618190059635,493.9649083385172
416.5,516.5,0.0,0,-100.0,100.0,0.0,0.0,0.0,0.1635021479684132,0.0,100.0,False,0.004737893999845255,0,0,348,0,0.0,0.0,1,,,0,True,False,False,608.111572265625,1441.7439030200337,-833.6323307544087,True,True,0,ML-Robust-MPC,1201.7439030200337,796.5831084851451,493.8825762092001
428.0,528.0,0.0,0,-100.0,100.0,0.0,0.0,0.0,0.16449421146047669,0.0,100.0,False,0.004475529996852856,0,0,349,0,0.0,0.0,1,,,0,True,False,False,614.43408203125,1442.0346887216172,-827.6006066903672,True,True,0,ML-Robust-MPC,1202.0346887216172,797.7098849866569,492.0388517085535
469.5,569.5,0.0,0,-100.0,100.0,0.0,0.0,0.0,0.16548627495254017,0.0,100.0,False,0.006271359001402743,0,0,350,0,0.0,0.0,1,,,0,True,False,False,647.2269287109375,1440.9508170786553,-793.7238883677178,True,True,0,ML-Robust-MPC,1200.9508170786553,798.8898287271887,492.6322021458298
429.5,120.9969946289059,0.0,0,308.5030053710941,0.0,308.5030053710941,0.0,0.0,0.16209508859441796,100.0,0.0,False,0.004866900002525654,0,0,351,0,0.0,0.0,1,,,0,True,False,False,678.0767822265625,1438.8925092626837,-760.8157270361212,True,True,0,ML-Robust-MPC,1198.8925092626837,798.2498177850241,492.9599725918336
466.5,566.5,0.0,0,-100.0,100.0,0.0,0.0,0.0,0.16308715208648145,0.0,100.0,False,0.00436259600246558,0,0,352,0,0.0,0.0,1,,,0,True,False,False,688.6766357421875,1440.4731340622266,-751.7964983200391,True,True,0,ML-Robust-MPC,1200.4731340622266,798.2160921869382,493.01934325863016
484.5,584.5,0.0,0,-100.0,100.0,0.0,0.0,0.0,0.16407921557854493,0.0,100.0,False,0.004384589999972377,0,0,353,0,0.0,0.0,1,,,0,True,False,False,710.1298217773438,1439.5872813207843,-729.4574595434406,True,True,0,ML-Robust-MPC,1199.5872813207843,796.7875399669498,492.9089416276189
472.0,572.0,0.0,0,-100.0,100.0,0.0,0.0,0.0,0.16507127907060842,0.0,100.0,False,0.00432818999979645,0,0,354,0,0.0,0.0,1,,,0,True,False,False,768.3115844726562,1437.5457179812545,-669.2341335085982,True,True,0,ML-Robust-MPC,1197.5457179812545,795.2172848387571,494.0818923860358
471.5,147.57432617187465,0.0,0,323.92567382812535,0.0,323.92567382812535,0.0,0.0,0.16151056067562836,100.0,0.0,False,0.004445580001629423,0,0,355,0,0.0,0.0,1,,,0,True,False,False,794.9022216796875,1437.2758550357355,-642.373633356048,True,True,0,ML-Robust-MPC,1197.2758550357355,797.0734984954352,494.21245976592695
520.0,620.0,0.0,0,-100.0,100.0,0.0,0.0,0.0,0.16250262416769184,0.0,100.0,False,0.004497506997722667,0,0,356,0,0.0,0.0,1,,,0,True,False,False,809.7454833984375,1438.487357452466,-628.7418740540286,True,True,0,ML-Robust-MPC,1198.487357452466,796.7325013443157,496.3654062588511
527.5,627.5,0.0,0,-100.0,100.0,0.0,0.0,0.0,0.16349468765975533,0.0,100.0,False,0.004545677998976316,0,0,357,0,0.0,0.0,1,,,0,True,False,False,892.1461181640625,1435.9480107371342,-543.8018925730717,True,True,0,ML-Robust-MPC,1195.9480107371342,795.7284591092184,494.1328205361817
550.0,650.0,0.0,0,-100.0,100.0,0.0,0.0,0.0,0.16448675115181882,0.0,100.0,False,0.004300697000871878,0,0,358,0,0.0,0.0,1,,,0,True,False,False,955.197021484375,1438.4722864982948,-483.2752650139198,True,True,0,ML-Robust-MPC,1198.4722864982948,795.779109263696,494.31798823880325
578.5,678.5,0.0,0,-100.0,100.0,0.0,0.0,0.0,0.1654788146438823,0.0,100.0,False,0.0042707920001703314,0,0,359,0,0.0,0.0,1,,,0,True,False,False,1030.408935546875,1439.7698984421106,-409.3609628952356,True,True,0,ML-Robust-MPC,1199.7698984421106,796.4949586054555,492.8254370896815
