load_kw,grid_kw,generator_kw,generator_units_on,storage_kw,charge_kw,discharge_kw,unserved_kw,spill_kw,soc,grid_headroom_storage_preservation_kw,grid_headroom_storage_charge_kw,v15_generator_first_guard_active,decision_seconds,generator_startup_units,generator_shutdown_units,step,risk_level,risk_reserve_kw,applied_risk_reserve_kw,forecast_scenario_count,cvar_alpha,cvar_weight,minimum_committed_generator_units,low_soc_commitment_guard_evaluated,low_soc_commitment_guard_triggered,low_soc_commitment_reachability_truncated,low_soc_commitment_forecast_peak_kw,low_soc_single_unit_firm_supply_kw,low_soc_commitment_deficit_kw,generator_before_storage,supervisory_protection_active,supervisory_safe_exit_counter,selected_controller,grid_available_capacity_kw,generator_available_capacity_kw,storage_available_power_kw
1177.5,831.9075781249996,0.0,0,345.59242187500035,0.0,345.59242187500035,0.0,0.0,0.16206978827158758,100.0,0.0,False,0.004307661001803353,0,0,0,0,0.0,0.0,1,,,0,True,False,False,1179.46826171875,1436.7994804472207,-257.33121872847073,True,True,0,ML-Robust-MPC,1196.7994804472207,798.4485525917358,498.89674221678456
1191.5,1199.723377752504,0.0,0,-8.223377752503893,8.223377752503893,0.0,0.0,0.0,0.16215136940008465,0.0,8.223377752503893,False,0.004285720002371818,0,0,1,0,0.0,0.0,1,,,0,True,False,False,1177.5,1439.723377752504,-262.2233777525039,True,True,0,ML-Robust-MPC,1199.723377752504,797.2676278234107,498.4371315561928
1143.0,1196.833628184645,0.0,0,-53.83362818464502,53.83362818464502,0.0,0.0,0.0,0.1626854331717577,0.0,53.83362818464502,False,0.004337189995567314,0,0,2,0,0.0,0.0,1,,,0,True,False,False,1191.5,1436.833628184645,-245.33362818464502,True,True,0,ML-Robust-MPC,1196.833628184645,798.3849096306961,498.4196110047872
1121.5,1194.763181337778,0.0,0,-73.26318133777795,73.26318133777795,0.0,0.0,0.0,0.16341225044693408,0.0,73.26318133777795,False,0.004299239000829402,0,0,3,0,0.0,0.0,1,,,0,True,False,False,1178.3621826171875,1434.763181337778,-256.40099872059045,True,True,0,ML-Robust-MPC,1194.763181337778,798.2916928687499,498.265844884872
1121.0,1194.6987436774566,0.0,0,-73.6987436774566,73.6987436774566,0.0,0.0,0.0,0.16414338877706758,0.0,73.6987436774566,False,0.0040292379999300465,0,0,4,0,0.0,0.0,1,,,0,True,False,False,1183.492919921875,1434.6987436774566,-251.2058237555816,True,True,0,ML-Robust-MPC,1194.6987436774566,797.7794457038439,497.5972698564991
1079.5,1179.5,0.0,0,-100.0,100.0,0.0,0.0,0.0,0.16513545226913107,0.0,100.0,False,0.0039051610001479276,0,0,5,0,0.0,0.0,1,,,0,True,False,False,1188.173583984375,1428.4914516676463,-240.3178676832713,True,True,0,ML-Robust-MPC,1188.4914516676463,799.1390902958157,497.4607905165909
1124.5,793.5863305996891,0.0,0,330.91366940031094,0.0,330.91366940031094,0.0,0.0,0.16149791907869543,100.0,0.0,False,0.00419099599821493,0,0,6,0,0.0,0.0,1,,,0,True,False,False,1178.740234375,1432.4173852428114,-253.6771508678114,True,True,0,ML-Robust-MPC,1192.4173852428114,798.8217827882966,497.4744699277711
1124.0,1192.3180070101864,0.0,0,-68.31800701018642,68.31800701018642,0.0,0.0,0.0,0.16217567708474886,0.0,68.31800701018642,False,0.0038367220040527172,0,0,7,0,0.0,0.0,1,,,0,True,False,False,1198.71435546875,1432.3180070101864,-233.60365154143642,True,True,0,ML-Robust-MPC,1192.3180070101864,799.0316743184259,497.5343181312738
1148.0,1188.9585437703536,0.0,0,-40.95854377035357,40.95854377035357,0.0,0.0,0.0,0.1625820118443754,0.0,40.95854377035357,False,0.003919017995940521,0,0,8,0,0.0,0.0,1,,,0,True,False,False,1196.8291015625,1428.9585437703536,-232.12944220785357,True,True,0,ML-Robust-MPC,1188.9585437703536,798.6246269908794,497.2998037111134
1190.5,1191.1274253636136,0.0,0,-0.6274253636136109,0.6274253636136109,0.0,0.0,0.0,0.16258823630234776,0.0,0.6274253636136109,False,0.004288491996703669,0,0,9,0,0.0,0.0,1,,,0,True,False,False,1183.16015625,1431.1274253636136,-247.9672691136136,True,True,0,ML-Robust-MPC,1191.1274253636136,801.7835234450923,497.9769718283264
1169.5,1191.0906927822257,0.0,0,-21.590692782225688,21.590692782225688,0.0,0.0,0.0,0.1628024296831238,0.0,21.590692782225688,False,0.004491060994041618,0,0,10,0,0.0,0.0,1,,,0,True,False,False,1194.4210205078125,1431.0906927822257,-236.6696722744132,True,True,0,ML-Robust-MPC,1191.0906927822257,800.0357878037933,498.5893160526239
1148.5,1186.3657901663632,0.0,0,-37.86579016636324,37.86579016636324,0.0,0.0,0.0,0.16317808236334566,0.0,37.86579016636324,False,0.00424034600291634,0,0,11,0,0.0,0.0,1,,,0,True,False,False,1183.0419921875,1426.3657901663632,-243.32379797886324,True,True,0,ML-Robust-MPC,1186.3657901663632,799.7717404799196,497.8780722833165
1114.5,1186.7620516815869,0.0,0,-72.26205168158685,72.26205168158685,0.0,0.0,0.0,0.16389496779669474,0.0,72.26205168158685,False,0.003945147000194993,0,0,12,0,0.0,0.0,1,,,0,True,False,False,1184.6845703125,1426.7620516815869,-242.07748136908685,True,True,0,ML-Robust-MPC,1186.7620516815869,800.0207179126324,498.5440303268422
1118.0,1185.908805892905,0.0,0,-67.9088058929051,67.9088058929051,0.0,0.0,0.0,0.16456866626785452,0.0,67.9088058929051,False,0.004501569994317833,0,0,13,0,0.0,0.0,1,,,0,True,False,False,1186.3099365234375,1425.908805892905,-239.5988693694676,True,True,0,ML-Robust-MPC,1185.908805892905,800.1149060426625,498.1619327874533
1130.5,1186.615515166495,0.0,0,-56.115515166495015,56.115515166495015,0.0,0.0,0.0,0.16512536780720466,0.0,56.115515166495015,False,0.004236349006532691,0,0,14,0,0.0,0.0,1,,,0,True,False,False,1189.508544921875,1426.615515166495,-237.10697024462002,True,True,0,ML-Robust-MPC,1186.615515166495,800.2112921535236,497.2701566870487
1115.0,867.7177369483954,0.0,0,247.28226305160456,0.0,247.28226305160456,0.0,0.0,0.1624071439245638,100.0,0.0,False,0.004177324000920635,0,0,15,0,0.0,0.0,1,,,0,True,False,False,1202.0526123046875,1427.6274893765758,-225.5748770718883,True,True,0,ML-Robust-MPC,1187.6274893765758,800.9661220830368,497.3349899889002
1128.5,1186.8225321653929,0.0,0,-58.322532165392886,58.322532165392886,0.0,0.0,0.0,0.16298574047382364,0.0,58.322532165392886,False,0.004268952994607389,0,0,16,0,0.0,0.0,1,,,0,True,False,False,1197.3671875,1426.8225321653929,-229.4553446653929,True,True,0,ML-Robust-MPC,1186.8225321653929,801.7745803997062,496.93770111092897
1169.5,1189.6127173771647,0.0,0,-20.1127173771647,20.1127173771647,0.0,0.0,0.0,0.1631852714001844,0.0,20.1127173771647,False,0.004244891002599616,0,0,17,0,0.0,0.0,1,,,0,True,False,False,1183.6824951171875,1429.6127173771647,-245.9302222599772,True,True,0,ML-Robust-MPC,1189.6127173771647,798.9653250366006,495.3770048168603
1194.0,1186.707154883772,0.0,0,7.292845116227909,0.0,7.292845116227909,0.0,0.0,0.1631051055786544,0.0,0.0,False,0.004692096001235768,0,0,18,0,0.0,0.0,1,,,0,True,False,False,1188.072021484375,1426.707154883772,-238.6351333993971,True,True,0,ML-Robust-MPC,1186.707154883772,799.6089355413812,493.6961645965935
1204.5,1187.237266542032,0.0,0,17.262733457967897,0.0,17.262733457967897,0.0,0.0,0.1629153468236752,0.0,0.0,False,0.0041529739974066615,0,0,19,0,0.0,0.0,1,,,0,True,False,False,1194.0,1427.237266542032,-233.2372665420321,True,True,0,ML-Robust-MPC,1187.237266542032,796.7084347648723,494.6262632859925
1177.0,1182.50237058726,0.0,0,-5.502370587259975,5.502370587259975,0.0,0.0,0.0,0.16296993383346944,0.0,5.502370587259975,False,0.004308443996706046,0,0,20,0,0.0,0.0,1,,,0,True,False,False,1204.5,1422.50237058726,-218.00237058725997,True,True,0,ML-Robust-MPC,1182.50237058726,794.6106855720003,496.29915325305547
1143.0,1174.5017814316338,0.0,0,-31.501781431633844,31.501781431633844,0.0,0.0,0.0,0.16328245150640233,0.0,31.501781431633844,False,0.0042372370007797144,0,0,21,0,0.0,0.0,1,,,0,True,False,False,1177.0,1414.5017814316338,-237.50178143163384,True,True,0,ML-Robust-MPC,1174.5017814316338,794.253716969868,494.7874836068446
1109.5,1177.358761525976,0.0,0,-67.85876152597598,67.85876152597598,0.0,0.0,0.0,0.16395565350566796,0.0,67.85876152597598,False,0.004127603999222629,0,0,22,0,0.0,0.0,1,,,0,True,False,False,1151.1055908203125,1417.358761525976,-266.2531707056635,True,True,0,ML-Robust-MPC,1177.358761525976,795.2053067868891,493.9122942817002
1079.5,1177.3933415214187,0.0,0,-97.89334152141873,97.89334152141873,0.0,0.0,0.0,0.164926817608063,0.0,97.89334152141873,False,0.0038208029945963062,0,0,23,0,0.0,0.0,1,,,0,True,False,False,1153.822265625,1417.3933415214187,-263.57107589641873,True,True,0,ML-Robust-MPC,1177.3933415214187,796.1368811699382,494.10167311272727
1085.5,749.3715673828121,0.0,0,336.12843261718785,0.0,336.12843261718785,0.0,0.0,0.16123196168956952,100.0,0.0,False,0.004278264997992665,0,0,24,0,0.0,0.0,1,,,0,True,False,False,1148.64111328125,1421.9793217264016,-273.3382084451516,True,True,0,ML-Robust-MPC,1181.9793217264016,797.3506874482873,496.1934324007669
1138.5,1182.4915581299908,0.0,0,-43.991558129990835,43.991558129990835,0.0,0.0,0.0,0.16166838587736704,0.0,43.991558129990835,False,0.004399723999085836,0,0,25,0,0.0,0.0,1,,,0,True,False,False,1176.067626953125,1422.4915581299908,-246.42393117686584,True,True,0,ML-Robust-MPC,1182.4915581299908,797.2072541873946,496.12551601576433
1129.5,1180.8231929897947,0.0,0,-51.323192989794734,51.323192989794734,0.0,0.0,0.0,0.16217754453798008,0.0,51.323192989794734,False,0.004204584001854528,0,0,26,0,0.0,0.0,1,,,0,True,False,False,1191.9766845703125,1420.8231929897947,-228.84650841948223,True,True,0,ML-Robust-MPC,1180.8231929897947,793.7140452657798,497.51310114834666
1132.0,1179.439098037903,0.0,0,-47.43909803790302,47.43909803790302,0.0,0.0,0.0,0.16264817051057834,0.0,47.43909803790302,False,0.0038881569998920895,0,0,27,0,0.0,0.0,1,,,0,True,False,False,1174.437255859375,1419.439098037903,-245.00184217852802,True,True,0,ML-Robust-MPC,1179.439098037903,796.0521801174009,497.5514766448477
1107.0,1180.1381235394097,0.0,0,-73.13812353940966,73.13812353940966,0.0,0.0,0.0,0.16337374713299313,0.0,73.13812353940966,False,0.004195743000309449,0,0,28,0,0.0,0.0,1,,,0,True,False,False,1187.2469482421875,1420.1381235394097,-232.89117529722216,True,True,0,ML-Robust-MPC,1180.1381235394097,798.4017235006792,498.0383878277103
1113.5,1179.8879991367062,0.0,0,-66.38799913670618,66.38799913670618,0.0,0.0,0.0,0.16403235823553983,0.0,66.38799913670618,False,0.004686608001065906,0,0,29,0,0.0,0.0,1,,,0,True,False,False,1180.803955078125,1419.8879991367062,-239.08404405858118,True,True,0,ML-Robust-MPC,1179.8879991367062,797.8098098097018,498.1933428648469
1080.5,1180.5,0.0,0,-100.0,100.0,0.0,0.0,0.0,0.16502442172760332,0.0,100.0,False,0.004336093996244017,0,0,30,0,0.0,0.0,1,,,0,True,False,False,1186.410888671875,1424.6112327957887,-238.20034412391374,True,True,0,ML-Robust-MPC,1184.6112327957887,798.7027546625329,499.159372491443
1058.5,809.6569004612015,0.0,0,248.84309953879847,0.0,248.84309953879847,0.0,0.0,0.16228904051647464,100.0,0.0,False,0.004261109999788459,0,0,31,0,0.0,0.0,1,,,0,True,False,False,1184.58056640625,1425.6342997811614,-241.05373337491142,True,True,0,ML-Robust-MPC,1185.6342997811614,798.3606628393989,499.8661081592728
1068.5,1168.5,0.0,0,-100.0,100.0,0.0,0.0,0.0,0.16328110400853812,0.0,100.0,False,0.003607156999350991,0,0,32,0,0.0,0.0,1,,,0,True,False,False,1189.2501220703125,1425.1954846820122,-235.9453626116997,True,True,0,ML-Robust-MPC,1185.1954846820122,795.6865239916931,500.0
1088.5,1186.4060905345784,0.0,0,-97.90609053457842,97.90609053457842,0.0,0.0,0.0,0.16425239458923832,0.0,97.90609053457842,False,0.004380602003948297,0,0,33,0,0.0,0.0,1,,,0,True,False,False,1206.07470703125,1426.4060905345784,-220.33138350332842,True,True,0,ML-Robust-MPC,1186.4060905345784,796.1676139168275,500.0
1118.0,1188.6824595149749,0.0,0,-70.68245951497488,70.68245951497488,0.0,0.0,0.0,0.16495360946537893,0.0,70.68245951497488,False,0.004528851997747552,0,0,34,0,0.0,0.0,1,,,0,True,False,False,1218.7939453125,1428.6824595149749,-209.88851420247488,True,True,0,ML-Robust-MPC,1188.6824595149749,795.6484869886932,500.0
1152.0,1005.964633567777,0.0,0,146.035366432223,0.0,146.035366432223,0.0,0.0,0.16334833128712384,100.0,0.0,False,0.004324653993535321,0,0,35,0,0.0,0.0,1,,,0,True,False,False,1215.255859375,1427.377434462416,-212.12157508741598,True,True,0,ML-Robust-MPC,1187.377434462416,794.6193005385933,500.0
1185.0,1188.088237813655,0.0,0,-3.0882378136550415,3.0882378136550415,0.0,0.0,0.0,0.16337896856702122,0.0,3.0882378136550415,False,0.004353726995759644,0,0,36,0,0.0,0.0,1,,,0,True,False,False,1214.0008544921875,1428.088237813655,-214.08738332146754,True,True,0,ML-Robust-MPC,1188.088237813655,792.4730127975223,500.0
1191.0,1187.9836024496535,0.0,0,3.0163975503464826,0.0,3.0163975503464826,0.0,0.0,0.16334581113890767,0.0,0.0,False,0.00454724100563908,0,0,37,0,0.0,0.0,1,,,0,True,False,False,1216.3546142578125,1427.9836024496535,-211.62898819184102,True,True,0,ML-Robust-MPC,1187.9836024496535,792.7964362910761,500.0
1162.5,1185.9536920606315,0.0,0,-23.45369206063151,23.45369206063151,0.0,0.0,0.0,0.1635784866553822,0.0,23.45369206063151,False,0.00428595000266796,0,0,38,0,0.0,0.0,1,,,0,True,False,False,1222.9747314453125,1425.9536920606315,-202.978960615319,True,True,0,ML-Robust-MPC,1185.9536920606315,793.3223884569602,500.0
1138.0,1183.6078230702872,0.0,0,-45.60782307028717,45.60782307028717,0.0,0.0,0.0,0.16403094521758743,0.0,45.60782307028717,False,0.004217410001729149,0,0,39,0,0.0,0.0,1,,,0,True,False,False,1213.1510009765625,1423.6078230702872,-210.45682209372467,True,True,0,ML-Robust-MPC,1183.6078230702872,794.6444951087008,500.0
1128.5,1179.9979387826147,0.0,0,-51.49793878261471,51.49793878261471,0.0,0.0,0.0,0.16454183746741496,0.0,51.49793878261471,False,0.0045249130052980036,0,0,40,0,0.0,0.0,1,,,0,True,False,False,1210.791015625,1419.9979387826147,-209.2069231576147,True,True,0,ML-Robust-MPC,1179.9979387826147,795.8389656877249,500.0
1136.5,1181.0751555716208,0.0,0,-44.575155571620826,44.575155571620826,0.0,0.0,0.0,0.1649840513123715,0.0,44.575155571620826,False,0.004323485001805238,0,0,41,0,0.0,0.0,1,,,0,True,False,False,1211.29150390625,1421.0751555716208,-209.78365166537083,True,True,0,ML-Robust-MPC,1181.0751555716208,794.2323857527675,500.0
1123.5,971.1993580447697,0.0,0,152.30064195523022,0.0,152.30064195523022,0.0,0.0,0.16330990276166107,100.0,0.0,False,0.0042421949983690865,0,0,42,0,0.0,0.0,1,,,0,True,False,False,1218.3961181640625,1420.4558774144832,-202.0597592504207,True,True,0,ML-Robust-MPC,1180.4558774144832,794.9797454966317,500.0
1170.0,1181.3651367082043,0.0,0,-11.365136708204318,11.365136708204318,0.0,0.0,0.0,0.16342265213376628,0.0,11.365136708204318,False,0.004158324998570606,0,0,43,0,0.0,0.0,1,,,0,True,False,False,1210.4251708984375,1421.3651367082043,-210.93996580976682,True,True,0,ML-Robust-MPC,1181.3651367082043,795.7081595206361,500.0
1184.5,1179.9318161192414,0.0,0,4.568183880758625,0.0,4.568183880758625,0.0,0.0,0.16337243686004735,0.0,0.0,False,0.004291954996006098,0,0,44,0,0.0,0.0,1,,,0,True,False,False,1203.183349609375,1419.9318161192414,-216.74846650986638,True,True,0,ML-Robust-MPC,1179.9318161192414,797.357560416918,500.0
1221.0,1182.5244658035258,0.0,0,38.4755341964742,0.0,38.4755341964742,0.0,0.0,0.16294949865712255,0.0,0.0,False,0.00458986699959496,0,0,45,0,0.0,0.0,1,,,0,True,False,False,1206.34326171875,1422.5244658035258,-216.1812040847758,True,True,0,ML-Robust-MPC,1182.5244658035258,799.0310475304021,500.0
1191.0,1184.9468573832078,0.0,0,6.053142616792229,0.0,6.053142616792229,0.0,0.0,0.16288296013299652,0.0,0.0,False,0.004328584000177216,0,0,46,0,0.0,0.0,1,,,0,True,False,False,1221.0,1424.9468573832078,-203.94685738320777,True,True,0,ML-Robust-MPC,1184.9468573832078,800.6244411835044,500.0
1164.5,1182.9842874783617,0.0,0,-18.484287478361694,18.484287478361694,0.0,0.0,0.0,0.16306633600083742,0.0,18.484287478361694,False,0.004190223997284193,0,0,47,0,0.0,0.0,1,,,0,True,False,False,1191.0,1422.9842874783617,-231.9842874783617,True,True,0,ML-Robust-MPC,1182.9842874783617,802.9562757103045,500.0
1157.5,1184.723533369291,0.0,0,-27.22353336929109,27.22353336929109,0.0,0.0,0.0,0.16333641073664387,0.0,27.22353336929109,False,0.00438272999599576,0,0,48,0,0.0,0.0,1,,,0,True,False,False,1170.12646484375,1424.723533369291,-254.5970685255411,True,True,0,ML-Robust-MPC,1184.723533369291,801.0704063333353,500.0
1126.0,1186.9507356542292,0.0,0,-60.95073565422922,60.95073565422922,0.0,0.0,0.0,0.16394108073321362,0.0,60.95073565422922,False,0.00426667900319444,0,0,49,0,0.0,0.0,1,,,0,True,False,False,1179.6829833984375,1426.9507356542292,-247.26775225579172,True,True,0,ML-Robust-MPC,1186.9507356542292,800.9209756318184,500.0
1100.0,1191.9544327810563,0.0,0,-91.95443278105631,91.95443278105631,0.0,0.0,0.0,0.16485332709016853,0.0,91.95443278105631,False,0.004421421996084973,0,0,50,0,0.0,0.0,1,,,0,True,False,False,1180.4202880859375,1431.9544327810563,-251.5341446951188,True,True,0,ML-Robust-MPC,1191.9544327810563,801.774123351356,500.0
1102.0,1190.4499475247237,0.0,0,-88.44994752472371,88.44994752472371,0.0,0.0,0.0,0.16573080672831064,0.0,88.44994752472371,False,0.004132825000851881,0,0,51,0,0.0,0.0,1,,,0,True,False,False,1181.11083984375,1430.4499475247237,-249.3391076809737,True,True,0,ML-Robust-MPC,1190.4499475247237,802.663458957818,500.0
1144.5,792.1751188883732,0.0,0,352.32488111162684,0.0,352.32488111162684,0.0,0.0,0.16185791307848843,100.0,0.0,False,0.004191243002424017,0,0,52,0,0.0,0.0,1,,,0,True,False,False,1172.9903564453125,1429.2265998616265,-256.236243416314,True,True,0,ML-Robust-MPC,1189.2265998616265,801.4342073155582,500.0
1168.5,1191.825088008879,0.0,0,-23.325088008878993,23.325088008878993,0.0,0.0,0.0,0.1620893127611162,0.0,23.325088008878993,False,0.0040054060009424575,0,0,53,0,0.0,0.0,1,,,0,True,False,False,1183.329345703125,1431.825088008879,-248.495742305754,True,True,0,ML-Robust-MPC,1191.825088008879,801.891136143254,500.0
1199.5,1198.3932223459867,0.0,0,1.1067776540132854,0.0,1.1067776540132854,0.0,0.0,0.16207714662588765,0.0,0.0,False,0.004342995001934469,0,0,54,0,0.0,0.0,1,,,0,True,False,False,1181.6463623046875,1438.3932223459867,-256.7468600412992,True,True,0,ML-Robust-MPC,1198.3932223459867,801.5620701386478,500.0
1174.5,1199.1885846203456,0.0,0,-24.688584620345637,24.688584620345637,0.0,0.0,0.0,0.1623220730606133,0.0,24.688584620345637,False,0.004181138996500522,0,0,55,0,0.0,0.0,1,,,0,True,False,False,1199.5,1439.1885846203456,-239.68858462034564,True,True,0,ML-Robust-MPC,1199.1885846203456,801.0698534506728,500.0
1169.0,1201.6917685216652,0.0,0,-32.69176852166515,32.69176852166515,0.0,0.0,0.0,0.16264639616102664,0.0,32.69176852166515,False,0.004534391999186482,0,0,56,0,0.0,0.0,1,,,0,True,False,False,1174.5,1441.6917685216652,-267.19176852166515,True,True,0,ML-Robust-MPC,1201.6917685216652,800.2934828448406,500.0
1127.5,1204.1735340746627,0.0,0,-76.67353407466271,76.67353407466271,0.0,0.0,0.0,0.16340704630065622,0.0,76.67353407466271,False,0.00415553200582508,0,0,57,0,0.0,0.0,1,,,0,True,False,False,1169.3934326171875,1444.1735340746627,-274.7801014574752,True,True,0,ML-Robust-MPC,1204.1735340746627,801.9204388826848,500.0
1081.5,1181.5,0.0,0,-100.0,100.0,0.0,0.0,0.0,0.1643991097927197,0.0,100.0,False,0.004100174999621231,0,0,58,0,0.0,0.0,1,,,0,True,False,False,1176.746337890625,1441.3781093913517,-264.6317715007267,True,True,0,ML-Robust-MPC,1201.3781093913517,803.0235165069768,500.0
1079.5,1179.5,0.0,0,-100.0,100.0,0.0,0.0,0.0,0.1653911732847832,0.0,100.0,False,0.004228559002513066,0,0,59,0,0.0,0.0,1,,,0,True,False,False,1170.15478515625,1442.4890135242074,-272.3342283679574,True,True,0,ML-Robust-MPC,1202.4890135242074,801.9487584729418,500.0
1110.0,755.1399999999996,0.0,0,354.86000000000035,0.0,354.86000000000035,0.0,0.0,0.16149041261116934,100.0,0.0,False,0.0046356609964277595,0,0,60,0,0.0,0.0,1,,,0,True,False,False,1161.562255859375,1443.0838851193407,-281.5216292599657,True,True,0,ML-Robust-MPC,1203.0838851193407,801.5036435839905,500.0
1115.0,1206.882008552995,0.0,0,-91.8820085529951,91.8820085529951,0.0,0.0,0.0,0.16240194047379825,0.0,91.8820085529951,False,0.004264786999556236,0,0,61,0,0.0,0.0,1,,,0,True,False,False,1177.5853271484375,1446.882008552995,-269.2966814045576,True,True,0,ML-Robust-MPC,1206.882008552995,799.8408819773065,500.0
1155.5,1208.4274210118922,0.0,0,-52.92742101189219,52.92742101189219,0.0,0.0,0.0,0.16292701409494798,0.0,52.92742101189219,False,0.004408262997458223,0,0,62,0,0.0,0.0,1,,,0,True,False,False,1189.3623046875,1448.4274210118922,-259.0651163243922,True,True,0,ML-Robust-MPC,1208.4274210118922,800.4246705833694,500.0
1173.5,1203.7223713714866,0.0,0,-30.222371371486588,30.222371371486588,0.0,0.0,0.0,0.16322683920776035,0.0,30.222371371486588,False,0.004280357999959961,0,0,63,0,0.0,0.0,1,,,0,True,False,False,1180.99951171875,1443.7223713714866,-262.7228596527366,True,True,0,ML-Robust-MPC,1203.7223713714866,796.6221796790979,500.0
1162.5,1205.7480698430663,0.0,0,-43.24806984306633,43.24806984306633,0.0,0.0,0.0,0.16365588751969554,0.0,43.24806984306633,False,0.00463703599962173,0,0,64,0,0.0,0.0,1,,,0,True,False,False,1185.6842041015625,1445.7480698430663,-260.06386574150383,True,True,0,ML-Robust-MPC,1205.7480698430663,798.4512821988059,500.0
1104.5,1204.5,0.0,0,-100.0,100.0,0.0,0.0,0.0,0.16464795101175903,0.0,100.0,False,0.004728987994894851,0,0,65,0,0.0,0.0,1,,,0,True,False,False,1185.4169921875,1450.6794378336306,-265.2624456461306,True,True,0,ML-Robust-MPC,1210.6794378336306,797.9380068054418,500.0
1085.0,1185.0,0.0,0,-100.0,100.0,0.0,0.0,0.0,0.1656400145038225,0.0,100.0,False,0.003981886002293322,0,0,66,0,0.0,0.0,1,,,0,True,False,False,1196.9183349609375,1451.9397713816118,-255.02143642067426,True,True,0,ML-Robust-MPC,1211.9397713816118,795.4590052666917,500.0
1091.0,747.7341814898339,0.0,0,343.2658185101662,0.0,343.2658185101662,0.0,0.0,0.1618667016327175,100.0,0.0,False,0.004613040000549518,0,0,67,0,0.0,0.0,1,,,0,True,False,False,1181.1573486328125,1448.0116250753963,-266.8542764425838,True,True,0,ML-Robust-MPC,1208.0116250753963,797.7844447707231,500.0
1075.5,1175.5,0.0,0,-100.0,100.0,0.0,0.0,0.0,0.16285876512478098,0.0,100.0,False,0.004801213006430771,0,0,68,0,0.0,0.0,1,,,0,True,False,False,1186.842041015625,1449.7063998495555,-262.8643588339305,True,True,0,ML-Robust-MPC,1209.7063998495555,797.898120772358,500.0
1090.5,1190.5,0.0,0,-100.0,100.0,0.0,0.0,0.0,0.16385082861684447,0.0,100.0,False,0.00440383399836719,0,0,69,0,0.0,0.0,1,,,0,True,False,False,1189.8350830078125,1451.1463580048992,-261.3112749970867,True,True,0,ML-Robust-MPC,1211.1463580048992,795.4082219187043,500.0
1113.0,1210.6505682168129,0.0,0,-97.65056821681287,97.65056821681287,0.0,0.0,0.0,0.16481958425391602,0.0,97.65056821681287,False,0.0042571779995341785,0,0,70,0,0.0,0.0,1,,,0,True,False,False,1196.2760009765625,1450.6505682168129,-254.37456724025037,True,True,0,ML-Robust-MPC,1210.6505682168129,796.3994737506874,500.0
1148.5,1208.663611621436,0.0,0,-60.163611621436075,60.163611621436075,0.0,0.0,0.0,0.16541644548031914,0.0,60.163611621436075,False,0.004313845995056909,0,0,71,0,0.0,0.0,1,,,0,True,False,False,1187.514892578125,1448.663611621436,-261.1487190433111,True,True,0,ML-Robust-MPC,1208.663611621436,797.6293503277204,500.0
1198.5,843.6399999999996,0.0,0,354.86000000000035,0.0,354.86000000000035,0.0,0.0,0.16151568480670528,100.0,0.0,False,0.004234645995893516,0,0,72,0,0.0,0.0,1,,,0,True,False,False,1190.099365234375,1452.3118798671749,-262.21251463279987,True,True,0,ML-Robust-MPC,1212.3118798671749,796.5505582485483,500.0
1195.5,1212.727260472035,0.0,0,-17.227260472034914,17.227260472034914,0.0,0.0,0.0,0.161686590168531,0.0,17.227260472034914,False,0.00423300800321158,0,0,73,0,0.0,0.0,1,,,0,True,False,False,1198.5,1452.727260472035,-254.2272604720349,True,True,0,ML-Robust-MPC,1212.727260472035,795.5255756569655,500.0
1158.5,1210.9563523239606,0.0,0,-52.45635232396057,52.45635232396057,0.0,0.0,0.0,0.16220699048920523,0.0,52.45635232396057,False,0.004071917006513104,0,0,74,0,0.0,0.0,1,,,0,True,False,False,1195.5,1450.9563523239606,-255.45635232396057,True,True,0,ML-Robust-MPC,1210.9563523239606,793.8014390025047,500.0
1130.0,1210.2774504070503,0.0,0,-80.27745040705031,80.27745040705031,0.0,0.0,0.0,0.16300339376705295,0.0,80.27745040705031,False,0.004485299003135879,0,0,75,0,0.0,0.0,1,,,0,True,False,False,1176.65625,1450.2774504070503,-273.6212004070503,True,True,0,ML-Robust-MPC,1210.2774504070503,794.296383734189,500.0
1122.5,1210.2426734297585,0.0,0,-87.7426734297585,87.7426734297585,0.0,0.0,0.0,0.16387385679711008,0.0,87.7426734297585,False,0.003917349000403192,0,0,76,0,0.0,0.0,1,,,0,True,False,False,1180.780029296875,1450.2426734297585,-269.4626441328835,True,True,0,ML-Robust-MPC,1210.2426734297585,793.9806550242265,500.0
1125.5,1212.5412106416352,0.0,0,-87.04121064163519,87.04121064163519,0.0,0.0,0.0,0.16473736087093582,0.0,87.04121064163519,False,0.004318824998335913,0,0,77,0,0.0,0.0,1,,,0,True,False,False,1186.8968505859375,1452.5412106416352,-265.6443600556977,True,True,0,ML-Robust-MPC,1212.5412106416352,795.339005494085,500.0
1127.5,1215.229233366756,0.0,0,-87.72923336675603,87.72923336675603,0.0,0.0,0.0,0.1656076905670346,0.0,87.72923336675603,False,0.004299429005186539,0,0,78,0,0.0,0.0,1,,,0,True,False,False,1190.105224609375,1455.229233366756,-265.12400875738103,True,True,0,ML-Robust-MPC,1215.229233366756,794.0241593507204,500.0
1148.0,811.0242773437496,0.0,0,336.97572265625035,0.0,336.97572265625035,0.0,0.0,0.16190352090322319,100.0,0.0,False,0.0044689080023090355,0,0,79,0,0.0,0.0,1,,,0,True,False,False,1189.8740234375,1452.9002121012743,-263.0261886637743,True,True,0,ML-Robust-MPC,1212.9002121012743,795.7346037455753,500.0
1191.5,1214.6775879386066,0.0,0,-23.17758793860662,23.17758793860662,0.0,0.0,0.0,0.16213345729150302,0.0,23.17758793860662,False,0.004405119994771667,0,0,80,0,0.0,0.0,1,,,0,True,False,False,1184.3138427734375,1454.6775879386066,-270.3637451651691,True,True,0,ML-Robust-MPC,1214.6775879386066,794.6211642719942,500.0
1182.0,1216.400839531549,0.0,0,-34.40083953154908,34.40083953154908,0.0,0.0,0.0,0.16247473546145888,0.0,34.40083953154908,False,0.004273469996405765,0,0,81,0,0.0,0.0,1,,,0,True,False,False,1196.8128662109375,1456.400839531549,-259.5879733206116,True,True,0,ML-Robust-MPC,1216.400839531549,793.8915875758535,500.0
1187.5,1216.9599284969606,0.0,0,-29.45992849696063,29.45992849696063,0.0,0.0,0.0,0.16276699665686523,0.0,29.45992849696063,False,0.004383608997159172,0,0,82,0,0.0,0.0,1,,,0,True,False,False,1182.0,1456.9599284969606,-274.95992849696063,True,True,0,ML-Robust-MPC,1216.9599284969606,793.4435498003737,500.0
1126.0,1217.04307253388,0.0,0,-91.04307253387992,91.04307253387992,0.0,0.0,0.0,0.16367020174152674,0.0,91.04307253387992,False,0.004643906999262981,0,0,83,0,0.0,0.0,1,,,0,True,False,False,1187.5,1457.04307253388,-269.5430725338799,True,True,0,ML-Robust-MPC,1217.04307253388,793.904477924389,500.0
1111.5,1211.5,0.0,0,-100.0,100.0,0.0,0.0,0.0,0.16466226523359023,0.0,100.0,False,0.004304510999645572,0,0,84,0,0.0,0.0,1,,,0,True,False,False,1148.697021484375,1455.9067769032474,-307.2097554188724,True,True,0,ML-Robust-MPC,1215.9067769032474,793.9776217484933,500.0
1089.5,1189.5,0.0,0,-100.0,100.0,0.0,0.0,0.0,0.16565432872565372,0.0,100.0,False,0.003729433003172744,0,0,85,0,0.0,0.0,1,,,0,True,False,False,1156.382080078125,1456.7632529392392,-300.38117286111424,True,True,0,ML-Robust-MPC,1216.7632529392392,794.1804813424751,500.0
1055.5,734.0973974609371,0.0,0,321.40260253906285,0.0,321.40260253906285,0.0,0.0,0.16212134492251581,100.0,0.0,False,0.004242510003678035,0,0,86,0,0.0,0.0,1,,,0,True,False,False,1161.501953125,1453.076952659289,-291.57499953428896,True,True,0,ML-Robust-MPC,1213.076952659289,792.8354913268512,500.0
1077.5,1177.5,0.0,0,-100.0,100.0,0.0,0.0,0.0,0.1631134084145793,0.0,100.0,False,0.004624984998372383,0,0,87,0,0.0,0.0,1,,,0,True,False,False,1190.222900390625,1451.805726745407,-261.5828263547819,True,True,0,ML-Robust-MPC,1211.805726745407,791.6502995576107,500.0
1090.5,1190.5,0.0,0,-100.0,100.0,0.0,0.0,0.0,0.1641054719066428,0.0,100.0,False,0.004006955001386814,0,0,88,0,0.0,0.0,1,,,0,True,False,False,1204.03515625,1448.006205979619,-243.97104972961893,True,True,0,ML-Robust-MPC,1208.006205979619,789.8109813803887,500.0
1151.0,1205.6178746930025,0.0,0,-54.61787469300248,54.61787469300248,0.0,0.0,0.0,0.16464731590161305,0.0,54.61787469300248,False,0.0038288930009002797,0,0,89,0,0.0,0.0,1,,,0,True,False,False,1205.7396240234375,1445.6178746930025,-239.87825066956498,True,True,0,ML-Robust-MPC,1205.6178746930025,790.2579995766148,500.0
1145.5,1205.795998722476,0.0,0,-60.29599872247604,60.29599872247604,0.0,0.0,0.0,0.16524549049211382,0.0,60.29599872247604,False,0.004179944000497926,0,0,90,0,0.0,0.0,1,,,0,True,False,False,1207.819091796875,1445.795998722476,-237.97690692560104,True,True,0,ML-Robust-MPC,1205.795998722476,792.1220343910105,500.0
1178.5,896.6447281199173,0.0,0,281.8552718800827,0.0,281.8552718800827,0.0,0.0,0.16214722650011537,100.0,0.0,False,0.003991179997683503,0,0,91,0,0.0,0.0,1,,,0,True,False,False,1210.51513671875,1440.3017686865894,-229.7866319678394,True,True,0,ML-Robust-MPC,1200.3017686865894,793.1881489693966,500.0
1124.5,1200.5480347038624,0.0,0,-76.04803470386241,76.04803470386241,0.0,0.0,0.0,0.16290167128884417,0.0,76.04803470386241,False,0.004333768003562,0,0,92,0,0.0,0.0,1,,,0,True,False,False,1206.3094482421875,1440.5480347038624,-234.2385864616749,True,True,0,ML-Robust-MPC,1200.5480347038624,793.505385629005,500.0
1078.5,1178.5,0.0,0,-100.0,100.0,0.0,0.0,0.0,0.16389373478090766,0.0,100.0,False,0.003935644999728538,0,0,93,0,0.0,0.0,1,,,0,True,False,False,1214.9501953125,1439.1118718070802,-224.1616764945802,True,True,0,ML-Robust-MPC,1199.1118718070802,796.4768748490194,500.0
1106.0,1200.2021686321157,0.0,0,-94.20216863211567,94.20216863211567,0.0,0.0,0.0,0.16482828010463896,0.0,94.20216863211567,False,0.004180421005003154,0,0,94,0,0.0,0.0,1,,,0,True,False,False,1201.490234375,1440.2021686321157,-238.71193425711567,True,True,0,ML-Robust-MPC,1200.2021686321157,798.7001250924587,500.0
1114.0,1200.4204937798322,0.0,0,-86.42049377983221,86.42049377983221,0.0,0.0,0.0,0.16568562627308966,0.0,86.42049377983221,False,0.00481893200048944,0,0,95,0,0.0,0.0,1,,,0,True,False,False,1212.62744140625,1440.4204937798322,-227.7930523735822,True,True,0,ML-Robust-MPC,1200.4204937798322,798.7001089420985,500.0
1104.5,854.7958540128101,0.0,0,249.70414598718992,0.0,249.70414598718992,0.0,0.0,0.1629407801007818,100.0,0.0,False,0.004262583002855536,0,0,96,0,0.0,0.0,1,,,0,True,False,False,1206.336669921875,1441.911427568647,-235.574757646772,True,True,0,ML-Robust-MPC,1201.911427568647,798.4112990616004,500.0
1165.5,1201.007865824118,0.0,0,-35.50786582411797,35.50786582411797,0.0,0.0,0.0,0.16329304067443376,0.0,35.50786582411797,False,0.004347583002527244,0,0,97,0,0.0,0.0,1,,,0,True,False,False,1208.650390625,1441.007865824118,-232.35747519911797,True,True,0,ML-Robust-MPC,1201.007865824118,800.8524478026577,500.0
1191.0,1200.3807111081146,0.0,0,-9.38071110811461,9.38071110811461,0.0,0.0,0.0,0.16338610328463332,0.0,9.38071110811461,False,0.0039522939987364225,0,0,98,0,0.0,0.0,1,,,0,True,False,False,1211.6220703125,1440.3807111081146,-228.7586407956146,True,True,0,ML-Robust-MPC,1200.3807111081146,802.0397964892795,500.0
1217.5,1201.6920201653236,0.0,0,15.807979834676416,0.0,15.807979834676416,0.0,0.0,0.16321233575358338,0.0,0.0,False,0.004459821000637021,0,0,99,0,0.0,0.0,1,,,0,True,False,False,1209.9422607421875,1441.6920201653236,-231.74975942313608,True,True,0,ML-Robust-MPC,1201.6920201653236,801.2771575443116,500.0
1203.0,1203.5463304739928,0.0,0,-0.546330473992839,0.546330473992839,0.0,0.0,0.0,0.16321775569876187,0.0,0.546330473992839,False,0.0043262779945507646,0,0,100,0,0.0,0.0,1,,,0,True,False,False,1217.5,1443.5463304739928,-226.04633047399284,True,True,0,ML-Robust-MPC,1203.5463304739928,802.500860991378,500.0
1167.0,1207.0810849973748,0.0,0,-40.081084997374774,40.081084997374774,0.0,0.0,0.0,0.16361538551024377,0.0,40.081084997374774,False,0.004395233998366166,0,0,101,0,0.0,0.0,1,,,0,True,False,False,1203.0,1447.0810849973748,-244.08108499737477,True,True,0,ML-Robust-MPC,1207.0810849973748,800.7412035967424,500.0
1158.0,1208.8154296546024,0.0,0,-50.81542965460244,50.81542965460244,0.0,0.0,0.0,0.1641195068361823,0.0,50.81542965460244,False,0.00414607000129763,0,0,102,0,0.0,0.0,1,,,0,True,False,False,1194.382080078125,1448.8154296546024,-254.43334957647744,True,True,0,ML-Robust-MPC,1208.8154296546024,801.5286352058347,500.0
1140.5,1211.337643008736,0.0,0,-70.837643008736,70.837643008736,0.0,0.0,0.0,0.1648222612311102,0.0,70.837643008736,False,0.004458789000636898,0,0,103,0,0.0,0.0,1,,,0,True,False,False,1199.476806640625,1451.337643008736,-251.860836368111,True,True,0,ML-Robust-MPC,1211.337643008736,799.8326452131005,500.0
1134.0,1210.1128505609745,0.0,0,-76.1128505609745,76.1128505609745,0.0,0.0,0.0,0.1655773490342945,0.0,76.1128505609745,False,0.004218747999402694,0,0,104,0,0.0,0.0,1,,,0,True,False,False,1199.62890625,1450.1128505609745,-250.4839443109745,True,True,0,ML-Robust-MPC,1210.1128505609745,799.2675803260961,500.0
1141.5,792.7659765624996,0.0,0,348.73402343750035,0.0,348.73402343750035,0.0,0.0,0.16174392750418082,100.0,0.0,False,0.004213792002701666,0,0,105,0,0.0,0.0,1,,,0,True,False,False,1206.072509765625,1451.7769936039988,-245.7044838383738,True,True,0,ML-Robust-MPC,1211.7769936039988,799.1496647655918,500.0
1152.0,1210.6550873113656,0.0,0,-58.655087311365605,58.655087311365605,0.0,0.0,0.0,0.16232582321163483,0.0,58.655087311365605,False,0.004369650996522978,0,0,106,0,0.0,0.0,1,,,0,True,False,False,1210.60205078125,1450.6550873113656,-240.0530365301156,True,True,0,ML-Robust-MPC,1210.6550873113656,798.3871821143277,500.0
1180.0,1211.3640613480525,0.0,0,-31.364061348052473,31.364061348052473,0.0,0.0,0.0,0.16263697461389726,0.0,31.364061348052473,False,0.003986942996561993,0,0,107,0,0.0,0.0,1,,,0,True,False,False,1197.2869873046875,1451.3640613480525,-254.07707404336497,True,True,0,ML-Robust-MPC,1211.3640613480525,799.6645794974244,500.0
1171.5,1211.181806752533,0.0,0,-39.68180675253302,39.68180675253302,0.0,0.0,0.0,0.16303064333168032,0.0,39.68180675253302,False,0.004109414003323764,0,0,108,0,0.0,0.0,1,,,0,True,False,False,1196.2786865234375,1451.181806752533,-254.90312022909552,True,True,0,ML-Robust-MPC,1211.181806752533,799.7409455317501,500.0
1180.5,1209.8426648799225,0.0,0,-29.342664879922495,29.342664879922495,0.0,0.0,0.0,0.16332174119755258,0.0,29.342664879922495,False,0.004274894003174268,0,0,109,0,0.0,0.0,1,,,0,True,False,False,1175.9708251953125,1449.8426648799225,-273.87183968461,True,True,0,ML-Robust-MPC,1209.8426648799225,801.7177797678414,500.0
1144.5,1210.8249697346755,0.0,0,-66.3249697346755,66.3249697346755,0.0,0.0,0.0,0.16397972700841246,0.0,66.3249697346755,False,0.00434793799649924,0,0,110,0,0.0,0.0,1,,,0,True,False,False,1180.5,1450.8249697346755,-270.3249697346755,True,True,0,ML-Robust-MPC,1210.8249697346755,804.4648182880259,500.0
1131.0,1211.4929948721854,0.0,0,-80.49299487218536,80.49299487218536,0.0,0.0,0.0,0.16477826862420794,0.0,80.49299487218536,False,0.004405095001857262,0,0,111,0,0.0,0.0,1,,,0,True,False,False,1159.3641357421875,1451.4929948721854,-292.12885912999786,True,True,0,ML-Robust-MPC,1211.4929948721854,805.9097035179983,500.0
1114.0,1212.0106110926158,0.0,0,-98.01061109261582,98.01061109261582,0.0,0.0,0.0,0.16575059611520612,0.0,98.01061109261582,False,0.00414277300296817,0,0,112,0,0.0,0.0,1,,,0,True,False,False,1165.8631591796875,1452.0106110926158,-286.1474519129283,True,True,0,ML-Robust-MPC,1212.0106110926158,806.6314270366237,500.0
1090.0,761.4990087890621,0.0,0,328.50099121093785,0.0,328.50099121093785,0.0,0.0,0.1621395840322472,100.0,0.0,False,0.004295596001611557,0,0,113,0,0.0,0.0,1,,,0,True,False,False,1169.8729248046875,1450.9114901751043,-281.0385653704168,True,True,0,ML-Robust-MPC,1210.9114901751043,807.2248290649651,500.0
1102.0,1202.0,0.0,0,-100.0,100.0,0.0,0.0,0.0,0.1631316475243107,0.0,100.0,False,0.004781186995387543,0,0,114,0,0.0,0.0,1,,,0,True,False,False,1163.6669921875,1446.806444110659,-283.13945192315896,True,True,0,ML-Robust-MPC,1206.806444110659,807.1859317569977,500.0
1135.0,1205.070865973378,0.0,0,-70.07086597337798,70.07086597337798,0.0,0.0,0.0,0.16382679500420533,0.0,70.07086597337798,False,0.004424143000505865,0,0,115,0,0.0,0.0,1,,,0,True,False,False,1166.183837890625,1445.070865973378,-278.887028082753,True,True,0,ML-Robust-MPC,1205.070865973378,806.268961279457,500.0
1153.0,1200.3477721646311,0.0,0,-47.347772164631124,47.347772164631124,0.0,0.0,0.0,0.16429651496615602,0.0,47.347772164631124,False,0.0042063219952979125,0,0,116,0,0.0,0.0,1,,,0,True,False,False,1169.017822265625,1440.3477721646311,-271.3299498990061,True,True,0,ML-Robust-MPC,1200.3477721646311,803.5981717342655,500.0
1162.5,1199.3829359610304,0.0,0,-36.8829359610304,36.8829359610304,0.0,0.0,0.0,0.16466241710862656,0.0,36.8829359610304,False,0.0037751470008515753,0,0,117,0,0.0,0.0,1,,,0,True,False,False,1163.9669189453125,1439.3829359610304,-275.4160170157179,True,True,0,ML-Robust-MPC,1199.3829359610304,802.3646320662082,500.0
1150.5,1199.5580536492091,0.0,0,-49.058053649209114,49.058053649209114,0.0,0.0,0.0,0.16514910414879727,0.0,49.058053649209114,False,0.004285212999093346,0,0,118,0,0.0,0.0,1,,,0,True,False,False,1162.5,1439.5580536492091,-277.0580536492091,True,True,0,ML-Robust-MPC,1199.5580536492091,801.6713999167484,500.0
1107.0,786.3873144531246,0.0,0,320.61268554687535,0.0,320.61268554687535,0.0,0.0,0.16162480342388327,100.0,0.0,False,0.004457338000065647,0,0,119,0,0.0,0.0,1,,,0,True,False,False,1150.5,1441.7664419281614,-291.2664419281614,True,True,0,ML-Robust-MPC,1201.7664419281614,802.8010707508479,500.0
1088.0,1188.0,0.0,0,-100.0,100.0,0.0,0.0,0.0,0.16261686691594676,0.0,100.0,False,0.004307717994379345,0,0,120,0,0.0,0.0,1,,,0,True,False,False,1145.867431640625,1440.7025939521902,-294.8351623115652,True,True,0,ML-Robust-MPC,1200.7025939521902,802.1614042624499,500.0
1056.0,1156.0,0.0,0,-100.0,100.0,0.0,0.0,0.0,0.16360893040801025,0.0,100.0,False,0.0042486009988351725,0,0,121,0,0.0,0.0,1,,,0,True,False,False,1149.8751220703125,1444.6777135048535,-294.802591434541,True,True,0,ML-Robust-MPC,1204.6777135048535,799.5977225826323,500.0
1062.5,1162.5,0.0,0,-100.0,100.0,0.0,0.0,0.0,0.16460099390007374,0.0,100.0,False,0.0043539120015338995,0,0,122,0,0.0,0.0,1,,,0,True,False,False,1169.40380859375,1444.648542898153,-275.244734304403,True,True,0,ML-Robust-MPC,1204.648542898153,796.4765482677981,500.0
1075.0,1175.0,0.0,0,-100.0,100.0,0.0,0.0,0.0,0.16559305739213723,0.0,100.0,False,0.004287400995963253,0,0,123,0,0.0,0.0,1,,,0,True,False,False,1200.5091552734375,1446.6744457168052,-246.16529044336767,True,True,0,ML-Robust-MPC,1206.6744457168052,794.8628798772612,500.0
1113.0,843.6442735383591,0.0,0,269.3557264616409,0.0,269.3557264616409,0.0,0.0,0.16263219331899778,100.0,0.0,False,0.004159772004641127,0,0,124,0,0.0,0.0,1,,,0,True,False,False,1210.435791015625,1444.937560496445,-234.50176948082003,True,True,0,ML-Robust-MPC,1204.937560496445,797.3665171065801,500.0
1110.0,1202.379158873183,0.0,0,-92.37915887318309,92.37915887318309,0.0,0.0,0.0,0.16354865322845397,0.0,92.37915887318309,False,0.004033426004752982,0,0,125,0,0.0,0.0,1,,,0,True,False,False,1213.13037109375,1442.379158873183,-229.2487877794331,True,True,0,ML-Robust-MPC,1202.379158873183,798.8394749088155,500.0
1153.0,1205.2141259918887,0.0,0,-52.21412599188875,52.21412599188875,0.0,0.0,0.0,0.16406665051011954,0.0,52.21412599188875,False,0.004731840999738779,0,0,126,0,0.0,0.0,1,,,0,True,False,False,1219.8408203125,1445.2141259918887,-225.37330567938875,True,True,0,ML-Robust-MPC,1205.2141259918887,797.4896398378721,500.0
1122.5,1205.094232308078,0.0,0,-82.59423230807806,82.59423230807806,0.0,0.0,0.0,0.1648860377353981,0.0,82.59423230807806,False,0.0042995809999410994,0,0,127,0,0.0,0.0,1,,,0,True,False,False,1212.0662841796875,1445.094232308078,-233.02794812839056,True,True,0,ML-Robust-MPC,1205.094232308078,797.7941907340303,500.0
1106.0,1206.0,0.0,0,-100.0,100.0,0.0,0.0,0.0,0.16587810122746158,0.0,100.0,False,0.00402077600301709,0,0,128,0,0.0,0.0,1,,,0,True,False,False,1211.72021484375,1447.7327229395974,-236.01250809584735,True,True,0,ML-Robust-MPC,1207.7327229395974,796.4490434575597,500.0
1127.0,813.1814943631819,0.0,0,313.8185056368182,0.0,313.8185056368182,0.0,0.0,0.16242848480002436,100.0,0.0,False,0.0041864869999699295,0,0,129,0,0.0,0.0,1,,,0,True,False,False,1206.5006103515625,1449.5174592357107,-243.0168488841482,True,True,0,ML-Robust-MPC,1209.5174592357107,796.0800051378806,500.0
1079.0,1179.0,0.0,0,-100.0,100.0,0.0,0.0,0.0,0.16342054829208785,0.0,100.0,False,0.0043851159935002215,0,0,130,0,0.0,0.0,1,,,0,True,False,False,1210.4241943359375,1451.4528871741693,-241.0286928382318,True,True,0,ML-Robust-MPC,1211.4528871741693,797.8248079141351,500.0
1094.5,1194.5,0.0,0,-100.0,100.0,0.0,0.0,0.0,0.16441261178415134,0.0,100.0,False,0.00421844999800669,0,0,131,0,0.0,0.0,1,,,0,True,False,False,1214.118896484375,1452.8290776656677,-238.71018118129268,True,True,0,ML-Robust-MPC,1212.8290776656677,799.2852345992802,500.0
1133.5,1215.1925231262603,0.0,0,-81.69252312626031,81.69252312626031,0.0,0.0,0.0,0.1652230534818325,0.0,81.69252312626031,False,0.004113139999390114,0,0,132,0,0.0,0.0,1,,,0,True,False,False,1206.0108642578125,1455.1925231262603,-249.1816588684478,True,True,0,ML-Robust-MPC,1215.1925231262603,798.7343710805069,500.0
1144.5,838.6439591535748,0.0,0,305.8560408464252,0.0,305.8560408464252,0.0,0.0,0.16186096359872093,100.0,0.0,False,0.004047431000799406,0,0,133,0,0.0,0.0,1,,,0,True,False,False,1209.893310546875,1455.9133992448624,-246.02008869798738,True,True,0,ML-Robust-MPC,1215.9133992448624,800.6780297761317,500.0
1170.0,1214.018440834659,0.0,0,-44.01844083465903,44.01844083465903,0.0,0.0,0.0,0.16229765448001715,0.0,44.01844083465903,False,0.004515895001532044,0,0,134,0,0.0,0.0,1,,,0,True,False,False,1207.0380859375,1454.018440834659,-246.98035489715903,True,True,0,ML-Robust-MPC,1214.018440834659,798.2110840311498,500.0
1178.0,1213.8123094862808,0.0,0,-35.81230948628081,35.81230948628081,0.0,0.0,0.0,0.16265293532809533,0.0,35.81230948628081,False,0.004363795000244863,0,0,135,0,0.0,0.0,1,,,0,True,False,False,1198.371826171875,1453.8123094862808,-255.4404833144058,True,True,0,ML-Robust-MPC,1213.8123094862808,798.2836672666358,500.0
1193.5,1215.0300537529067,0.0,0,-21.530053752906724,21.530053752906724,0.0,0.0,0.0,0.16286652713119956,0.0,21.530053752906724,False,0.004289347998565063,0,0,136,0,0.0,0.0,1,,,0,True,False,False,1187.5380859375,1455.0300537529067,-267.4919678154067,True,True,0,ML-Robust-MPC,1215.0300537529067,796.9663660302346,500.0
1159.5,1215.2268847114706,0.0,0,-55.726884711470575,55.726884711470575,0.0,0.0,0.0,0.16341937320968639,0.0,55.726884711470575,False,0.0042344250032329,0,0,137,0,0.0,0.0,1,,,0,True,False,False,1193.5,1455.2268847114706,-261.7268847114706,True,True,0,ML-Robust-MPC,1215.2268847114706,795.9964769184833,500.0
1129.0,1217.0636147815935,0.0,0,-88.06361478159351,88.06361478159351,0.0,0.0,0.0,0.164293020181726,0.0,88.06361478159351,False,0.0042010899996967055,0,0,138,0,0.0,0.0,1,,,0,True,False,False,1161.998291015625,1457.0636147815935,-295.0653237659685,True,True,0,ML-Robust-MPC,1217.0636147815935,795.3358466818273,500.0
1145.0,1215.0340146347094,0.0,0,-70.03401463470937,70.03401463470937,0.0,0.0,0.0,0.16498780207294336,0.0,70.03401463470937,False,0.004377837998617906,0,0,139,0,0.0,0.0,1,,,0,True,False,False,1161.033447265625,1455.0340146347094,-294.00056736908437,True,True,0,ML-Robust-MPC,1215.0340146347094,796.2336988871464,500.0
1134.5,785.2546240234371,0.0,0,349.24537597656285,0.0,349.24537597656285,0.0,0.0,0.16114875955462385,100.0,0.0,False,0.004473618006159086,0,0,140,0,0.0,0.0,1,,,0,True,False,False,1171.63720703125,1452.59913740617,-280.96193037492003,True,True,0,ML-Robust-MPC,1212.59913740617,795.8064534738145,500.0
1105.0,1205.0,0.0,0,-100.0,100.0,0.0,0.0,0.0,0.16214082304668734,0.0,100.0,False,0.00430896200123243,0,0,141,0,0.0,0.0,1,,,0,True,False,False,1174.031982421875,1453.5387478466605,-279.5067654247855,True,True,0,ML-Robust-MPC,1213.5387478466605,794.0241605516967,500.0
1131.0,1216.0430821418902,0.0,0,-85.04308214189018,85.04308214189018,0.0,0.0,0.0,0.1629845044171426,0.0,85.04308214189018,False,0.004367942994576879,0,0,142,0,0.0,0.0,1,,,0,True,False,False,1169.40380859375,1456.0430821418902,-286.6392735481402,True,True,0,ML-Robust-MPC,1216.0430821418902,797.8748500377642,500.0
1125.5,1218.335779189415,0.0,0,-92.835779189415,92.835779189415,0.0,0.0,0.0,0.16390549429005347,0.0,92.835779189415,False,0.004216563000227325,0,0,143,0,0.0,0.0,1,,,0,True,False,False,1166.5631103515625,1458.335779189415,-291.7726688378525,True,True,0,ML-Robust-MPC,1218.335779189415,796.9284132095781,500.0
1175.0,1220.8325560393907,0.0,0,-45.83255603939074,45.83255603939074,0.0,0.0,0.0,0.1643601823459998,0.0,45.83255603939074,False,0.004190934996586293,0,0,144,0,0.0,0.0,1,,,0,True,False,False,1171.17724609375,1460.8325560393907,-289.65530994564074,True,True,0,ML-Robust-MPC,1220.8325560393907,799.3784023114084,500.0
1142.0,1220.7526438529258,0.0,0,-78.75264385292576,78.75264385292576,0.0,0.0,0.0,0.16514145857469947,0.0,78.75264385292576,False,0.004243053997925017,0,0,145,0,0.0,0.0,1,,,0,True,False,False,1175.0,1460.7526438529258,-285.75264385292576,True,True,0,ML-Robust-MPC,1220.7526438529258,797.2368591926431,500.0
1108.5,784.1230322265621,0.0,0,324.37696777343785,0.0,324.37696777343785,0.0,0.0,0.16157577937919496,100.0,0.0,False,0.0040961510021588765,0,0,146,0,0.0,0.0,1,,,0,True,False,False,1167.72216796875,1459.749373363078,-292.0272053943279,True,True,0,ML-Robust-MPC,1219.749373363078,798.7404240248054,500.0
1066.5,1166.5,0.0,0,-100.0,100.0,0.0,0.0,0.0,0.16256784287125844,0.0,100.0,False,0.0044331820026854984,0,0,147,0,0.0,0.0,1,,,0,True,False,False,1163.0537109375,1461.126281658026,-298.0725707205261,True,True,0,ML-Robust-MPC,1221.126281658026,798.8867206938633,500.0
1063.5,1163.5,0.0,0,-100.0,100.0,0.0,0.0,0.0,0.16355990636332193,0.0,100.0,False,0.004159815995080862,0,0,148,0,0.0,0.0,1,,,0,True,False,False,1168.5208740234375,1462.2512253928674,-293.73035136942985,True,True,0,ML-Robust-MPC,1222.2512253928674,797.6141081957803,500.0
1076.0,1176.0,0.0,0,-100.0,100.0,0.0,0.0,0.0,0.16455196985538542,0.0,100.0,False,0.004442195000592619,0,0,149,0,0.0,0.0,1,,,0,True,False,False,1168.9383544921875,1460.2303993676062,-291.2920448754187,True,True,0,ML-Robust-MPC,1220.2303993676062,798.3071747596922,500.0
1089.0,1189.0,0.0,0,-100.0,100.0,0.0,0.0,0.0,0.1655440333474489,0.0,100.0,False,0.004573637001158204,0,0,150,0,0.0,0.0,1,,,0,True,False,False,1174.2069091796875,1457.010572906733,-282.80366372704543,True,True,0,ML-Robust-MPC,1217.010572906733,798.222276668362,500.0
1088.5,782.8148046874996,0.0,0,305.68519531250035,0.0,305.68519531250035,0.0,0.0,0.16218382146563362,100.0,0.0,False,0.004003196001576725,0,0,151,0,0.0,0.0,1,,,0,True,False,False,1182.73486328125,1454.97881299794,-272.24394971668994,True,True,0,ML-Robust-MPC,1214.97881299794,796.232401517598,500.0
1145.0,1213.8896756042302,0.0,0,-68.8896756042302,68.8896756042302,0.0,0.0,0.0,0.16286725078710415,0.0,68.8896756042302,False,0.004186656005913392,0,0,152,0,0.0,0.0,1,,,0,True,False,False,1184.437744140625,1453.8896756042302,-269.4519314636052,True,True,0,ML-Robust-MPC,1213.8896756042302,794.4878889780439,500.0
1154.5,1215.6189744132894,0.0,0,-61.11897441328938,61.11897441328938,0.0,0.0,0.0,0.16347358981898202,0.0,61.11897441328938,False,0.004550452998955734,0,0,153,0,0.0,0.0,1,,,0,True,False,False,1180.99951171875,1455.6189744132894,-274.6194626945394,True,True,0,ML-Robust-MPC,1215.6189744132894,794.6484044581109,498.1455311797173
1174.5,1216.9027157716887,0.0,0,-42.40271577168869,42.40271577168869,0.0,0.0,0.0,0.1638942516817964,0.0,42.40271577168869,False,0.004495786997722462,0,0,154,0,0.0,0.0,1,,,0,True,False,False,1180.068359375,1456.9027157716887,-276.8343563966887,True,True,0,ML-Robust-MPC,1216.9027157716887,795.9876677768742,498.61805466797455
1154.0,1220.998536736353,0.0,0,-66.99853673635289,66.99853673635289,0.0,0.0,0.0,0.1645589197049745,0.0,66.99853673635289,False,0.004148134998104069,0,0,155,0,0.0,0.0,1,,,0,True,False,False,1184.897705078125,1460.998536736353,-276.1008316582279,True,True,0,ML-Robust-MPC,1220.998536736353,798.2819342746119,498.2338851145775
1142.0,1218.4288632821422,0.0,0,-76.42886328214217,76.42886328214217,0.0,0.0,0.0,0.16531714255499574,0.0,76.42886328214217,False,0.004200053001113702,0,0,156,0,0.0,0.0,1,,,0,True,False,False,1193.4658203125,1458.4288632821422,-264.9630429696422,True,True,0,ML-Robust-MPC,1218.4288632821422,797.100369358619,499.6544355069085
1118.0,779.3594824218746,0.0,0,338.64051757812535,0.0,338.64051757812535,0.0,0.0,0.16159467281069942,100.0,0.0,False,0.0041652149957371876,0,0,157,0,0.0,0.0,1,,,0,True,False,False,1194.650390625,1461.9319119994946,-267.28152137449456,True,True,0,ML-Robust-MPC,1221.9319119994946,795.78450808372,498.8386241954735
1111.0,1211.0,0.0,0,-100.0,100.0,0.0,0.0,0.0,0.1625867363027629,0.0,100.0,False,0.004022722001536749,0,0,158,0,0.0,0.0,1,,,0,True,False,False,1193.743408203125,1462.4660567222738,-268.72264851914883,True,True,0,ML-Robust-MPC,1222.4660567222738,796.0772003926131,499.48656463866166
1132.0,1222.0943210879927,0.0,0,-90.09432108799274,90.09432108799274,0.0,0.0,0.0,0.16348052917069936,0.0,90.09432108799274,False,0.0043768699979409575,0,0,159,0,0.0,0.0,1,,,0,True,False,False,1189.8741455078125,1462.0943210879927,-272.22017558018024,True,True,0,ML-Robust-MPC,1222.0943210879927,799.2678711234422,498.7803840358045
1147.5,1220.47062028017,0.0,0,-72.9706202801699,72.9706202801699,0.0,0.0,0.0,0.16420444405443121,0.0,72.9706202801699,False,0.004410683999594767,0,0,160,0,0.0,0.0,1,,,0,True,False,False,1191.1885986328125,1460.47062028017,-269.2820216473574,True,True,0,ML-Robust-MPC,1220.47062028017,801.3564040352118,498.17996629234176
1157.5,1219.233115353881,0.0,0,-61.733115353880976,61.733115353880976,0.0,0.0,0.0,0.1648168757543705,0.0,61.733115353880976,False,0.0043964379947283305,0,0,161,0,0.0,0.0,1,,,0,True,False,False,1190.669677734375,1459.233115353881,-268.563437619506,True,True,0,ML-Robust-MPC,1219.233115353881,804.4880982027743,497.5581269482065
1175.5,1218.4893586684016,0.0,0,-42.989358668401565,42.989358668401565,0.0,0.0,0.0,0.16524335748719196,0.0,42.989358668401565,False,0.004489182996621821,0,0,162,0,0.0,0.0,1,,,0,True,False,False,1182.656982421875,1458.4893586684016,-275.83237624652656,True,True,0,ML-Robust-MPC,1218.4893586684016,803.1159165523676,496.6402600495626
1187.0,832.1399999999996,0.0,0,354.86000000000035,0.0,354.86000000000035,0.0,0.0,0.1613425968135781,100.0,0.0,False,0.0041656699977465905,0,0,163,0,0.0,0.0,1,,,0,True,False,False,1175.5,1460.2483931855272,-284.7483931855272,True,True,0,ML-Robust-MPC,1220.2483931855272,804.3766240204538,496.9233210757377
1150.5,1220.1688829880895,0.0,0,-69.66888298808954,69.66888298808954,0.0,0.0,0.0,0.16203375636703138,0.0,69.66888298808954,False,0.004219699003442656,0,0,164,0,0.0,0.0,1,,,0,True,False,False,1187.0,1460.1688829880895,-273.16888298808954,True,True,0,ML-Robust-MPC,1220.1688829880895,803.4739514721898,497.9055057282884
1151.5,1221.0593505375891,0.0,0,-69.55935053758913,69.55935053758913,0.0,0.0,0.0,0.16272382928903126,0.0,69.55935053758913,False,0.0044372260017553344,0,0,165,0,0.0,0.0,1,,,0,True,False,False,1177.169677734375,1461.0593505375891,-283.8896728032141,True,True,0,ML-Robust-MPC,1221.0593505375891,802.8542655992806,498.34053787762247
1131.5,1219.9851818764553,0.0,0,-88.48518187645527,88.48518187645527,0.0,0.0,0.0,0.16360165847431354,0.0,88.48518187645527,False,0.0041458769992459565,0,0,166,0,0.0,0.0,1,,,0,True,False,False,1179.8607177734375,1459.9851818764553,-280.1244641030178,True,True,0,ML-Robust-MPC,1219.9851818764553,803.7032812555123,499.3729178218299
1108.5,1208.5,0.0,0,-100.0,100.0,0.0,0.0,0.0,0.16459372196637703,0.0,100.0,False,0.0043004140025004745,0,0,167,0,0.0,0.0,1,,,0,True,False,False,1183.21337890625,1457.223148201091,-274.0097692948409,True,True,0,ML-Robust-MPC,1217.223148201091,802.4350706553982,500.0
1132.0,1220.2449979979729,0.0,0,-88.24499799797286,88.24499799797286,0.0,0.0,0.0,0.16546916837508707,0.0,88.24499799797286,False,0.004422354999405798,0,0,168,0,0.0,0.0,1,,,0,True,False,False,1180.21533203125,1460.2449979979729,-280.02966596672286,True,True,0,ML-Robust-MPC,1220.2449979979729,802.7888951127609,500.0
1136.5,806.7366796874996,0.0,0,329.76332031250035,0.0,329.76332031250035,0.0,0.0,0.16184428027421538,100.0,0.0,False,0.004358958998636808,0,0,169,0,0.0,0.0,1,,,0,True,False,False,1185.4246826171875,1455.6893665032749,-270.26468388608737,True,True,0,ML-Robust-MPC,1215.6893665032749,802.8448360562081,499.26786817264383
1135.5,1215.105210323357,0.0,0,-79.60521032335691,79.60521032335691,0.0,0.0,0.0,0.16263401450361376,0.0,79.60521032335691,False,0.0037881270036450587,0,0,170,0,0.0,0.0,1,,,0,True,False,False,1180.068115234375,1455.105210323357,-275.0370950889819,True,True,0,ML-Robust-MPC,1215.105210323357,802.8642277597486,497.96567190530567
1169.5,1213.938580240764,0.0,0,-44.43858024076394,44.43858024076394,0.0,0.0,0.0,0.16307487343457372,0.0,44.43858024076394,False,0.004243287003191654,0,0,171,0,0.0,0.0,1,,,0,True,False,False,1166.118896484375,1453.938580240764,-287.81968375638894,True,True,0,ML-Robust-MPC,1213.938580240764,802.9268817796027,496.9161961139951
1143.5,1213.390758003634,0.0,0,-69.89075800363389,69.89075800363389,0.0,0.0,0.0,0.16376823412905422,0.0,69.89075800363389,False,0.004308780997234862,0,0,172,0,0.0,0.0,1,,,0,True,False,False,1169.5,1453.390758003634,-283.8907580036339,True,True,0,ML-Robust-MPC,1213.390758003634,801.8736083430648,497.3700573171709
1112.5,1212.5,0.0,0,-100.0,100.0,0.0,0.0,0.0,0.1647602976211177,0.0,100.0,False,0.004323826004110742,0,0,173,0,0.0,0.0,1,,,0,True,False,False,1143.5,1457.0127144684373,-313.51271446843725,True,True,0,ML-Robust-MPC,1217.0127144684373,802.2658752776924,497.5209731083867
1094.0,1194.0,0.0,0,-100.0,100.0,0.0,0.0,0.0,0.1657523611131812,0.0,100.0,False,0.004333903001679573,0,0,174,0,0.0,0.0,1,,,0,True,False,False,1117.1068115234375,1455.970908280961,-338.8640967575236,True,True,0,ML-Robust-MPC,1215.970908280961,801.0378319447467,497.0302991492621
1059.0,733.9822851562496,0.0,0,325.01771484375035,0.0,325.01771484375035,0.0,0.0,0.16217963857389714,100.0,0.0,False,0.0041806090011959895,0,0,175,0,0.0,0.0,1,,,0,True,False,False,1118.9046630859375,1456.1552998686118,-337.2506367826743,True,True,0,ML-Robust-MPC,1216.1552998686118,802.2716078874173,497.9433674821088
1068.5,1168.5,0.0,0,-100.0,100.0,0.0,0.0,0.0,0.16317170206596063,0.0,100.0,False,0.004288582000299357,0,0,176,0,0.0,0.0,1,,,0,True,False,False,1119.845703125,1454.7532791525084,-334.9075760275084,True,True,0,ML-Robust-MPC,1214.7532791525084,803.1008699674952,498.64699987561335
1080.0,1180.0,0.0,0,-100.0,100.0,0.0,0.0,0.0,0.16416376555802412,0.0,100.0,False,0.004273011996701825,0,0,177,0,0.0,0.0,1,,,0,True,False,False,1141.824462890625,1456.5148460740313,-314.6903831834063,True,True,0,ML-Robust-MPC,1216.5148460740313,802.66721089172,498.7294485306903
1086.0,1186.0,0.0,0,-100.0,100.0,0.0,0.0,0.0,0.1651558290500876,0.0,100.0,False,0.004367370005638804,0,0,178,0,0.0,0.0,1,,,0,True,False,False,1171.3212890625,1451.0444035057008,-279.72311444320076,True,True,0,ML-Robust-MPC,1211.0444035057008,800.5541705028303,499.61514663067993
1123.0,768.1399999999996,0.0,0,354.86000000000035,0.0,354.86000000000035,0.0,0.0,0.16125506837647374,100.0,0.0,False,0.004210598999634385,0,0,179,0,0.0,0.0,1,,,0,True,False,False,1176.73193359375,1450.219613940283,-273.4876803465329,True,True,0,ML-Robust-MPC,1210.219613940283,800.2596645037253,497.736010763112
1115.5,1213.3933304620407,0.0,0,-97.8933304620407,97.8933304620407,0.0,0.0,0.0,0.1622262323691527,0.0,97.8933304620407,False,0.004286274001060519,0,0,180,0,0.0,0.0,1,,,0,True,False,False,1181.149658203125,1453.3933304620407,-272.2436722589157,True,True,0,ML-Robust-MPC,1213.3933304620407,800.4378030295827,497.8257074620039
1106.5,1206.5,0.0,0,-100.0,100.0,0.0,0.0,0.0,0.1632182958612162,0.0,100.0,False,0.004382717997941654,0,0,181,0,0.0,0.0,1,,,0,True,False,False,1184.751708984375,1453.9426027556003,-269.1908937712253,True,True,0,ML-Robust-MPC,1213.9426027556003,801.2951758109966,497.2493651205057
1097.0,1197.0,0.0,0,-100.0,100.0,0.0,0.0,0.0,0.16421035935327968,0.0,100.0,False,0.004308559997298289,0,0,182,0,0.0,0.0,1,,,0,True,False,False,1183.08544921875,1455.9363672815614,-272.8509180628114,True,True,0,ML-Robust-MPC,1215.9363672815614,801.112226258043,496.7215843258292
1054.0,1154.0,0.0,0,-100.0,100.0,0.0,0.0,0.0,0.16520242284534317,0.0,100.0,False,0.004260324996721465,0,0,183,0,0.0,0.0,1,,,0,True,False,False,1177.3519287109375,1455.9548859231588,-278.6029572122213,True,True,0,ML-Robust-MPC,1215.9548859231588,800.0761351820939,497.6904665713716
1072.5,717.6399999999996,0.0,0,354.86000000000035,0.0,354.86000000000035,0.0,0.0,0.1613016621717293,100.0,0.0,False,0.004310975993575994,0,0,184,0,0.0,0.0,1,,,0,True,False,False,1180.8623046875,1455.4252858591665,-274.5629811716665,True,True,0,ML-Robust-MPC,1215.4252858591665,800.3791520495867,498.1870641145017
1055.5,1155.5,0.0,0,-100.0,100.0,0.0,0.0,0.0,0.1622937256637928,0.0,100.0,False,0.0045551610019174404,0,0,185,0,0.0,0.0,1,,,0,True,False,False,1195.793701171875,1456.9332979346907,-261.1395967628157,True,True,0,ML-Robust-MPC,1216.9332979346907,799.3299541135361,496.68637228413536
1104.5,1204.5,0.0,0,-100.0,100.0,0.0,0.0,0.0,0.1632857891558563,0.0,100.0,False,0.004299299995182082,0,0,186,0,0.0,0.0,1,,,0,True,False,False,1193.7977294921875,1453.8849100831278,-260.0871805909403,True,True,0,ML-Robust-MPC,1213.8849100831278,798.6611876855494,496.4409458718247
1115.5,1212.3921960876062,0.0,0,-96.89219608760618,96.89219608760618,0.0,0.0,0.0,0.1642470212599,0.0,96.89219608760618,False,0.004216464003548026,0,0,187,0,0.0,0.0,1,,,0,True,False,False,1193.64306640625,1452.3921960876062,-258.7491296813562,True,True,0,ML-Robust-MPC,1212.3921960876062,800.480550641186,494.9044932730875
1187.5,1210.7227915292187,0.0,0,-23.22279152921874,23.22279152921874,0.0,0.0,0.0,0.1644774060964994,0.0,23.22279152921874,False,0.004692549002356827,0,0,188,0,0.0,0.0,1,,,0,True,False,False,1194.128662109375,1450.7227915292187,-256.59412941984374,True,True,0,ML-Robust-MPC,1210.7227915292187,801.9647326350297,495.68931774812967
1210.0,1210.8379758950296,0.0,0,-0.8379758950295582,0.8379758950295582,0.0,0.0,0.0,0.1644857193494263,0.0,0.8379758950295582,False,0.004633005999494344,0,0,189,0,0.0,0.0,1,,,0,True,False,False,1199.353271484375,1450.8379758950296,-251.48470441065456,True,True,0,ML-Robust-MPC,1210.8379758950296,802.7902802344059,495.3086454153285
1200.5,1208.2360002204869,0.0,0,-7.736000220486858,7.736000220486858,0.0,0.0,0.0,0.1645624653833597,0.0,7.736000220486858,False,0.004352699994342402,0,0,190,0,0.0,0.0,1,,,0,True,False,False,1210.0,1448.2360002204869,-238.23600022048686,True,True,0,ML-Robust-MPC,1208.2360002204869,804.0818961754952,497.0137013177502
1154.5,1208.2089579121644,0.0,0,-53.70895791216435,53.70895791216435,0.0,0.0,0.0,0.16509529234677403,0.0,53.70895791216435,False,0.003679480003484059,0,0,191,0,0.0,0.0,1,,,0,True,False,False,1202.434326171875,1448.2089579121644,-245.77463174028935,True,True,0,ML-Robust-MPC,1208.2089579121644,807.2466605358293,496.9372778378911
1158.5,804.2644301235142,0.0,0,354.2355698764858,0.0,354.2355698764858,0.0,0.0,0.16120139565464364,100.0,0.0,False,0.004079461999936029,0,0,192,0,0.0,0.0,1,,,0,True,False,False,1195.705322265625,1445.945149954611,-250.239827688986,True,True,0,ML-Robust-MPC,1205.945149954611,805.769226707944,497.2169029887896
1156.5,1203.378457264635,0.0,0,-46.87845726463502,46.87845726463502,0.0,0.0,0.0,0.16166645971480867,0.0,46.87845726463502,False,0.004346847999840975,0,0,193,0,0.0,0.0,1,,,0,True,False,False,1195.285400390625,1443.378457264635,-248.09305687401002,True,True,0,ML-Robust-MPC,1203.378457264635,808.3909787483309,498.4904741932601
1150.5,1203.1446908159312,0.0,0,-52.6446908159312,52.6446908159312,0.0,0.0,0.0,0.16218872847290322,0.0,52.6446908159312,False,0.004154342997935601,0,0,194,0,0.0,0.0,1,,,0,True,False,False,1209.218505859375,1443.1446908159312,-233.9261849565562,True,True,0,ML-Robust-MPC,1203.1446908159312,809.610588359035,497.4044956093997
1149.0,1203.9809253363117,0.0,0,-54.98092533631166,54.98092533631166,0.0,0.0,0.0,0.16273417416076347,0.0,54.98092533631166,False,0.004278046006220393,0,0,195,0,0.0,0.0,1,,,0,True,False,False,1204.486572265625,1443.9809253363117,-239.49435307068666,True,True,0,ML-Robust-MPC,1203.9809253363117,807.8030815566493,498.8948302182348
1150.0,1202.1420757885444,0.0,0,-52.14207578854439,52.14207578854439,0.0,0.0,0.0,0.1632514566586657,0.0,52.14207578854439,False,0.004554036997433286,0,0,196,0,0.0,0.0,1,,,0,True,False,False,1208.73193359375,1442.1420757885444,-233.4101421947944,True,True,0,ML-Robust-MPC,1202.1420757885444,807.2309448896316,499.932947312572
1185.5,1202.9808444792309,0.0,0,-17.480844479230882,17.480844479230882,0.0,0.0,0.0,0.16342487773484854,0.0,17.480844479230882,False,0.004478424998524133,0,0,197,0,0.0,0.0,1,,,0,True,False,False,1191.37158203125,1442.9808444792309,-251.60926244798088,True,True,0,ML-Robust-MPC,1202.9808444792309,805.6671521076821,500.0
1216.0,1204.2444923207104,0.0,0,11.755507679289622,0.0,11.755507679289622,0.0,0.0,0.16329565657142145,0.0,0.0,False,0.004585064001730643,0,0,198,0,0.0,0.0,1,,,0,True,False,False,1196.4490966796875,1444.2444923207104,-247.79539564102288,True,True,0,ML-Robust-MPC,1204.2444923207104,805.2663052348219,500.0
1161.5,1204.233510971662,0.0,0,-42.7335109716621,42.7335109716621,0.0,0.0,0.0,0.16371960013264825,0.0,42.7335109716621,False,0.004398040000523906,0,0,199,0,0.0,0.0,1,,,0,True,False,False,1216.0,1444.233510971662,-228.2335109716621,True,True,0,ML-Robust-MPC,1204.233510971662,803.9105545648353,500.0
1180.0,1203.9886235608533,0.0,0,-23.988623560853284,23.988623560853284,0.0,0.0,0.0,0.16395758250924403,0.0,23.988623560853284,False,0.004428079999343026,0,0,200,0,0.0,0.0,1,,,0,True,False,False,1161.5,1443.9886235608533,-282.4886235608533,True,True,0,ML-Robust-MPC,1203.9886235608533,803.1294310236702,500.0
1151.0,1207.6143027917,0.0,0,-56.614302791700084,56.614302791700084,0.0,0.0,0.0,0.16451923233852678,0.0,56.614302791700084,False,0.004114368995942641,0,0,201,0,0.0,0.0,1,,,0,True,False,False,1180.0,1447.6143027917,-267.6143027917001,True,True,0,ML-Robust-MPC,1207.6143027917,804.5551209916481,500.0
1102.0,1202.0,0.0,0,-100.0,100.0,0.0,0.0,0.0,0.16551129583059027,0.0,100.0,False,0.004134845999942627,0,0,202,0,0.0,0.0,1,,,0,True,False,False,1173.5836181640625,1444.4043605343288,-270.8207423702663,True,True,0,ML-Robust-MPC,1204.4043605343288,805.5473406572494,500.0
1100.5,750.2537695312496,0.0,0,350.24623046875035,0.0,350.24623046875035,0.0,0.0,0.16166125152609273,100.0,0.0,False,0.004384268999274354,0,0,203,0,0.0,0.0,1,,,0,True,False,False,1166.0672607421875,1441.4901450618954,-275.4228843197079,True,True,0,ML-Robust-MPC,1201.4901450618954,805.9760901545745,500.0
1084.5,1184.5,0.0,0,-100.0,100.0,0.0,0.0,0.0,0.16265331501815622,0.0,100.0,False,0.00468745399848558,0,0,204,0,0.0,0.0,1,,,0,True,False,False,1178.835205078125,1440.6222449566271,-261.7870398785021,True,True,0,ML-Robust-MPC,1200.6222449566271,805.9902873434062,500.0
1123.5,1200.151048354576,0.0,0,-76.651048354576,76.651048354576,0.0,0.0,0.0,0.1634137420851659,0.0,76.651048354576,False,0.004262041999027133,0,0,205,0,0.0,0.0,1,,,0,True,False,False,1173.4305419921875,1440.151048354576,-266.7205063623885,True,True,0,ML-Robust-MPC,1200.151048354576,806.065342627401,500.0
1161.5,1199.1276354531074,0.0,0,-37.62763545310736,37.62763545310736,0.0,0.0,0.0,0.16378703211942292,0.0,37.62763545310736,False,0.0042573669998091646,0,0,206,0,0.0,0.0,1,,,0,True,False,False,1166.447509765625,1439.1276354531074,-272.68012568748236,True,True,0,ML-Robust-MPC,1199.1276354531074,804.957725089692,500.0
1163.5,1201.028554917212,0.0,0,-37.52855491721198,37.52855491721198,0.0,0.0,0.0,0.16415933921185558,0.0,37.52855491721198,False,0.004602619002980646,0,0,207,0,0.0,0.0,1,,,0,True,False,False,1171.21630859375,1441.028554917212,-269.812246323462,True,True,0,ML-Robust-MPC,1201.028554917212,804.3183740913543,500.0
1142.0,1203.0960038298545,0.0,0,-61.09600382985445,61.09600382985445,0.0,0.0,0.0,0.16476545036096127,0.0,61.09600382985445,False,0.004162744000495877,0,0,208,0,0.0,0.0,1,,,0,True,False,False,1180.89111328125,1443.0960038298545,-262.20489054860445,True,True,0,ML-Robust-MPC,1203.0960038298545,804.4392925189919,500.0
1157.0,1200.08618387759,0.0,0,-43.086183877589974,43.086183877589974,0.0,0.0,0.0,0.1651928926613342,0.0,43.086183877589974,False,0.004254821003996767,0,0,209,0,0.0,0.0,1,,,0,True,False,False,1171.296875,1440.08618387759,-268.78930887759,True,True,0,ML-Robust-MPC,1200.08618387759,802.4870325903647,500.0
1127.5,787.5616308593746,0.0,0,339.93836914062535,0.0,339.93836914062535,0.0,0.0,0.16145615642226474,100.0,0.0,False,0.004215107001073193,0,0,210,0,0.0,0.0,1,,,0,True,False,False,1175.426025390625,1440.8552790114995,-265.42925362087453,True,True,0,ML-Robust-MPC,1200.8552790114995,801.0238585124664,500.0
1110.0,1197.7379199062962,0.0,0,-87.73791990629616,87.73791990629616,0.0,0.0,0.0,0.16232657229435102,0.0,87.73791990629616,False,0.004454006004380062,0,0,211,0,0.0,0.0,1,,,0,True,False,False,1176.337646484375,1437.7379199062962,-261.40027342192116,True,True,0,ML-Robust-MPC,1197.7379199062962,801.8137802225326,500.0
1113.5,1196.560910905381,0.0,0,-83.06091090538098,83.06091090538098,0.0,0.0,0.0,0.1631505892676187,0.0,83.06091090538098,False,0.004138401003729086,0,0,212,0,0.0,0.0,1,,,0,True,False,False,1180.2196044921875,1436.560910905381,-256.3413064131935,True,True,0,ML-Robust-MPC,1196.560910905381,800.9376216950702,500.0
1101.0,1197.5830980972453,0.0,0,-96.58309809724528,96.58309809724528,0.0,0.0,0.0,0.16410875492334534,0.0,96.58309809724528,False,0.004247101001965348,0,0,213,0,0.0,0.0,1,,,0,True,False,False,1182.552734375,1437.5830980972453,-255.03036372224528,True,True,0,ML-Robust-MPC,1197.5830980972453,802.2365503314808,500.0
1140.5,1196.1880877236972,0.0,0,-55.68808772369721,55.68808772369721,0.0,0.0,0.0,0.16466121611108042,0.0,55.68808772369721,False,0.0042631340038497,0,0,214,0,0.0,0.0,1,,,0,True,False,False,1181.2564697265625,1436.1880877236972,-254.9316179971347,True,True,0,ML-Robust-MPC,1196.1880877236972,801.2937067366959,500.0
1165.0,1198.775741730498,0.0,0,-33.77574173049811,33.77574173049811,0.0,0.0,0.0,0.16499629291396234,0.0,33.77574173049811,False,0.004470356994715985,0,0,215,0,0.0,0.0,1,,,0,True,False,False,1181.81787109375,1438.775741730498,-256.9578706367481,True,True,0,ML-Robust-MPC,1198.775741730498,800.5989049650677,500.0
1183.5,849.470297653489,0.0,0,334.02970234651104,0.0,334.02970234651104,0.0,0.0,0.16132450706395893,100.0,0.0,False,0.004214560001855716,0,0,216,0,0.0,0.0,1,,,0,True,False,False,1185.199462890625,1439.9423340834107,-254.74287119278574,True,True,0,ML-Robust-MPC,1199.9423340834107,802.722592180157,500.0
1140.5,1198.8423220433554,0.0,0,-58.34232204335535,58.34232204335535,0.0,0.0,0.0,0.16190329994137317,0.0,58.34232204335535,False,0.004320953994465526,0,0,217,0,0.0,0.0,1,,,0,True,False,False,1183.5,1438.8423220433554,-255.34232204335535,True,True,0,ML-Robust-MPC,1198.8423220433554,801.5542377507119,500.0
1162.0,1200.0212235077308,0.0,0,-38.02122350773084,38.02122350773084,0.0,0.0,0.0,0.16228049461902924,0.0,38.02122350773084,False,0.004443608995643444,0,0,218,0,0.0,0.0,1,,,0,True,False,False,1179.956298828125,1440.0212235077308,-260.06492467960584,True,True,0,ML-Robust-MPC,1200.0212235077308,800.8211662096618,500.0
1128.5,1198.2618789069586,0.0,0,-69.7618789069586,69.7618789069586,0.0,0.0,0.0,0.1629725767510427,0.0,69.7618789069586,False,0.004665221000323072,0,0,219,0,0.0,0.0,1,,,0,True,False,False,1179.54296875,1438.2618789069586,-258.7189101569586,True,True,0,ML-Robust-MPC,1198.2618789069586,800.548607565427,500.0
1102.0,1198.7802296267917,0.0,0,-96.78022962679165,96.78022962679165,0.0,0.0,0.0,0.16393269807670532,0.0,96.78022962679165,False,0.004317748003813904,0,0,220,0,0.0,0.0,1,,,0,True,False,False,1184.5062255859375,1438.7802296267917,-254.27400404085415,True,True,0,ML-Robust-MPC,1198.7802296267917,800.3773974458895,500.0
1089.5,1189.5,0.0,0,-100.0,100.0,0.0,0.0,0.0,0.1649247615687688,0.0,100.0,False,0.00417590399592882,0,0,221,0,0.0,0.0,1,,,0,True,False,False,1184.31201171875,1435.9622415147326,-251.65022979598257,True,True,0,ML-Robust-MPC,1195.9622415147326,802.4486496421725,500.0
1108.5,789.9853768393261,0.0,0,318.5146231606739,0.0,318.5146231606739,0.0,0.0,0.16142352357069606,100.0,0.0,False,0.004455535003216937,0,0,222,0,0.0,0.0,1,,,0,True,False,False,1179.0208740234375,1439.2313032795555,-260.210429256118,True,True,0,ML-Robust-MPC,1199.2313032795555,801.9023209695597,500.0
1149.0,1201.2560403574182,0.0,0,-52.256040357418215,52.256040357418215,0.0,0.0,0.0,0.16194193666947998,0.0,52.256040357418215,False,0.004150806002144236,0,0,223,0,0.0,0.0,1,,,0,True,False,False,1182.0545654296875,1441.2560403574182,-259.2014749277307,True,True,0,ML-Robust-MPC,1201.2560403574182,800.976840924074,500.0
1157.0,1197.069786071825,0.0,0,-40.06978607182509,40.06978607182509,0.0,0.0,0.0,0.1623394543884465,0.0,40.06978607182509,False,0.004145557002630085,0,0,224,0,0.0,0.0,1,,,0,True,False,False,1183.6102294921875,1437.069786071825,-253.4595565796376,True,True,0,ML-Robust-MPC,1197.069786071825,801.446124762288,500.0
1162.0,1195.8884920747928,0.0,0,-33.888492074792794,33.888492074792794,0.0,0.0,0.0,0.16267564974633134,0.0,33.888492074792794,False,0.004307100003643427,0,0,225,0,0.0,0.0,1,,,0,True,False,False,1178.6287841796875,1435.8884920747928,-257.2597078951053,True,True,0,ML-Robust-MPC,1195.8884920747928,801.6669650100207,500.0
1192.0,1197.3971506059415,0.0,0,-5.397150605941533,5.397150605941533,0.0,0.0,0.0,0.16272919290710455,0.0,5.397150605941533,False,0.0044527889986056834,0,0,226,0,0.0,0.0,1,,,0,True,False,False,1173.2025146484375,1437.3971506059415,-264.19463595750403,True,True,0,ML-Robust-MPC,1197.3971506059415,802.6376948997895,500.0
1163.5,1192.7861550747448,0.0,0,-29.286155074744784,29.286155074744784,0.0,0.0,0.0,0.1630197301598302,0.0,29.286155074744784,False,0.00454669700411614,0,0,227,0,0.0,0.0,1,,,0,True,False,False,1192.0,1432.7861550747448,-240.78615507474478,True,True,0,ML-Robust-MPC,1192.7861550747448,802.6023561076555,500.0
1146.0,1192.6125361225909,0.0,0,-46.61253612259088,46.61253612259088,0.0,0.0,0.0,0.16348215611342734,0.0,46.61253612259088,False,0.003975743995397352,0,0,228,0,0.0,0.0,1,,,0,True,False,False,1163.5,1432.6125361225909,-269.1125361225909,True,True,0,ML-Robust-MPC,1192.6125361225909,802.4592924657776,500.0
1092.0,1192.0,0.0,0,-100.0,100.0,0.0,0.0,0.0,0.16447421960549083,0.0,100.0,False,0.004220855997118633,0,0,229,0,0.0,0.0,1,,,0,True,False,False,1159.046142578125,1434.0922814008625,-275.0461388227375,True,True,0,ML-Robust-MPC,1194.0922814008625,802.2659007197143,500.0
1090.0,1190.0,0.0,0,-100.0,100.0,0.0,0.0,0.0,0.16546628309755432,0.0,100.0,False,0.004374999996798579,0,0,230,0,0.0,0.0,1,,,0,True,False,False,1155.01953125,1434.9380184767942,-279.91848722679424,True,True,0,ML-Robust-MPC,1194.9380184767942,803.3615782523693,500.0
1146.0,791.1399999999996,0.0,0,354.86000000000035,0.0,354.86000000000035,0.0,0.0,0.16156552242394046,100.0,0.0,False,0.0046254769986262545,0,0,231,0,0.0,0.0,1,,,0,True,False,False,1159.4658203125,1434.6800090402185,-275.21418872771847,True,True,0,ML-Robust-MPC,1194.6800090402185,803.7285368974508,500.0
1149.5,1198.0445072440857,0.0,0,-48.54450724408571,48.54450724408571,0.0,0.0,0.0,0.16204711475771114,0.0,48.54450724408571,False,0.00426740400143899,0,0,232,0,0.0,0.0,1,,,0,True,False,False,1171.782958984375,1438.0445072440857,-266.2615482597107,True,True,0,ML-Robust-MPC,1198.0445072440857,804.1821195357898,500.0
1161.5,1194.801242917667,0.0,0,-33.30124291766697,33.30124291766697,0.0,0.0,0.0,0.16237748423110068,0.0,33.30124291766697,False,0.00426823000452714,0,0,233,0,0.0,0.0,1,,,0,True,False,False,1171.920654296875,1434.801242917667,-262.88058862079197,True,True,0,ML-Robust-MPC,1194.801242917667,802.1334305294197,500.0
1162.5,1192.61772080453,0.0,0,-30.11772080453011,30.11772080453011,0.0,0.0,0.0,0.16267627114384403,0.0,30.11772080453011,False,0.004439831005583983,0,0,234,0,0.0,0.0,1,,,0,True,False,False,1167.104736328125,1432.61772080453,-265.5129844764051,True,True,0,ML-Robust-MPC,1192.61772080453,799.588657232561,500.0
1139.0,1192.1892040114192,0.0,0,-53.18920401141918,53.18920401141918,0.0,0.0,0.0,0.1632039418185605,0.0,53.18920401141918,False,0.004273785998520907,0,0,235,0,0.0,0.0,1,,,0,True,False,False,1162.5,1432.1892040114192,-269.6892040114192,True,True,0,ML-Robust-MPC,1192.1892040114192,803.1457866138627,498.3189505757613
1099.5,1196.893210145061,0.0,0,-97.39321014506095,97.39321014506095,0.0,0.0,0.0,0.1641701443001583,0.0,97.39321014506095,False,0.004227515993989073,0,0,236,0,0.0,0.0,1,,,0,True,False,False,1147.599853515625,1436.893210145061,-289.29335662943595,True,True,0,ML-Robust-MPC,1196.893210145061,800.7713747657702,498.0132083103184
1072.0,1172.0,0.0,0,-100.0,100.0,0.0,0.0,0.0,0.1651622077922218,0.0,100.0,False,0.004216581000946462,0,0,237,0,0.0,0.0,1,,,0,True,False,False,1144.0023193359375,1438.1655726879237,-294.1632533519862,True,True,0,ML-Robust-MPC,1198.1655726879237,800.0689859467487,499.39963840093975
1064.5,712.0941015624996,0.0,0,352.40589843750035,0.0,352.40589843750035,0.0,0.0,0.1612884235680924,100.0,0.0,False,0.004389193003589753,0,0,238,0,0.0,0.0,1,,,0,True,False,False,1146.3397216796875,1440.017466849881,-293.6777451701935,True,True,0,ML-Robust-MPC,1200.017466849881,800.1416588745162,499.6689839387472
1041.5,1141.5,0.0,0,-100.0,100.0,0.0,0.0,0.0,0.16228048706015588,0.0,100.0,False,0.004359867998573463,0,0,239,0,0.0,0.0,1,,,0,True,False,False,1176.127197265625,1440.0336181504908,-263.90642088486584,True,True,0,ML-Robust-MPC,1200.0336181504908,798.633916250261,497.85823766149673
1051.0,1151.0,0.0,0,-100.0,100.0,0.0,0.0,0.0,0.16327255055221937,0.0,100.0,False,0.004259230998286512,0,0,240,0,0.0,0.0,1,,,0,True,False,False,1205.07763671875,1441.6358041389324,-236.55816742018237,True,True,0,ML-Robust-MPC,1201.6358041389324,799.3104890694506,496.6910228634663
1079.5,1179.5,0.0,0,-100.0,100.0,0.0,0.0,0.0,0.16426461404428286,0.0,100.0,False,0.004352505995484535,0,0,241,0,0.0,0.0,1,,,0,True,False,False,1213.3489990234375,1441.1523282795322,-227.80332925609468,True,True,0,ML-Robust-MPC,1201.1523282795322,797.8065015645009,497.51575418436215
1126.5,1203.1041742549285,0.0,0,-76.60417425492847,76.60417425492847,0.0,0.0,0.0,0.1650245760904627,0.0,76.60417425492847,False,0.0041530380040057935,0,0,242,0,0.0,0.0,1,,,0,True,False,False,1214.97802734375,1443.1041742549285,-228.12614691117847,True,True,0,ML-Robust-MPC,1203.1041742549285,797.4361393750796,497.1147452749256
1143.0,939.8163436046707,0.0,0,203.18365639532925,0.0,203.18365639532925,0.0,0.0,0.16279110143457595,100.0,0.0,False,0.0043173209996894,0,0,243,0,0.0,0.0,1,,,0,True,False,False,1211.5438232421875,1442.140118200395,-230.5962949582074,True,True,0,ML-Robust-MPC,1202.140118200395,796.7777867576574,497.6515192573237
1164.0,1202.4684854754737,0.0,0,-38.4684854754737,38.4684854754737,0.0,0.0,0.0,0.16317273323492787,0.0,38.4684854754737,False,0.00413900800049305,0,0,244,0,0.0,0.0,1,,,0,True,False,False,1218.03173828125,1442.4684854754737,-224.4367471942237,True,True,0,ML-Robust-MPC,1202.4684854754737,797.8667577457825,497.73110125676106
1147.5,1201.826102484528,0.0,0,-54.326102484528064,54.326102484528064,0.0,0.0,0.0,0.16371168266433786,0.0,54.326102484528064,False,0.004363762003777083,0,0,245,0,0.0,0.0,1,,,0,True,False,False,1221.9764404296875,1441.826102484528,-219.84966205484056,True,True,0,ML-Robust-MPC,1201.826102484528,797.6982835459017,496.1966604615376
1135.0,1202.6813438524318,0.0,0,-67.68134385243184,67.68134385243184,0.0,0.0,0.0,0.1643831245676358,0.0,67.68134385243184,False,0.004415121002239175,0,0,246,0,0.0,0.0,1,,,0,True,False,False,1223.8123779296875,1442.6813438524318,-218.86896592274434,True,True,0,ML-Robust-MPC,1202.6813438524318,798.2502723400441,496.5028528733144
1132.0,1199.9130346562588,0.0,0,-67.91303465625879,67.91303465625879,0.0,0.0,0.0,0.16505686499081296,0.0,67.91303465625879,False,0.004181772004812956,0,0,247,0,0.0,0.0,1,,,0,True,False,False,1220.4512939453125,1439.9130346562588,-219.4617407109463,True,True,0,ML-Robust-MPC,1199.9130346562588,797.4193398446835,496.8553886220407
1146.5,934.7542456346221,0.0,0,211.745754365378,0.0,211.745754365378,0.0,0.0,0.16272927238687573,100.0,0.0,False,0.004585121998388786,0,0,248,0,0.0,0.0,1,,,0,True,False,False,1218.673583984375,1438.553786615263,-219.8802026308881,True,True,0,ML-Robust-MPC,1198.553786615263,796.7844054516836,496.6115750227629
1145.0,1198.7834722586654,0.0,0,-53.78347225866537,53.78347225866537,0.0,0.0,0.0,0.16326283857991805,0.0,53.78347225866537,False,0.0042804379991139285,0,0,249,0,0.0,0.0,1,,,0,True,False,False,1220.2427978515625,1438.7834722586654,-218.54067440710287,True,True,0,ML-Robust-MPC,1198.7834722586654,795.7556955277227,495.9561405827386
1158.0,1195.228839848735,0.0,0,-37.228839848735106,37.228839848735106,0.0,0.0,0.0,0.16363217230857613,0.0,37.228839848735106,False,0.0044653550066868775,0,0,250,0,0.0,0.0,1,,,0,True,False,False,1222.539306640625,1435.228839848735,-212.6895332081101,True,True,0,ML-Robust-MPC,1195.228839848735,795.8272450334048,496.8821061985061
1207.0,1193.095220244339,0.0,0,13.904779755660911,0.0,13.904779755660911,0.0,0.0,0.16347932550125452,0.0,0.0,False,0.004364936001366004,0,0,251,0,0.0,0.0,1,,,0,True,False,False,1217.509521484375,1433.095220244339,-215.5856987599641,True,True,0,ML-Robust-MPC,1193.095220244339,795.3894999597138,498.0139965354492
1227.5,1196.5599908285728,0.0,0,30.940009171427164,0.0,30.940009171427164,0.0,0.0,0.16313922075285472,0.0,0.0,False,0.004357307996542659,0,0,252,0,0.0,0.0,1,,,0,True,False,False,1223.2432861328125,1436.5599908285728,-213.31670469576034,True,True,0,ML-Robust-MPC,1196.5599908285728,794.7056232862693,498.8866433693603
1214.5,1200.7258379507653,0.0,0,13.774162049234747,0.0,13.774162049234747,0.0,0.0,0.16298780974672938,0.0,0.0,False,0.004379224999865983,0,0,253,0,0.0,0.0,1,,,0,True,False,False,1227.5,1440.7258379507653,-213.22583795076525,True,True,0,ML-Robust-MPC,1200.7258379507653,794.7162430328942,498.3729686821728
1214.5,1198.7758579067904,0.0,0,15.724142093209593,0.0,15.724142093209593,0.0,0.0,0.16281496379310398,0.0,0.0,False,0.004316263999498915,0,0,254,0,0.0,0.0,1,,,0,True,False,False,1214.5,1438.7758579067904,-224.2758579067904,True,True,0,ML-Robust-MPC,1198.7758579067904,797.0262732234796,499.5810843690698
1172.5,1200.403620342269,0.0,0,-27.90362034226905,27.90362034226905,0.0,0.0,0.0,0.16309178542348363,0.0,27.90362034226905,False,0.004218980997393373,0,0,255,0,0.0,0.0,1,,,0,True,False,False,1214.5,1440.403620342269,-225.90362034226905,True,True,0,ML-Robust-MPC,1200.403620342269,795.0519240732758,499.8369317764783
1130.5,1200.6319411043764,0.0,0,-70.13194110437644,70.13194110437644,0.0,0.0,0.0,0.1637875388074556,0.0,70.13194110437644,False,0.004217452995362692,0,0,256,0,0.0,0.0,1,,,0,True,False,False,1179.52392578125,1440.6319411043764,-261.10801532312644,True,True,0,ML-Robust-MPC,1200.6319411043764,792.5054670098309,499.2595256114962
1125.0,1203.1929215588953,0.0,0,-78.19292155889525,78.19292155889525,0.0,0.0,0.0,0.16456326223561926,0.0,78.19292155889525,False,0.004728129002614878,0,0,257,0,0.0,0.0,1,,,0,True,False,False,1177.624755859375,1443.1929215588953,-265.56816569952025,True,True,0,ML-Robust-MPC,1203.1929215588953,794.77529992132,499.5808565504238
1116.0,1200.9715969876224,0.0,0,-84.97159698762243,84.97159698762243,0.0,0.0,0.0,0.1654062344279568,0.0,84.97159698762243,False,0.004762516000482719,0,0,258,0,0.0,0.0,1,,,0,True,False,False,1180.0997314453125,1440.9715969876224,-260.87186554230993,True,True,0,ML-Robust-MPC,1200.9715969876224,795.1061869017996,498.717334976179
1150.5,795.6399999999996,0.0,0,354.86000000000035,0.0,354.86000000000035,0.0,0.0,0.16150547375434293,100.0,0.0,False,0.004100703001313377,0,0,259,0,0.0,0.0,1,,,0,True,False,False,1175.7152099609375,1437.9185535905156,-262.20334362957806,True,True,0,ML-Robust-MPC,1197.9185535905156,796.7049645597014,498.1274184355481
1200.0,1199.2683014358145,0.0,0,0.7316985641855354,0.0,0.7316985641855354,0.0,0.0,0.1614974306359748,0.0,0.0,False,0.00425941200228408,0,0,260,0,0.0,0.0,1,,,0,True,False,False,1177.792236328125,1439.2683014358145,-261.47606510768946,True,True,0,ML-Robust-MPC,1199.2683014358145,798.8945044609533,498.8395923109859
1198.5,1201.6216776330864,0.0,0,-3.1216776330863922,3.1216776330863922,0.0,0.0,0.0,0.16152839966011256,0.0,3.1216776330863922,False,0.00470452599984128,0,0,261,0,0.0,0.0,1,,,0,True,False,False,1200.3927001953125,1441.6216776330864,-241.2289774377739,True,True,0,ML-Robust-MPC,1201.6216776330864,800.6801998785979,497.8904109228706
1164.5,1201.4667149328632,0.0,0,-36.96671493286317,36.96671493286317,0.0,0.0,0.0,0.16189513294317667,0.0,36.96671493286317,False,0.004570513003272936,0,0,262,0,0.0,0.0,1,,,0,True,False,False,1198.5,1441.4667149328632,-242.96671493286317,True,True,0,ML-Robust-MPC,1201.4667149328632,799.3129441806975,499.0645034989709
1175.0,1199.8331981737192,0.0,0,-24.83319817371921,24.83319817371921,0.0,0.0,0.0,0.16214149403616993,0.0,24.83319817371921,False,0.004452032000699546,0,0,263,0,0.0,0.0,1,,,0,True,False,False,1164.5,1439.8331981737192,-275.3331981737192,True,True,0,ML-Robust-MPC,1199.8331981737192,798.3314209441252,498.3915495338944
1112.0,1203.329975431946,0.0,0,-91.32997543194597,91.32997543194597,0.0,0.0,0.0,0.1630475453797408,0.0,91.32997543194597,False,0.004188261002127547,0,0,264,0,0.0,0.0,1,,,0,True,False,False,1175.0,1443.329975431946,-268.32997543194597,True,True,0,ML-Robust-MPC,1203.329975431946,799.7658611540062,497.2833321944728
1070.5,1170.5,0.0,0,-100.0,100.0,0.0,0.0,0.0,0.1640396088718043,0.0,100.0,False,0.004439600998011883,0,0,265,0,0.0,0.0,1,,,0,True,False,False,1155.1622314453125,1441.4489718445209,-286.2867403992084,True,True,0,ML-Robust-MPC,1201.4489718445209,800.7880610585605,497.3521987826354
1082.0,1182.0,0.0,0,-100.0,100.0,0.0,0.0,0.0,0.1650316723638678,0.0,100.0,False,0.004261288995621726,0,0,266,0,0.0,0.0,1,,,0,True,False,False,1145.881103515625,1442.149808842319,-296.2687053266941,True,True,0,ML-Robust-MPC,1202.149808842319,801.8261348744044,498.0076924782251
1098.0,751.2158056640621,0.0,0,346.78419433593785,0.0,346.78419433593785,0.0,0.0,0.16121968412203583,100.0,0.0,False,0.004220094000629615,0,0,267,0,0.0,0.0,1,,,0,True,False,False,1148.8743896484375,1442.9935484439704,-294.11915879553294,True,True,0,ML-Robust-MPC,1202.9935484439704,803.5453223392248,497.41920168383297
1131.5,1200.507299218904,0.0,0,-69.00729921890411,69.00729921890411,0.0,0.0,0.0,0.1619042803444456,0.0,69.00729921890411,False,0.004302143999666441,0,0,268,0,0.0,0.0,1,,,0,True,False,False,1160.845703125,1440.507299218904,-279.6615960939041,True,True,0,ML-Robust-MPC,1200.507299218904,802.9925689789427,496.7763981993761
1172.5,1202.953416135008,0.0,0,-30.453416135007956,30.453416135007956,0.0,0.0,0.0,0.16220639756800717,0.0,30.453416135007956,False,0.004217604000587016,0,0,269,0,0.0,0.0,1,,,0,True,False,False,1165.6024169921875,1442.953416135008,-277.35099914282046,True,True,0,ML-Robust-MPC,1202.953416135008,803.923881765074,496.4974344786697
1168.0,1204.239538225533,0.0,0,-36.2395382255329,36.2395382255329,0.0,0.0,0.0,0.1625659167964351,0.0,36.2395382255329,False,0.004216501001792494,0,0,270,0,0.0,0.0,1,,,0,True,False,False,1176.8919677734375,1444.239538225533,-267.3475704520954,True,True,0,ML-Robust-MPC,1204.239538225533,803.2156596176785,497.30405974508136
1152.0,1203.7472092841986,0.0,0,-51.74720928419856,51.74720928419856,0.0,0.0,0.0,0.1630792819679053,0.0,51.74720928419856,False,0.004298424995795358,0,0,271,0,0.0,0.0,1,,,0,True,False,False,1168.0,1443.7472092841986,-275.74720928419856,True,True,0,ML-Robust-MPC,1203.7472092841986,801.7276528896683,494.8630909578639
1108.5,1202.990775275777,0.0,0,-94.49077527577697,94.49077527577697,0.0,0.0,0.0,0.16401669045278405,0.0,94.49077527577697,False,0.004565799004922155,0,0,272,0,0.0,0.0,1,,,0,True,False,False,1165.6837158203125,1442.990775275777,-277.30705945546447,True,True,0,ML-Robust-MPC,1202.990775275777,801.4638170619324,493.7200480962118
1095.0,1195.0,0.0,0,-100.0,100.0,0.0,0.0,0.0,0.16500875394484754,0.0,100.0,False,0.004632629999832716,0,0,273,0,0.0,0.0,1,,,0,True,False,False,1160.4483642578125,1444.3551759790153,-283.90681172120276,True,True,0,ML-Robust-MPC,1204.3551759790153,800.8491522121326,494.7224546623482
1056.0,733.0431982421871,0.0,0,322.95680175781285,0.0,322.95680175781285,0.0,0.0,0.16145868577268674,100.0,0.0,False,0.0042088310001417994,0,0,274,0,0.0,0.0,1,,,0,True,False,False,1161.924072265625,1442.6730566768908,-280.74898441126584,True,True,0,ML-Robust-MPC,1202.6730566768908,800.3181545629235,495.284378876489
1104.0,1201.071773627672,0.0,0,-97.07177362767197,97.07177362767197,0.0,0.0,0.0,0.16242169939994539,0.0,97.07177362767197,False,0.004295973994885571,0,0,275,0,0.0,0.0,1,,,0,True,False,False,1157.284423828125,1441.071773627672,-283.787349799547,True,True,0,ML-Robust-MPC,1201.071773627672,800.6456838763801,495.99120464531154
1078.5,1178.5,0.0,0,-100.0,100.0,0.0,0.0,0.0,0.16341376289200887,0.0,100.0,False,0.004561940993880853,0,0,276,0,0.0,0.0,1,,,0,True,False,False,1187.37890625,1442.6078907899678,-255.22898453996777,True,True,0,ML-Robust-MPC,1202.6078907899678,801.5730855372254,494.71291928752976
1114.5,1202.3543953853405,0.0,0,-87.85439538534047,87.85439538534047,0.0,0.0,0.0,0.16428533427479994,0.0,87.85439538534047,False,0.004378418001579121,0,0,277,0,0.0,0.0,1,,,0,True,False,False,1196.638427734375,1442.3543953853405,-245.71596765096547,True,True,0,ML-Robust-MPC,1202.3543953853405,803.3975084631402,494.50772425999855
1135.5,1203.10916680308,0.0,0,-67.60916680307992,67.60916680307992,0.0,0.0,0.0,0.1649560601359416,0.0,67.60916680307992,False,0.004286511997634079,0,0,278,0,0.0,0.0,1,,,0,True,False,False,1192.025634765625,1443.10916680308,-251.08353203745492,True,True,0,ML-Robust-MPC,1203.10916680308,803.1904192999743,497.0300605620845
1132.0,858.3057293308403,0.0,0,273.69427066915966,0.0,273.69427066915966,0.0,0.0,0.16194750507868047,100.0,0.0,False,0.004252493999956641,0,0,279,0,0.0,0.0,1,,,0,True,False,False,1190.2392578125,1444.5809059782614,-254.3416481657614,True,True,0,ML-Robust-MPC,1204.5809059782614,802.1757973431226,497.3345083133892
1144.0,1203.9929161535476,0.0,0,-59.99291615354764,59.99291615354764,0.0,0.0,0.0,0.16254267289766408,0.0,59.99291615354764,False,0.0046974689976195805,0,0,280,0,0.0,0.0,1,,,0,True,False,False,1187.5269775390625,1443.9929161535476,-256.46593861448514,True,True,0,ML-Robust-MPC,1203.9929161535476,800.2296497492133,497.43383640525656
1136.5,1204.910526000727,0.0,0,-68.41052600072703,68.41052600072703,0.0,0.0,0.0,0.1632213487508459,0.0,68.41052600072703,False,0.004405906001920812,0,0,281,0,0.0,0.0,1,,,0,True,False,False,1183.3765869140625,1444.910526000727,-261.53393908666453,True,True,0,ML-Robust-MPC,1204.910526000727,800.6870195552799,496.5475611554294
1116.0,1204.850501176633,0.0,0,-88.85050117663309,88.85050117663309,0.0,0.0,0.0,0.16410280213553471,0.0,88.85050117663309,False,0.004057009005919099,0,0,282,0,0.0,0.0,1,,,0,True,False,False,1179.709228515625,1444.850501176633,-265.1412726610081,True,True,0,ML-Robust-MPC,1204.850501176633,803.5458619223855,496.4997844504111
1117.5,1203.5768570266105,0.0,0,-86.07685702661047,86.07685702661047,0.0,0.0,0.0,0.16495673920921142,0.0,86.07685702661047,False,0.004276758998457808,0,0,283,0,0.0,0.0,1,,,0,True,False,False,1188.9083251953125,1443.5768570266105,-254.66853183129797,True,True,0,ML-Robust-MPC,1203.5768570266105,800.6144764558812,497.8351234755864
1107.0,786.4597778497264,0.0,0,320.5402221502736,0.0,320.5402221502736,0.0,0.0,0.16143323503045012,100.0,0.0,False,0.0044486210026661865,0,0,284,0,0.0,0.0,1,,,0,True,False,False,1195.9964599609375,1444.196129141542,-248.1996691806046,True,True,0,ML-Robust-MPC,1204.196129141542,800.561879298341,497.1235396769849
1129.0,1201.6953506757934,0.0,0,-72.6953506757934,72.6953506757934,0.0,0.0,0.0,0.1621544190649322,0.0,72.6953506757934,False,0.004234865999023896,0,0,285,0,0.0,0.0,1,,,0,True,False,False,1195.1053466796875,1441.6953506757934,-246.5900039961059,True,True,0,ML-Robust-MPC,1201.6953506757934,802.0711965693421,498.1772557089924
1151.0,1201.8987155652137,0.0,0,-50.898715565213706,50.898715565213706,0.0,0.0,0.0,0.16265936663998393,0.0,50.898715565213706,False,0.004240196001774166,0,0,286,0,0.0,0.0,1,,,0,True,False,False,1193.3773193359375,1441.8987155652137,-248.5213962292762,True,True,0,ML-Robust-MPC,1201.8987155652137,805.7449612185569,497.6043168521933
1170.0,1201.3602833125733,0.0,0,-31.3602833125733,31.3602833125733,0.0,0.0,0.0,0.16297048056173566,0.0,31.3602833125733,False,0.004364251995866653,0,0,287,0,0.0,0.0,1,,,0,True,False,False,1189.216552734375,1441.3602833125733,-252.1437305781983,True,True,0,ML-Robust-MPC,1201.3602833125733,805.9762070408431,498.00671030265056
1216.5,1201.150808126329,0.0,0,15.349191873671089,0.0,15.349191873671089,0.0,0.0,0.1628017562083778,0.0,0.0,False,0.004440158998477273,0,0,288,0,0.0,0.0,1,,,0,True,False,False,1183.6488037109375,1441.150808126329,-257.5020044153914,True,True,0,ML-Robust-MPC,1201.150808126329,805.7941732974836,497.3594708723426
1217.0,1199.5809609858693,0.0,0,17.419039014130703,0.0,17.419039014130703,0.0,0.0,0.16261027928125593,0.0,0.0,False,0.00431901500269305,0,0,289,0,0.0,0.0,1,,,0,True,False,False,1216.5,1439.5809609858693,-223.0809609858693,True,True,0,ML-Robust-MPC,1199.5809609858693,805.9528648783737,497.6306180129922
1159.0,1200.3979754087463,0.0,0,-41.39797540874633,41.39797540874633,0.0,0.0,0.0,0.16302097348173952,0.0,41.39797540874633,False,0.004039886000100523,0,0,290,0,0.0,0.0,1,,,0,True,False,False,1217.0,1440.3979754087463,-223.39797540874633,True,True,0,ML-Robust-MPC,1200.3979754087463,804.7548186992841,497.3613234492408
1142.0,1197.5412342857842,0.0,0,-55.541234285784185,55.541234285784185,0.0,0.0,0.0,0.16357197779013025,0.0,55.541234285784185,False,0.004058877995703369,0,0,291,0,0.0,0.0,1,,,0,True,False,False,1159.0,1437.5412342857842,-278.5412342857842,True,True,0,ML-Robust-MPC,1197.5412342857842,807.3531677392457,497.3004447856736
1104.5,1192.068087072543,0.0,0,-87.568087072543,87.568087072543,0.0,0.0,0.0,0.1644407088126753,0.0,87.568087072543,False,0.004486503996304236,0,0,292,0,0.0,0.0,1,,,0,True,False,False,1145.248779296875,1432.068087072543,-286.819307775668,True,True,0,ML-Robust-MPC,1192.068087072543,805.2282353253339,497.435795336553
1077.0,1177.0,0.0,0,-100.0,100.0,0.0,0.0,0.0,0.1654327723047388,0.0,100.0,False,0.004521823000686709,0,0,293,0,0.0,0.0,1,,,0,True,False,False,1157.591552734375,1434.7384067552343,-277.14685402085934,True,True,0,ML-Robust-MPC,1194.7384067552343,804.5540358994348,496.9883130073224
1099.5,750.2397171624527,0.0,0,349.26028283754727,0.0,349.26028283754727,0.0,0.0,0.16159356592434101,100.0,0.0,False,0.004186152000329457,0,0,294,0,0.0,0.0,1,,,0,True,False,False,1182.833251953125,1435.02149865786,-252.1882467047351,True,True,0,ML-Robust-MPC,1195.02149865786,803.2456832629567,497.33281613352494
1124.0,1195.4607833919183,0.0,0,-71.46078339191831,71.46078339191831,0.0,0.0,0.0,0.1623025022675148,0.0,71.46078339191831,False,0.004106940999918152,0,0,295,0,0.0,0.0,1,,,0,True,False,False,1199.51953125,1435.4607833919183,-235.9412521419183,True,True,0,ML-Robust-MPC,1195.4607833919183,803.9359907410479,497.18658760655904
1147.5,1194.6452985015983,0.0,0,-47.14529850159829,47.14529850159829,0.0,0.0,0.0,0.16277021356217353,0.0,47.14529850159829,False,0.004336979996878654,0,0,296,0,0.0,0.0,1,,,0,True,False,False,1208.419189453125,1434.6452985015983,-226.2261090484733,True,True,0,ML-Robust-MPC,1194.6452985015983,803.1241422329261,496.2904577150524
1152.5,1196.0119332832462,0.0,0,-43.51193328324621,43.51193328324621,0.0,0.0,0.0,0.16320187956696763,0.0,43.51193328324621,False,0.00427434599987464,0,0,297,0,0.0,0.0,1,,,0,True,False,False,1197.1658935546875,1436.0119332832462,-238.8460397285587,True,True,0,ML-Robust-MPC,1196.0119332832462,803.8269268062237,495.3265360507851
1143.0,1195.8584160215962,0.0,0,-52.85841602159621,52.85841602159621,0.0,0.0,0.0,0.16372626861480094,0.0,52.85841602159621,False,0.004301002001739107,0,0,298,0,0.0,0.0,1,,,0,True,False,False,1200.1739501953125,1435.8584160215962,-235.6844658262837,True,True,0,ML-Robust-MPC,1195.8584160215962,801.7516166064489,494.39909128323694
1118.5,1198.6956610311486,0.0,0,-80.19566103114857,80.19566103114857,0.0,0.0,0.0,0.16452186049010994,0.0,80.19566103114857,False,0.004394474999571685,0,0,299,0,0.0,0.0,1,,,0,True,False,False,1199.0294189453125,1438.6956610311486,-239.66624208583607,True,True,0,ML-Robust-MPC,1198.6956610311486,804.1829077263442,492.5547926181167
1073.0,1173.0,0.0,0,-100.0,100.0,0.0,0.0,0.0,0.16551392398217343,0.0,100.0,False,0.004403033999551553,0,0,300,0,0.0,0.0,1,,,0,True,False,False,1198.0419921875,1437.6445217821888,-239.6025295946888,True,True,0,ML-Robust-MPC,1197.6445217821888,805.8977347505861,492.7717241935416
1084.5,816.4967014405145,0.0,0,268.0032985594856,0.0,268.0032985594856,0.0,0.0,0.1625679263283955,100.0,0.0,False,0.004334639001172036,0,0,301,0,0.0,0.0,1,,,0,True,False,False,1192.326904296875,1437.834530694559,-245.5076263976839,True,True,0,ML-Robust-MPC,1197.834530694559,805.8988243872712,494.6129660509623
1079.5,1179.5,0.0,0,-100.0,100.0,0.0,0.0,0.0,0.163559989820459,0.0,100.0,False,0.003998601998318918,0,0,302,0,0.0,0.0,1,,,0,True,False,False,1202.700439453125,1437.9420011536636,-235.24156170053857,True,True,0,ML-Robust-MPC,1197.9420011536636,805.5701086976472,495.777700939055
1092.5,1192.5,0.0,0,-100.0,100.0,0.0,0.0,0.0,0.16455205331252248,0.0,100.0,False,0.00453987400396727,0,0,303,0,0.0,0.0,1,,,0,True,False,False,1206.11181640625,1438.5203447838403,-232.4085283775903,True,True,0,ML-Robust-MPC,1198.5203447838403,805.772414177828,496.17772846707146
1123.5,1201.449475719318,0.0,0,-77.94947571931789,77.94947571931789,0.0,0.0,0.0,0.16532536160338873,0.0,77.94947571931789,False,0.004371688002720475,0,0,304,0,0.0,0.0,1,,,0,True,False,False,1198.0634765625,1441.449475719318,-243.3859991568179,True,True,0,ML-Robust-MPC,1201.449475719318,805.7393259082481,495.9792448406944
1151.0,880.291598221231,0.0,0,270.70840177876903,0.0,270.70840177876903,0.0,0.0,0.1623496283912051,100.0,0.0,False,0.004167357001279015,0,0,305,0,0.0,0.0,1,,,0,True,False,False,1198.7218017578125,1443.1144069182535,-244.392605160441,True,True,0,ML-Robust-MPC,1203.1144069182535,804.1436996440258,495.8928519788722
1180.0,1201.851660401963,0.0,0,-21.851660401963045,21.851660401963045,0.0,0.0,0.0,0.16256641073646266,0.0,21.851660401963045,False,0.004135745999519713,0,0,306,0,0.0,0.0,1,,,0,True,False,False,1201.7103271484375,1441.851660401963,-240.14133325352554,True,True,0,ML-Robust-MPC,1201.851660401963,803.1375525983674,494.4284380558228
1185.5,1201.9663728784917,0.0,0,-16.46637287849171,16.46637287849171,0.0,0.0,0.0,0.16272976761025723,0.0,16.46637287849171,False,0.004473055996641051,0,0,307,0,0.0,0.0,1,,,0,True,False,False,1199.422607421875,1441.9663728784917,-242.5437654566167,True,True,0,ML-Robust-MPC,1201.9663728784917,799.8760341036553,495.27728874291216
1159.0,1201.303462521738,0.0,0,-42.30346252173808,42.30346252173808,0.0,0.0,0.0,0.16314944481781415,0.0,42.30346252173808,False,0.004660997998144012,0,0,308,0,0.0,0.0,1,,,0,True,False,False,1199.25048828125,1441.303462521738,-242.05297424048808,True,True,0,ML-Robust-MPC,1201.303462521738,798.5894345098759,496.0665448683876
1169.0,1198.3634076831677,0.0,0,-29.36340768316768,29.36340768316768,0.0,0.0,0.0,0.16344074846546464,0.0,29.36340768316768,False,0.004032210003060754,0,0,309,0,0.0,0.0,1,,,0,True,False,False,1194.6531982421875,1438.3634076831677,-243.71020944098018,True,True,0,ML-Robust-MPC,1198.3634076831677,798.0259469987739,496.4038367389742
1134.0,1200.3334004452547,0.0,0,-66.33340044525471,66.33340044525471,0.0,0.0,0.0,0.1640988179143263,0.0,66.33340044525471,False,0.004197068999928888,0,0,310,0,0.0,0.0,1,,,0,True,False,False,1205.160400390625,1440.3334004452547,-235.1730000546297,True,True,0,ML-Robust-MPC,1200.3334004452547,796.0926858139923,496.7157717460982
1127.0,1197.4038688627993,0.0,0,-70.4038688627993,70.4038688627993,0.0,0.0,0.0,0.16479726899431438,0.0,70.4038688627993,False,0.0043844169995281845,0,0,311,0,0.0,0.0,1,,,0,True,False,False,1204.2919921875,1437.4038688627993,-233.1118766752993,True,True,0,ML-Robust-MPC,1197.4038688627993,794.7661025339745,496.4568621898027
1109.5,1195.307502334465,0.0,0,-85.80750233446497,85.80750233446497,0.0,0.0,0.0,0.16564853389842613,0.0,85.80750233446497,False,0.004470436993869953,0,0,312,0,0.0,0.0,1,,,0,True,False,False,1198.6632080078125,1435.307502334465,-236.64429432665247,True,True,0,ML-Robust-MPC,1195.307502334465,796.8560223871063,496.3315501200517
1153.5,813.7463690338052,0.0,0,339.75363096619475,0.0,339.75363096619475,0.0,0.0,0.16191382837402088,100.0,0.0,False,0.004453596004168503,0,0,313,0,0.0,0.0,1,,,0,True,False,False,1188.2822265625,1437.9100723190345,-249.6278457565345,True,True,0,ML-Robust-MPC,1197.9100723190345,796.6794581515263,495.2184808952999
1185.5,1194.2484286732608,0.0,0,-8.748428673260833,8.748428673260833,0.0,0.0,0.0,0.1620006183410175,0.0,8.748428673260833,False,0.004336101999797393,0,0,314,0,0.0,0.0,1,,,0,True,False,False,1187.3643798828125,1434.2484286732608,-246.88404879044833,True,True,0,ML-Robust-MPC,1194.2484286732608,795.8751486345963,495.8781692297136
1162.0,1197.1720513726884,0.0,0,-35.17205137268843,35.17205137268843,0.0,0.0,0.0,0.16234954742209576,0.0,35.17205137268843,False,0.004631825999240391,0,0,315,0,0.0,0.0,1,,,0,True,False,False,1195.4765625,1437.1720513726884,-241.69548887268843,True,True,0,ML-Robust-MPC,1197.1720513726884,794.4404384183749,496.61189224542943
1178.5,1194.845835581471,0.0,0,-16.345835581470965,16.345835581470965,0.0,0.0,0.0,0.16251170848937224,0.0,16.345835581470965,False,0.004354183001851197,0,0,316,0,0.0,0.0,1,,,0,True,False,False,1173.77685546875,1434.845835581471,-261.06898011272096,True,True,0,ML-Robust-MPC,1194.845835581471,793.4558040201274,495.2039149134961
1154.0,1191.6769275004328,0.0,0,-37.67692750043284,37.67692750043284,0.0,0.0,0.0,0.16288548753203527,0.0,37.67692750043284,False,0.003922238996892702,0,0,317,0,0.0,0.0,1,,,0,True,False,False,1178.5,1431.6769275004328,-253.17692750043284,True,True,0,ML-Robust-MPC,1191.6769275004328,791.4229352057674,493.6400141465255
1114.0,1195.681986038312,0.0,0,-81.68198603831206,81.68198603831206,0.0,0.0,0.0,0.16369582469511376,0.0,81.68198603831206,False,0.004326603993831668,0,0,318,0,0.0,0.0,1,,,0,True,False,False,1167.1219482421875,1435.681986038312,-268.56003779612456,True,True,0,ML-Robust-MPC,1195.681986038312,790.8338290779113,494.3949082319447
1112.5,1194.6830951997297,0.0,0,-82.18309519972968,82.18309519972968,0.0,0.0,0.0,0.16451113317923807,0.0,82.18309519972968,False,0.004403072998684365,0,0,319,0,0.0,0.0,1,,,0,True,False,False,1168.5179443359375,1434.6830951997297,-266.1651508637922,True,True,0,ML-Robust-MPC,1194.6830951997297,790.393582356624,494.53404877652434
1077.0,1177.0,0.0,0,-100.0,100.0,0.0,0.0,0.0,0.16550319667130156,0.0,100.0,False,0.0043983449941151775,0,0,320,0,0.0,0.0,1,,,0,True,False,False,1166.0660400390625,1432.2188679365506,-266.1528278974881,True,True,0,ML-Robust-MPC,1192.2188679365506,791.610009373535,492.96696048987445
1118.5,763.6399999999996,0.0,0,354.86000000000035,0.0,354.86000000000035,0.0,0.0,0.1616024359976877,100.0,0.0,False,0.004215400003886316,0,0,321,0,0.0,0.0,1,,,0,True,False,False,1159.6370849609375,1433.9784776453812,-274.3413926844437,True,True,0,ML-Robust-MPC,1193.9784776453812,792.2238664709255,494.345104454718
1140.5,1192.5922748282164,0.0,0,-52.09227482821643,52.09227482821643,0.0,0.0,0.0,0.16211922443844382,0.0,52.09227482821643,False,0.004297427003621124,0,0,322,0,0.0,0.0,1,,,0,True,False,False,1170.44287109375,1432.5922748282164,-262.14940373446643,True,True,0,ML-Robust-MPC,1192.5922748282164,792.0048590753568,494.28938632868176
1144.5,1189.8242997861496,0.0,0,-45.324299786149595,45.324299786149595,0.0,0.0,0.0,0.1625688702696556,0.0,45.324299786149595,False,0.00447186800010968,0,0,323,0,0.0,0.0,1,,,0,True,False,False,1173.970703125,1429.8242997861496,-255.8535966611496,True,True,0,ML-Robust-MPC,1189.8242997861496,792.5980096969955,494.0719205319009
1132.5,1187.6566664335828,0.0,0,-55.156666433582814,55.156666433582814,0.0,0.0,0.0,0.16311605942078242,0.0,55.156666433582814,False,0.00432125199586153,0,0,324,0,0.0,0.0,1,,,0,True,False,False,1165.6495361328125,1427.6566664335828,-262.0071303007703,True,True,0,ML-Robust-MPC,1187.6566664335828,795.2274947147813,495.4987952726397
1163.5,1189.8263155927532,0.0,0,-26.32631559275319,26.32631559275319,0.0,0.0,0.0,0.16337723318658354,0.0,26.32631559275319,False,0.004304084002797026,0,0,325,0,0.0,0.0,1,,,0,True,False,False,1146.226318359375,1429.8263155927532,-283.5999972333782,True,True,0,ML-Robust-MPC,1189.8263155927532,797.4532080585795,495.0442094241485
1114.0,1193.6121578878085,0.0,0,-79.61215788780851,79.61215788780851,0.0,0.0,0.0,0.16416703634023244,0.0,79.61215788780851,False,0.0045036919982521795,0,0,326,0,0.0,0.0,1,,,0,True,False,False,1163.5,1433.6121578878085,-270.1121578878085,True,True,0,ML-Robust-MPC,1193.6121578878085,798.4346798913773,495.591766701386
1094.5,744.033238026987,240.0,2,110.46676197301304,0.0,110.46676197301304,0.0,0.0,0.16295274225003972,0.0,0.0,False,0.004474855995795224,2,0,327,0,0.0,0.0,1,,,2,True,True,False,1127.354736328125,984.033238026987,143.32149830113804,True,True,0,ML-Robust-MPC,744.033238026987,498.1581639226846,495.4356374348617
1071.5,743.4761455873083,300.0,2,28.023854412691662,0.0,28.023854412691662,0.0,0.0,0.16264469302156623,0.0,0.0,False,0.003941292001400143,0,0,328,0,0.0,0.0,1,,,2,True,True,False,1126.020263671875,983.4761455873083,142.54411808456666,True,True,0,ML-Robust-MPC,743.4761455873083,499.11015541424126,493.620362910452
1063.0,744.4893157859773,334.6380035499602,2,-16.1273193359375,16.1273193359375,0.0,0.0,0.0,0.16280468626894656,0.0,16.1273193359375,False,0.004380284000944812,0,0,329,0,0.0,0.0,1,,,2,True,True,False,1144.541259765625,984.4893157859773,160.05194397964772,True,True,0,ML-Robust-MPC,744.4893157859773,500.6548608785355,494.0667935134221
1041.0,747.2948324306612,346.15682772558876,2,-52.45166015625,52.45166015625,0.0,0.0,0.0,0.16332504004033793,0.0,52.45166015625,False,0.006414594994566869,0,0,330,0,0.0,0.0,1,,,2,True,True,False,1183.069091796875,987.2948324306612,195.77425936621376,True,True,0,ML-Robust-MPC,747.2948324306612,499.0153505304364,494.5621050680368
1103.5,747.1287150100122,356.37128498998777,2,0.0,0.0,0.0,0.0,0.0,0.16332504004033793,0.0,0.0,False,0.004294029997254256,0,0,331,0,0.0,0.0,1,,,2,True,True,False,1192.720703125,987.1287150100122,205.59198811498777,True,True,0,ML-Robust-MPC,747.1287150100122,497.0700760689613,495.686297034506
1090.0,746.4340403893318,389.3227955481682,2,-45.7568359375,45.7568359375,0.0,0.0,0.0,0.16377897690479726,0.0,45.7568359375,False,0.004569736003759317,0,0,332,0,0.0,0.0,1,,,2,True,True,False,1200.3331298828125,986.4340403893318,213.8990894934807,True,True,0,ML-Robust-MPC,746.4340403893318,498.61025987560026,494.4614837288295
1136.5,745.0790361718466,391.4209638281534,2,0.0,0.0,0.0,0.0,0.0,0.16377897690479726,0.0,0.0,False,0.007095825996657368,0,0,333,0,0.0,0.0,1,,,2,True,True,False,1196.638916015625,985.0790361718466,211.5598798437784,True,True,0,ML-Robust-MPC,745.0790361718466,496.7289916798578,494.97926788446233
1124.0,743.518660954884,398.5273595529286,2,-18.0460205078125,18.0460205078125,0.0,0.0,0.0,0.16395800488602555,0.0,18.0460205078125,False,0.005382784998801071,0,0,334,0,0.0,0.0,1,,,2,True,True,False,1197.3531494140625,983.518660954884,213.8344884591785,True,True,0,ML-Robust-MPC,743.518660954884,497.11008638040977,494.9112479135661
1119.5,741.4356467897829,382.59438250709195,2,-4.530029296875,4.530029296875,0.0,0.0,0.0,0.16400294565285964,0.0,4.530029296875,False,0.0042283939983462915,0,0,335,0,0.0,0.0,1,,,2,True,True,False,1206.870849609375,981.4356467897829,225.43520281959206,True,True,0,ML-Robust-MPC,741.4356467897829,497.9632988269943,494.5843186720869
1094.5,741.6163846278132,367.3843477940618,2,-14.500732421875,14.500732421875,0.0,0.0,0.0,0.16414680212529886,0.0,14.500732421875,False,0.004392676994029898,0,0,336,0,0.0,0.0,1,,,2,True,True,False,1196.70361328125,981.6163846278132,215.0872286534368,True,True,0,ML-Robust-MPC,741.6163846278132,502.03046374270656,493.5113896503751
1075.5,741.0067638787979,351.43464237120224,2,-16.94140625,16.94140625,0.0,0.0,0.0,0.16431487163174727,0.0,16.94140625,False,0.005280855999444611,0,0,337,0,0.0,0.0,1,,,2,True,True,False,1212.25830078125,981.0067638787979,231.25153690245213,True,True,0,ML-Robust-MPC,741.0067638787979,503.5147130304229,492.4906853134249
1077.5,743.4950663685446,350.571217811143,2,-16.5662841796875,16.5662841796875,0.0,0.0,0.0,0.16447921968908544,0.0,16.5662841796875,False,0.004857587002334185,0,0,338,0,0.0,0.0,1,,,2,True,True,False,1209.718994140625,983.4950663685446,226.2239277720804,True,True,0,ML-Robust-MPC,743.4950663685446,505.24941677085343,490.92944021633866
1071.0,745.6893850072606,375.0174021021144,2,-49.706787109375,49.706787109375,0.0,0.0,0.0,0.16497234257707527,0.0,49.706787109375,False,0.005015743998228572,0,0,339,0,0.0,0.0,1,,,2,True,True,False,1208.286865234375,985.6893850072606,222.59748022711437,True,True,0,ML-Robust-MPC,745.6893850072606,507.8521230616292,490.3886726249608
1140.5,748.0876491128265,392.4123508871735,2,0.0,0.0,0.0,0.0,0.0,0.16497234257707527,0.0,0.0,False,0.005596609000349417,0,0,340,0,0.0,0.0,1,,,2,True,True,False,1199.876708984375,988.0876491128265,211.7890598715485,True,True,0,ML-Robust-MPC,748.0876491128265,506.7454743367852,491.0792797328568
1157.0,751.4011451246129,438.16684803944963,2,-32.5679931640625,32.5679931640625,0.0,0.0,0.0,0.16529543774735367,0.0,32.5679931640625,False,0.004779340997629333,0,0,341,0,0.0,0.0,1,,,2,True,True,False,1201.2249755859375,991.4011451246129,209.82383046132463,True,True,0,ML-Robust-MPC,751.4011451246129,503.8155603704767,491.9770154802323
1184.5,751.5995318598611,447.64228942920136,2,-14.7418212890625,14.7418212890625,0.0,0.0,0.0,0.1654416859744277,0.0,14.7418212890625,False,0.005146398005308583,0,0,342,0,0.0,0.0,1,,,2,True,True,False,1191.9671630859375,991.5995318598611,200.36763122607636,True,True,0,ML-Robust-MPC,751.5995318598611,505.64984566604414,490.9261480484181
1195.0,752.7287714105001,449.63670710512497,2,-7.365478515625,7.365478515625,0.0,0.0,0.0,0.165514756197797,0.0,7.365478515625,False,0.005189121999137569,0,0,343,0,0.0,0.0,1,,,2,True,True,False,1192.85107421875,992.7287714105001,200.12230280824986,True,True,0,ML-Robust-MPC,752.7287714105001,504.79195217231313,489.6156420786268
1178.5,750.2332373983602,440.8658836953898,2,-12.59912109375,12.59912109375,0.0,0.0,0.0,0.16563974747848897,0.0,12.59912109375,False,0.005834621006215457,0,0,344,0,0.0,0.0,1,,,2,True,True,False,1195.0,990.2332373983602,204.7667626016398,True,True,0,ML-Robust-MPC,750.2332373983602,505.2846124331946,489.37103638114536
1146.0,749.3946456882909,417.9979324367091,2,-21.392578125,21.392578125,0.0,0.0,0.0,0.16585197543607827,0.0,21.392578125,False,0.004900686995824799,0,0,345,0,0.0,0.0,1,,,2,True,True,False,1190.23828125,989.3946456882909,200.8436355617091,True,True,0,ML-Robust-MPC,749.3946456882909,503.9755494685552,489.3182870413406
1165.0,745.9335252895979,419.06647471040196,2,0.0,0.0,0.0,0.0,0.0,0.16585197543607827,0.0,0.0,False,0.00949674400180811,0,0,346,0,0.0,0.0,1,,,2,True,True,False,1185.33447265625,985.9335252895979,199.40094736665208,True,True,0,ML-Robust-MPC,745.9335252895979,500.9072641755734,489.1403974032008
1104.5,743.565222420484,414.08248265764087,2,-53.147705078125,53.147705078125,0.0,0.0,0.0,0.16637923441502792,0.0,53.147705078125,False,0.004581629000313114,0,0,347,0,0.0,0.0,1,,,2,True,True,False,1196.555908203125,983.565222420484,212.99068578264098,True,True,0,ML-Robust-MPC,743.565222420484,500.2522913817928,489.5722719683721
1126.0,741.7079620480064,395.7801971316811,2,-11.4881591796875,11.4881591796875,0.0,0.0,0.0,0.16649320424815975,0.0,11.4881591796875,False,0.00748190200101817,0,0,348,0,0.0,0.0,1,,,2,True,True,False,1185.7236328125,981.7079620480064,204.01567076449362,True,True,0,ML-Robust-MPC,741.7079620480064,499.2144711984124,491.2031312939305
1153.5,740.1658314782229,419.4760142249021,2,-6.141845703125,6.141845703125,0.0,0.0,0.0,0.16655413525711932,0.0,6.141845703125,False,0.008709896996151656,0,0,349,0,0.0,0.0,1,,,2,True,True,False,1183.6861572265625,980.1658314782229,203.5203257483396,True,True,0,ML-Robust-MPC,740.1658314782229,497.3799902616699,492.025509858411
1169.0,743.100978380532,442.37460755696804,2,-16.4755859375,16.4755859375,0.0,0.0,0.0,0.1667175835303088,0.0,16.4755859375,False,0.00605211599759059,0,0,350,0,0.0,0.0,1,,,2,True,True,False,1179.5126953125,983.100978380532,196.41171693196804,True,True,0,ML-Robust-MPC,743.100978380532,498.93339435875737,493.5494126663282
1177.0,741.9877999694514,447.97216096804857,2,-12.9599609375,12.9599609375,0.0,0.0,0.0,0.16684615457135543,0.0,12.9599609375,False,0.005749094001657795,0,0,351,0,0.0,0.0,1,,,2,True,True,False,1178.508544921875,981.9877999694514,196.52074495242357,True,True,0,ML-Robust-MPC,741.9877999694514,500.3757618085182,492.77228488027066
1177.0,742.9613174250017,439.63878023124823,2,-5.60009765625,5.60009765625,0.0,0.0,0.0,0.166901711095723,0.0,5.60009765625,False,0.005883124998945277,0,0,352,0,0.0,0.0,1,,,2,True,True,False,1177.0,982.9613174250017,194.03868257499835,True,True,0,ML-Robust-MPC,742.9613174250017,500.5950393774546,494.0735178261928
1158.5,745.6427076407331,420.7634202889544,2,-7.9061279296875,7.9061279296875,0.0,0.0,0.0,0.16698014490454927,0.0,7.9061279296875,False,0.0062797930004308,0,0,353,0,0.0,0.0,1,,,2,True,True,False,1177.0,985.6427076407331,191.35729235926692,True,True,0,ML-Robust-MPC,745.6427076407331,501.8005667251154,494.8326598574348
1093.0,742.3467418020548,398.3143910104452,2,-47.6611328125,47.6611328125,0.0,0.0,0.0,0.16745297360308598,0.0,47.6611328125,False,0.006789646002289373,0,0,354,0,0.0,0.0,1,,,2,True,True,False,1166.71044921875,982.3467418020548,184.3637074166952,True,True,0,ML-Robust-MPC,742.3467418020548,503.5662412063134,494.1634048297358
1089.5,740.9629820561443,348.53701794385574,2,0.0,0.0,0.0,0.0,0.0,0.16745297360308598,0.0,0.0,False,0.004308849005610682,0,0,355,0,0.0,0.0,1,,,2,True,True,False,1165.626953125,980.9629820561443,184.66397106885574,True,True,0,ML-Robust-MPC,740.9629820561443,502.5310640731544,493.8237967928314
1106.5,741.4699289676673,365.03007103233267,2,0.0,0.0,0.0,0.0,0.0,0.16745297360308598,0.0,0.0,False,0.007527226996899117,0,0,356,0,0.0,0.0,1,,,2,True,True,False,1170.5150146484375,981.4699289676673,189.04508568077017,True,True,0,ML-Robust-MPC,741.4699289676673,504.4513404599726,495.02535254733954
1094.5,740.3728561350952,376.76007843521734,2,-22.6329345703125,22.6329345703125,0.0,0.0,0.0,0.16767750668414066,0.0,22.6329345703125,False,0.00446602299780352,0,0,357,0,0.0,0.0,1,,,2,True,True,False,1172.2198486328125,980.3728561350952,191.84699249771734,True,True,0,ML-Robust-MPC,740.3728561350952,504.6317046698815,496.7210558673498
1129.5,738.95735601168,398.54093500394504,2,-7.998291015625,7.998291015625,0.0,0.0,0.0,0.16775685480929567,0.0,7.998291015625,False,0.005160364999028388,0,0,358,0,0.0,0.0,1,,,2,True,True,False,1181.6280517578125,978.95735601168,202.67069574613254,True,True,0,ML-Robust-MPC,738.95735601168,502.4229175638528,496.3149263041937
1143.0,740.2184401346291,427.6550950216209,2,-24.87353515625,24.87353515625,0.0,0.0,0.0,0.16800361607076642,0.0,24.87353515625,False,0.0048899730027187616,0,0,359,0,0.0,0.0,1,,,2,True,True,False,1180.95166015625,980.2184401346291,200.73322002162092,True,True,0,ML-Robust-MPC,740.2184401346291,500.79058058991706,495.3636169770608
